solid wheel_chock_0
  facet normal 0.0 -1.0 0.0
    outer loop
      vertex 39.0 8.0 22.0
      vertex 47.5764 8.0 17.9527
      vertex 48.8042 8.0 22.0
    endloop
  endfacet
  facet normal 0.0 -1.0 0.0
    outer loop
      vertex 39.0 8.0 22.0
      vertex 47.0 8.0 12.1
      vertex 47.5764 8.0 17.9527
    endloop
  endfacet
  facet normal 0.0 -1.0 0.0
    outer loop
      vertex 39.0 8.0 22.0
      vertex 47.5764 8.0 6.24729
      vertex 47.0 8.0 12.1
    endloop
  endfacet
  facet normal 0.0 -1.0 0.0
    outer loop
      vertex 8.0 8.0 1.0
      vertex 47.5764 8.0 6.24729
      vertex 39.0 8.0 22.0
    endloop
  endfacet
  facet normal 0.0 -1.0 0.0
    outer loop
      vertex 8.0 8.0 0.0
      vertex 47.5764 8.0 6.24729
      vertex 8.0 8.0 1.0
    endloop
  endfacet
  facet normal 0.0 -1.0 -0.0
    outer loop
      vertex 47.5764 8.0 6.24729
      vertex 8.0 8.0 0.0
      vertex 49.2836 8.0 0.619496
    endloop
  endfacet
  facet normal 0.0 -1.0 -0.0
    outer loop
      vertex 49.2836 8.0 0.619496
      vertex 8.0 8.0 0.0
      vertex 49.6147 8.0 0.0
    endloop
  endfacet
  facet normal -0.0 0.0 1.0
    outer loop
      vertex 39.0 32.0 22.0
      vertex 48.8042 8.0 22.0
      vertex 48.8042 32.0 22.0
    endloop
  endfacet
  facet normal 0.0 0.0 1.0
    outer loop
      vertex 48.8042 8.0 22.0
      vertex 39.0 32.0 22.0
      vertex 39.0 8.0 22.0
    endloop
  endfacet
  facet normal -1.0 0.0 0.0
    outer loop
      vertex 8.0 8.0 0.0
      vertex 8.0 32.0 1.0
      vertex 8.0 32.0 0.0
    endloop
  endfacet
  facet normal -1.0 -0.0 0.0
    outer loop
      vertex 8.0 32.0 1.0
      vertex 8.0 8.0 0.0
      vertex 8.0 8.0 1.0
    endloop
  endfacet
  facet normal 0.0 1.0 -0.0
    outer loop
      vertex 47.5764 32.0 17.9527
      vertex 39.0 32.0 22.0
      vertex 48.8042 32.0 22.0
    endloop
  endfacet
  facet normal 0.0 1.0 -0.0
    outer loop
      vertex 47.0 32.0 12.1
      vertex 39.0 32.0 22.0
      vertex 47.5764 32.0 17.9527
    endloop
  endfacet
  facet normal 0.0 1.0 0.0
    outer loop
      vertex 47.5764 32.0 6.24729
      vertex 39.0 32.0 22.0
      vertex 47.0 32.0 12.1
    endloop
  endfacet
  facet normal 0.0 1.0 0.0
    outer loop
      vertex 47.5764 32.0 6.24729
      vertex 8.0 32.0 1.0
      vertex 39.0 32.0 22.0
    endloop
  endfacet
  facet normal 0.0 1.0 0.0
    outer loop
      vertex 8.0 32.0 0.0
      vertex 47.5764 32.0 6.24729
      vertex 49.2836 32.0 0.619496
    endloop
  endfacet
  facet normal 0.0 1.0 0.0
    outer loop
      vertex 8.0 32.0 0.0
      vertex 49.2836 32.0 0.619496
      vertex 49.6147 32.0 0.0
    endloop
  endfacet
  facet normal 0.0 1.0 0.0
    outer loop
      vertex 47.5764 32.0 6.24729
      vertex 8.0 32.0 0.0
      vertex 8.0 32.0 1.0
    endloop
  endfacet
  facet normal -0.560849 0.0 0.827918
    outer loop
      vertex 39.0 32.0 22.0
      vertex 24.0 20.0 11.8387
      vertex 39.0 8.0 22.0
    endloop
  endfacet
  facet normal -0.560852 6.29551e-06 0.827916
    outer loop
      vertex 39.0 32.0 22.0
      vertex 23.923099999999998 20.7804 11.7866
      vertex 24.0 20.0 11.8387
    endloop
  endfacet
  facet normal -0.560858 1.72046e-05 0.827912
    outer loop
      vertex 39.0 32.0 22.0
      vertex 23.6955 21.5307 11.6324
      vertex 23.923099999999998 20.7804 11.7866
    endloop
  endfacet
  facet normal -0.56086 2.18713e-05 0.827911
    outer loop
      vertex 39.0 32.0 22.0
      vertex 23.3259 22.2223 11.382
      vertex 23.6955 21.5307 11.6324
    endloop
  endfacet
  facet normal -0.560805 -0.000106672 0.827948
    outer loop
      vertex 39.0 32.0 22.0
      vertex 22.828400000000002 22.828400000000002 11.0451
      vertex 23.3259 22.2223 11.382
    endloop
  endfacet
  facet normal -0.560891 0.000116308 0.827889
    outer loop
      vertex 39.0 32.0 22.0
      vertex 22.2223 23.3259 10.6344
      vertex 22.828400000000002 22.828400000000002 11.0451
    endloop
  endfacet
  facet normal -0.560808 -0.00012041 0.827946
    outer loop
      vertex 39.0 32.0 22.0
      vertex 21.5307 23.6955 10.166
      vertex 22.2223 23.3259 10.6344
    endloop
  endfacet
  facet normal -0.560881 0.000104939 0.827896
    outer loop
      vertex 39.0 32.0 22.0
      vertex 20.7804 23.923099999999998 9.65766
      vertex 21.5307 23.6955 10.166
    endloop
  endfacet
  facet normal -0.560848 -3.1082e-06 0.827919
    outer loop
      vertex 8.0 32.0 1.0
      vertex 20.7804 23.923099999999998 9.65766
      vertex 39.0 32.0 22.0
    endloop
  endfacet
  facet normal -0.560824 5.21329e-05 0.827935
    outer loop
      vertex 20.7804 23.923099999999998 9.65766
      vertex 8.0 32.0 1.0
      vertex 20.0 24.0 9.12903
    endloop
  endfacet
  facet normal -0.56083 3.87059e-05 0.827931
    outer loop
      vertex 20.0 24.0 9.12903
      vertex 8.0 32.0 1.0
      vertex 19.2196 23.923099999999998 8.6004
    endloop
  endfacet
  facet normal -0.560851 -3.32286e-06 0.827917
    outer loop
      vertex 16.07686 20.7804 6.47142
      vertex 8.0 32.0 1.0
      vertex 16.0 20.0 6.41935
    endloop
  endfacet
  facet normal -0.560852 -4.53578e-06 0.827916
    outer loop
      vertex 16.304479999999998 21.5307 6.62562
      vertex 8.0 32.0 1.0
      vertex 16.07686 20.7804 6.47142
    endloop
  endfacet
  facet normal -0.560848 1.06661e-06 0.827919
    outer loop
      vertex 16.674120000000002 22.2223 6.87602
      vertex 8.0 32.0 1.0
      vertex 16.304479999999998 21.5307 6.62562
    endloop
  endfacet
  facet normal -0.560847 1.73345e-06 0.827919
    outer loop
      vertex 17.17157 22.828400000000002 7.213
      vertex 8.0 32.0 1.0
      vertex 16.674120000000002 22.2223 6.87602
    endloop
  endfacet
  facet normal -0.560849 -1.64594e-06 0.827918
    outer loop
      vertex 17.777720000000002 23.3259 7.62362
      vertex 8.0 32.0 1.0
      vertex 17.17157 22.828400000000002 7.213
    endloop
  endfacet
  facet normal -0.560833 2.51848e-05 0.827929
    outer loop
      vertex 18.4693 23.6955 8.09208
      vertex 8.0 32.0 1.0
      vertex 17.777720000000002 23.3259 7.62362
    endloop
  endfacet
  facet normal -0.560876 -5.44923e-05 0.8279
    outer loop
      vertex 19.2196 23.923099999999998 8.6004
      vertex 8.0 32.0 1.0
      vertex 18.4693 23.6955 8.09208
    endloop
  endfacet
  facet normal -0.560852 -6.29551e-06 0.827916
    outer loop
      vertex 23.923099999999998 19.2196 11.7866
      vertex 39.0 8.0 22.0
      vertex 24.0 20.0 11.8387
    endloop
  endfacet
  facet normal -0.560858 -1.72046e-05 0.827912
    outer loop
      vertex 23.6955 18.4693 11.6324
      vertex 39.0 8.0 22.0
      vertex 23.923099999999998 19.2196 11.7866
    endloop
  endfacet
  facet normal -0.56086 -2.18718e-05 0.827911
    outer loop
      vertex 23.3259 17.777720000000002 11.382
      vertex 39.0 8.0 22.0
      vertex 23.6955 18.4693 11.6324
    endloop
  endfacet
  facet normal -0.560805 0.000106666 0.827948
    outer loop
      vertex 22.828400000000002 17.17157 11.0451
      vertex 39.0 8.0 22.0
      vertex 23.3259 17.777720000000002 11.382
    endloop
  endfacet
  facet normal -0.560891 -0.000116315 0.827889
    outer loop
      vertex 22.2223 16.674120000000002 10.6344
      vertex 39.0 8.0 22.0
      vertex 22.828400000000002 17.17157 11.0451
    endloop
  endfacet
  facet normal -0.560808 0.000120403 0.827946
    outer loop
      vertex 21.5307 16.304479999999998 10.166
      vertex 39.0 8.0 22.0
      vertex 22.2223 16.674120000000002 10.6344
    endloop
  endfacet
  facet normal -0.560881 -0.000104936 0.827896
    outer loop
      vertex 20.7804 16.07686 9.65766
      vertex 39.0 8.0 22.0
      vertex 21.5307 16.304479999999998 10.166
    endloop
  endfacet
  facet normal -0.560824 -5.21282e-05 0.827935
    outer loop
      vertex 8.0 8.0 1.0
      vertex 20.7804 16.07686 9.65766
      vertex 20.0 16.0 9.12903
    endloop
  endfacet
  facet normal -0.56083 -3.87085e-05 0.827931
    outer loop
      vertex 8.0 8.0 1.0
      vertex 20.0 16.0 9.12903
      vertex 19.2196 16.07686 8.6004
    endloop
  endfacet
  facet normal -0.560876 5.44911e-05 0.8279
    outer loop
      vertex 8.0 8.0 1.0
      vertex 19.2196 16.07686 8.6004
      vertex 18.4693 16.304479999999998 8.09208
    endloop
  endfacet
  facet normal -0.560848 0.0 0.827919
    outer loop
      vertex 8.0 8.0 1.0
      vertex 16.0 20.0 6.41935
      vertex 8.0 32.0 1.0
    endloop
  endfacet
  facet normal -0.560851 3.32286e-06 0.827917
    outer loop
      vertex 16.0 20.0 6.41935
      vertex 8.0 8.0 1.0
      vertex 16.07686 19.2196 6.47142
    endloop
  endfacet
  facet normal -0.560852 4.53578e-06 0.827916
    outer loop
      vertex 16.07686 19.2196 6.47142
      vertex 8.0 8.0 1.0
      vertex 16.304479999999998 18.4693 6.62562
    endloop
  endfacet
  facet normal -0.560848 3.10822e-06 0.827919
    outer loop
      vertex 20.7804 16.07686 9.65766
      vertex 8.0 8.0 1.0
      vertex 39.0 8.0 22.0
    endloop
  endfacet
  facet normal -0.560833 -2.51837e-05 0.827929
    outer loop
      vertex 17.777720000000002 16.674120000000002 7.62362
      vertex 8.0 8.0 1.0
      vertex 18.4693 16.304479999999998 8.09208
    endloop
  endfacet
  facet normal -0.560849 1.64601e-06 0.827918
    outer loop
      vertex 17.17157 17.17157 7.213
      vertex 8.0 8.0 1.0
      vertex 17.777720000000002 16.674120000000002 7.62362
    endloop
  endfacet
  facet normal -0.560847 -1.73337e-06 0.827919
    outer loop
      vertex 16.674120000000002 17.777720000000002 6.87602
      vertex 8.0 8.0 1.0
      vertex 17.17157 17.17157 7.213
    endloop
  endfacet
  facet normal -0.560848 -1.06663e-06 0.827919
    outer loop
      vertex 16.304479999999998 18.4693 6.62562
      vertex 8.0 8.0 1.0
      vertex 16.674120000000002 17.777720000000002 6.87602
    endloop
  endfacet
  facet normal 0.0 0.0 -1.0
    outer loop
      vertex 49.6147 8.0 0.0
      vertex 24.0 20.0 0.0
      vertex 49.6147 32.0 0.0
    endloop
  endfacet
  facet normal 0.0 0.0 -1.0
    outer loop
      vertex 49.6147 8.0 0.0
      vertex 23.923099999999998 19.2196 0.0
      vertex 24.0 20.0 0.0
    endloop
  endfacet
  facet normal 0.0 0.0 -1.0
    outer loop
      vertex 49.6147 8.0 0.0
      vertex 23.6955 18.4693 0.0
      vertex 23.923099999999998 19.2196 0.0
    endloop
  endfacet
  facet normal 0.0 0.0 -1.0
    outer loop
      vertex 49.6147 8.0 0.0
      vertex 23.3259 17.777720000000002 0.0
      vertex 23.6955 18.4693 0.0
    endloop
  endfacet
  facet normal 0.0 0.0 -1.0
    outer loop
      vertex 49.6147 8.0 0.0
      vertex 22.828400000000002 17.17157 0.0
      vertex 23.3259 17.777720000000002 0.0
    endloop
  endfacet
  facet normal 0.0 0.0 -1.0
    outer loop
      vertex 49.6147 8.0 0.0
      vertex 22.2223 16.674120000000002 0.0
      vertex 22.828400000000002 17.17157 0.0
    endloop
  endfacet
  facet normal 0.0 0.0 -1.0
    outer loop
      vertex 49.6147 8.0 0.0
      vertex 21.5307 16.304479999999998 0.0
      vertex 22.2223 16.674120000000002 0.0
    endloop
  endfacet
  facet normal 0.0 0.0 -1.0
    outer loop
      vertex 49.6147 8.0 0.0
      vertex 20.7804 16.07686 0.0
      vertex 21.5307 16.304479999999998 0.0
    endloop
  endfacet
  facet normal 0.0 0.0 -1.0
    outer loop
      vertex 8.0 8.0 0.0
      vertex 20.7804 16.07686 0.0
      vertex 49.6147 8.0 0.0
    endloop
  endfacet
  facet normal 0.0 0.0 -1.0
    outer loop
      vertex 20.7804 16.07686 0.0
      vertex 8.0 8.0 0.0
      vertex 20.0 16.0 0.0
    endloop
  endfacet
  facet normal -0.0 0.0 -1.0
    outer loop
      vertex 16.07686 19.2196 0.0
      vertex 8.0 8.0 0.0
      vertex 16.0 20.0 0.0
    endloop
  endfacet
  facet normal -0.0 0.0 -1.0
    outer loop
      vertex 16.304479999999998 18.4693 0.0
      vertex 8.0 8.0 0.0
      vertex 16.07686 19.2196 0.0
    endloop
  endfacet
  facet normal -0.0 0.0 -1.0
    outer loop
      vertex 16.674120000000002 17.777720000000002 0.0
      vertex 8.0 8.0 0.0
      vertex 16.304479999999998 18.4693 0.0
    endloop
  endfacet
  facet normal -0.0 0.0 -1.0
    outer loop
      vertex 17.17157 17.17157 0.0
      vertex 8.0 8.0 0.0
      vertex 16.674120000000002 17.777720000000002 0.0
    endloop
  endfacet
  facet normal -0.0 0.0 -1.0
    outer loop
      vertex 17.777720000000002 16.674120000000002 0.0
      vertex 8.0 8.0 0.0
      vertex 17.17157 17.17157 0.0
    endloop
  endfacet
  facet normal -0.0 0.0 -1.0
    outer loop
      vertex 18.4693 16.304479999999998 0.0
      vertex 8.0 8.0 0.0
      vertex 17.777720000000002 16.674120000000002 0.0
    endloop
  endfacet
  facet normal -0.0 0.0 -1.0
    outer loop
      vertex 19.2196 16.07686 0.0
      vertex 8.0 8.0 0.0
      vertex 18.4693 16.304479999999998 0.0
    endloop
  endfacet
  facet normal -0.0 0.0 -1.0
    outer loop
      vertex 20.0 16.0 0.0
      vertex 8.0 8.0 0.0
      vertex 19.2196 16.07686 0.0
    endloop
  endfacet
  facet normal 0.0 0.0 -1.0
    outer loop
      vertex 23.923099999999998 20.7804 0.0
      vertex 49.6147 32.0 0.0
      vertex 24.0 20.0 0.0
    endloop
  endfacet
  facet normal 0.0 0.0 -1.0
    outer loop
      vertex 23.6955 21.5307 0.0
      vertex 49.6147 32.0 0.0
      vertex 23.923099999999998 20.7804 0.0
    endloop
  endfacet
  facet normal 0.0 0.0 -1.0
    outer loop
      vertex 23.3259 22.2223 0.0
      vertex 49.6147 32.0 0.0
      vertex 23.6955 21.5307 0.0
    endloop
  endfacet
  facet normal 0.0 0.0 -1.0
    outer loop
      vertex 22.828400000000002 22.828400000000002 0.0
      vertex 49.6147 32.0 0.0
      vertex 23.3259 22.2223 0.0
    endloop
  endfacet
  facet normal 0.0 0.0 -1.0
    outer loop
      vertex 22.2223 23.3259 0.0
      vertex 49.6147 32.0 0.0
      vertex 22.828400000000002 22.828400000000002 0.0
    endloop
  endfacet
  facet normal 0.0 0.0 -1.0
    outer loop
      vertex 21.5307 23.6955 0.0
      vertex 49.6147 32.0 0.0
      vertex 22.2223 23.3259 0.0
    endloop
  endfacet
  facet normal 0.0 0.0 -1.0
    outer loop
      vertex 20.7804 23.923099999999998 0.0
      vertex 49.6147 32.0 0.0
      vertex 21.5307 23.6955 0.0
    endloop
  endfacet
  facet normal 0.0 0.0 -1.0
    outer loop
      vertex 8.0 32.0 0.0
      vertex 20.7804 23.923099999999998 0.0
      vertex 20.0 24.0 0.0
    endloop
  endfacet
  facet normal 0.0 0.0 -1.0
    outer loop
      vertex 8.0 32.0 0.0
      vertex 20.0 24.0 0.0
      vertex 19.2196 23.923099999999998 0.0
    endloop
  endfacet
  facet normal 0.0 0.0 -1.0
    outer loop
      vertex 8.0 32.0 0.0
      vertex 16.0 20.0 0.0
      vertex 8.0 8.0 0.0
    endloop
  endfacet
  facet normal 0.0 0.0 -1.0
    outer loop
      vertex 16.0 20.0 0.0
      vertex 8.0 32.0 0.0
      vertex 16.07686 20.7804 0.0
    endloop
  endfacet
  facet normal 0.0 0.0 -1.0
    outer loop
      vertex 16.07686 20.7804 0.0
      vertex 8.0 32.0 0.0
      vertex 16.304479999999998 21.5307 0.0
    endloop
  endfacet
  facet normal 0.0 0.0 -1.0
    outer loop
      vertex 20.7804 23.923099999999998 0.0
      vertex 8.0 32.0 0.0
      vertex 49.6147 32.0 0.0
    endloop
  endfacet
  facet normal 0.0 0.0 -1.0
    outer loop
      vertex 18.4693 23.6955 0.0
      vertex 8.0 32.0 0.0
      vertex 19.2196 23.923099999999998 0.0
    endloop
  endfacet
  facet normal 0.0 0.0 -1.0
    outer loop
      vertex 17.777720000000002 23.3259 0.0
      vertex 8.0 32.0 0.0
      vertex 18.4693 23.6955 0.0
    endloop
  endfacet
  facet normal 0.0 0.0 -1.0
    outer loop
      vertex 17.17157 22.828400000000002 0.0
      vertex 8.0 32.0 0.0
      vertex 17.777720000000002 23.3259 0.0
    endloop
  endfacet
  facet normal 0.0 0.0 -1.0
    outer loop
      vertex 16.674120000000002 22.2223 0.0
      vertex 8.0 32.0 0.0
      vertex 17.17157 22.828400000000002 0.0
    endloop
  endfacet
  facet normal 0.0 0.0 -1.0
    outer loop
      vertex 16.304479999999998 21.5307 0.0
      vertex 8.0 32.0 0.0
      vertex 16.674120000000002 22.2223 0.0
    endloop
  endfacet
  facet normal 0.956939 -0.0 0.290289
    outer loop
      vertex 47.5764 8.0 6.24729
      vertex 49.2836 32.0 0.619496
      vertex 47.5764 32.0 6.24729
    endloop
  endfacet
  facet normal 0.956939 0.0 0.290289
    outer loop
      vertex 49.2836 32.0 0.619496
      vertex 47.5764 8.0 6.24729
      vertex 49.2836 8.0 0.619496
    endloop
  endfacet
  facet normal 0.881938 -0.0 0.471366
    outer loop
      vertex 49.2836 8.0 0.619496
      vertex 49.6147 32.0 0.0
      vertex 49.2836 32.0 0.619496
    endloop
  endfacet
  facet normal 0.881938 0.0 0.471366
    outer loop
      vertex 49.6147 32.0 0.0
      vertex 49.2836 8.0 0.619496
      vertex 49.6147 8.0 0.0
    endloop
  endfacet
  facet normal 0.995185 -0.0 0.0980101
    outer loop
      vertex 47.0 8.0 12.1
      vertex 47.5764 32.0 6.24729
      vertex 47.0 32.0 12.1
    endloop
  endfacet
  facet normal 0.995185 0.0 0.0980101
    outer loop
      vertex 47.5764 32.0 6.24729
      vertex 47.0 8.0 12.1
      vertex 47.5764 8.0 6.24729
    endloop
  endfacet
  facet normal 0.995185 0.0 -0.0980103
    outer loop
      vertex 47.5764 8.0 17.9527
      vertex 47.0 32.0 12.1
      vertex 47.5764 32.0 17.9527
    endloop
  endfacet
  facet normal 0.995185 0.0 -0.0980103
    outer loop
      vertex 47.0 32.0 12.1
      vertex 47.5764 8.0 17.9527
      vertex 47.0 8.0 12.1
    endloop
  endfacet
  facet normal 0.956936 0.0 -0.290299
    outer loop
      vertex 48.8042 8.0 22.0
      vertex 47.5764 32.0 17.9527
      vertex 48.8042 32.0 22.0
    endloop
  endfacet
  facet normal 0.956936 0.0 -0.290299
    outer loop
      vertex 47.5764 32.0 17.9527
      vertex 48.8042 8.0 22.0
      vertex 47.5764 8.0 17.9527
    endloop
  endfacet
  facet normal -0.99518 -0.0980643 0.0
    outer loop
      vertex 24.0 20.0 0.0
      vertex 23.923099999999998 20.7804 11.7866
      vertex 23.923099999999998 20.7804 0.0
    endloop
  endfacet
  facet normal -0.99518 -0.0980643 0.0
    outer loop
      vertex 23.923099999999998 20.7804 11.7866
      vertex 24.0 20.0 0.0
      vertex 24.0 20.0 11.8387
    endloop
  endfacet
  facet normal 0.0980643 -0.99518 0.0
    outer loop
      vertex 20.0 24.0 0.0
      vertex 19.2196 23.923099999999998 8.6004
      vertex 19.2196 23.923099999999998 0.0
    endloop
  endfacet
  facet normal 0.0980643 -0.99518 0.0
    outer loop
      vertex 19.2196 23.923099999999998 8.6004
      vertex 20.0 24.0 0.0
      vertex 20.0 24.0 9.12903
    endloop
  endfacet
  facet normal -0.634459 -0.772956 0.0
    outer loop
      vertex 22.828400000000002 22.828400000000002 0.0
      vertex 22.2223 23.3259 10.6344
      vertex 22.2223 23.3259 0.0
    endloop
  endfacet
  facet normal -0.634459 -0.772956 0.0
    outer loop
      vertex 22.2223 23.3259 10.6344
      vertex 22.828400000000002 22.828400000000002 0.0
      vertex 22.828400000000002 22.828400000000002 11.0451
    endloop
  endfacet
  facet normal 0.772988 -0.634421 0.0
    outer loop
      vertex 16.674120000000002 22.2223 6.87602
      vertex 17.17157 22.828400000000002 0.0
      vertex 17.17157 22.828400000000002 7.213
    endloop
  endfacet
  facet normal 0.772988 -0.634421 0.0
    outer loop
      vertex 17.17157 22.828400000000002 0.0
      vertex 16.674120000000002 22.2223 6.87602
      vertex 16.674120000000002 22.2223 0.0
    endloop
  endfacet
  facet normal 0.47134 -0.881952 0.0
    outer loop
      vertex 18.4693 23.6955 0.0
      vertex 17.777720000000002 23.3259 7.62362
      vertex 17.777720000000002 23.3259 0.0
    endloop
  endfacet
  facet normal 0.47134 -0.881952 0.0
    outer loop
      vertex 17.777720000000002 23.3259 7.62362
      vertex 18.4693 23.6955 0.0
      vertex 18.4693 23.6955 8.09208
    endloop
  endfacet
  facet normal -0.881952 0.47134 0.0
    outer loop
      vertex 23.3259 17.777720000000002 11.382
      vertex 23.6955 18.4693 0.0
      vertex 23.3259 17.777720000000002 0.0
    endloop
  endfacet
  facet normal -0.881952 0.47134 0.0
    outer loop
      vertex 23.6955 18.4693 0.0
      vertex 23.3259 17.777720000000002 11.382
      vertex 23.6955 18.4693 11.6324
    endloop
  endfacet
  facet normal -0.881957 -0.471329 0.0
    outer loop
      vertex 23.6955 21.5307 0.0
      vertex 23.3259 22.2223 11.382
      vertex 23.3259 22.2223 0.0
    endloop
  endfacet
  facet normal -0.881957 -0.471329 0.0
    outer loop
      vertex 23.3259 22.2223 11.382
      vertex 23.6955 21.5307 0.0
      vertex 23.6955 21.5307 11.6324
    endloop
  endfacet
  facet normal -0.956941 -0.290283 0.0
    outer loop
      vertex 23.923099999999998 20.7804 0.0
      vertex 23.6955 21.5307 11.6324
      vertex 23.6955 21.5307 0.0
    endloop
  endfacet
  facet normal -0.956941 -0.290283 0.0
    outer loop
      vertex 23.6955 21.5307 11.6324
      vertex 23.923099999999998 20.7804 0.0
      vertex 23.923099999999998 20.7804 11.7866
    endloop
  endfacet
  facet normal -0.772956 -0.634459 0.0
    outer loop
      vertex 23.3259 22.2223 0.0
      vertex 22.828400000000002 22.828400000000002 11.0451
      vertex 22.828400000000002 22.828400000000002 0.0
    endloop
  endfacet
  facet normal -0.772956 -0.634459 0.0
    outer loop
      vertex 22.828400000000002 22.828400000000002 11.0451
      vertex 23.3259 22.2223 0.0
      vertex 23.3259 22.2223 11.382
    endloop
  endfacet
  facet normal -0.290283 -0.956941 0.0
    outer loop
      vertex 21.5307 23.6955 0.0
      vertex 20.7804 23.923099999999998 9.65766
      vertex 20.7804 23.923099999999998 0.0
    endloop
  endfacet
  facet normal -0.290283 -0.956941 0.0
    outer loop
      vertex 20.7804 23.923099999999998 9.65766
      vertex 21.5307 23.6955 0.0
      vertex 21.5307 23.6955 10.166
    endloop
  endfacet
  facet normal -0.0980643 -0.99518 0.0
    outer loop
      vertex 20.7804 23.923099999999998 0.0
      vertex 20.0 24.0 9.12903
      vertex 20.0 24.0 0.0
    endloop
  endfacet
  facet normal -0.0980643 -0.99518 0.0
    outer loop
      vertex 20.0 24.0 9.12903
      vertex 20.7804 23.923099999999998 0.0
      vertex 20.7804 23.923099999999998 9.65766
    endloop
  endfacet
  facet normal -0.471329 -0.881957 0.0
    outer loop
      vertex 22.2223 23.3259 0.0
      vertex 21.5307 23.6955 10.166
      vertex 21.5307 23.6955 0.0
    endloop
  endfacet
  facet normal -0.471329 -0.881957 0.0
    outer loop
      vertex 21.5307 23.6955 10.166
      vertex 22.2223 23.3259 0.0
      vertex 22.2223 23.3259 10.6344
    endloop
  endfacet
  facet normal 0.956934 -0.290307 0.0
    outer loop
      vertex 16.07686 20.7804 6.47142
      vertex 16.304479999999998 21.5307 0.0
      vertex 16.304479999999998 21.5307 6.62562
    endloop
  endfacet
  facet normal 0.956934 -0.290307 0.0
    outer loop
      vertex 16.304479999999998 21.5307 0.0
      vertex 16.07686 20.7804 6.47142
      vertex 16.07686 20.7804 0.0
    endloop
  endfacet
  facet normal 0.881936 -0.471369 0.0
    outer loop
      vertex 16.304479999999998 21.5307 6.62562
      vertex 16.674120000000002 22.2223 0.0
      vertex 16.674120000000002 22.2223 6.87602
    endloop
  endfacet
  facet normal 0.881936 -0.471369 0.0
    outer loop
      vertex 16.674120000000002 22.2223 0.0
      vertex 16.304479999999998 21.5307 6.62562
      vertex 16.304479999999998 21.5307 0.0
    endloop
  endfacet
  facet normal 0.995185 -0.0980137 0.0
    outer loop
      vertex 16.0 20.0 6.41935
      vertex 16.07686 20.7804 0.0
      vertex 16.07686 20.7804 6.47142
    endloop
  endfacet
  facet normal 0.995185 -0.0980137 0.0
    outer loop
      vertex 16.07686 20.7804 0.0
      vertex 16.0 20.0 6.41935
      vertex 16.0 20.0 0.0
    endloop
  endfacet
  facet normal 0.634428 -0.772982 0.0
    outer loop
      vertex 17.777720000000002 23.3259 0.0
      vertex 17.17157 22.828400000000002 7.213
      vertex 17.17157 22.828400000000002 0.0
    endloop
  endfacet
  facet normal 0.634428 -0.772982 0.0
    outer loop
      vertex 17.17157 22.828400000000002 7.213
      vertex 17.777720000000002 23.3259 0.0
      vertex 17.777720000000002 23.3259 7.62362
    endloop
  endfacet
  facet normal 0.290283 -0.956941 0.0
    outer loop
      vertex 19.2196 23.923099999999998 0.0
      vertex 18.4693 23.6955 8.09208
      vertex 18.4693 23.6955 0.0
    endloop
  endfacet
  facet normal 0.290283 -0.956941 0.0
    outer loop
      vertex 18.4693 23.6955 8.09208
      vertex 19.2196 23.923099999999998 0.0
      vertex 19.2196 23.923099999999998 8.6004
    endloop
  endfacet
  facet normal -0.99518 0.0980643 0.0
    outer loop
      vertex 23.923099999999998 19.2196 11.7866
      vertex 24.0 20.0 0.0
      vertex 23.923099999999998 19.2196 0.0
    endloop
  endfacet
  facet normal -0.99518 0.0980643 0.0
    outer loop
      vertex 24.0 20.0 0.0
      vertex 23.923099999999998 19.2196 11.7866
      vertex 24.0 20.0 11.8387
    endloop
  endfacet
  facet normal -0.290307 0.956934 0.0
    outer loop
      vertex 21.5307 16.304479999999998 0.0
      vertex 20.7804 16.07686 9.65766
      vertex 21.5307 16.304479999999998 10.166
    endloop
  endfacet
  facet normal -0.290307 0.956934 0.0
    outer loop
      vertex 20.7804 16.07686 9.65766
      vertex 21.5307 16.304479999999998 0.0
      vertex 20.7804 16.07686 0.0
    endloop
  endfacet
  facet normal -0.634421 0.772988 0.0
    outer loop
      vertex 22.828400000000002 17.17157 0.0
      vertex 22.2223 16.674120000000002 10.6344
      vertex 22.828400000000002 17.17157 11.0451
    endloop
  endfacet
  facet normal -0.634421 0.772988 0.0
    outer loop
      vertex 22.2223 16.674120000000002 10.6344
      vertex 22.828400000000002 17.17157 0.0
      vertex 22.2223 16.674120000000002 0.0
    endloop
  endfacet
  facet normal 0.47138 0.88193 -0.0
    outer loop
      vertex 18.4693 16.304479999999998 0.0
      vertex 17.777720000000002 16.674120000000002 7.62362
      vertex 18.4693 16.304479999999998 8.09208
    endloop
  endfacet
  facet normal 0.47138 0.88193 0.0
    outer loop
      vertex 17.777720000000002 16.674120000000002 7.62362
      vertex 18.4693 16.304479999999998 0.0
      vertex 17.777720000000002 16.674120000000002 0.0
    endloop
  endfacet
  facet normal 0.0980137 0.995185 -0.0
    outer loop
      vertex 20.0 16.0 0.0
      vertex 19.2196 16.07686 8.6004
      vertex 20.0 16.0 9.12903
    endloop
  endfacet
  facet normal 0.0980137 0.995185 0.0
    outer loop
      vertex 19.2196 16.07686 8.6004
      vertex 20.0 16.0 0.0
      vertex 19.2196 16.07686 0.0
    endloop
  endfacet
  facet normal 0.773013 0.63439 -0.0
    outer loop
      vertex 17.17157 17.17157 0.0
      vertex 16.674120000000002 17.777720000000002 6.87602
      vertex 17.17157 17.17157 7.213
    endloop
  endfacet
  facet normal 0.773013 0.63439 0.0
    outer loop
      vertex 16.674120000000002 17.777720000000002 6.87602
      vertex 17.17157 17.17157 0.0
      vertex 16.674120000000002 17.777720000000002 0.0
    endloop
  endfacet
  facet normal 0.956934 0.290307 -0.0
    outer loop
      vertex 16.304479999999998 18.4693 0.0
      vertex 16.07686 19.2196 6.47142
      vertex 16.304479999999998 18.4693 6.62562
    endloop
  endfacet
  facet normal 0.956934 0.290307 0.0
    outer loop
      vertex 16.07686 19.2196 6.47142
      vertex 16.304479999999998 18.4693 0.0
      vertex 16.07686 19.2196 0.0
    endloop
  endfacet
  facet normal 0.995185 0.0980137 -0.0
    outer loop
      vertex 16.07686 19.2196 0.0
      vertex 16.0 20.0 6.41935
      vertex 16.07686 19.2196 6.47142
    endloop
  endfacet
  facet normal 0.995185 0.0980137 0.0
    outer loop
      vertex 16.0 20.0 6.41935
      vertex 16.07686 19.2196 0.0
      vertex 16.0 20.0 0.0
    endloop
  endfacet
  facet normal -0.471369 0.881936 0.0
    outer loop
      vertex 22.2223 16.674120000000002 0.0
      vertex 21.5307 16.304479999999998 10.166
      vertex 22.2223 16.674120000000002 10.6344
    endloop
  endfacet
  facet normal -0.471369 0.881936 0.0
    outer loop
      vertex 21.5307 16.304479999999998 10.166
      vertex 22.2223 16.674120000000002 0.0
      vertex 21.5307 16.304479999999998 0.0
    endloop
  endfacet
  facet normal -0.772982 0.634428 0.0
    outer loop
      vertex 22.828400000000002 17.17157 11.0451
      vertex 23.3259 17.777720000000002 0.0
      vertex 22.828400000000002 17.17157 0.0
    endloop
  endfacet
  facet normal -0.772982 0.634428 0.0
    outer loop
      vertex 23.3259 17.777720000000002 0.0
      vertex 22.828400000000002 17.17157 11.0451
      vertex 23.3259 17.777720000000002 11.382
    endloop
  endfacet
  facet normal -0.956941 0.290283 0.0
    outer loop
      vertex 23.6955 18.4693 11.6324
      vertex 23.923099999999998 19.2196 0.0
      vertex 23.6955 18.4693 0.0
    endloop
  endfacet
  facet normal -0.956941 0.290283 0.0
    outer loop
      vertex 23.923099999999998 19.2196 0.0
      vertex 23.6955 18.4693 11.6324
      vertex 23.923099999999998 19.2196 11.7866
    endloop
  endfacet
  facet normal 0.290307 0.956934 -0.0
    outer loop
      vertex 19.2196 16.07686 0.0
      vertex 18.4693 16.304479999999998 8.09208
      vertex 19.2196 16.07686 8.6004
    endloop
  endfacet
  facet normal 0.290307 0.956934 0.0
    outer loop
      vertex 18.4693 16.304479999999998 8.09208
      vertex 19.2196 16.07686 0.0
      vertex 18.4693 16.304479999999998 0.0
    endloop
  endfacet
  facet normal -0.0980137 0.995185 0.0
    outer loop
      vertex 20.7804 16.07686 0.0
      vertex 20.0 16.0 9.12903
      vertex 20.7804 16.07686 9.65766
    endloop
  endfacet
  facet normal -0.0980137 0.995185 0.0
    outer loop
      vertex 20.0 16.0 9.12903
      vertex 20.7804 16.07686 0.0
      vertex 20.0 16.0 0.0
    endloop
  endfacet
  facet normal 0.63439 0.773013 -0.0
    outer loop
      vertex 17.777720000000002 16.674120000000002 0.0
      vertex 17.17157 17.17157 7.213
      vertex 17.777720000000002 16.674120000000002 7.62362
    endloop
  endfacet
  facet normal 0.63439 0.773013 0.0
    outer loop
      vertex 17.17157 17.17157 7.213
      vertex 17.777720000000002 16.674120000000002 0.0
      vertex 17.17157 17.17157 0.0
    endloop
  endfacet
  facet normal 0.88193 0.47138 -0.0
    outer loop
      vertex 16.674120000000002 17.777720000000002 0.0
      vertex 16.304479999999998 18.4693 6.62562
      vertex 16.674120000000002 17.777720000000002 6.87602
    endloop
  endfacet
  facet normal 0.88193 0.47138 0.0
    outer loop
      vertex 16.304479999999998 18.4693 6.62562
      vertex 16.674120000000002 17.777720000000002 0.0
      vertex 16.304479999999998 18.4693 0.0
    endloop
  endfacet
endsolid wheel_chock_0
solid wheel_chock_1
  facet normal 0.0 -1.0 0.0
    outer loop
      vertex 39.0 38.0 22.0
      vertex 47.5764 38.0 17.9527
      vertex 48.8042 38.0 22.0
    endloop
  endfacet
  facet normal 0.0 -1.0 0.0
    outer loop
      vertex 39.0 38.0 22.0
      vertex 47.0 38.0 12.1
      vertex 47.5764 38.0 17.9527
    endloop
  endfacet
  facet normal 0.0 -1.0 0.0
    outer loop
      vertex 39.0 38.0 22.0
      vertex 47.5764 38.0 6.24729
      vertex 47.0 38.0 12.1
    endloop
  endfacet
  facet normal 0.0 -1.0 0.0
    outer loop
      vertex 8.0 38.0 1.0
      vertex 47.5764 38.0 6.24729
      vertex 39.0 38.0 22.0
    endloop
  endfacet
  facet normal 0.0 -1.0 0.0
    outer loop
      vertex 8.0 38.0 0.0
      vertex 47.5764 38.0 6.24729
      vertex 8.0 38.0 1.0
    endloop
  endfacet
  facet normal 0.0 -1.0 -0.0
    outer loop
      vertex 47.5764 38.0 6.24729
      vertex 8.0 38.0 0.0
      vertex 49.2836 38.0 0.619496
    endloop
  endfacet
  facet normal 0.0 -1.0 -0.0
    outer loop
      vertex 49.2836 38.0 0.619496
      vertex 8.0 38.0 0.0
      vertex 49.6147 38.0 0.0
    endloop
  endfacet
  facet normal -0.0 0.0 1.0
    outer loop
      vertex 39.0 62.0 22.0
      vertex 48.8042 38.0 22.0
      vertex 48.8042 62.0 22.0
    endloop
  endfacet
  facet normal 0.0 0.0 1.0
    outer loop
      vertex 48.8042 38.0 22.0
      vertex 39.0 62.0 22.0
      vertex 39.0 38.0 22.0
    endloop
  endfacet
  facet normal -1.0 0.0 0.0
    outer loop
      vertex 8.0 38.0 0.0
      vertex 8.0 62.0 1.0
      vertex 8.0 62.0 0.0
    endloop
  endfacet
  facet normal -1.0 -0.0 0.0
    outer loop
      vertex 8.0 62.0 1.0
      vertex 8.0 38.0 0.0
      vertex 8.0 38.0 1.0
    endloop
  endfacet
  facet normal 0.0 1.0 -0.0
    outer loop
      vertex 47.5764 62.0 17.9527
      vertex 39.0 62.0 22.0
      vertex 48.8042 62.0 22.0
    endloop
  endfacet
  facet normal 0.0 1.0 -0.0
    outer loop
      vertex 47.0 62.0 12.1
      vertex 39.0 62.0 22.0
      vertex 47.5764 62.0 17.9527
    endloop
  endfacet
  facet normal 0.0 1.0 0.0
    outer loop
      vertex 47.5764 62.0 6.24729
      vertex 39.0 62.0 22.0
      vertex 47.0 62.0 12.1
    endloop
  endfacet
  facet normal 0.0 1.0 0.0
    outer loop
      vertex 47.5764 62.0 6.24729
      vertex 8.0 62.0 1.0
      vertex 39.0 62.0 22.0
    endloop
  endfacet
  facet normal 0.0 1.0 0.0
    outer loop
      vertex 8.0 62.0 0.0
      vertex 47.5764 62.0 6.24729
      vertex 49.2836 62.0 0.619496
    endloop
  endfacet
  facet normal 0.0 1.0 0.0
    outer loop
      vertex 8.0 62.0 0.0
      vertex 49.2836 62.0 0.619496
      vertex 49.6147 62.0 0.0
    endloop
  endfacet
  facet normal 0.0 1.0 0.0
    outer loop
      vertex 47.5764 62.0 6.24729
      vertex 8.0 62.0 0.0
      vertex 8.0 62.0 1.0
    endloop
  endfacet
  facet normal -0.560849 0.0 0.827918
    outer loop
      vertex 39.0 62.0 22.0
      vertex 24.0 50.0 11.8387
      vertex 39.0 38.0 22.0
    endloop
  endfacet
  facet normal -0.560852 6.29551e-06 0.827916
    outer loop
      vertex 39.0 62.0 22.0
      vertex 23.923099999999998 50.7804 11.7866
      vertex 24.0 50.0 11.8387
    endloop
  endfacet
  facet normal -0.560858 1.72046e-05 0.827912
    outer loop
      vertex 39.0 62.0 22.0
      vertex 23.6955 51.530699999999996 11.6324
      vertex 23.923099999999998 50.7804 11.7866
    endloop
  endfacet
  facet normal -0.56086 2.18713e-05 0.827911
    outer loop
      vertex 39.0 62.0 22.0
      vertex 23.3259 52.222300000000004 11.382
      vertex 23.6955 51.530699999999996 11.6324
    endloop
  endfacet
  facet normal -0.560805 -0.000106672 0.827948
    outer loop
      vertex 39.0 62.0 22.0
      vertex 22.828400000000002 52.8284 11.0451
      vertex 23.3259 52.222300000000004 11.382
    endloop
  endfacet
  facet normal -0.560891 0.000116308 0.827889
    outer loop
      vertex 39.0 62.0 22.0
      vertex 22.2223 53.325900000000004 10.6344
      vertex 22.828400000000002 52.8284 11.0451
    endloop
  endfacet
  facet normal -0.560808 -0.00012041 0.827946
    outer loop
      vertex 39.0 62.0 22.0
      vertex 21.5307 53.695499999999996 10.166
      vertex 22.2223 53.325900000000004 10.6344
    endloop
  endfacet
  facet normal -0.560881 0.000104939 0.827896
    outer loop
      vertex 39.0 62.0 22.0
      vertex 20.7804 53.9231 9.65766
      vertex 21.5307 53.695499999999996 10.166
    endloop
  endfacet
  facet normal -0.560848 -3.1082e-06 0.827919
    outer loop
      vertex 8.0 62.0 1.0
      vertex 20.7804 53.9231 9.65766
      vertex 39.0 62.0 22.0
    endloop
  endfacet
  facet normal -0.560824 5.21329e-05 0.827935
    outer loop
      vertex 20.7804 53.9231 9.65766
      vertex 8.0 62.0 1.0
      vertex 20.0 54.0 9.12903
    endloop
  endfacet
  facet normal -0.56083 3.87059e-05 0.827931
    outer loop
      vertex 20.0 54.0 9.12903
      vertex 8.0 62.0 1.0
      vertex 19.2196 53.9231 8.6004
    endloop
  endfacet
  facet normal -0.560851 -3.32286e-06 0.827917
    outer loop
      vertex 16.07686 50.7804 6.47142
      vertex 8.0 62.0 1.0
      vertex 16.0 50.0 6.41935
    endloop
  endfacet
  facet normal -0.560852 -4.53578e-06 0.827916
    outer loop
      vertex 16.304479999999998 51.530699999999996 6.62562
      vertex 8.0 62.0 1.0
      vertex 16.07686 50.7804 6.47142
    endloop
  endfacet
  facet normal -0.560848 1.06661e-06 0.827919
    outer loop
      vertex 16.674120000000002 52.222300000000004 6.87602
      vertex 8.0 62.0 1.0
      vertex 16.304479999999998 51.530699999999996 6.62562
    endloop
  endfacet
  facet normal -0.560847 1.73345e-06 0.827919
    outer loop
      vertex 17.17157 52.8284 7.213
      vertex 8.0 62.0 1.0
      vertex 16.674120000000002 52.222300000000004 6.87602
    endloop
  endfacet
  facet normal -0.560849 -1.64594e-06 0.827918
    outer loop
      vertex 17.777720000000002 53.325900000000004 7.62362
      vertex 8.0 62.0 1.0
      vertex 17.17157 52.8284 7.213
    endloop
  endfacet
  facet normal -0.560833 2.51848e-05 0.827929
    outer loop
      vertex 18.4693 53.695499999999996 8.09208
      vertex 8.0 62.0 1.0
      vertex 17.777720000000002 53.325900000000004 7.62362
    endloop
  endfacet
  facet normal -0.560876 -5.44923e-05 0.8279
    outer loop
      vertex 19.2196 53.9231 8.6004
      vertex 8.0 62.0 1.0
      vertex 18.4693 53.695499999999996 8.09208
    endloop
  endfacet
  facet normal -0.560852 -6.29551e-06 0.827916
    outer loop
      vertex 23.923099999999998 49.2196 11.7866
      vertex 39.0 38.0 22.0
      vertex 24.0 50.0 11.8387
    endloop
  endfacet
  facet normal -0.560858 -1.72046e-05 0.827912
    outer loop
      vertex 23.6955 48.469300000000004 11.6324
      vertex 39.0 38.0 22.0
      vertex 23.923099999999998 49.2196 11.7866
    endloop
  endfacet
  facet normal -0.56086 -2.18718e-05 0.827911
    outer loop
      vertex 23.3259 47.77772 11.382
      vertex 39.0 38.0 22.0
      vertex 23.6955 48.469300000000004 11.6324
    endloop
  endfacet
  facet normal -0.560805 0.000106666 0.827948
    outer loop
      vertex 22.828400000000002 47.17157 11.0451
      vertex 39.0 38.0 22.0
      vertex 23.3259 47.77772 11.382
    endloop
  endfacet
  facet normal -0.560891 -0.000116315 0.827889
    outer loop
      vertex 22.2223 46.67412 10.6344
      vertex 39.0 38.0 22.0
      vertex 22.828400000000002 47.17157 11.0451
    endloop
  endfacet
  facet normal -0.560808 0.000120403 0.827946
    outer loop
      vertex 21.5307 46.30448 10.166
      vertex 39.0 38.0 22.0
      vertex 22.2223 46.67412 10.6344
    endloop
  endfacet
  facet normal -0.560881 -0.000104936 0.827896
    outer loop
      vertex 20.7804 46.076859999999996 9.65766
      vertex 39.0 38.0 22.0
      vertex 21.5307 46.30448 10.166
    endloop
  endfacet
  facet normal -0.560824 -5.21282e-05 0.827935
    outer loop
      vertex 8.0 38.0 1.0
      vertex 20.7804 46.076859999999996 9.65766
      vertex 20.0 46.0 9.12903
    endloop
  endfacet
  facet normal -0.56083 -3.87085e-05 0.827931
    outer loop
      vertex 8.0 38.0 1.0
      vertex 20.0 46.0 9.12903
      vertex 19.2196 46.076859999999996 8.6004
    endloop
  endfacet
  facet normal -0.560876 5.44911e-05 0.8279
    outer loop
      vertex 8.0 38.0 1.0
      vertex 19.2196 46.076859999999996 8.6004
      vertex 18.4693 46.30448 8.09208
    endloop
  endfacet
  facet normal -0.560848 0.0 0.827919
    outer loop
      vertex 8.0 38.0 1.0
      vertex 16.0 50.0 6.41935
      vertex 8.0 62.0 1.0
    endloop
  endfacet
  facet normal -0.560851 3.32286e-06 0.827917
    outer loop
      vertex 16.0 50.0 6.41935
      vertex 8.0 38.0 1.0
      vertex 16.07686 49.2196 6.47142
    endloop
  endfacet
  facet normal -0.560852 4.53578e-06 0.827916
    outer loop
      vertex 16.07686 49.2196 6.47142
      vertex 8.0 38.0 1.0
      vertex 16.304479999999998 48.469300000000004 6.62562
    endloop
  endfacet
  facet normal -0.560848 3.10822e-06 0.827919
    outer loop
      vertex 20.7804 46.076859999999996 9.65766
      vertex 8.0 38.0 1.0
      vertex 39.0 38.0 22.0
    endloop
  endfacet
  facet normal -0.560833 -2.51837e-05 0.827929
    outer loop
      vertex 17.777720000000002 46.67412 7.62362
      vertex 8.0 38.0 1.0
      vertex 18.4693 46.30448 8.09208
    endloop
  endfacet
  facet normal -0.560849 1.64601e-06 0.827918
    outer loop
      vertex 17.17157 47.17157 7.213
      vertex 8.0 38.0 1.0
      vertex 17.777720000000002 46.67412 7.62362
    endloop
  endfacet
  facet normal -0.560847 -1.73337e-06 0.827919
    outer loop
      vertex 16.674120000000002 47.77772 6.87602
      vertex 8.0 38.0 1.0
      vertex 17.17157 47.17157 7.213
    endloop
  endfacet
  facet normal -0.560848 -1.06663e-06 0.827919
    outer loop
      vertex 16.304479999999998 48.469300000000004 6.62562
      vertex 8.0 38.0 1.0
      vertex 16.674120000000002 47.77772 6.87602
    endloop
  endfacet
  facet normal 0.0 0.0 -1.0
    outer loop
      vertex 49.6147 38.0 0.0
      vertex 24.0 50.0 0.0
      vertex 49.6147 62.0 0.0
    endloop
  endfacet
  facet normal 0.0 0.0 -1.0
    outer loop
      vertex 49.6147 38.0 0.0
      vertex 23.923099999999998 49.2196 0.0
      vertex 24.0 50.0 0.0
    endloop
  endfacet
  facet normal 0.0 0.0 -1.0
    outer loop
      vertex 49.6147 38.0 0.0
      vertex 23.6955 48.469300000000004 0.0
      vertex 23.923099999999998 49.2196 0.0
    endloop
  endfacet
  facet normal 0.0 0.0 -1.0
    outer loop
      vertex 49.6147 38.0 0.0
      vertex 23.3259 47.77772 0.0
      vertex 23.6955 48.469300000000004 0.0
    endloop
  endfacet
  facet normal 0.0 0.0 -1.0
    outer loop
      vertex 49.6147 38.0 0.0
      vertex 22.828400000000002 47.17157 0.0
      vertex 23.3259 47.77772 0.0
    endloop
  endfacet
  facet normal 0.0 0.0 -1.0
    outer loop
      vertex 49.6147 38.0 0.0
      vertex 22.2223 46.67412 0.0
      vertex 22.828400000000002 47.17157 0.0
    endloop
  endfacet
  facet normal 0.0 0.0 -1.0
    outer loop
      vertex 49.6147 38.0 0.0
      vertex 21.5307 46.30448 0.0
      vertex 22.2223 46.67412 0.0
    endloop
  endfacet
  facet normal 0.0 0.0 -1.0
    outer loop
      vertex 49.6147 38.0 0.0
      vertex 20.7804 46.076859999999996 0.0
      vertex 21.5307 46.30448 0.0
    endloop
  endfacet
  facet normal 0.0 0.0 -1.0
    outer loop
      vertex 8.0 38.0 0.0
      vertex 20.7804 46.076859999999996 0.0
      vertex 49.6147 38.0 0.0
    endloop
  endfacet
  facet normal 0.0 0.0 -1.0
    outer loop
      vertex 20.7804 46.076859999999996 0.0
      vertex 8.0 38.0 0.0
      vertex 20.0 46.0 0.0
    endloop
  endfacet
  facet normal -0.0 0.0 -1.0
    outer loop
      vertex 16.07686 49.2196 0.0
      vertex 8.0 38.0 0.0
      vertex 16.0 50.0 0.0
    endloop
  endfacet
  facet normal -0.0 0.0 -1.0
    outer loop
      vertex 16.304479999999998 48.469300000000004 0.0
      vertex 8.0 38.0 0.0
      vertex 16.07686 49.2196 0.0
    endloop
  endfacet
  facet normal -0.0 0.0 -1.0
    outer loop
      vertex 16.674120000000002 47.77772 0.0
      vertex 8.0 38.0 0.0
      vertex 16.304479999999998 48.469300000000004 0.0
    endloop
  endfacet
  facet normal -0.0 0.0 -1.0
    outer loop
      vertex 17.17157 47.17157 0.0
      vertex 8.0 38.0 0.0
      vertex 16.674120000000002 47.77772 0.0
    endloop
  endfacet
  facet normal -0.0 0.0 -1.0
    outer loop
      vertex 17.777720000000002 46.67412 0.0
      vertex 8.0 38.0 0.0
      vertex 17.17157 47.17157 0.0
    endloop
  endfacet
  facet normal -0.0 0.0 -1.0
    outer loop
      vertex 18.4693 46.30448 0.0
      vertex 8.0 38.0 0.0
      vertex 17.777720000000002 46.67412 0.0
    endloop
  endfacet
  facet normal -0.0 0.0 -1.0
    outer loop
      vertex 19.2196 46.076859999999996 0.0
      vertex 8.0 38.0 0.0
      vertex 18.4693 46.30448 0.0
    endloop
  endfacet
  facet normal -0.0 0.0 -1.0
    outer loop
      vertex 20.0 46.0 0.0
      vertex 8.0 38.0 0.0
      vertex 19.2196 46.076859999999996 0.0
    endloop
  endfacet
  facet normal 0.0 0.0 -1.0
    outer loop
      vertex 23.923099999999998 50.7804 0.0
      vertex 49.6147 62.0 0.0
      vertex 24.0 50.0 0.0
    endloop
  endfacet
  facet normal 0.0 0.0 -1.0
    outer loop
      vertex 23.6955 51.530699999999996 0.0
      vertex 49.6147 62.0 0.0
      vertex 23.923099999999998 50.7804 0.0
    endloop
  endfacet
  facet normal 0.0 0.0 -1.0
    outer loop
      vertex 23.3259 52.222300000000004 0.0
      vertex 49.6147 62.0 0.0
      vertex 23.6955 51.530699999999996 0.0
    endloop
  endfacet
  facet normal 0.0 0.0 -1.0
    outer loop
      vertex 22.828400000000002 52.8284 0.0
      vertex 49.6147 62.0 0.0
      vertex 23.3259 52.222300000000004 0.0
    endloop
  endfacet
  facet normal 0.0 0.0 -1.0
    outer loop
      vertex 22.2223 53.325900000000004 0.0
      vertex 49.6147 62.0 0.0
      vertex 22.828400000000002 52.8284 0.0
    endloop
  endfacet
  facet normal 0.0 0.0 -1.0
    outer loop
      vertex 21.5307 53.695499999999996 0.0
      vertex 49.6147 62.0 0.0
      vertex 22.2223 53.325900000000004 0.0
    endloop
  endfacet
  facet normal 0.0 0.0 -1.0
    outer loop
      vertex 20.7804 53.9231 0.0
      vertex 49.6147 62.0 0.0
      vertex 21.5307 53.695499999999996 0.0
    endloop
  endfacet
  facet normal 0.0 0.0 -1.0
    outer loop
      vertex 8.0 62.0 0.0
      vertex 20.7804 53.9231 0.0
      vertex 20.0 54.0 0.0
    endloop
  endfacet
  facet normal 0.0 0.0 -1.0
    outer loop
      vertex 8.0 62.0 0.0
      vertex 20.0 54.0 0.0
      vertex 19.2196 53.9231 0.0
    endloop
  endfacet
  facet normal 0.0 0.0 -1.0
    outer loop
      vertex 8.0 62.0 0.0
      vertex 16.0 50.0 0.0
      vertex 8.0 38.0 0.0
    endloop
  endfacet
  facet normal 0.0 0.0 -1.0
    outer loop
      vertex 16.0 50.0 0.0
      vertex 8.0 62.0 0.0
      vertex 16.07686 50.7804 0.0
    endloop
  endfacet
  facet normal 0.0 0.0 -1.0
    outer loop
      vertex 16.07686 50.7804 0.0
      vertex 8.0 62.0 0.0
      vertex 16.304479999999998 51.530699999999996 0.0
    endloop
  endfacet
  facet normal 0.0 0.0 -1.0
    outer loop
      vertex 20.7804 53.9231 0.0
      vertex 8.0 62.0 0.0
      vertex 49.6147 62.0 0.0
    endloop
  endfacet
  facet normal 0.0 0.0 -1.0
    outer loop
      vertex 18.4693 53.695499999999996 0.0
      vertex 8.0 62.0 0.0
      vertex 19.2196 53.9231 0.0
    endloop
  endfacet
  facet normal 0.0 0.0 -1.0
    outer loop
      vertex 17.777720000000002 53.325900000000004 0.0
      vertex 8.0 62.0 0.0
      vertex 18.4693 53.695499999999996 0.0
    endloop
  endfacet
  facet normal 0.0 0.0 -1.0
    outer loop
      vertex 17.17157 52.8284 0.0
      vertex 8.0 62.0 0.0
      vertex 17.777720000000002 53.325900000000004 0.0
    endloop
  endfacet
  facet normal 0.0 0.0 -1.0
    outer loop
      vertex 16.674120000000002 52.222300000000004 0.0
      vertex 8.0 62.0 0.0
      vertex 17.17157 52.8284 0.0
    endloop
  endfacet
  facet normal 0.0 0.0 -1.0
    outer loop
      vertex 16.304479999999998 51.530699999999996 0.0
      vertex 8.0 62.0 0.0
      vertex 16.674120000000002 52.222300000000004 0.0
    endloop
  endfacet
  facet normal 0.956939 -0.0 0.290289
    outer loop
      vertex 47.5764 38.0 6.24729
      vertex 49.2836 62.0 0.619496
      vertex 47.5764 62.0 6.24729
    endloop
  endfacet
  facet normal 0.956939 0.0 0.290289
    outer loop
      vertex 49.2836 62.0 0.619496
      vertex 47.5764 38.0 6.24729
      vertex 49.2836 38.0 0.619496
    endloop
  endfacet
  facet normal 0.881938 -0.0 0.471366
    outer loop
      vertex 49.2836 38.0 0.619496
      vertex 49.6147 62.0 0.0
      vertex 49.2836 62.0 0.619496
    endloop
  endfacet
  facet normal 0.881938 0.0 0.471366
    outer loop
      vertex 49.6147 62.0 0.0
      vertex 49.2836 38.0 0.619496
      vertex 49.6147 38.0 0.0
    endloop
  endfacet
  facet normal 0.995185 -0.0 0.0980101
    outer loop
      vertex 47.0 38.0 12.1
      vertex 47.5764 62.0 6.24729
      vertex 47.0 62.0 12.1
    endloop
  endfacet
  facet normal 0.995185 0.0 0.0980101
    outer loop
      vertex 47.5764 62.0 6.24729
      vertex 47.0 38.0 12.1
      vertex 47.5764 38.0 6.24729
    endloop
  endfacet
  facet normal 0.995185 0.0 -0.0980103
    outer loop
      vertex 47.5764 38.0 17.9527
      vertex 47.0 62.0 12.1
      vertex 47.5764 62.0 17.9527
    endloop
  endfacet
  facet normal 0.995185 0.0 -0.0980103
    outer loop
      vertex 47.0 62.0 12.1
      vertex 47.5764 38.0 17.9527
      vertex 47.0 38.0 12.1
    endloop
  endfacet
  facet normal 0.956936 0.0 -0.290299
    outer loop
      vertex 48.8042 38.0 22.0
      vertex 47.5764 62.0 17.9527
      vertex 48.8042 62.0 22.0
    endloop
  endfacet
  facet normal 0.956936 0.0 -0.290299
    outer loop
      vertex 47.5764 62.0 17.9527
      vertex 48.8042 38.0 22.0
      vertex 47.5764 38.0 17.9527
    endloop
  endfacet
  facet normal -0.99518 -0.0980643 0.0
    outer loop
      vertex 24.0 50.0 0.0
      vertex 23.923099999999998 50.7804 11.7866
      vertex 23.923099999999998 50.7804 0.0
    endloop
  endfacet
  facet normal -0.99518 -0.0980643 0.0
    outer loop
      vertex 23.923099999999998 50.7804 11.7866
      vertex 24.0 50.0 0.0
      vertex 24.0 50.0 11.8387
    endloop
  endfacet
  facet normal 0.0980643 -0.99518 0.0
    outer loop
      vertex 20.0 54.0 0.0
      vertex 19.2196 53.9231 8.6004
      vertex 19.2196 53.9231 0.0
    endloop
  endfacet
  facet normal 0.0980643 -0.99518 0.0
    outer loop
      vertex 19.2196 53.9231 8.6004
      vertex 20.0 54.0 0.0
      vertex 20.0 54.0 9.12903
    endloop
  endfacet
  facet normal -0.634459 -0.772956 0.0
    outer loop
      vertex 22.828400000000002 52.8284 0.0
      vertex 22.2223 53.325900000000004 10.6344
      vertex 22.2223 53.325900000000004 0.0
    endloop
  endfacet
  facet normal -0.634459 -0.772956 0.0
    outer loop
      vertex 22.2223 53.325900000000004 10.6344
      vertex 22.828400000000002 52.8284 0.0
      vertex 22.828400000000002 52.8284 11.0451
    endloop
  endfacet
  facet normal 0.772988 -0.634421 0.0
    outer loop
      vertex 16.674120000000002 52.222300000000004 6.87602
      vertex 17.17157 52.8284 0.0
      vertex 17.17157 52.8284 7.213
    endloop
  endfacet
  facet normal 0.772988 -0.634421 0.0
    outer loop
      vertex 17.17157 52.8284 0.0
      vertex 16.674120000000002 52.222300000000004 6.87602
      vertex 16.674120000000002 52.222300000000004 0.0
    endloop
  endfacet
  facet normal 0.47134 -0.881952 0.0
    outer loop
      vertex 18.4693 53.695499999999996 0.0
      vertex 17.777720000000002 53.325900000000004 7.62362
      vertex 17.777720000000002 53.325900000000004 0.0
    endloop
  endfacet
  facet normal 0.47134 -0.881952 0.0
    outer loop
      vertex 17.777720000000002 53.325900000000004 7.62362
      vertex 18.4693 53.695499999999996 0.0
      vertex 18.4693 53.695499999999996 8.09208
    endloop
  endfacet
  facet normal -0.881952 0.47134 0.0
    outer loop
      vertex 23.3259 47.77772 11.382
      vertex 23.6955 48.469300000000004 0.0
      vertex 23.3259 47.77772 0.0
    endloop
  endfacet
  facet normal -0.881952 0.47134 0.0
    outer loop
      vertex 23.6955 48.469300000000004 0.0
      vertex 23.3259 47.77772 11.382
      vertex 23.6955 48.469300000000004 11.6324
    endloop
  endfacet
  facet normal -0.881957 -0.471329 0.0
    outer loop
      vertex 23.6955 51.530699999999996 0.0
      vertex 23.3259 52.222300000000004 11.382
      vertex 23.3259 52.222300000000004 0.0
    endloop
  endfacet
  facet normal -0.881957 -0.471329 0.0
    outer loop
      vertex 23.3259 52.222300000000004 11.382
      vertex 23.6955 51.530699999999996 0.0
      vertex 23.6955 51.530699999999996 11.6324
    endloop
  endfacet
  facet normal -0.956941 -0.290283 0.0
    outer loop
      vertex 23.923099999999998 50.7804 0.0
      vertex 23.6955 51.530699999999996 11.6324
      vertex 23.6955 51.530699999999996 0.0
    endloop
  endfacet
  facet normal -0.956941 -0.290283 0.0
    outer loop
      vertex 23.6955 51.530699999999996 11.6324
      vertex 23.923099999999998 50.7804 0.0
      vertex 23.923099999999998 50.7804 11.7866
    endloop
  endfacet
  facet normal -0.772956 -0.634459 0.0
    outer loop
      vertex 23.3259 52.222300000000004 0.0
      vertex 22.828400000000002 52.8284 11.0451
      vertex 22.828400000000002 52.8284 0.0
    endloop
  endfacet
  facet normal -0.772956 -0.634459 0.0
    outer loop
      vertex 22.828400000000002 52.8284 11.0451
      vertex 23.3259 52.222300000000004 0.0
      vertex 23.3259 52.222300000000004 11.382
    endloop
  endfacet
  facet normal -0.290283 -0.956941 0.0
    outer loop
      vertex 21.5307 53.695499999999996 0.0
      vertex 20.7804 53.9231 9.65766
      vertex 20.7804 53.9231 0.0
    endloop
  endfacet
  facet normal -0.290283 -0.956941 0.0
    outer loop
      vertex 20.7804 53.9231 9.65766
      vertex 21.5307 53.695499999999996 0.0
      vertex 21.5307 53.695499999999996 10.166
    endloop
  endfacet
  facet normal -0.0980643 -0.99518 0.0
    outer loop
      vertex 20.7804 53.9231 0.0
      vertex 20.0 54.0 9.12903
      vertex 20.0 54.0 0.0
    endloop
  endfacet
  facet normal -0.0980643 -0.99518 0.0
    outer loop
      vertex 20.0 54.0 9.12903
      vertex 20.7804 53.9231 0.0
      vertex 20.7804 53.9231 9.65766
    endloop
  endfacet
  facet normal -0.471329 -0.881957 0.0
    outer loop
      vertex 22.2223 53.325900000000004 0.0
      vertex 21.5307 53.695499999999996 10.166
      vertex 21.5307 53.695499999999996 0.0
    endloop
  endfacet
  facet normal -0.471329 -0.881957 0.0
    outer loop
      vertex 21.5307 53.695499999999996 10.166
      vertex 22.2223 53.325900000000004 0.0
      vertex 22.2223 53.325900000000004 10.6344
    endloop
  endfacet
  facet normal 0.956934 -0.290307 0.0
    outer loop
      vertex 16.07686 50.7804 6.47142
      vertex 16.304479999999998 51.530699999999996 0.0
      vertex 16.304479999999998 51.530699999999996 6.62562
    endloop
  endfacet
  facet normal 0.956934 -0.290307 0.0
    outer loop
      vertex 16.304479999999998 51.530699999999996 0.0
      vertex 16.07686 50.7804 6.47142
      vertex 16.07686 50.7804 0.0
    endloop
  endfacet
  facet normal 0.881936 -0.471369 0.0
    outer loop
      vertex 16.304479999999998 51.530699999999996 6.62562
      vertex 16.674120000000002 52.222300000000004 0.0
      vertex 16.674120000000002 52.222300000000004 6.87602
    endloop
  endfacet
  facet normal 0.881936 -0.471369 0.0
    outer loop
      vertex 16.674120000000002 52.222300000000004 0.0
      vertex 16.304479999999998 51.530699999999996 6.62562
      vertex 16.304479999999998 51.530699999999996 0.0
    endloop
  endfacet
  facet normal 0.995185 -0.0980137 0.0
    outer loop
      vertex 16.0 50.0 6.41935
      vertex 16.07686 50.7804 0.0
      vertex 16.07686 50.7804 6.47142
    endloop
  endfacet
  facet normal 0.995185 -0.0980137 0.0
    outer loop
      vertex 16.07686 50.7804 0.0
      vertex 16.0 50.0 6.41935
      vertex 16.0 50.0 0.0
    endloop
  endfacet
  facet normal 0.634428 -0.772982 0.0
    outer loop
      vertex 17.777720000000002 53.325900000000004 0.0
      vertex 17.17157 52.8284 7.213
      vertex 17.17157 52.8284 0.0
    endloop
  endfacet
  facet normal 0.634428 -0.772982 0.0
    outer loop
      vertex 17.17157 52.8284 7.213
      vertex 17.777720000000002 53.325900000000004 0.0
      vertex 17.777720000000002 53.325900000000004 7.62362
    endloop
  endfacet
  facet normal 0.290283 -0.956941 0.0
    outer loop
      vertex 19.2196 53.9231 0.0
      vertex 18.4693 53.695499999999996 8.09208
      vertex 18.4693 53.695499999999996 0.0
    endloop
  endfacet
  facet normal 0.290283 -0.956941 0.0
    outer loop
      vertex 18.4693 53.695499999999996 8.09208
      vertex 19.2196 53.9231 0.0
      vertex 19.2196 53.9231 8.6004
    endloop
  endfacet
  facet normal -0.99518 0.0980643 0.0
    outer loop
      vertex 23.923099999999998 49.2196 11.7866
      vertex 24.0 50.0 0.0
      vertex 23.923099999999998 49.2196 0.0
    endloop
  endfacet
  facet normal -0.99518 0.0980643 0.0
    outer loop
      vertex 24.0 50.0 0.0
      vertex 23.923099999999998 49.2196 11.7866
      vertex 24.0 50.0 11.8387
    endloop
  endfacet
  facet normal -0.290307 0.956934 0.0
    outer loop
      vertex 21.5307 46.30448 0.0
      vertex 20.7804 46.076859999999996 9.65766
      vertex 21.5307 46.30448 10.166
    endloop
  endfacet
  facet normal -0.290307 0.956934 0.0
    outer loop
      vertex 20.7804 46.076859999999996 9.65766
      vertex 21.5307 46.30448 0.0
      vertex 20.7804 46.076859999999996 0.0
    endloop
  endfacet
  facet normal -0.634421 0.772988 0.0
    outer loop
      vertex 22.828400000000002 47.17157 0.0
      vertex 22.2223 46.67412 10.6344
      vertex 22.828400000000002 47.17157 11.0451
    endloop
  endfacet
  facet normal -0.634421 0.772988 0.0
    outer loop
      vertex 22.2223 46.67412 10.6344
      vertex 22.828400000000002 47.17157 0.0
      vertex 22.2223 46.67412 0.0
    endloop
  endfacet
  facet normal 0.47138 0.88193 -0.0
    outer loop
      vertex 18.4693 46.30448 0.0
      vertex 17.777720000000002 46.67412 7.62362
      vertex 18.4693 46.30448 8.09208
    endloop
  endfacet
  facet normal 0.47138 0.88193 0.0
    outer loop
      vertex 17.777720000000002 46.67412 7.62362
      vertex 18.4693 46.30448 0.0
      vertex 17.777720000000002 46.67412 0.0
    endloop
  endfacet
  facet normal 0.0980137 0.995185 -0.0
    outer loop
      vertex 20.0 46.0 0.0
      vertex 19.2196 46.076859999999996 8.6004
      vertex 20.0 46.0 9.12903
    endloop
  endfacet
  facet normal 0.0980137 0.995185 0.0
    outer loop
      vertex 19.2196 46.076859999999996 8.6004
      vertex 20.0 46.0 0.0
      vertex 19.2196 46.076859999999996 0.0
    endloop
  endfacet
  facet normal 0.773013 0.63439 -0.0
    outer loop
      vertex 17.17157 47.17157 0.0
      vertex 16.674120000000002 47.77772 6.87602
      vertex 17.17157 47.17157 7.213
    endloop
  endfacet
  facet normal 0.773013 0.63439 0.0
    outer loop
      vertex 16.674120000000002 47.77772 6.87602
      vertex 17.17157 47.17157 0.0
      vertex 16.674120000000002 47.77772 0.0
    endloop
  endfacet
  facet normal 0.956934 0.290307 -0.0
    outer loop
      vertex 16.304479999999998 48.469300000000004 0.0
      vertex 16.07686 49.2196 6.47142
      vertex 16.304479999999998 48.469300000000004 6.62562
    endloop
  endfacet
  facet normal 0.956934 0.290307 0.0
    outer loop
      vertex 16.07686 49.2196 6.47142
      vertex 16.304479999999998 48.469300000000004 0.0
      vertex 16.07686 49.2196 0.0
    endloop
  endfacet
  facet normal 0.995185 0.0980137 -0.0
    outer loop
      vertex 16.07686 49.2196 0.0
      vertex 16.0 50.0 6.41935
      vertex 16.07686 49.2196 6.47142
    endloop
  endfacet
  facet normal 0.995185 0.0980137 0.0
    outer loop
      vertex 16.0 50.0 6.41935
      vertex 16.07686 49.2196 0.0
      vertex 16.0 50.0 0.0
    endloop
  endfacet
  facet normal -0.471369 0.881936 0.0
    outer loop
      vertex 22.2223 46.67412 0.0
      vertex 21.5307 46.30448 10.166
      vertex 22.2223 46.67412 10.6344
    endloop
  endfacet
  facet normal -0.471369 0.881936 0.0
    outer loop
      vertex 21.5307 46.30448 10.166
      vertex 22.2223 46.67412 0.0
      vertex 21.5307 46.30448 0.0
    endloop
  endfacet
  facet normal -0.772982 0.634428 0.0
    outer loop
      vertex 22.828400000000002 47.17157 11.0451
      vertex 23.3259 47.77772 0.0
      vertex 22.828400000000002 47.17157 0.0
    endloop
  endfacet
  facet normal -0.772982 0.634428 0.0
    outer loop
      vertex 23.3259 47.77772 0.0
      vertex 22.828400000000002 47.17157 11.0451
      vertex 23.3259 47.77772 11.382
    endloop
  endfacet
  facet normal -0.956941 0.290283 0.0
    outer loop
      vertex 23.6955 48.469300000000004 11.6324
      vertex 23.923099999999998 49.2196 0.0
      vertex 23.6955 48.469300000000004 0.0
    endloop
  endfacet
  facet normal -0.956941 0.290283 0.0
    outer loop
      vertex 23.923099999999998 49.2196 0.0
      vertex 23.6955 48.469300000000004 11.6324
      vertex 23.923099999999998 49.2196 11.7866
    endloop
  endfacet
  facet normal 0.290307 0.956934 -0.0
    outer loop
      vertex 19.2196 46.076859999999996 0.0
      vertex 18.4693 46.30448 8.09208
      vertex 19.2196 46.076859999999996 8.6004
    endloop
  endfacet
  facet normal 0.290307 0.956934 0.0
    outer loop
      vertex 18.4693 46.30448 8.09208
      vertex 19.2196 46.076859999999996 0.0
      vertex 18.4693 46.30448 0.0
    endloop
  endfacet
  facet normal -0.0980137 0.995185 0.0
    outer loop
      vertex 20.7804 46.076859999999996 0.0
      vertex 20.0 46.0 9.12903
      vertex 20.7804 46.076859999999996 9.65766
    endloop
  endfacet
  facet normal -0.0980137 0.995185 0.0
    outer loop
      vertex 20.0 46.0 9.12903
      vertex 20.7804 46.076859999999996 0.0
      vertex 20.0 46.0 0.0
    endloop
  endfacet
  facet normal 0.63439 0.773013 -0.0
    outer loop
      vertex 17.777720000000002 46.67412 0.0
      vertex 17.17157 47.17157 7.213
      vertex 17.777720000000002 46.67412 7.62362
    endloop
  endfacet
  facet normal 0.63439 0.773013 0.0
    outer loop
      vertex 17.17157 47.17157 7.213
      vertex 17.777720000000002 46.67412 0.0
      vertex 17.17157 47.17157 0.0
    endloop
  endfacet
  facet normal 0.88193 0.47138 -0.0
    outer loop
      vertex 16.674120000000002 47.77772 0.0
      vertex 16.304479999999998 48.469300000000004 6.62562
      vertex 16.674120000000002 47.77772 6.87602
    endloop
  endfacet
  facet normal 0.88193 0.47138 0.0
    outer loop
      vertex 16.304479999999998 48.469300000000004 6.62562
      vertex 16.674120000000002 47.77772 0.0
      vertex 16.304479999999998 48.469300000000004 0.0
    endloop
  endfacet
endsolid wheel_chock_1
solid wheel_chock_2
  facet normal 0.0 -1.0 0.0
    outer loop
      vertex 39.0 68.0 22.0
      vertex 47.5764 68.0 17.9527
      vertex 48.8042 68.0 22.0
    endloop
  endfacet
  facet normal 0.0 -1.0 0.0
    outer loop
      vertex 39.0 68.0 22.0
      vertex 47.0 68.0 12.1
      vertex 47.5764 68.0 17.9527
    endloop
  endfacet
  facet normal 0.0 -1.0 0.0
    outer loop
      vertex 39.0 68.0 22.0
      vertex 47.5764 68.0 6.24729
      vertex 47.0 68.0 12.1
    endloop
  endfacet
  facet normal 0.0 -1.0 0.0
    outer loop
      vertex 8.0 68.0 1.0
      vertex 47.5764 68.0 6.24729
      vertex 39.0 68.0 22.0
    endloop
  endfacet
  facet normal 0.0 -1.0 0.0
    outer loop
      vertex 8.0 68.0 0.0
      vertex 47.5764 68.0 6.24729
      vertex 8.0 68.0 1.0
    endloop
  endfacet
  facet normal 0.0 -1.0 -0.0
    outer loop
      vertex 47.5764 68.0 6.24729
      vertex 8.0 68.0 0.0
      vertex 49.2836 68.0 0.619496
    endloop
  endfacet
  facet normal 0.0 -1.0 -0.0
    outer loop
      vertex 49.2836 68.0 0.619496
      vertex 8.0 68.0 0.0
      vertex 49.6147 68.0 0.0
    endloop
  endfacet
  facet normal -0.0 0.0 1.0
    outer loop
      vertex 39.0 92.0 22.0
      vertex 48.8042 68.0 22.0
      vertex 48.8042 92.0 22.0
    endloop
  endfacet
  facet normal 0.0 0.0 1.0
    outer loop
      vertex 48.8042 68.0 22.0
      vertex 39.0 92.0 22.0
      vertex 39.0 68.0 22.0
    endloop
  endfacet
  facet normal -1.0 0.0 0.0
    outer loop
      vertex 8.0 68.0 0.0
      vertex 8.0 92.0 1.0
      vertex 8.0 92.0 0.0
    endloop
  endfacet
  facet normal -1.0 -0.0 0.0
    outer loop
      vertex 8.0 92.0 1.0
      vertex 8.0 68.0 0.0
      vertex 8.0 68.0 1.0
    endloop
  endfacet
  facet normal 0.0 1.0 -0.0
    outer loop
      vertex 47.5764 92.0 17.9527
      vertex 39.0 92.0 22.0
      vertex 48.8042 92.0 22.0
    endloop
  endfacet
  facet normal 0.0 1.0 -0.0
    outer loop
      vertex 47.0 92.0 12.1
      vertex 39.0 92.0 22.0
      vertex 47.5764 92.0 17.9527
    endloop
  endfacet
  facet normal 0.0 1.0 0.0
    outer loop
      vertex 47.5764 92.0 6.24729
      vertex 39.0 92.0 22.0
      vertex 47.0 92.0 12.1
    endloop
  endfacet
  facet normal 0.0 1.0 0.0
    outer loop
      vertex 47.5764 92.0 6.24729
      vertex 8.0 92.0 1.0
      vertex 39.0 92.0 22.0
    endloop
  endfacet
  facet normal 0.0 1.0 0.0
    outer loop
      vertex 8.0 92.0 0.0
      vertex 47.5764 92.0 6.24729
      vertex 49.2836 92.0 0.619496
    endloop
  endfacet
  facet normal 0.0 1.0 0.0
    outer loop
      vertex 8.0 92.0 0.0
      vertex 49.2836 92.0 0.619496
      vertex 49.6147 92.0 0.0
    endloop
  endfacet
  facet normal 0.0 1.0 0.0
    outer loop
      vertex 47.5764 92.0 6.24729
      vertex 8.0 92.0 0.0
      vertex 8.0 92.0 1.0
    endloop
  endfacet
  facet normal -0.560849 0.0 0.827918
    outer loop
      vertex 39.0 92.0 22.0
      vertex 24.0 80.0 11.8387
      vertex 39.0 68.0 22.0
    endloop
  endfacet
  facet normal -0.560852 6.29551e-06 0.827916
    outer loop
      vertex 39.0 92.0 22.0
      vertex 23.923099999999998 80.7804 11.7866
      vertex 24.0 80.0 11.8387
    endloop
  endfacet
  facet normal -0.560858 1.72046e-05 0.827912
    outer loop
      vertex 39.0 92.0 22.0
      vertex 23.6955 81.5307 11.6324
      vertex 23.923099999999998 80.7804 11.7866
    endloop
  endfacet
  facet normal -0.56086 2.18713e-05 0.827911
    outer loop
      vertex 39.0 92.0 22.0
      vertex 23.3259 82.2223 11.382
      vertex 23.6955 81.5307 11.6324
    endloop
  endfacet
  facet normal -0.560805 -0.000106672 0.827948
    outer loop
      vertex 39.0 92.0 22.0
      vertex 22.828400000000002 82.8284 11.0451
      vertex 23.3259 82.2223 11.382
    endloop
  endfacet
  facet normal -0.560891 0.000116308 0.827889
    outer loop
      vertex 39.0 92.0 22.0
      vertex 22.2223 83.3259 10.6344
      vertex 22.828400000000002 82.8284 11.0451
    endloop
  endfacet
  facet normal -0.560808 -0.00012041 0.827946
    outer loop
      vertex 39.0 92.0 22.0
      vertex 21.5307 83.6955 10.166
      vertex 22.2223 83.3259 10.6344
    endloop
  endfacet
  facet normal -0.560881 0.000104939 0.827896
    outer loop
      vertex 39.0 92.0 22.0
      vertex 20.7804 83.9231 9.65766
      vertex 21.5307 83.6955 10.166
    endloop
  endfacet
  facet normal -0.560848 -3.1082e-06 0.827919
    outer loop
      vertex 8.0 92.0 1.0
      vertex 20.7804 83.9231 9.65766
      vertex 39.0 92.0 22.0
    endloop
  endfacet
  facet normal -0.560824 5.21329e-05 0.827935
    outer loop
      vertex 20.7804 83.9231 9.65766
      vertex 8.0 92.0 1.0
      vertex 20.0 84.0 9.12903
    endloop
  endfacet
  facet normal -0.56083 3.87059e-05 0.827931
    outer loop
      vertex 20.0 84.0 9.12903
      vertex 8.0 92.0 1.0
      vertex 19.2196 83.9231 8.6004
    endloop
  endfacet
  facet normal -0.560851 -3.32286e-06 0.827917
    outer loop
      vertex 16.07686 80.7804 6.47142
      vertex 8.0 92.0 1.0
      vertex 16.0 80.0 6.41935
    endloop
  endfacet
  facet normal -0.560852 -4.53578e-06 0.827916
    outer loop
      vertex 16.304479999999998 81.5307 6.62562
      vertex 8.0 92.0 1.0
      vertex 16.07686 80.7804 6.47142
    endloop
  endfacet
  facet normal -0.560848 1.06661e-06 0.827919
    outer loop
      vertex 16.674120000000002 82.2223 6.87602
      vertex 8.0 92.0 1.0
      vertex 16.304479999999998 81.5307 6.62562
    endloop
  endfacet
  facet normal -0.560847 1.73345e-06 0.827919
    outer loop
      vertex 17.17157 82.8284 7.213
      vertex 8.0 92.0 1.0
      vertex 16.674120000000002 82.2223 6.87602
    endloop
  endfacet
  facet normal -0.560849 -1.64594e-06 0.827918
    outer loop
      vertex 17.777720000000002 83.3259 7.62362
      vertex 8.0 92.0 1.0
      vertex 17.17157 82.8284 7.213
    endloop
  endfacet
  facet normal -0.560833 2.51848e-05 0.827929
    outer loop
      vertex 18.4693 83.6955 8.09208
      vertex 8.0 92.0 1.0
      vertex 17.777720000000002 83.3259 7.62362
    endloop
  endfacet
  facet normal -0.560876 -5.44923e-05 0.8279
    outer loop
      vertex 19.2196 83.9231 8.6004
      vertex 8.0 92.0 1.0
      vertex 18.4693 83.6955 8.09208
    endloop
  endfacet
  facet normal -0.560852 -6.29551e-06 0.827916
    outer loop
      vertex 23.923099999999998 79.2196 11.7866
      vertex 39.0 68.0 22.0
      vertex 24.0 80.0 11.8387
    endloop
  endfacet
  facet normal -0.560858 -1.72046e-05 0.827912
    outer loop
      vertex 23.6955 78.4693 11.6324
      vertex 39.0 68.0 22.0
      vertex 23.923099999999998 79.2196 11.7866
    endloop
  endfacet
  facet normal -0.56086 -2.18718e-05 0.827911
    outer loop
      vertex 23.3259 77.77772 11.382
      vertex 39.0 68.0 22.0
      vertex 23.6955 78.4693 11.6324
    endloop
  endfacet
  facet normal -0.560805 0.000106666 0.827948
    outer loop
      vertex 22.828400000000002 77.17157 11.0451
      vertex 39.0 68.0 22.0
      vertex 23.3259 77.77772 11.382
    endloop
  endfacet
  facet normal -0.560891 -0.000116315 0.827889
    outer loop
      vertex 22.2223 76.67412 10.6344
      vertex 39.0 68.0 22.0
      vertex 22.828400000000002 77.17157 11.0451
    endloop
  endfacet
  facet normal -0.560808 0.000120403 0.827946
    outer loop
      vertex 21.5307 76.30448 10.166
      vertex 39.0 68.0 22.0
      vertex 22.2223 76.67412 10.6344
    endloop
  endfacet
  facet normal -0.560881 -0.000104936 0.827896
    outer loop
      vertex 20.7804 76.07686 9.65766
      vertex 39.0 68.0 22.0
      vertex 21.5307 76.30448 10.166
    endloop
  endfacet
  facet normal -0.560824 -5.21282e-05 0.827935
    outer loop
      vertex 8.0 68.0 1.0
      vertex 20.7804 76.07686 9.65766
      vertex 20.0 76.0 9.12903
    endloop
  endfacet
  facet normal -0.56083 -3.87085e-05 0.827931
    outer loop
      vertex 8.0 68.0 1.0
      vertex 20.0 76.0 9.12903
      vertex 19.2196 76.07686 8.6004
    endloop
  endfacet
  facet normal -0.560876 5.44911e-05 0.8279
    outer loop
      vertex 8.0 68.0 1.0
      vertex 19.2196 76.07686 8.6004
      vertex 18.4693 76.30448 8.09208
    endloop
  endfacet
  facet normal -0.560848 0.0 0.827919
    outer loop
      vertex 8.0 68.0 1.0
      vertex 16.0 80.0 6.41935
      vertex 8.0 92.0 1.0
    endloop
  endfacet
  facet normal -0.560851 3.32286e-06 0.827917
    outer loop
      vertex 16.0 80.0 6.41935
      vertex 8.0 68.0 1.0
      vertex 16.07686 79.2196 6.47142
    endloop
  endfacet
  facet normal -0.560852 4.53578e-06 0.827916
    outer loop
      vertex 16.07686 79.2196 6.47142
      vertex 8.0 68.0 1.0
      vertex 16.304479999999998 78.4693 6.62562
    endloop
  endfacet
  facet normal -0.560848 3.10822e-06 0.827919
    outer loop
      vertex 20.7804 76.07686 9.65766
      vertex 8.0 68.0 1.0
      vertex 39.0 68.0 22.0
    endloop
  endfacet
  facet normal -0.560833 -2.51837e-05 0.827929
    outer loop
      vertex 17.777720000000002 76.67412 7.62362
      vertex 8.0 68.0 1.0
      vertex 18.4693 76.30448 8.09208
    endloop
  endfacet
  facet normal -0.560849 1.64601e-06 0.827918
    outer loop
      vertex 17.17157 77.17157 7.213
      vertex 8.0 68.0 1.0
      vertex 17.777720000000002 76.67412 7.62362
    endloop
  endfacet
  facet normal -0.560847 -1.73337e-06 0.827919
    outer loop
      vertex 16.674120000000002 77.77772 6.87602
      vertex 8.0 68.0 1.0
      vertex 17.17157 77.17157 7.213
    endloop
  endfacet
  facet normal -0.560848 -1.06663e-06 0.827919
    outer loop
      vertex 16.304479999999998 78.4693 6.62562
      vertex 8.0 68.0 1.0
      vertex 16.674120000000002 77.77772 6.87602
    endloop
  endfacet
  facet normal 0.0 0.0 -1.0
    outer loop
      vertex 49.6147 68.0 0.0
      vertex 24.0 80.0 0.0
      vertex 49.6147 92.0 0.0
    endloop
  endfacet
  facet normal 0.0 0.0 -1.0
    outer loop
      vertex 49.6147 68.0 0.0
      vertex 23.923099999999998 79.2196 0.0
      vertex 24.0 80.0 0.0
    endloop
  endfacet
  facet normal 0.0 0.0 -1.0
    outer loop
      vertex 49.6147 68.0 0.0
      vertex 23.6955 78.4693 0.0
      vertex 23.923099999999998 79.2196 0.0
    endloop
  endfacet
  facet normal 0.0 0.0 -1.0
    outer loop
      vertex 49.6147 68.0 0.0
      vertex 23.3259 77.77772 0.0
      vertex 23.6955 78.4693 0.0
    endloop
  endfacet
  facet normal 0.0 0.0 -1.0
    outer loop
      vertex 49.6147 68.0 0.0
      vertex 22.828400000000002 77.17157 0.0
      vertex 23.3259 77.77772 0.0
    endloop
  endfacet
  facet normal 0.0 0.0 -1.0
    outer loop
      vertex 49.6147 68.0 0.0
      vertex 22.2223 76.67412 0.0
      vertex 22.828400000000002 77.17157 0.0
    endloop
  endfacet
  facet normal 0.0 0.0 -1.0
    outer loop
      vertex 49.6147 68.0 0.0
      vertex 21.5307 76.30448 0.0
      vertex 22.2223 76.67412 0.0
    endloop
  endfacet
  facet normal 0.0 0.0 -1.0
    outer loop
      vertex 49.6147 68.0 0.0
      vertex 20.7804 76.07686 0.0
      vertex 21.5307 76.30448 0.0
    endloop
  endfacet
  facet normal 0.0 0.0 -1.0
    outer loop
      vertex 8.0 68.0 0.0
      vertex 20.7804 76.07686 0.0
      vertex 49.6147 68.0 0.0
    endloop
  endfacet
  facet normal 0.0 0.0 -1.0
    outer loop
      vertex 20.7804 76.07686 0.0
      vertex 8.0 68.0 0.0
      vertex 20.0 76.0 0.0
    endloop
  endfacet
  facet normal -0.0 0.0 -1.0
    outer loop
      vertex 16.07686 79.2196 0.0
      vertex 8.0 68.0 0.0
      vertex 16.0 80.0 0.0
    endloop
  endfacet
  facet normal -0.0 0.0 -1.0
    outer loop
      vertex 16.304479999999998 78.4693 0.0
      vertex 8.0 68.0 0.0
      vertex 16.07686 79.2196 0.0
    endloop
  endfacet
  facet normal -0.0 0.0 -1.0
    outer loop
      vertex 16.674120000000002 77.77772 0.0
      vertex 8.0 68.0 0.0
      vertex 16.304479999999998 78.4693 0.0
    endloop
  endfacet
  facet normal -0.0 0.0 -1.0
    outer loop
      vertex 17.17157 77.17157 0.0
      vertex 8.0 68.0 0.0
      vertex 16.674120000000002 77.77772 0.0
    endloop
  endfacet
  facet normal -0.0 0.0 -1.0
    outer loop
      vertex 17.777720000000002 76.67412 0.0
      vertex 8.0 68.0 0.0
      vertex 17.17157 77.17157 0.0
    endloop
  endfacet
  facet normal -0.0 0.0 -1.0
    outer loop
      vertex 18.4693 76.30448 0.0
      vertex 8.0 68.0 0.0
      vertex 17.777720000000002 76.67412 0.0
    endloop
  endfacet
  facet normal -0.0 0.0 -1.0
    outer loop
      vertex 19.2196 76.07686 0.0
      vertex 8.0 68.0 0.0
      vertex 18.4693 76.30448 0.0
    endloop
  endfacet
  facet normal -0.0 0.0 -1.0
    outer loop
      vertex 20.0 76.0 0.0
      vertex 8.0 68.0 0.0
      vertex 19.2196 76.07686 0.0
    endloop
  endfacet
  facet normal 0.0 0.0 -1.0
    outer loop
      vertex 23.923099999999998 80.7804 0.0
      vertex 49.6147 92.0 0.0
      vertex 24.0 80.0 0.0
    endloop
  endfacet
  facet normal 0.0 0.0 -1.0
    outer loop
      vertex 23.6955 81.5307 0.0
      vertex 49.6147 92.0 0.0
      vertex 23.923099999999998 80.7804 0.0
    endloop
  endfacet
  facet normal 0.0 0.0 -1.0
    outer loop
      vertex 23.3259 82.2223 0.0
      vertex 49.6147 92.0 0.0
      vertex 23.6955 81.5307 0.0
    endloop
  endfacet
  facet normal 0.0 0.0 -1.0
    outer loop
      vertex 22.828400000000002 82.8284 0.0
      vertex 49.6147 92.0 0.0
      vertex 23.3259 82.2223 0.0
    endloop
  endfacet
  facet normal 0.0 0.0 -1.0
    outer loop
      vertex 22.2223 83.3259 0.0
      vertex 49.6147 92.0 0.0
      vertex 22.828400000000002 82.8284 0.0
    endloop
  endfacet
  facet normal 0.0 0.0 -1.0
    outer loop
      vertex 21.5307 83.6955 0.0
      vertex 49.6147 92.0 0.0
      vertex 22.2223 83.3259 0.0
    endloop
  endfacet
  facet normal 0.0 0.0 -1.0
    outer loop
      vertex 20.7804 83.9231 0.0
      vertex 49.6147 92.0 0.0
      vertex 21.5307 83.6955 0.0
    endloop
  endfacet
  facet normal 0.0 0.0 -1.0
    outer loop
      vertex 8.0 92.0 0.0
      vertex 20.7804 83.9231 0.0
      vertex 20.0 84.0 0.0
    endloop
  endfacet
  facet normal 0.0 0.0 -1.0
    outer loop
      vertex 8.0 92.0 0.0
      vertex 20.0 84.0 0.0
      vertex 19.2196 83.9231 0.0
    endloop
  endfacet
  facet normal 0.0 0.0 -1.0
    outer loop
      vertex 8.0 92.0 0.0
      vertex 16.0 80.0 0.0
      vertex 8.0 68.0 0.0
    endloop
  endfacet
  facet normal 0.0 0.0 -1.0
    outer loop
      vertex 16.0 80.0 0.0
      vertex 8.0 92.0 0.0
      vertex 16.07686 80.7804 0.0
    endloop
  endfacet
  facet normal 0.0 0.0 -1.0
    outer loop
      vertex 16.07686 80.7804 0.0
      vertex 8.0 92.0 0.0
      vertex 16.304479999999998 81.5307 0.0
    endloop
  endfacet
  facet normal 0.0 0.0 -1.0
    outer loop
      vertex 20.7804 83.9231 0.0
      vertex 8.0 92.0 0.0
      vertex 49.6147 92.0 0.0
    endloop
  endfacet
  facet normal 0.0 0.0 -1.0
    outer loop
      vertex 18.4693 83.6955 0.0
      vertex 8.0 92.0 0.0
      vertex 19.2196 83.9231 0.0
    endloop
  endfacet
  facet normal 0.0 0.0 -1.0
    outer loop
      vertex 17.777720000000002 83.3259 0.0
      vertex 8.0 92.0 0.0
      vertex 18.4693 83.6955 0.0
    endloop
  endfacet
  facet normal 0.0 0.0 -1.0
    outer loop
      vertex 17.17157 82.8284 0.0
      vertex 8.0 92.0 0.0
      vertex 17.777720000000002 83.3259 0.0
    endloop
  endfacet
  facet normal 0.0 0.0 -1.0
    outer loop
      vertex 16.674120000000002 82.2223 0.0
      vertex 8.0 92.0 0.0
      vertex 17.17157 82.8284 0.0
    endloop
  endfacet
  facet normal 0.0 0.0 -1.0
    outer loop
      vertex 16.304479999999998 81.5307 0.0
      vertex 8.0 92.0 0.0
      vertex 16.674120000000002 82.2223 0.0
    endloop
  endfacet
  facet normal 0.956939 -0.0 0.290289
    outer loop
      vertex 47.5764 68.0 6.24729
      vertex 49.2836 92.0 0.619496
      vertex 47.5764 92.0 6.24729
    endloop
  endfacet
  facet normal 0.956939 0.0 0.290289
    outer loop
      vertex 49.2836 92.0 0.619496
      vertex 47.5764 68.0 6.24729
      vertex 49.2836 68.0 0.619496
    endloop
  endfacet
  facet normal 0.881938 -0.0 0.471366
    outer loop
      vertex 49.2836 68.0 0.619496
      vertex 49.6147 92.0 0.0
      vertex 49.2836 92.0 0.619496
    endloop
  endfacet
  facet normal 0.881938 0.0 0.471366
    outer loop
      vertex 49.6147 92.0 0.0
      vertex 49.2836 68.0 0.619496
      vertex 49.6147 68.0 0.0
    endloop
  endfacet
  facet normal 0.995185 -0.0 0.0980101
    outer loop
      vertex 47.0 68.0 12.1
      vertex 47.5764 92.0 6.24729
      vertex 47.0 92.0 12.1
    endloop
  endfacet
  facet normal 0.995185 0.0 0.0980101
    outer loop
      vertex 47.5764 92.0 6.24729
      vertex 47.0 68.0 12.1
      vertex 47.5764 68.0 6.24729
    endloop
  endfacet
  facet normal 0.995185 0.0 -0.0980103
    outer loop
      vertex 47.5764 68.0 17.9527
      vertex 47.0 92.0 12.1
      vertex 47.5764 92.0 17.9527
    endloop
  endfacet
  facet normal 0.995185 0.0 -0.0980103
    outer loop
      vertex 47.0 92.0 12.1
      vertex 47.5764 68.0 17.9527
      vertex 47.0 68.0 12.1
    endloop
  endfacet
  facet normal 0.956936 0.0 -0.290299
    outer loop
      vertex 48.8042 68.0 22.0
      vertex 47.5764 92.0 17.9527
      vertex 48.8042 92.0 22.0
    endloop
  endfacet
  facet normal 0.956936 0.0 -0.290299
    outer loop
      vertex 47.5764 92.0 17.9527
      vertex 48.8042 68.0 22.0
      vertex 47.5764 68.0 17.9527
    endloop
  endfacet
  facet normal -0.99518 -0.0980643 0.0
    outer loop
      vertex 24.0 80.0 0.0
      vertex 23.923099999999998 80.7804 11.7866
      vertex 23.923099999999998 80.7804 0.0
    endloop
  endfacet
  facet normal -0.99518 -0.0980643 0.0
    outer loop
      vertex 23.923099999999998 80.7804 11.7866
      vertex 24.0 80.0 0.0
      vertex 24.0 80.0 11.8387
    endloop
  endfacet
  facet normal 0.0980643 -0.99518 0.0
    outer loop
      vertex 20.0 84.0 0.0
      vertex 19.2196 83.9231 8.6004
      vertex 19.2196 83.9231 0.0
    endloop
  endfacet
  facet normal 0.0980643 -0.99518 0.0
    outer loop
      vertex 19.2196 83.9231 8.6004
      vertex 20.0 84.0 0.0
      vertex 20.0 84.0 9.12903
    endloop
  endfacet
  facet normal -0.634459 -0.772956 0.0
    outer loop
      vertex 22.828400000000002 82.8284 0.0
      vertex 22.2223 83.3259 10.6344
      vertex 22.2223 83.3259 0.0
    endloop
  endfacet
  facet normal -0.634459 -0.772956 0.0
    outer loop
      vertex 22.2223 83.3259 10.6344
      vertex 22.828400000000002 82.8284 0.0
      vertex 22.828400000000002 82.8284 11.0451
    endloop
  endfacet
  facet normal 0.772988 -0.634421 0.0
    outer loop
      vertex 16.674120000000002 82.2223 6.87602
      vertex 17.17157 82.8284 0.0
      vertex 17.17157 82.8284 7.213
    endloop
  endfacet
  facet normal 0.772988 -0.634421 0.0
    outer loop
      vertex 17.17157 82.8284 0.0
      vertex 16.674120000000002 82.2223 6.87602
      vertex 16.674120000000002 82.2223 0.0
    endloop
  endfacet
  facet normal 0.47134 -0.881952 0.0
    outer loop
      vertex 18.4693 83.6955 0.0
      vertex 17.777720000000002 83.3259 7.62362
      vertex 17.777720000000002 83.3259 0.0
    endloop
  endfacet
  facet normal 0.47134 -0.881952 0.0
    outer loop
      vertex 17.777720000000002 83.3259 7.62362
      vertex 18.4693 83.6955 0.0
      vertex 18.4693 83.6955 8.09208
    endloop
  endfacet
  facet normal -0.881952 0.47134 0.0
    outer loop
      vertex 23.3259 77.77772 11.382
      vertex 23.6955 78.4693 0.0
      vertex 23.3259 77.77772 0.0
    endloop
  endfacet
  facet normal -0.881952 0.47134 0.0
    outer loop
      vertex 23.6955 78.4693 0.0
      vertex 23.3259 77.77772 11.382
      vertex 23.6955 78.4693 11.6324
    endloop
  endfacet
  facet normal -0.881957 -0.471329 0.0
    outer loop
      vertex 23.6955 81.5307 0.0
      vertex 23.3259 82.2223 11.382
      vertex 23.3259 82.2223 0.0
    endloop
  endfacet
  facet normal -0.881957 -0.471329 0.0
    outer loop
      vertex 23.3259 82.2223 11.382
      vertex 23.6955 81.5307 0.0
      vertex 23.6955 81.5307 11.6324
    endloop
  endfacet
  facet normal -0.956941 -0.290283 0.0
    outer loop
      vertex 23.923099999999998 80.7804 0.0
      vertex 23.6955 81.5307 11.6324
      vertex 23.6955 81.5307 0.0
    endloop
  endfacet
  facet normal -0.956941 -0.290283 0.0
    outer loop
      vertex 23.6955 81.5307 11.6324
      vertex 23.923099999999998 80.7804 0.0
      vertex 23.923099999999998 80.7804 11.7866
    endloop
  endfacet
  facet normal -0.772956 -0.634459 0.0
    outer loop
      vertex 23.3259 82.2223 0.0
      vertex 22.828400000000002 82.8284 11.0451
      vertex 22.828400000000002 82.8284 0.0
    endloop
  endfacet
  facet normal -0.772956 -0.634459 0.0
    outer loop
      vertex 22.828400000000002 82.8284 11.0451
      vertex 23.3259 82.2223 0.0
      vertex 23.3259 82.2223 11.382
    endloop
  endfacet
  facet normal -0.290283 -0.956941 0.0
    outer loop
      vertex 21.5307 83.6955 0.0
      vertex 20.7804 83.9231 9.65766
      vertex 20.7804 83.9231 0.0
    endloop
  endfacet
  facet normal -0.290283 -0.956941 0.0
    outer loop
      vertex 20.7804 83.9231 9.65766
      vertex 21.5307 83.6955 0.0
      vertex 21.5307 83.6955 10.166
    endloop
  endfacet
  facet normal -0.0980643 -0.99518 0.0
    outer loop
      vertex 20.7804 83.9231 0.0
      vertex 20.0 84.0 9.12903
      vertex 20.0 84.0 0.0
    endloop
  endfacet
  facet normal -0.0980643 -0.99518 0.0
    outer loop
      vertex 20.0 84.0 9.12903
      vertex 20.7804 83.9231 0.0
      vertex 20.7804 83.9231 9.65766
    endloop
  endfacet
  facet normal -0.471329 -0.881957 0.0
    outer loop
      vertex 22.2223 83.3259 0.0
      vertex 21.5307 83.6955 10.166
      vertex 21.5307 83.6955 0.0
    endloop
  endfacet
  facet normal -0.471329 -0.881957 0.0
    outer loop
      vertex 21.5307 83.6955 10.166
      vertex 22.2223 83.3259 0.0
      vertex 22.2223 83.3259 10.6344
    endloop
  endfacet
  facet normal 0.956934 -0.290307 0.0
    outer loop
      vertex 16.07686 80.7804 6.47142
      vertex 16.304479999999998 81.5307 0.0
      vertex 16.304479999999998 81.5307 6.62562
    endloop
  endfacet
  facet normal 0.956934 -0.290307 0.0
    outer loop
      vertex 16.304479999999998 81.5307 0.0
      vertex 16.07686 80.7804 6.47142
      vertex 16.07686 80.7804 0.0
    endloop
  endfacet
  facet normal 0.881936 -0.471369 0.0
    outer loop
      vertex 16.304479999999998 81.5307 6.62562
      vertex 16.674120000000002 82.2223 0.0
      vertex 16.674120000000002 82.2223 6.87602
    endloop
  endfacet
  facet normal 0.881936 -0.471369 0.0
    outer loop
      vertex 16.674120000000002 82.2223 0.0
      vertex 16.304479999999998 81.5307 6.62562
      vertex 16.304479999999998 81.5307 0.0
    endloop
  endfacet
  facet normal 0.995185 -0.0980137 0.0
    outer loop
      vertex 16.0 80.0 6.41935
      vertex 16.07686 80.7804 0.0
      vertex 16.07686 80.7804 6.47142
    endloop
  endfacet
  facet normal 0.995185 -0.0980137 0.0
    outer loop
      vertex 16.07686 80.7804 0.0
      vertex 16.0 80.0 6.41935
      vertex 16.0 80.0 0.0
    endloop
  endfacet
  facet normal 0.634428 -0.772982 0.0
    outer loop
      vertex 17.777720000000002 83.3259 0.0
      vertex 17.17157 82.8284 7.213
      vertex 17.17157 82.8284 0.0
    endloop
  endfacet
  facet normal 0.634428 -0.772982 0.0
    outer loop
      vertex 17.17157 82.8284 7.213
      vertex 17.777720000000002 83.3259 0.0
      vertex 17.777720000000002 83.3259 7.62362
    endloop
  endfacet
  facet normal 0.290283 -0.956941 0.0
    outer loop
      vertex 19.2196 83.9231 0.0
      vertex 18.4693 83.6955 8.09208
      vertex 18.4693 83.6955 0.0
    endloop
  endfacet
  facet normal 0.290283 -0.956941 0.0
    outer loop
      vertex 18.4693 83.6955 8.09208
      vertex 19.2196 83.9231 0.0
      vertex 19.2196 83.9231 8.6004
    endloop
  endfacet
  facet normal -0.99518 0.0980643 0.0
    outer loop
      vertex 23.923099999999998 79.2196 11.7866
      vertex 24.0 80.0 0.0
      vertex 23.923099999999998 79.2196 0.0
    endloop
  endfacet
  facet normal -0.99518 0.0980643 0.0
    outer loop
      vertex 24.0 80.0 0.0
      vertex 23.923099999999998 79.2196 11.7866
      vertex 24.0 80.0 11.8387
    endloop
  endfacet
  facet normal -0.290307 0.956934 0.0
    outer loop
      vertex 21.5307 76.30448 0.0
      vertex 20.7804 76.07686 9.65766
      vertex 21.5307 76.30448 10.166
    endloop
  endfacet
  facet normal -0.290307 0.956934 0.0
    outer loop
      vertex 20.7804 76.07686 9.65766
      vertex 21.5307 76.30448 0.0
      vertex 20.7804 76.07686 0.0
    endloop
  endfacet
  facet normal -0.634421 0.772988 0.0
    outer loop
      vertex 22.828400000000002 77.17157 0.0
      vertex 22.2223 76.67412 10.6344
      vertex 22.828400000000002 77.17157 11.0451
    endloop
  endfacet
  facet normal -0.634421 0.772988 0.0
    outer loop
      vertex 22.2223 76.67412 10.6344
      vertex 22.828400000000002 77.17157 0.0
      vertex 22.2223 76.67412 0.0
    endloop
  endfacet
  facet normal 0.47138 0.88193 -0.0
    outer loop
      vertex 18.4693 76.30448 0.0
      vertex 17.777720000000002 76.67412 7.62362
      vertex 18.4693 76.30448 8.09208
    endloop
  endfacet
  facet normal 0.47138 0.88193 0.0
    outer loop
      vertex 17.777720000000002 76.67412 7.62362
      vertex 18.4693 76.30448 0.0
      vertex 17.777720000000002 76.67412 0.0
    endloop
  endfacet
  facet normal 0.0980137 0.995185 -0.0
    outer loop
      vertex 20.0 76.0 0.0
      vertex 19.2196 76.07686 8.6004
      vertex 20.0 76.0 9.12903
    endloop
  endfacet
  facet normal 0.0980137 0.995185 0.0
    outer loop
      vertex 19.2196 76.07686 8.6004
      vertex 20.0 76.0 0.0
      vertex 19.2196 76.07686 0.0
    endloop
  endfacet
  facet normal 0.773013 0.63439 -0.0
    outer loop
      vertex 17.17157 77.17157 0.0
      vertex 16.674120000000002 77.77772 6.87602
      vertex 17.17157 77.17157 7.213
    endloop
  endfacet
  facet normal 0.773013 0.63439 0.0
    outer loop
      vertex 16.674120000000002 77.77772 6.87602
      vertex 17.17157 77.17157 0.0
      vertex 16.674120000000002 77.77772 0.0
    endloop
  endfacet
  facet normal 0.956934 0.290307 -0.0
    outer loop
      vertex 16.304479999999998 78.4693 0.0
      vertex 16.07686 79.2196 6.47142
      vertex 16.304479999999998 78.4693 6.62562
    endloop
  endfacet
  facet normal 0.956934 0.290307 0.0
    outer loop
      vertex 16.07686 79.2196 6.47142
      vertex 16.304479999999998 78.4693 0.0
      vertex 16.07686 79.2196 0.0
    endloop
  endfacet
  facet normal 0.995185 0.0980137 -0.0
    outer loop
      vertex 16.07686 79.2196 0.0
      vertex 16.0 80.0 6.41935
      vertex 16.07686 79.2196 6.47142
    endloop
  endfacet
  facet normal 0.995185 0.0980137 0.0
    outer loop
      vertex 16.0 80.0 6.41935
      vertex 16.07686 79.2196 0.0
      vertex 16.0 80.0 0.0
    endloop
  endfacet
  facet normal -0.471369 0.881936 0.0
    outer loop
      vertex 22.2223 76.67412 0.0
      vertex 21.5307 76.30448 10.166
      vertex 22.2223 76.67412 10.6344
    endloop
  endfacet
  facet normal -0.471369 0.881936 0.0
    outer loop
      vertex 21.5307 76.30448 10.166
      vertex 22.2223 76.67412 0.0
      vertex 21.5307 76.30448 0.0
    endloop
  endfacet
  facet normal -0.772982 0.634428 0.0
    outer loop
      vertex 22.828400000000002 77.17157 11.0451
      vertex 23.3259 77.77772 0.0
      vertex 22.828400000000002 77.17157 0.0
    endloop
  endfacet
  facet normal -0.772982 0.634428 0.0
    outer loop
      vertex 23.3259 77.77772 0.0
      vertex 22.828400000000002 77.17157 11.0451
      vertex 23.3259 77.77772 11.382
    endloop
  endfacet
  facet normal -0.956941 0.290283 0.0
    outer loop
      vertex 23.6955 78.4693 11.6324
      vertex 23.923099999999998 79.2196 0.0
      vertex 23.6955 78.4693 0.0
    endloop
  endfacet
  facet normal -0.956941 0.290283 0.0
    outer loop
      vertex 23.923099999999998 79.2196 0.0
      vertex 23.6955 78.4693 11.6324
      vertex 23.923099999999998 79.2196 11.7866
    endloop
  endfacet
  facet normal 0.290307 0.956934 -0.0
    outer loop
      vertex 19.2196 76.07686 0.0
      vertex 18.4693 76.30448 8.09208
      vertex 19.2196 76.07686 8.6004
    endloop
  endfacet
  facet normal 0.290307 0.956934 0.0
    outer loop
      vertex 18.4693 76.30448 8.09208
      vertex 19.2196 76.07686 0.0
      vertex 18.4693 76.30448 0.0
    endloop
  endfacet
  facet normal -0.0980137 0.995185 0.0
    outer loop
      vertex 20.7804 76.07686 0.0
      vertex 20.0 76.0 9.12903
      vertex 20.7804 76.07686 9.65766
    endloop
  endfacet
  facet normal -0.0980137 0.995185 0.0
    outer loop
      vertex 20.0 76.0 9.12903
      vertex 20.7804 76.07686 0.0
      vertex 20.0 76.0 0.0
    endloop
  endfacet
  facet normal 0.63439 0.773013 -0.0
    outer loop
      vertex 17.777720000000002 76.67412 0.0
      vertex 17.17157 77.17157 7.213
      vertex 17.777720000000002 76.67412 7.62362
    endloop
  endfacet
  facet normal 0.63439 0.773013 0.0
    outer loop
      vertex 17.17157 77.17157 7.213
      vertex 17.777720000000002 76.67412 0.0
      vertex 17.17157 77.17157 0.0
    endloop
  endfacet
  facet normal 0.88193 0.47138 -0.0
    outer loop
      vertex 16.674120000000002 77.77772 0.0
      vertex 16.304479999999998 78.4693 6.62562
      vertex 16.674120000000002 77.77772 6.87602
    endloop
  endfacet
  facet normal 0.88193 0.47138 0.0
    outer loop
      vertex 16.304479999999998 78.4693 6.62562
      vertex 16.674120000000002 77.77772 0.0
      vertex 16.304479999999998 78.4693 0.0
    endloop
  endfacet
endsolid wheel_chock_2
solid wheel_chock_3
  facet normal 0.0 -1.0 0.0
    outer loop
      vertex 39.0 98.0 22.0
      vertex 47.5764 98.0 17.9527
      vertex 48.8042 98.0 22.0
    endloop
  endfacet
  facet normal 0.0 -1.0 0.0
    outer loop
      vertex 39.0 98.0 22.0
      vertex 47.0 98.0 12.1
      vertex 47.5764 98.0 17.9527
    endloop
  endfacet
  facet normal 0.0 -1.0 0.0
    outer loop
      vertex 39.0 98.0 22.0
      vertex 47.5764 98.0 6.24729
      vertex 47.0 98.0 12.1
    endloop
  endfacet
  facet normal 0.0 -1.0 0.0
    outer loop
      vertex 8.0 98.0 1.0
      vertex 47.5764 98.0 6.24729
      vertex 39.0 98.0 22.0
    endloop
  endfacet
  facet normal 0.0 -1.0 0.0
    outer loop
      vertex 8.0 98.0 0.0
      vertex 47.5764 98.0 6.24729
      vertex 8.0 98.0 1.0
    endloop
  endfacet
  facet normal 0.0 -1.0 -0.0
    outer loop
      vertex 47.5764 98.0 6.24729
      vertex 8.0 98.0 0.0
      vertex 49.2836 98.0 0.619496
    endloop
  endfacet
  facet normal 0.0 -1.0 -0.0
    outer loop
      vertex 49.2836 98.0 0.619496
      vertex 8.0 98.0 0.0
      vertex 49.6147 98.0 0.0
    endloop
  endfacet
  facet normal -0.0 0.0 1.0
    outer loop
      vertex 39.0 122.0 22.0
      vertex 48.8042 98.0 22.0
      vertex 48.8042 122.0 22.0
    endloop
  endfacet
  facet normal 0.0 0.0 1.0
    outer loop
      vertex 48.8042 98.0 22.0
      vertex 39.0 122.0 22.0
      vertex 39.0 98.0 22.0
    endloop
  endfacet
  facet normal -1.0 0.0 0.0
    outer loop
      vertex 8.0 98.0 0.0
      vertex 8.0 122.0 1.0
      vertex 8.0 122.0 0.0
    endloop
  endfacet
  facet normal -1.0 -0.0 0.0
    outer loop
      vertex 8.0 122.0 1.0
      vertex 8.0 98.0 0.0
      vertex 8.0 98.0 1.0
    endloop
  endfacet
  facet normal 0.0 1.0 -0.0
    outer loop
      vertex 47.5764 122.0 17.9527
      vertex 39.0 122.0 22.0
      vertex 48.8042 122.0 22.0
    endloop
  endfacet
  facet normal 0.0 1.0 -0.0
    outer loop
      vertex 47.0 122.0 12.1
      vertex 39.0 122.0 22.0
      vertex 47.5764 122.0 17.9527
    endloop
  endfacet
  facet normal 0.0 1.0 0.0
    outer loop
      vertex 47.5764 122.0 6.24729
      vertex 39.0 122.0 22.0
      vertex 47.0 122.0 12.1
    endloop
  endfacet
  facet normal 0.0 1.0 0.0
    outer loop
      vertex 47.5764 122.0 6.24729
      vertex 8.0 122.0 1.0
      vertex 39.0 122.0 22.0
    endloop
  endfacet
  facet normal 0.0 1.0 0.0
    outer loop
      vertex 8.0 122.0 0.0
      vertex 47.5764 122.0 6.24729
      vertex 49.2836 122.0 0.619496
    endloop
  endfacet
  facet normal 0.0 1.0 0.0
    outer loop
      vertex 8.0 122.0 0.0
      vertex 49.2836 122.0 0.619496
      vertex 49.6147 122.0 0.0
    endloop
  endfacet
  facet normal 0.0 1.0 0.0
    outer loop
      vertex 47.5764 122.0 6.24729
      vertex 8.0 122.0 0.0
      vertex 8.0 122.0 1.0
    endloop
  endfacet
  facet normal -0.560849 0.0 0.827918
    outer loop
      vertex 39.0 122.0 22.0
      vertex 24.0 110.0 11.8387
      vertex 39.0 98.0 22.0
    endloop
  endfacet
  facet normal -0.560852 6.29551e-06 0.827916
    outer loop
      vertex 39.0 122.0 22.0
      vertex 23.923099999999998 110.7804 11.7866
      vertex 24.0 110.0 11.8387
    endloop
  endfacet
  facet normal -0.560858 1.72046e-05 0.827912
    outer loop
      vertex 39.0 122.0 22.0
      vertex 23.6955 111.5307 11.6324
      vertex 23.923099999999998 110.7804 11.7866
    endloop
  endfacet
  facet normal -0.56086 2.18713e-05 0.827911
    outer loop
      vertex 39.0 122.0 22.0
      vertex 23.3259 112.2223 11.382
      vertex 23.6955 111.5307 11.6324
    endloop
  endfacet
  facet normal -0.560805 -0.000106672 0.827948
    outer loop
      vertex 39.0 122.0 22.0
      vertex 22.828400000000002 112.8284 11.0451
      vertex 23.3259 112.2223 11.382
    endloop
  endfacet
  facet normal -0.560891 0.000116308 0.827889
    outer loop
      vertex 39.0 122.0 22.0
      vertex 22.2223 113.3259 10.6344
      vertex 22.828400000000002 112.8284 11.0451
    endloop
  endfacet
  facet normal -0.560808 -0.00012041 0.827946
    outer loop
      vertex 39.0 122.0 22.0
      vertex 21.5307 113.6955 10.166
      vertex 22.2223 113.3259 10.6344
    endloop
  endfacet
  facet normal -0.560881 0.000104939 0.827896
    outer loop
      vertex 39.0 122.0 22.0
      vertex 20.7804 113.9231 9.65766
      vertex 21.5307 113.6955 10.166
    endloop
  endfacet
  facet normal -0.560848 -3.1082e-06 0.827919
    outer loop
      vertex 8.0 122.0 1.0
      vertex 20.7804 113.9231 9.65766
      vertex 39.0 122.0 22.0
    endloop
  endfacet
  facet normal -0.560824 5.21329e-05 0.827935
    outer loop
      vertex 20.7804 113.9231 9.65766
      vertex 8.0 122.0 1.0
      vertex 20.0 114.0 9.12903
    endloop
  endfacet
  facet normal -0.56083 3.87059e-05 0.827931
    outer loop
      vertex 20.0 114.0 9.12903
      vertex 8.0 122.0 1.0
      vertex 19.2196 113.9231 8.6004
    endloop
  endfacet
  facet normal -0.560851 -3.32286e-06 0.827917
    outer loop
      vertex 16.07686 110.7804 6.47142
      vertex 8.0 122.0 1.0
      vertex 16.0 110.0 6.41935
    endloop
  endfacet
  facet normal -0.560852 -4.53578e-06 0.827916
    outer loop
      vertex 16.304479999999998 111.5307 6.62562
      vertex 8.0 122.0 1.0
      vertex 16.07686 110.7804 6.47142
    endloop
  endfacet
  facet normal -0.560848 1.06661e-06 0.827919
    outer loop
      vertex 16.674120000000002 112.2223 6.87602
      vertex 8.0 122.0 1.0
      vertex 16.304479999999998 111.5307 6.62562
    endloop
  endfacet
  facet normal -0.560847 1.73345e-06 0.827919
    outer loop
      vertex 17.17157 112.8284 7.213
      vertex 8.0 122.0 1.0
      vertex 16.674120000000002 112.2223 6.87602
    endloop
  endfacet
  facet normal -0.560849 -1.64594e-06 0.827918
    outer loop
      vertex 17.777720000000002 113.3259 7.62362
      vertex 8.0 122.0 1.0
      vertex 17.17157 112.8284 7.213
    endloop
  endfacet
  facet normal -0.560833 2.51848e-05 0.827929
    outer loop
      vertex 18.4693 113.6955 8.09208
      vertex 8.0 122.0 1.0
      vertex 17.777720000000002 113.3259 7.62362
    endloop
  endfacet
  facet normal -0.560876 -5.44923e-05 0.8279
    outer loop
      vertex 19.2196 113.9231 8.6004
      vertex 8.0 122.0 1.0
      vertex 18.4693 113.6955 8.09208
    endloop
  endfacet
  facet normal -0.560852 -6.29551e-06 0.827916
    outer loop
      vertex 23.923099999999998 109.2196 11.7866
      vertex 39.0 98.0 22.0
      vertex 24.0 110.0 11.8387
    endloop
  endfacet
  facet normal -0.560858 -1.72046e-05 0.827912
    outer loop
      vertex 23.6955 108.4693 11.6324
      vertex 39.0 98.0 22.0
      vertex 23.923099999999998 109.2196 11.7866
    endloop
  endfacet
  facet normal -0.56086 -2.18718e-05 0.827911
    outer loop
      vertex 23.3259 107.77772 11.382
      vertex 39.0 98.0 22.0
      vertex 23.6955 108.4693 11.6324
    endloop
  endfacet
  facet normal -0.560805 0.000106666 0.827948
    outer loop
      vertex 22.828400000000002 107.17157 11.0451
      vertex 39.0 98.0 22.0
      vertex 23.3259 107.77772 11.382
    endloop
  endfacet
  facet normal -0.560891 -0.000116315 0.827889
    outer loop
      vertex 22.2223 106.67412 10.6344
      vertex 39.0 98.0 22.0
      vertex 22.828400000000002 107.17157 11.0451
    endloop
  endfacet
  facet normal -0.560808 0.000120403 0.827946
    outer loop
      vertex 21.5307 106.30448 10.166
      vertex 39.0 98.0 22.0
      vertex 22.2223 106.67412 10.6344
    endloop
  endfacet
  facet normal -0.560881 -0.000104936 0.827896
    outer loop
      vertex 20.7804 106.07686 9.65766
      vertex 39.0 98.0 22.0
      vertex 21.5307 106.30448 10.166
    endloop
  endfacet
  facet normal -0.560824 -5.21282e-05 0.827935
    outer loop
      vertex 8.0 98.0 1.0
      vertex 20.7804 106.07686 9.65766
      vertex 20.0 106.0 9.12903
    endloop
  endfacet
  facet normal -0.56083 -3.87085e-05 0.827931
    outer loop
      vertex 8.0 98.0 1.0
      vertex 20.0 106.0 9.12903
      vertex 19.2196 106.07686 8.6004
    endloop
  endfacet
  facet normal -0.560876 5.44911e-05 0.8279
    outer loop
      vertex 8.0 98.0 1.0
      vertex 19.2196 106.07686 8.6004
      vertex 18.4693 106.30448 8.09208
    endloop
  endfacet
  facet normal -0.560848 0.0 0.827919
    outer loop
      vertex 8.0 98.0 1.0
      vertex 16.0 110.0 6.41935
      vertex 8.0 122.0 1.0
    endloop
  endfacet
  facet normal -0.560851 3.32286e-06 0.827917
    outer loop
      vertex 16.0 110.0 6.41935
      vertex 8.0 98.0 1.0
      vertex 16.07686 109.2196 6.47142
    endloop
  endfacet
  facet normal -0.560852 4.53578e-06 0.827916
    outer loop
      vertex 16.07686 109.2196 6.47142
      vertex 8.0 98.0 1.0
      vertex 16.304479999999998 108.4693 6.62562
    endloop
  endfacet
  facet normal -0.560848 3.10822e-06 0.827919
    outer loop
      vertex 20.7804 106.07686 9.65766
      vertex 8.0 98.0 1.0
      vertex 39.0 98.0 22.0
    endloop
  endfacet
  facet normal -0.560833 -2.51837e-05 0.827929
    outer loop
      vertex 17.777720000000002 106.67412 7.62362
      vertex 8.0 98.0 1.0
      vertex 18.4693 106.30448 8.09208
    endloop
  endfacet
  facet normal -0.560849 1.64601e-06 0.827918
    outer loop
      vertex 17.17157 107.17157 7.213
      vertex 8.0 98.0 1.0
      vertex 17.777720000000002 106.67412 7.62362
    endloop
  endfacet
  facet normal -0.560847 -1.73337e-06 0.827919
    outer loop
      vertex 16.674120000000002 107.77772 6.87602
      vertex 8.0 98.0 1.0
      vertex 17.17157 107.17157 7.213
    endloop
  endfacet
  facet normal -0.560848 -1.06663e-06 0.827919
    outer loop
      vertex 16.304479999999998 108.4693 6.62562
      vertex 8.0 98.0 1.0
      vertex 16.674120000000002 107.77772 6.87602
    endloop
  endfacet
  facet normal 0.0 0.0 -1.0
    outer loop
      vertex 49.6147 98.0 0.0
      vertex 24.0 110.0 0.0
      vertex 49.6147 122.0 0.0
    endloop
  endfacet
  facet normal 0.0 0.0 -1.0
    outer loop
      vertex 49.6147 98.0 0.0
      vertex 23.923099999999998 109.2196 0.0
      vertex 24.0 110.0 0.0
    endloop
  endfacet
  facet normal 0.0 0.0 -1.0
    outer loop
      vertex 49.6147 98.0 0.0
      vertex 23.6955 108.4693 0.0
      vertex 23.923099999999998 109.2196 0.0
    endloop
  endfacet
  facet normal 0.0 0.0 -1.0
    outer loop
      vertex 49.6147 98.0 0.0
      vertex 23.3259 107.77772 0.0
      vertex 23.6955 108.4693 0.0
    endloop
  endfacet
  facet normal 0.0 0.0 -1.0
    outer loop
      vertex 49.6147 98.0 0.0
      vertex 22.828400000000002 107.17157 0.0
      vertex 23.3259 107.77772 0.0
    endloop
  endfacet
  facet normal 0.0 0.0 -1.0
    outer loop
      vertex 49.6147 98.0 0.0
      vertex 22.2223 106.67412 0.0
      vertex 22.828400000000002 107.17157 0.0
    endloop
  endfacet
  facet normal 0.0 0.0 -1.0
    outer loop
      vertex 49.6147 98.0 0.0
      vertex 21.5307 106.30448 0.0
      vertex 22.2223 106.67412 0.0
    endloop
  endfacet
  facet normal 0.0 0.0 -1.0
    outer loop
      vertex 49.6147 98.0 0.0
      vertex 20.7804 106.07686 0.0
      vertex 21.5307 106.30448 0.0
    endloop
  endfacet
  facet normal 0.0 0.0 -1.0
    outer loop
      vertex 8.0 98.0 0.0
      vertex 20.7804 106.07686 0.0
      vertex 49.6147 98.0 0.0
    endloop
  endfacet
  facet normal 0.0 0.0 -1.0
    outer loop
      vertex 20.7804 106.07686 0.0
      vertex 8.0 98.0 0.0
      vertex 20.0 106.0 0.0
    endloop
  endfacet
  facet normal -0.0 0.0 -1.0
    outer loop
      vertex 16.07686 109.2196 0.0
      vertex 8.0 98.0 0.0
      vertex 16.0 110.0 0.0
    endloop
  endfacet
  facet normal -0.0 0.0 -1.0
    outer loop
      vertex 16.304479999999998 108.4693 0.0
      vertex 8.0 98.0 0.0
      vertex 16.07686 109.2196 0.0
    endloop
  endfacet
  facet normal -0.0 0.0 -1.0
    outer loop
      vertex 16.674120000000002 107.77772 0.0
      vertex 8.0 98.0 0.0
      vertex 16.304479999999998 108.4693 0.0
    endloop
  endfacet
  facet normal -0.0 0.0 -1.0
    outer loop
      vertex 17.17157 107.17157 0.0
      vertex 8.0 98.0 0.0
      vertex 16.674120000000002 107.77772 0.0
    endloop
  endfacet
  facet normal -0.0 0.0 -1.0
    outer loop
      vertex 17.777720000000002 106.67412 0.0
      vertex 8.0 98.0 0.0
      vertex 17.17157 107.17157 0.0
    endloop
  endfacet
  facet normal -0.0 0.0 -1.0
    outer loop
      vertex 18.4693 106.30448 0.0
      vertex 8.0 98.0 0.0
      vertex 17.777720000000002 106.67412 0.0
    endloop
  endfacet
  facet normal -0.0 0.0 -1.0
    outer loop
      vertex 19.2196 106.07686 0.0
      vertex 8.0 98.0 0.0
      vertex 18.4693 106.30448 0.0
    endloop
  endfacet
  facet normal -0.0 0.0 -1.0
    outer loop
      vertex 20.0 106.0 0.0
      vertex 8.0 98.0 0.0
      vertex 19.2196 106.07686 0.0
    endloop
  endfacet
  facet normal 0.0 0.0 -1.0
    outer loop
      vertex 23.923099999999998 110.7804 0.0
      vertex 49.6147 122.0 0.0
      vertex 24.0 110.0 0.0
    endloop
  endfacet
  facet normal 0.0 0.0 -1.0
    outer loop
      vertex 23.6955 111.5307 0.0
      vertex 49.6147 122.0 0.0
      vertex 23.923099999999998 110.7804 0.0
    endloop
  endfacet
  facet normal 0.0 0.0 -1.0
    outer loop
      vertex 23.3259 112.2223 0.0
      vertex 49.6147 122.0 0.0
      vertex 23.6955 111.5307 0.0
    endloop
  endfacet
  facet normal 0.0 0.0 -1.0
    outer loop
      vertex 22.828400000000002 112.8284 0.0
      vertex 49.6147 122.0 0.0
      vertex 23.3259 112.2223 0.0
    endloop
  endfacet
  facet normal 0.0 0.0 -1.0
    outer loop
      vertex 22.2223 113.3259 0.0
      vertex 49.6147 122.0 0.0
      vertex 22.828400000000002 112.8284 0.0
    endloop
  endfacet
  facet normal 0.0 0.0 -1.0
    outer loop
      vertex 21.5307 113.6955 0.0
      vertex 49.6147 122.0 0.0
      vertex 22.2223 113.3259 0.0
    endloop
  endfacet
  facet normal 0.0 0.0 -1.0
    outer loop
      vertex 20.7804 113.9231 0.0
      vertex 49.6147 122.0 0.0
      vertex 21.5307 113.6955 0.0
    endloop
  endfacet
  facet normal 0.0 0.0 -1.0
    outer loop
      vertex 8.0 122.0 0.0
      vertex 20.7804 113.9231 0.0
      vertex 20.0 114.0 0.0
    endloop
  endfacet
  facet normal 0.0 0.0 -1.0
    outer loop
      vertex 8.0 122.0 0.0
      vertex 20.0 114.0 0.0
      vertex 19.2196 113.9231 0.0
    endloop
  endfacet
  facet normal 0.0 0.0 -1.0
    outer loop
      vertex 8.0 122.0 0.0
      vertex 16.0 110.0 0.0
      vertex 8.0 98.0 0.0
    endloop
  endfacet
  facet normal 0.0 0.0 -1.0
    outer loop
      vertex 16.0 110.0 0.0
      vertex 8.0 122.0 0.0
      vertex 16.07686 110.7804 0.0
    endloop
  endfacet
  facet normal 0.0 0.0 -1.0
    outer loop
      vertex 16.07686 110.7804 0.0
      vertex 8.0 122.0 0.0
      vertex 16.304479999999998 111.5307 0.0
    endloop
  endfacet
  facet normal 0.0 0.0 -1.0
    outer loop
      vertex 20.7804 113.9231 0.0
      vertex 8.0 122.0 0.0
      vertex 49.6147 122.0 0.0
    endloop
  endfacet
  facet normal 0.0 0.0 -1.0
    outer loop
      vertex 18.4693 113.6955 0.0
      vertex 8.0 122.0 0.0
      vertex 19.2196 113.9231 0.0
    endloop
  endfacet
  facet normal 0.0 0.0 -1.0
    outer loop
      vertex 17.777720000000002 113.3259 0.0
      vertex 8.0 122.0 0.0
      vertex 18.4693 113.6955 0.0
    endloop
  endfacet
  facet normal 0.0 0.0 -1.0
    outer loop
      vertex 17.17157 112.8284 0.0
      vertex 8.0 122.0 0.0
      vertex 17.777720000000002 113.3259 0.0
    endloop
  endfacet
  facet normal 0.0 0.0 -1.0
    outer loop
      vertex 16.674120000000002 112.2223 0.0
      vertex 8.0 122.0 0.0
      vertex 17.17157 112.8284 0.0
    endloop
  endfacet
  facet normal 0.0 0.0 -1.0
    outer loop
      vertex 16.304479999999998 111.5307 0.0
      vertex 8.0 122.0 0.0
      vertex 16.674120000000002 112.2223 0.0
    endloop
  endfacet
  facet normal 0.956939 -0.0 0.290289
    outer loop
      vertex 47.5764 98.0 6.24729
      vertex 49.2836 122.0 0.619496
      vertex 47.5764 122.0 6.24729
    endloop
  endfacet
  facet normal 0.956939 0.0 0.290289
    outer loop
      vertex 49.2836 122.0 0.619496
      vertex 47.5764 98.0 6.24729
      vertex 49.2836 98.0 0.619496
    endloop
  endfacet
  facet normal 0.881938 -0.0 0.471366
    outer loop
      vertex 49.2836 98.0 0.619496
      vertex 49.6147 122.0 0.0
      vertex 49.2836 122.0 0.619496
    endloop
  endfacet
  facet normal 0.881938 0.0 0.471366
    outer loop
      vertex 49.6147 122.0 0.0
      vertex 49.2836 98.0 0.619496
      vertex 49.6147 98.0 0.0
    endloop
  endfacet
  facet normal 0.995185 -0.0 0.0980101
    outer loop
      vertex 47.0 98.0 12.1
      vertex 47.5764 122.0 6.24729
      vertex 47.0 122.0 12.1
    endloop
  endfacet
  facet normal 0.995185 0.0 0.0980101
    outer loop
      vertex 47.5764 122.0 6.24729
      vertex 47.0 98.0 12.1
      vertex 47.5764 98.0 6.24729
    endloop
  endfacet
  facet normal 0.995185 0.0 -0.0980103
    outer loop
      vertex 47.5764 98.0 17.9527
      vertex 47.0 122.0 12.1
      vertex 47.5764 122.0 17.9527
    endloop
  endfacet
  facet normal 0.995185 0.0 -0.0980103
    outer loop
      vertex 47.0 122.0 12.1
      vertex 47.5764 98.0 17.9527
      vertex 47.0 98.0 12.1
    endloop
  endfacet
  facet normal 0.956936 0.0 -0.290299
    outer loop
      vertex 48.8042 98.0 22.0
      vertex 47.5764 122.0 17.9527
      vertex 48.8042 122.0 22.0
    endloop
  endfacet
  facet normal 0.956936 0.0 -0.290299
    outer loop
      vertex 47.5764 122.0 17.9527
      vertex 48.8042 98.0 22.0
      vertex 47.5764 98.0 17.9527
    endloop
  endfacet
  facet normal -0.99518 -0.0980643 0.0
    outer loop
      vertex 24.0 110.0 0.0
      vertex 23.923099999999998 110.7804 11.7866
      vertex 23.923099999999998 110.7804 0.0
    endloop
  endfacet
  facet normal -0.99518 -0.0980643 0.0
    outer loop
      vertex 23.923099999999998 110.7804 11.7866
      vertex 24.0 110.0 0.0
      vertex 24.0 110.0 11.8387
    endloop
  endfacet
  facet normal 0.0980643 -0.99518 0.0
    outer loop
      vertex 20.0 114.0 0.0
      vertex 19.2196 113.9231 8.6004
      vertex 19.2196 113.9231 0.0
    endloop
  endfacet
  facet normal 0.0980643 -0.99518 0.0
    outer loop
      vertex 19.2196 113.9231 8.6004
      vertex 20.0 114.0 0.0
      vertex 20.0 114.0 9.12903
    endloop
  endfacet
  facet normal -0.634459 -0.772956 0.0
    outer loop
      vertex 22.828400000000002 112.8284 0.0
      vertex 22.2223 113.3259 10.6344
      vertex 22.2223 113.3259 0.0
    endloop
  endfacet
  facet normal -0.634459 -0.772956 0.0
    outer loop
      vertex 22.2223 113.3259 10.6344
      vertex 22.828400000000002 112.8284 0.0
      vertex 22.828400000000002 112.8284 11.0451
    endloop
  endfacet
  facet normal 0.772988 -0.634421 0.0
    outer loop
      vertex 16.674120000000002 112.2223 6.87602
      vertex 17.17157 112.8284 0.0
      vertex 17.17157 112.8284 7.213
    endloop
  endfacet
  facet normal 0.772988 -0.634421 0.0
    outer loop
      vertex 17.17157 112.8284 0.0
      vertex 16.674120000000002 112.2223 6.87602
      vertex 16.674120000000002 112.2223 0.0
    endloop
  endfacet
  facet normal 0.47134 -0.881952 0.0
    outer loop
      vertex 18.4693 113.6955 0.0
      vertex 17.777720000000002 113.3259 7.62362
      vertex 17.777720000000002 113.3259 0.0
    endloop
  endfacet
  facet normal 0.47134 -0.881952 0.0
    outer loop
      vertex 17.777720000000002 113.3259 7.62362
      vertex 18.4693 113.6955 0.0
      vertex 18.4693 113.6955 8.09208
    endloop
  endfacet
  facet normal -0.881952 0.47134 0.0
    outer loop
      vertex 23.3259 107.77772 11.382
      vertex 23.6955 108.4693 0.0
      vertex 23.3259 107.77772 0.0
    endloop
  endfacet
  facet normal -0.881952 0.47134 0.0
    outer loop
      vertex 23.6955 108.4693 0.0
      vertex 23.3259 107.77772 11.382
      vertex 23.6955 108.4693 11.6324
    endloop
  endfacet
  facet normal -0.881957 -0.471329 0.0
    outer loop
      vertex 23.6955 111.5307 0.0
      vertex 23.3259 112.2223 11.382
      vertex 23.3259 112.2223 0.0
    endloop
  endfacet
  facet normal -0.881957 -0.471329 0.0
    outer loop
      vertex 23.3259 112.2223 11.382
      vertex 23.6955 111.5307 0.0
      vertex 23.6955 111.5307 11.6324
    endloop
  endfacet
  facet normal -0.956941 -0.290283 0.0
    outer loop
      vertex 23.923099999999998 110.7804 0.0
      vertex 23.6955 111.5307 11.6324
      vertex 23.6955 111.5307 0.0
    endloop
  endfacet
  facet normal -0.956941 -0.290283 0.0
    outer loop
      vertex 23.6955 111.5307 11.6324
      vertex 23.923099999999998 110.7804 0.0
      vertex 23.923099999999998 110.7804 11.7866
    endloop
  endfacet
  facet normal -0.772956 -0.634459 0.0
    outer loop
      vertex 23.3259 112.2223 0.0
      vertex 22.828400000000002 112.8284 11.0451
      vertex 22.828400000000002 112.8284 0.0
    endloop
  endfacet
  facet normal -0.772956 -0.634459 0.0
    outer loop
      vertex 22.828400000000002 112.8284 11.0451
      vertex 23.3259 112.2223 0.0
      vertex 23.3259 112.2223 11.382
    endloop
  endfacet
  facet normal -0.290283 -0.956941 0.0
    outer loop
      vertex 21.5307 113.6955 0.0
      vertex 20.7804 113.9231 9.65766
      vertex 20.7804 113.9231 0.0
    endloop
  endfacet
  facet normal -0.290283 -0.956941 0.0
    outer loop
      vertex 20.7804 113.9231 9.65766
      vertex 21.5307 113.6955 0.0
      vertex 21.5307 113.6955 10.166
    endloop
  endfacet
  facet normal -0.0980643 -0.99518 0.0
    outer loop
      vertex 20.7804 113.9231 0.0
      vertex 20.0 114.0 9.12903
      vertex 20.0 114.0 0.0
    endloop
  endfacet
  facet normal -0.0980643 -0.99518 0.0
    outer loop
      vertex 20.0 114.0 9.12903
      vertex 20.7804 113.9231 0.0
      vertex 20.7804 113.9231 9.65766
    endloop
  endfacet
  facet normal -0.471329 -0.881957 0.0
    outer loop
      vertex 22.2223 113.3259 0.0
      vertex 21.5307 113.6955 10.166
      vertex 21.5307 113.6955 0.0
    endloop
  endfacet
  facet normal -0.471329 -0.881957 0.0
    outer loop
      vertex 21.5307 113.6955 10.166
      vertex 22.2223 113.3259 0.0
      vertex 22.2223 113.3259 10.6344
    endloop
  endfacet
  facet normal 0.956934 -0.290307 0.0
    outer loop
      vertex 16.07686 110.7804 6.47142
      vertex 16.304479999999998 111.5307 0.0
      vertex 16.304479999999998 111.5307 6.62562
    endloop
  endfacet
  facet normal 0.956934 -0.290307 0.0
    outer loop
      vertex 16.304479999999998 111.5307 0.0
      vertex 16.07686 110.7804 6.47142
      vertex 16.07686 110.7804 0.0
    endloop
  endfacet
  facet normal 0.881936 -0.471369 0.0
    outer loop
      vertex 16.304479999999998 111.5307 6.62562
      vertex 16.674120000000002 112.2223 0.0
      vertex 16.674120000000002 112.2223 6.87602
    endloop
  endfacet
  facet normal 0.881936 -0.471369 0.0
    outer loop
      vertex 16.674120000000002 112.2223 0.0
      vertex 16.304479999999998 111.5307 6.62562
      vertex 16.304479999999998 111.5307 0.0
    endloop
  endfacet
  facet normal 0.995185 -0.0980137 0.0
    outer loop
      vertex 16.0 110.0 6.41935
      vertex 16.07686 110.7804 0.0
      vertex 16.07686 110.7804 6.47142
    endloop
  endfacet
  facet normal 0.995185 -0.0980137 0.0
    outer loop
      vertex 16.07686 110.7804 0.0
      vertex 16.0 110.0 6.41935
      vertex 16.0 110.0 0.0
    endloop
  endfacet
  facet normal 0.634428 -0.772982 0.0
    outer loop
      vertex 17.777720000000002 113.3259 0.0
      vertex 17.17157 112.8284 7.213
      vertex 17.17157 112.8284 0.0
    endloop
  endfacet
  facet normal 0.634428 -0.772982 0.0
    outer loop
      vertex 17.17157 112.8284 7.213
      vertex 17.777720000000002 113.3259 0.0
      vertex 17.777720000000002 113.3259 7.62362
    endloop
  endfacet
  facet normal 0.290283 -0.956941 0.0
    outer loop
      vertex 19.2196 113.9231 0.0
      vertex 18.4693 113.6955 8.09208
      vertex 18.4693 113.6955 0.0
    endloop
  endfacet
  facet normal 0.290283 -0.956941 0.0
    outer loop
      vertex 18.4693 113.6955 8.09208
      vertex 19.2196 113.9231 0.0
      vertex 19.2196 113.9231 8.6004
    endloop
  endfacet
  facet normal -0.99518 0.0980643 0.0
    outer loop
      vertex 23.923099999999998 109.2196 11.7866
      vertex 24.0 110.0 0.0
      vertex 23.923099999999998 109.2196 0.0
    endloop
  endfacet
  facet normal -0.99518 0.0980643 0.0
    outer loop
      vertex 24.0 110.0 0.0
      vertex 23.923099999999998 109.2196 11.7866
      vertex 24.0 110.0 11.8387
    endloop
  endfacet
  facet normal -0.290307 0.956934 0.0
    outer loop
      vertex 21.5307 106.30448 0.0
      vertex 20.7804 106.07686 9.65766
      vertex 21.5307 106.30448 10.166
    endloop
  endfacet
  facet normal -0.290307 0.956934 0.0
    outer loop
      vertex 20.7804 106.07686 9.65766
      vertex 21.5307 106.30448 0.0
      vertex 20.7804 106.07686 0.0
    endloop
  endfacet
  facet normal -0.634421 0.772988 0.0
    outer loop
      vertex 22.828400000000002 107.17157 0.0
      vertex 22.2223 106.67412 10.6344
      vertex 22.828400000000002 107.17157 11.0451
    endloop
  endfacet
  facet normal -0.634421 0.772988 0.0
    outer loop
      vertex 22.2223 106.67412 10.6344
      vertex 22.828400000000002 107.17157 0.0
      vertex 22.2223 106.67412 0.0
    endloop
  endfacet
  facet normal 0.47138 0.88193 -0.0
    outer loop
      vertex 18.4693 106.30448 0.0
      vertex 17.777720000000002 106.67412 7.62362
      vertex 18.4693 106.30448 8.09208
    endloop
  endfacet
  facet normal 0.47138 0.88193 0.0
    outer loop
      vertex 17.777720000000002 106.67412 7.62362
      vertex 18.4693 106.30448 0.0
      vertex 17.777720000000002 106.67412 0.0
    endloop
  endfacet
  facet normal 0.0980137 0.995185 -0.0
    outer loop
      vertex 20.0 106.0 0.0
      vertex 19.2196 106.07686 8.6004
      vertex 20.0 106.0 9.12903
    endloop
  endfacet
  facet normal 0.0980137 0.995185 0.0
    outer loop
      vertex 19.2196 106.07686 8.6004
      vertex 20.0 106.0 0.0
      vertex 19.2196 106.07686 0.0
    endloop
  endfacet
  facet normal 0.773013 0.63439 -0.0
    outer loop
      vertex 17.17157 107.17157 0.0
      vertex 16.674120000000002 107.77772 6.87602
      vertex 17.17157 107.17157 7.213
    endloop
  endfacet
  facet normal 0.773013 0.63439 0.0
    outer loop
      vertex 16.674120000000002 107.77772 6.87602
      vertex 17.17157 107.17157 0.0
      vertex 16.674120000000002 107.77772 0.0
    endloop
  endfacet
  facet normal 0.956934 0.290307 -0.0
    outer loop
      vertex 16.304479999999998 108.4693 0.0
      vertex 16.07686 109.2196 6.47142
      vertex 16.304479999999998 108.4693 6.62562
    endloop
  endfacet
  facet normal 0.956934 0.290307 0.0
    outer loop
      vertex 16.07686 109.2196 6.47142
      vertex 16.304479999999998 108.4693 0.0
      vertex 16.07686 109.2196 0.0
    endloop
  endfacet
  facet normal 0.995185 0.0980137 -0.0
    outer loop
      vertex 16.07686 109.2196 0.0
      vertex 16.0 110.0 6.41935
      vertex 16.07686 109.2196 6.47142
    endloop
  endfacet
  facet normal 0.995185 0.0980137 0.0
    outer loop
      vertex 16.0 110.0 6.41935
      vertex 16.07686 109.2196 0.0
      vertex 16.0 110.0 0.0
    endloop
  endfacet
  facet normal -0.471369 0.881936 0.0
    outer loop
      vertex 22.2223 106.67412 0.0
      vertex 21.5307 106.30448 10.166
      vertex 22.2223 106.67412 10.6344
    endloop
  endfacet
  facet normal -0.471369 0.881936 0.0
    outer loop
      vertex 21.5307 106.30448 10.166
      vertex 22.2223 106.67412 0.0
      vertex 21.5307 106.30448 0.0
    endloop
  endfacet
  facet normal -0.772982 0.634428 0.0
    outer loop
      vertex 22.828400000000002 107.17157 11.0451
      vertex 23.3259 107.77772 0.0
      vertex 22.828400000000002 107.17157 0.0
    endloop
  endfacet
  facet normal -0.772982 0.634428 0.0
    outer loop
      vertex 23.3259 107.77772 0.0
      vertex 22.828400000000002 107.17157 11.0451
      vertex 23.3259 107.77772 11.382
    endloop
  endfacet
  facet normal -0.956941 0.290283 0.0
    outer loop
      vertex 23.6955 108.4693 11.6324
      vertex 23.923099999999998 109.2196 0.0
      vertex 23.6955 108.4693 0.0
    endloop
  endfacet
  facet normal -0.956941 0.290283 0.0
    outer loop
      vertex 23.923099999999998 109.2196 0.0
      vertex 23.6955 108.4693 11.6324
      vertex 23.923099999999998 109.2196 11.7866
    endloop
  endfacet
  facet normal 0.290307 0.956934 -0.0
    outer loop
      vertex 19.2196 106.07686 0.0
      vertex 18.4693 106.30448 8.09208
      vertex 19.2196 106.07686 8.6004
    endloop
  endfacet
  facet normal 0.290307 0.956934 0.0
    outer loop
      vertex 18.4693 106.30448 8.09208
      vertex 19.2196 106.07686 0.0
      vertex 18.4693 106.30448 0.0
    endloop
  endfacet
  facet normal -0.0980137 0.995185 0.0
    outer loop
      vertex 20.7804 106.07686 0.0
      vertex 20.0 106.0 9.12903
      vertex 20.7804 106.07686 9.65766
    endloop
  endfacet
  facet normal -0.0980137 0.995185 0.0
    outer loop
      vertex 20.0 106.0 9.12903
      vertex 20.7804 106.07686 0.0
      vertex 20.0 106.0 0.0
    endloop
  endfacet
  facet normal 0.63439 0.773013 -0.0
    outer loop
      vertex 17.777720000000002 106.67412 0.0
      vertex 17.17157 107.17157 7.213
      vertex 17.777720000000002 106.67412 7.62362
    endloop
  endfacet
  facet normal 0.63439 0.773013 0.0
    outer loop
      vertex 17.17157 107.17157 7.213
      vertex 17.777720000000002 106.67412 0.0
      vertex 17.17157 107.17157 0.0
    endloop
  endfacet
  facet normal 0.88193 0.47138 -0.0
    outer loop
      vertex 16.674120000000002 107.77772 0.0
      vertex 16.304479999999998 108.4693 6.62562
      vertex 16.674120000000002 107.77772 6.87602
    endloop
  endfacet
  facet normal 0.88193 0.47138 0.0
    outer loop
      vertex 16.304479999999998 108.4693 6.62562
      vertex 16.674120000000002 107.77772 0.0
      vertex 16.304479999999998 108.4693 0.0
    endloop
  endfacet
endsolid wheel_chock_3
solid wheel_chock_4
  facet normal 0.0 -1.0 0.0
    outer loop
      vertex 39.0 128.0 22.0
      vertex 47.5764 128.0 17.9527
      vertex 48.8042 128.0 22.0
    endloop
  endfacet
  facet normal 0.0 -1.0 0.0
    outer loop
      vertex 39.0 128.0 22.0
      vertex 47.0 128.0 12.1
      vertex 47.5764 128.0 17.9527
    endloop
  endfacet
  facet normal 0.0 -1.0 0.0
    outer loop
      vertex 39.0 128.0 22.0
      vertex 47.5764 128.0 6.24729
      vertex 47.0 128.0 12.1
    endloop
  endfacet
  facet normal 0.0 -1.0 0.0
    outer loop
      vertex 8.0 128.0 1.0
      vertex 47.5764 128.0 6.24729
      vertex 39.0 128.0 22.0
    endloop
  endfacet
  facet normal 0.0 -1.0 0.0
    outer loop
      vertex 8.0 128.0 0.0
      vertex 47.5764 128.0 6.24729
      vertex 8.0 128.0 1.0
    endloop
  endfacet
  facet normal 0.0 -1.0 -0.0
    outer loop
      vertex 47.5764 128.0 6.24729
      vertex 8.0 128.0 0.0
      vertex 49.2836 128.0 0.619496
    endloop
  endfacet
  facet normal 0.0 -1.0 -0.0
    outer loop
      vertex 49.2836 128.0 0.619496
      vertex 8.0 128.0 0.0
      vertex 49.6147 128.0 0.0
    endloop
  endfacet
  facet normal -0.0 0.0 1.0
    outer loop
      vertex 39.0 152.0 22.0
      vertex 48.8042 128.0 22.0
      vertex 48.8042 152.0 22.0
    endloop
  endfacet
  facet normal 0.0 0.0 1.0
    outer loop
      vertex 48.8042 128.0 22.0
      vertex 39.0 152.0 22.0
      vertex 39.0 128.0 22.0
    endloop
  endfacet
  facet normal -1.0 0.0 0.0
    outer loop
      vertex 8.0 128.0 0.0
      vertex 8.0 152.0 1.0
      vertex 8.0 152.0 0.0
    endloop
  endfacet
  facet normal -1.0 -0.0 0.0
    outer loop
      vertex 8.0 152.0 1.0
      vertex 8.0 128.0 0.0
      vertex 8.0 128.0 1.0
    endloop
  endfacet
  facet normal 0.0 1.0 -0.0
    outer loop
      vertex 47.5764 152.0 17.9527
      vertex 39.0 152.0 22.0
      vertex 48.8042 152.0 22.0
    endloop
  endfacet
  facet normal 0.0 1.0 -0.0
    outer loop
      vertex 47.0 152.0 12.1
      vertex 39.0 152.0 22.0
      vertex 47.5764 152.0 17.9527
    endloop
  endfacet
  facet normal 0.0 1.0 0.0
    outer loop
      vertex 47.5764 152.0 6.24729
      vertex 39.0 152.0 22.0
      vertex 47.0 152.0 12.1
    endloop
  endfacet
  facet normal 0.0 1.0 0.0
    outer loop
      vertex 47.5764 152.0 6.24729
      vertex 8.0 152.0 1.0
      vertex 39.0 152.0 22.0
    endloop
  endfacet
  facet normal 0.0 1.0 0.0
    outer loop
      vertex 8.0 152.0 0.0
      vertex 47.5764 152.0 6.24729
      vertex 49.2836 152.0 0.619496
    endloop
  endfacet
  facet normal 0.0 1.0 0.0
    outer loop
      vertex 8.0 152.0 0.0
      vertex 49.2836 152.0 0.619496
      vertex 49.6147 152.0 0.0
    endloop
  endfacet
  facet normal 0.0 1.0 0.0
    outer loop
      vertex 47.5764 152.0 6.24729
      vertex 8.0 152.0 0.0
      vertex 8.0 152.0 1.0
    endloop
  endfacet
  facet normal -0.560849 0.0 0.827918
    outer loop
      vertex 39.0 152.0 22.0
      vertex 24.0 140.0 11.8387
      vertex 39.0 128.0 22.0
    endloop
  endfacet
  facet normal -0.560852 6.29551e-06 0.827916
    outer loop
      vertex 39.0 152.0 22.0
      vertex 23.923099999999998 140.7804 11.7866
      vertex 24.0 140.0 11.8387
    endloop
  endfacet
  facet normal -0.560858 1.72046e-05 0.827912
    outer loop
      vertex 39.0 152.0 22.0
      vertex 23.6955 141.5307 11.6324
      vertex 23.923099999999998 140.7804 11.7866
    endloop
  endfacet
  facet normal -0.56086 2.18713e-05 0.827911
    outer loop
      vertex 39.0 152.0 22.0
      vertex 23.3259 142.2223 11.382
      vertex 23.6955 141.5307 11.6324
    endloop
  endfacet
  facet normal -0.560805 -0.000106672 0.827948
    outer loop
      vertex 39.0 152.0 22.0
      vertex 22.828400000000002 142.8284 11.0451
      vertex 23.3259 142.2223 11.382
    endloop
  endfacet
  facet normal -0.560891 0.000116308 0.827889
    outer loop
      vertex 39.0 152.0 22.0
      vertex 22.2223 143.3259 10.6344
      vertex 22.828400000000002 142.8284 11.0451
    endloop
  endfacet
  facet normal -0.560808 -0.00012041 0.827946
    outer loop
      vertex 39.0 152.0 22.0
      vertex 21.5307 143.6955 10.166
      vertex 22.2223 143.3259 10.6344
    endloop
  endfacet
  facet normal -0.560881 0.000104939 0.827896
    outer loop
      vertex 39.0 152.0 22.0
      vertex 20.7804 143.9231 9.65766
      vertex 21.5307 143.6955 10.166
    endloop
  endfacet
  facet normal -0.560848 -3.1082e-06 0.827919
    outer loop
      vertex 8.0 152.0 1.0
      vertex 20.7804 143.9231 9.65766
      vertex 39.0 152.0 22.0
    endloop
  endfacet
  facet normal -0.560824 5.21329e-05 0.827935
    outer loop
      vertex 20.7804 143.9231 9.65766
      vertex 8.0 152.0 1.0
      vertex 20.0 144.0 9.12903
    endloop
  endfacet
  facet normal -0.56083 3.87059e-05 0.827931
    outer loop
      vertex 20.0 144.0 9.12903
      vertex 8.0 152.0 1.0
      vertex 19.2196 143.9231 8.6004
    endloop
  endfacet
  facet normal -0.560851 -3.32286e-06 0.827917
    outer loop
      vertex 16.07686 140.7804 6.47142
      vertex 8.0 152.0 1.0
      vertex 16.0 140.0 6.41935
    endloop
  endfacet
  facet normal -0.560852 -4.53578e-06 0.827916
    outer loop
      vertex 16.304479999999998 141.5307 6.62562
      vertex 8.0 152.0 1.0
      vertex 16.07686 140.7804 6.47142
    endloop
  endfacet
  facet normal -0.560848 1.06661e-06 0.827919
    outer loop
      vertex 16.674120000000002 142.2223 6.87602
      vertex 8.0 152.0 1.0
      vertex 16.304479999999998 141.5307 6.62562
    endloop
  endfacet
  facet normal -0.560847 1.73345e-06 0.827919
    outer loop
      vertex 17.17157 142.8284 7.213
      vertex 8.0 152.0 1.0
      vertex 16.674120000000002 142.2223 6.87602
    endloop
  endfacet
  facet normal -0.560849 -1.64594e-06 0.827918
    outer loop
      vertex 17.777720000000002 143.3259 7.62362
      vertex 8.0 152.0 1.0
      vertex 17.17157 142.8284 7.213
    endloop
  endfacet
  facet normal -0.560833 2.51848e-05 0.827929
    outer loop
      vertex 18.4693 143.6955 8.09208
      vertex 8.0 152.0 1.0
      vertex 17.777720000000002 143.3259 7.62362
    endloop
  endfacet
  facet normal -0.560876 -5.44923e-05 0.8279
    outer loop
      vertex 19.2196 143.9231 8.6004
      vertex 8.0 152.0 1.0
      vertex 18.4693 143.6955 8.09208
    endloop
  endfacet
  facet normal -0.560852 -6.29551e-06 0.827916
    outer loop
      vertex 23.923099999999998 139.2196 11.7866
      vertex 39.0 128.0 22.0
      vertex 24.0 140.0 11.8387
    endloop
  endfacet
  facet normal -0.560858 -1.72046e-05 0.827912
    outer loop
      vertex 23.6955 138.4693 11.6324
      vertex 39.0 128.0 22.0
      vertex 23.923099999999998 139.2196 11.7866
    endloop
  endfacet
  facet normal -0.56086 -2.18718e-05 0.827911
    outer loop
      vertex 23.3259 137.77772 11.382
      vertex 39.0 128.0 22.0
      vertex 23.6955 138.4693 11.6324
    endloop
  endfacet
  facet normal -0.560805 0.000106666 0.827948
    outer loop
      vertex 22.828400000000002 137.17157 11.0451
      vertex 39.0 128.0 22.0
      vertex 23.3259 137.77772 11.382
    endloop
  endfacet
  facet normal -0.560891 -0.000116315 0.827889
    outer loop
      vertex 22.2223 136.67412 10.6344
      vertex 39.0 128.0 22.0
      vertex 22.828400000000002 137.17157 11.0451
    endloop
  endfacet
  facet normal -0.560808 0.000120403 0.827946
    outer loop
      vertex 21.5307 136.30448 10.166
      vertex 39.0 128.0 22.0
      vertex 22.2223 136.67412 10.6344
    endloop
  endfacet
  facet normal -0.560881 -0.000104936 0.827896
    outer loop
      vertex 20.7804 136.07686 9.65766
      vertex 39.0 128.0 22.0
      vertex 21.5307 136.30448 10.166
    endloop
  endfacet
  facet normal -0.560824 -5.21282e-05 0.827935
    outer loop
      vertex 8.0 128.0 1.0
      vertex 20.7804 136.07686 9.65766
      vertex 20.0 136.0 9.12903
    endloop
  endfacet
  facet normal -0.56083 -3.87085e-05 0.827931
    outer loop
      vertex 8.0 128.0 1.0
      vertex 20.0 136.0 9.12903
      vertex 19.2196 136.07686 8.6004
    endloop
  endfacet
  facet normal -0.560876 5.44911e-05 0.8279
    outer loop
      vertex 8.0 128.0 1.0
      vertex 19.2196 136.07686 8.6004
      vertex 18.4693 136.30448 8.09208
    endloop
  endfacet
  facet normal -0.560848 0.0 0.827919
    outer loop
      vertex 8.0 128.0 1.0
      vertex 16.0 140.0 6.41935
      vertex 8.0 152.0 1.0
    endloop
  endfacet
  facet normal -0.560851 3.32286e-06 0.827917
    outer loop
      vertex 16.0 140.0 6.41935
      vertex 8.0 128.0 1.0
      vertex 16.07686 139.2196 6.47142
    endloop
  endfacet
  facet normal -0.560852 4.53578e-06 0.827916
    outer loop
      vertex 16.07686 139.2196 6.47142
      vertex 8.0 128.0 1.0
      vertex 16.304479999999998 138.4693 6.62562
    endloop
  endfacet
  facet normal -0.560848 3.10822e-06 0.827919
    outer loop
      vertex 20.7804 136.07686 9.65766
      vertex 8.0 128.0 1.0
      vertex 39.0 128.0 22.0
    endloop
  endfacet
  facet normal -0.560833 -2.51837e-05 0.827929
    outer loop
      vertex 17.777720000000002 136.67412 7.62362
      vertex 8.0 128.0 1.0
      vertex 18.4693 136.30448 8.09208
    endloop
  endfacet
  facet normal -0.560849 1.64601e-06 0.827918
    outer loop
      vertex 17.17157 137.17157 7.213
      vertex 8.0 128.0 1.0
      vertex 17.777720000000002 136.67412 7.62362
    endloop
  endfacet
  facet normal -0.560847 -1.73337e-06 0.827919
    outer loop
      vertex 16.674120000000002 137.77772 6.87602
      vertex 8.0 128.0 1.0
      vertex 17.17157 137.17157 7.213
    endloop
  endfacet
  facet normal -0.560848 -1.06663e-06 0.827919
    outer loop
      vertex 16.304479999999998 138.4693 6.62562
      vertex 8.0 128.0 1.0
      vertex 16.674120000000002 137.77772 6.87602
    endloop
  endfacet
  facet normal 0.0 0.0 -1.0
    outer loop
      vertex 49.6147 128.0 0.0
      vertex 24.0 140.0 0.0
      vertex 49.6147 152.0 0.0
    endloop
  endfacet
  facet normal 0.0 0.0 -1.0
    outer loop
      vertex 49.6147 128.0 0.0
      vertex 23.923099999999998 139.2196 0.0
      vertex 24.0 140.0 0.0
    endloop
  endfacet
  facet normal 0.0 0.0 -1.0
    outer loop
      vertex 49.6147 128.0 0.0
      vertex 23.6955 138.4693 0.0
      vertex 23.923099999999998 139.2196 0.0
    endloop
  endfacet
  facet normal 0.0 0.0 -1.0
    outer loop
      vertex 49.6147 128.0 0.0
      vertex 23.3259 137.77772 0.0
      vertex 23.6955 138.4693 0.0
    endloop
  endfacet
  facet normal 0.0 0.0 -1.0
    outer loop
      vertex 49.6147 128.0 0.0
      vertex 22.828400000000002 137.17157 0.0
      vertex 23.3259 137.77772 0.0
    endloop
  endfacet
  facet normal 0.0 0.0 -1.0
    outer loop
      vertex 49.6147 128.0 0.0
      vertex 22.2223 136.67412 0.0
      vertex 22.828400000000002 137.17157 0.0
    endloop
  endfacet
  facet normal 0.0 0.0 -1.0
    outer loop
      vertex 49.6147 128.0 0.0
      vertex 21.5307 136.30448 0.0
      vertex 22.2223 136.67412 0.0
    endloop
  endfacet
  facet normal 0.0 0.0 -1.0
    outer loop
      vertex 49.6147 128.0 0.0
      vertex 20.7804 136.07686 0.0
      vertex 21.5307 136.30448 0.0
    endloop
  endfacet
  facet normal 0.0 0.0 -1.0
    outer loop
      vertex 8.0 128.0 0.0
      vertex 20.7804 136.07686 0.0
      vertex 49.6147 128.0 0.0
    endloop
  endfacet
  facet normal 0.0 0.0 -1.0
    outer loop
      vertex 20.7804 136.07686 0.0
      vertex 8.0 128.0 0.0
      vertex 20.0 136.0 0.0
    endloop
  endfacet
  facet normal -0.0 0.0 -1.0
    outer loop
      vertex 16.07686 139.2196 0.0
      vertex 8.0 128.0 0.0
      vertex 16.0 140.0 0.0
    endloop
  endfacet
  facet normal -0.0 0.0 -1.0
    outer loop
      vertex 16.304479999999998 138.4693 0.0
      vertex 8.0 128.0 0.0
      vertex 16.07686 139.2196 0.0
    endloop
  endfacet
  facet normal -0.0 0.0 -1.0
    outer loop
      vertex 16.674120000000002 137.77772 0.0
      vertex 8.0 128.0 0.0
      vertex 16.304479999999998 138.4693 0.0
    endloop
  endfacet
  facet normal -0.0 0.0 -1.0
    outer loop
      vertex 17.17157 137.17157 0.0
      vertex 8.0 128.0 0.0
      vertex 16.674120000000002 137.77772 0.0
    endloop
  endfacet
  facet normal -0.0 0.0 -1.0
    outer loop
      vertex 17.777720000000002 136.67412 0.0
      vertex 8.0 128.0 0.0
      vertex 17.17157 137.17157 0.0
    endloop
  endfacet
  facet normal -0.0 0.0 -1.0
    outer loop
      vertex 18.4693 136.30448 0.0
      vertex 8.0 128.0 0.0
      vertex 17.777720000000002 136.67412 0.0
    endloop
  endfacet
  facet normal -0.0 0.0 -1.0
    outer loop
      vertex 19.2196 136.07686 0.0
      vertex 8.0 128.0 0.0
      vertex 18.4693 136.30448 0.0
    endloop
  endfacet
  facet normal -0.0 0.0 -1.0
    outer loop
      vertex 20.0 136.0 0.0
      vertex 8.0 128.0 0.0
      vertex 19.2196 136.07686 0.0
    endloop
  endfacet
  facet normal 0.0 0.0 -1.0
    outer loop
      vertex 23.923099999999998 140.7804 0.0
      vertex 49.6147 152.0 0.0
      vertex 24.0 140.0 0.0
    endloop
  endfacet
  facet normal 0.0 0.0 -1.0
    outer loop
      vertex 23.6955 141.5307 0.0
      vertex 49.6147 152.0 0.0
      vertex 23.923099999999998 140.7804 0.0
    endloop
  endfacet
  facet normal 0.0 0.0 -1.0
    outer loop
      vertex 23.3259 142.2223 0.0
      vertex 49.6147 152.0 0.0
      vertex 23.6955 141.5307 0.0
    endloop
  endfacet
  facet normal 0.0 0.0 -1.0
    outer loop
      vertex 22.828400000000002 142.8284 0.0
      vertex 49.6147 152.0 0.0
      vertex 23.3259 142.2223 0.0
    endloop
  endfacet
  facet normal 0.0 0.0 -1.0
    outer loop
      vertex 22.2223 143.3259 0.0
      vertex 49.6147 152.0 0.0
      vertex 22.828400000000002 142.8284 0.0
    endloop
  endfacet
  facet normal 0.0 0.0 -1.0
    outer loop
      vertex 21.5307 143.6955 0.0
      vertex 49.6147 152.0 0.0
      vertex 22.2223 143.3259 0.0
    endloop
  endfacet
  facet normal 0.0 0.0 -1.0
    outer loop
      vertex 20.7804 143.9231 0.0
      vertex 49.6147 152.0 0.0
      vertex 21.5307 143.6955 0.0
    endloop
  endfacet
  facet normal 0.0 0.0 -1.0
    outer loop
      vertex 8.0 152.0 0.0
      vertex 20.7804 143.9231 0.0
      vertex 20.0 144.0 0.0
    endloop
  endfacet
  facet normal 0.0 0.0 -1.0
    outer loop
      vertex 8.0 152.0 0.0
      vertex 20.0 144.0 0.0
      vertex 19.2196 143.9231 0.0
    endloop
  endfacet
  facet normal 0.0 0.0 -1.0
    outer loop
      vertex 8.0 152.0 0.0
      vertex 16.0 140.0 0.0
      vertex 8.0 128.0 0.0
    endloop
  endfacet
  facet normal 0.0 0.0 -1.0
    outer loop
      vertex 16.0 140.0 0.0
      vertex 8.0 152.0 0.0
      vertex 16.07686 140.7804 0.0
    endloop
  endfacet
  facet normal 0.0 0.0 -1.0
    outer loop
      vertex 16.07686 140.7804 0.0
      vertex 8.0 152.0 0.0
      vertex 16.304479999999998 141.5307 0.0
    endloop
  endfacet
  facet normal 0.0 0.0 -1.0
    outer loop
      vertex 20.7804 143.9231 0.0
      vertex 8.0 152.0 0.0
      vertex 49.6147 152.0 0.0
    endloop
  endfacet
  facet normal 0.0 0.0 -1.0
    outer loop
      vertex 18.4693 143.6955 0.0
      vertex 8.0 152.0 0.0
      vertex 19.2196 143.9231 0.0
    endloop
  endfacet
  facet normal 0.0 0.0 -1.0
    outer loop
      vertex 17.777720000000002 143.3259 0.0
      vertex 8.0 152.0 0.0
      vertex 18.4693 143.6955 0.0
    endloop
  endfacet
  facet normal 0.0 0.0 -1.0
    outer loop
      vertex 17.17157 142.8284 0.0
      vertex 8.0 152.0 0.0
      vertex 17.777720000000002 143.3259 0.0
    endloop
  endfacet
  facet normal 0.0 0.0 -1.0
    outer loop
      vertex 16.674120000000002 142.2223 0.0
      vertex 8.0 152.0 0.0
      vertex 17.17157 142.8284 0.0
    endloop
  endfacet
  facet normal 0.0 0.0 -1.0
    outer loop
      vertex 16.304479999999998 141.5307 0.0
      vertex 8.0 152.0 0.0
      vertex 16.674120000000002 142.2223 0.0
    endloop
  endfacet
  facet normal 0.956939 -0.0 0.290289
    outer loop
      vertex 47.5764 128.0 6.24729
      vertex 49.2836 152.0 0.619496
      vertex 47.5764 152.0 6.24729
    endloop
  endfacet
  facet normal 0.956939 0.0 0.290289
    outer loop
      vertex 49.2836 152.0 0.619496
      vertex 47.5764 128.0 6.24729
      vertex 49.2836 128.0 0.619496
    endloop
  endfacet
  facet normal 0.881938 -0.0 0.471366
    outer loop
      vertex 49.2836 128.0 0.619496
      vertex 49.6147 152.0 0.0
      vertex 49.2836 152.0 0.619496
    endloop
  endfacet
  facet normal 0.881938 0.0 0.471366
    outer loop
      vertex 49.6147 152.0 0.0
      vertex 49.2836 128.0 0.619496
      vertex 49.6147 128.0 0.0
    endloop
  endfacet
  facet normal 0.995185 -0.0 0.0980101
    outer loop
      vertex 47.0 128.0 12.1
      vertex 47.5764 152.0 6.24729
      vertex 47.0 152.0 12.1
    endloop
  endfacet
  facet normal 0.995185 0.0 0.0980101
    outer loop
      vertex 47.5764 152.0 6.24729
      vertex 47.0 128.0 12.1
      vertex 47.5764 128.0 6.24729
    endloop
  endfacet
  facet normal 0.995185 0.0 -0.0980103
    outer loop
      vertex 47.5764 128.0 17.9527
      vertex 47.0 152.0 12.1
      vertex 47.5764 152.0 17.9527
    endloop
  endfacet
  facet normal 0.995185 0.0 -0.0980103
    outer loop
      vertex 47.0 152.0 12.1
      vertex 47.5764 128.0 17.9527
      vertex 47.0 128.0 12.1
    endloop
  endfacet
  facet normal 0.956936 0.0 -0.290299
    outer loop
      vertex 48.8042 128.0 22.0
      vertex 47.5764 152.0 17.9527
      vertex 48.8042 152.0 22.0
    endloop
  endfacet
  facet normal 0.956936 0.0 -0.290299
    outer loop
      vertex 47.5764 152.0 17.9527
      vertex 48.8042 128.0 22.0
      vertex 47.5764 128.0 17.9527
    endloop
  endfacet
  facet normal -0.99518 -0.0980643 0.0
    outer loop
      vertex 24.0 140.0 0.0
      vertex 23.923099999999998 140.7804 11.7866
      vertex 23.923099999999998 140.7804 0.0
    endloop
  endfacet
  facet normal -0.99518 -0.0980643 0.0
    outer loop
      vertex 23.923099999999998 140.7804 11.7866
      vertex 24.0 140.0 0.0
      vertex 24.0 140.0 11.8387
    endloop
  endfacet
  facet normal 0.0980643 -0.99518 0.0
    outer loop
      vertex 20.0 144.0 0.0
      vertex 19.2196 143.9231 8.6004
      vertex 19.2196 143.9231 0.0
    endloop
  endfacet
  facet normal 0.0980643 -0.99518 0.0
    outer loop
      vertex 19.2196 143.9231 8.6004
      vertex 20.0 144.0 0.0
      vertex 20.0 144.0 9.12903
    endloop
  endfacet
  facet normal -0.634459 -0.772956 0.0
    outer loop
      vertex 22.828400000000002 142.8284 0.0
      vertex 22.2223 143.3259 10.6344
      vertex 22.2223 143.3259 0.0
    endloop
  endfacet
  facet normal -0.634459 -0.772956 0.0
    outer loop
      vertex 22.2223 143.3259 10.6344
      vertex 22.828400000000002 142.8284 0.0
      vertex 22.828400000000002 142.8284 11.0451
    endloop
  endfacet
  facet normal 0.772988 -0.634421 0.0
    outer loop
      vertex 16.674120000000002 142.2223 6.87602
      vertex 17.17157 142.8284 0.0
      vertex 17.17157 142.8284 7.213
    endloop
  endfacet
  facet normal 0.772988 -0.634421 0.0
    outer loop
      vertex 17.17157 142.8284 0.0
      vertex 16.674120000000002 142.2223 6.87602
      vertex 16.674120000000002 142.2223 0.0
    endloop
  endfacet
  facet normal 0.47134 -0.881952 0.0
    outer loop
      vertex 18.4693 143.6955 0.0
      vertex 17.777720000000002 143.3259 7.62362
      vertex 17.777720000000002 143.3259 0.0
    endloop
  endfacet
  facet normal 0.47134 -0.881952 0.0
    outer loop
      vertex 17.777720000000002 143.3259 7.62362
      vertex 18.4693 143.6955 0.0
      vertex 18.4693 143.6955 8.09208
    endloop
  endfacet
  facet normal -0.881952 0.47134 0.0
    outer loop
      vertex 23.3259 137.77772 11.382
      vertex 23.6955 138.4693 0.0
      vertex 23.3259 137.77772 0.0
    endloop
  endfacet
  facet normal -0.881952 0.47134 0.0
    outer loop
      vertex 23.6955 138.4693 0.0
      vertex 23.3259 137.77772 11.382
      vertex 23.6955 138.4693 11.6324
    endloop
  endfacet
  facet normal -0.881957 -0.471329 0.0
    outer loop
      vertex 23.6955 141.5307 0.0
      vertex 23.3259 142.2223 11.382
      vertex 23.3259 142.2223 0.0
    endloop
  endfacet
  facet normal -0.881957 -0.471329 0.0
    outer loop
      vertex 23.3259 142.2223 11.382
      vertex 23.6955 141.5307 0.0
      vertex 23.6955 141.5307 11.6324
    endloop
  endfacet
  facet normal -0.956941 -0.290283 0.0
    outer loop
      vertex 23.923099999999998 140.7804 0.0
      vertex 23.6955 141.5307 11.6324
      vertex 23.6955 141.5307 0.0
    endloop
  endfacet
  facet normal -0.956941 -0.290283 0.0
    outer loop
      vertex 23.6955 141.5307 11.6324
      vertex 23.923099999999998 140.7804 0.0
      vertex 23.923099999999998 140.7804 11.7866
    endloop
  endfacet
  facet normal -0.772956 -0.634459 0.0
    outer loop
      vertex 23.3259 142.2223 0.0
      vertex 22.828400000000002 142.8284 11.0451
      vertex 22.828400000000002 142.8284 0.0
    endloop
  endfacet
  facet normal -0.772956 -0.634459 0.0
    outer loop
      vertex 22.828400000000002 142.8284 11.0451
      vertex 23.3259 142.2223 0.0
      vertex 23.3259 142.2223 11.382
    endloop
  endfacet
  facet normal -0.290283 -0.956941 0.0
    outer loop
      vertex 21.5307 143.6955 0.0
      vertex 20.7804 143.9231 9.65766
      vertex 20.7804 143.9231 0.0
    endloop
  endfacet
  facet normal -0.290283 -0.956941 0.0
    outer loop
      vertex 20.7804 143.9231 9.65766
      vertex 21.5307 143.6955 0.0
      vertex 21.5307 143.6955 10.166
    endloop
  endfacet
  facet normal -0.0980643 -0.99518 0.0
    outer loop
      vertex 20.7804 143.9231 0.0
      vertex 20.0 144.0 9.12903
      vertex 20.0 144.0 0.0
    endloop
  endfacet
  facet normal -0.0980643 -0.99518 0.0
    outer loop
      vertex 20.0 144.0 9.12903
      vertex 20.7804 143.9231 0.0
      vertex 20.7804 143.9231 9.65766
    endloop
  endfacet
  facet normal -0.471329 -0.881957 0.0
    outer loop
      vertex 22.2223 143.3259 0.0
      vertex 21.5307 143.6955 10.166
      vertex 21.5307 143.6955 0.0
    endloop
  endfacet
  facet normal -0.471329 -0.881957 0.0
    outer loop
      vertex 21.5307 143.6955 10.166
      vertex 22.2223 143.3259 0.0
      vertex 22.2223 143.3259 10.6344
    endloop
  endfacet
  facet normal 0.956934 -0.290307 0.0
    outer loop
      vertex 16.07686 140.7804 6.47142
      vertex 16.304479999999998 141.5307 0.0
      vertex 16.304479999999998 141.5307 6.62562
    endloop
  endfacet
  facet normal 0.956934 -0.290307 0.0
    outer loop
      vertex 16.304479999999998 141.5307 0.0
      vertex 16.07686 140.7804 6.47142
      vertex 16.07686 140.7804 0.0
    endloop
  endfacet
  facet normal 0.881936 -0.471369 0.0
    outer loop
      vertex 16.304479999999998 141.5307 6.62562
      vertex 16.674120000000002 142.2223 0.0
      vertex 16.674120000000002 142.2223 6.87602
    endloop
  endfacet
  facet normal 0.881936 -0.471369 0.0
    outer loop
      vertex 16.674120000000002 142.2223 0.0
      vertex 16.304479999999998 141.5307 6.62562
      vertex 16.304479999999998 141.5307 0.0
    endloop
  endfacet
  facet normal 0.995185 -0.0980137 0.0
    outer loop
      vertex 16.0 140.0 6.41935
      vertex 16.07686 140.7804 0.0
      vertex 16.07686 140.7804 6.47142
    endloop
  endfacet
  facet normal 0.995185 -0.0980137 0.0
    outer loop
      vertex 16.07686 140.7804 0.0
      vertex 16.0 140.0 6.41935
      vertex 16.0 140.0 0.0
    endloop
  endfacet
  facet normal 0.634428 -0.772982 0.0
    outer loop
      vertex 17.777720000000002 143.3259 0.0
      vertex 17.17157 142.8284 7.213
      vertex 17.17157 142.8284 0.0
    endloop
  endfacet
  facet normal 0.634428 -0.772982 0.0
    outer loop
      vertex 17.17157 142.8284 7.213
      vertex 17.777720000000002 143.3259 0.0
      vertex 17.777720000000002 143.3259 7.62362
    endloop
  endfacet
  facet normal 0.290283 -0.956941 0.0
    outer loop
      vertex 19.2196 143.9231 0.0
      vertex 18.4693 143.6955 8.09208
      vertex 18.4693 143.6955 0.0
    endloop
  endfacet
  facet normal 0.290283 -0.956941 0.0
    outer loop
      vertex 18.4693 143.6955 8.09208
      vertex 19.2196 143.9231 0.0
      vertex 19.2196 143.9231 8.6004
    endloop
  endfacet
  facet normal -0.99518 0.0980643 0.0
    outer loop
      vertex 23.923099999999998 139.2196 11.7866
      vertex 24.0 140.0 0.0
      vertex 23.923099999999998 139.2196 0.0
    endloop
  endfacet
  facet normal -0.99518 0.0980643 0.0
    outer loop
      vertex 24.0 140.0 0.0
      vertex 23.923099999999998 139.2196 11.7866
      vertex 24.0 140.0 11.8387
    endloop
  endfacet
  facet normal -0.290307 0.956934 0.0
    outer loop
      vertex 21.5307 136.30448 0.0
      vertex 20.7804 136.07686 9.65766
      vertex 21.5307 136.30448 10.166
    endloop
  endfacet
  facet normal -0.290307 0.956934 0.0
    outer loop
      vertex 20.7804 136.07686 9.65766
      vertex 21.5307 136.30448 0.0
      vertex 20.7804 136.07686 0.0
    endloop
  endfacet
  facet normal -0.634421 0.772988 0.0
    outer loop
      vertex 22.828400000000002 137.17157 0.0
      vertex 22.2223 136.67412 10.6344
      vertex 22.828400000000002 137.17157 11.0451
    endloop
  endfacet
  facet normal -0.634421 0.772988 0.0
    outer loop
      vertex 22.2223 136.67412 10.6344
      vertex 22.828400000000002 137.17157 0.0
      vertex 22.2223 136.67412 0.0
    endloop
  endfacet
  facet normal 0.47138 0.88193 -0.0
    outer loop
      vertex 18.4693 136.30448 0.0
      vertex 17.777720000000002 136.67412 7.62362
      vertex 18.4693 136.30448 8.09208
    endloop
  endfacet
  facet normal 0.47138 0.88193 0.0
    outer loop
      vertex 17.777720000000002 136.67412 7.62362
      vertex 18.4693 136.30448 0.0
      vertex 17.777720000000002 136.67412 0.0
    endloop
  endfacet
  facet normal 0.0980137 0.995185 -0.0
    outer loop
      vertex 20.0 136.0 0.0
      vertex 19.2196 136.07686 8.6004
      vertex 20.0 136.0 9.12903
    endloop
  endfacet
  facet normal 0.0980137 0.995185 0.0
    outer loop
      vertex 19.2196 136.07686 8.6004
      vertex 20.0 136.0 0.0
      vertex 19.2196 136.07686 0.0
    endloop
  endfacet
  facet normal 0.773013 0.63439 -0.0
    outer loop
      vertex 17.17157 137.17157 0.0
      vertex 16.674120000000002 137.77772 6.87602
      vertex 17.17157 137.17157 7.213
    endloop
  endfacet
  facet normal 0.773013 0.63439 0.0
    outer loop
      vertex 16.674120000000002 137.77772 6.87602
      vertex 17.17157 137.17157 0.0
      vertex 16.674120000000002 137.77772 0.0
    endloop
  endfacet
  facet normal 0.956934 0.290307 -0.0
    outer loop
      vertex 16.304479999999998 138.4693 0.0
      vertex 16.07686 139.2196 6.47142
      vertex 16.304479999999998 138.4693 6.62562
    endloop
  endfacet
  facet normal 0.956934 0.290307 0.0
    outer loop
      vertex 16.07686 139.2196 6.47142
      vertex 16.304479999999998 138.4693 0.0
      vertex 16.07686 139.2196 0.0
    endloop
  endfacet
  facet normal 0.995185 0.0980137 -0.0
    outer loop
      vertex 16.07686 139.2196 0.0
      vertex 16.0 140.0 6.41935
      vertex 16.07686 139.2196 6.47142
    endloop
  endfacet
  facet normal 0.995185 0.0980137 0.0
    outer loop
      vertex 16.0 140.0 6.41935
      vertex 16.07686 139.2196 0.0
      vertex 16.0 140.0 0.0
    endloop
  endfacet
  facet normal -0.471369 0.881936 0.0
    outer loop
      vertex 22.2223 136.67412 0.0
      vertex 21.5307 136.30448 10.166
      vertex 22.2223 136.67412 10.6344
    endloop
  endfacet
  facet normal -0.471369 0.881936 0.0
    outer loop
      vertex 21.5307 136.30448 10.166
      vertex 22.2223 136.67412 0.0
      vertex 21.5307 136.30448 0.0
    endloop
  endfacet
  facet normal -0.772982 0.634428 0.0
    outer loop
      vertex 22.828400000000002 137.17157 11.0451
      vertex 23.3259 137.77772 0.0
      vertex 22.828400000000002 137.17157 0.0
    endloop
  endfacet
  facet normal -0.772982 0.634428 0.0
    outer loop
      vertex 23.3259 137.77772 0.0
      vertex 22.828400000000002 137.17157 11.0451
      vertex 23.3259 137.77772 11.382
    endloop
  endfacet
  facet normal -0.956941 0.290283 0.0
    outer loop
      vertex 23.6955 138.4693 11.6324
      vertex 23.923099999999998 139.2196 0.0
      vertex 23.6955 138.4693 0.0
    endloop
  endfacet
  facet normal -0.956941 0.290283 0.0
    outer loop
      vertex 23.923099999999998 139.2196 0.0
      vertex 23.6955 138.4693 11.6324
      vertex 23.923099999999998 139.2196 11.7866
    endloop
  endfacet
  facet normal 0.290307 0.956934 -0.0
    outer loop
      vertex 19.2196 136.07686 0.0
      vertex 18.4693 136.30448 8.09208
      vertex 19.2196 136.07686 8.6004
    endloop
  endfacet
  facet normal 0.290307 0.956934 0.0
    outer loop
      vertex 18.4693 136.30448 8.09208
      vertex 19.2196 136.07686 0.0
      vertex 18.4693 136.30448 0.0
    endloop
  endfacet
  facet normal -0.0980137 0.995185 0.0
    outer loop
      vertex 20.7804 136.07686 0.0
      vertex 20.0 136.0 9.12903
      vertex 20.7804 136.07686 9.65766
    endloop
  endfacet
  facet normal -0.0980137 0.995185 0.0
    outer loop
      vertex 20.0 136.0 9.12903
      vertex 20.7804 136.07686 0.0
      vertex 20.0 136.0 0.0
    endloop
  endfacet
  facet normal 0.63439 0.773013 -0.0
    outer loop
      vertex 17.777720000000002 136.67412 0.0
      vertex 17.17157 137.17157 7.213
      vertex 17.777720000000002 136.67412 7.62362
    endloop
  endfacet
  facet normal 0.63439 0.773013 0.0
    outer loop
      vertex 17.17157 137.17157 7.213
      vertex 17.777720000000002 136.67412 0.0
      vertex 17.17157 137.17157 0.0
    endloop
  endfacet
  facet normal 0.88193 0.47138 -0.0
    outer loop
      vertex 16.674120000000002 137.77772 0.0
      vertex 16.304479999999998 138.4693 6.62562
      vertex 16.674120000000002 137.77772 6.87602
    endloop
  endfacet
  facet normal 0.88193 0.47138 0.0
    outer loop
      vertex 16.304479999999998 138.4693 6.62562
      vertex 16.674120000000002 137.77772 0.0
      vertex 16.304479999999998 138.4693 0.0
    endloop
  endfacet
endsolid wheel_chock_4
solid wheel_chock_5
  facet normal 0.0 -1.0 0.0
    outer loop
      vertex 39.0 158.0 22.0
      vertex 47.5764 158.0 17.9527
      vertex 48.8042 158.0 22.0
    endloop
  endfacet
  facet normal 0.0 -1.0 0.0
    outer loop
      vertex 39.0 158.0 22.0
      vertex 47.0 158.0 12.1
      vertex 47.5764 158.0 17.9527
    endloop
  endfacet
  facet normal 0.0 -1.0 0.0
    outer loop
      vertex 39.0 158.0 22.0
      vertex 47.5764 158.0 6.24729
      vertex 47.0 158.0 12.1
    endloop
  endfacet
  facet normal 0.0 -1.0 0.0
    outer loop
      vertex 8.0 158.0 1.0
      vertex 47.5764 158.0 6.24729
      vertex 39.0 158.0 22.0
    endloop
  endfacet
  facet normal 0.0 -1.0 0.0
    outer loop
      vertex 8.0 158.0 0.0
      vertex 47.5764 158.0 6.24729
      vertex 8.0 158.0 1.0
    endloop
  endfacet
  facet normal 0.0 -1.0 -0.0
    outer loop
      vertex 47.5764 158.0 6.24729
      vertex 8.0 158.0 0.0
      vertex 49.2836 158.0 0.619496
    endloop
  endfacet
  facet normal 0.0 -1.0 -0.0
    outer loop
      vertex 49.2836 158.0 0.619496
      vertex 8.0 158.0 0.0
      vertex 49.6147 158.0 0.0
    endloop
  endfacet
  facet normal -0.0 0.0 1.0
    outer loop
      vertex 39.0 182.0 22.0
      vertex 48.8042 158.0 22.0
      vertex 48.8042 182.0 22.0
    endloop
  endfacet
  facet normal 0.0 0.0 1.0
    outer loop
      vertex 48.8042 158.0 22.0
      vertex 39.0 182.0 22.0
      vertex 39.0 158.0 22.0
    endloop
  endfacet
  facet normal -1.0 0.0 0.0
    outer loop
      vertex 8.0 158.0 0.0
      vertex 8.0 182.0 1.0
      vertex 8.0 182.0 0.0
    endloop
  endfacet
  facet normal -1.0 -0.0 0.0
    outer loop
      vertex 8.0 182.0 1.0
      vertex 8.0 158.0 0.0
      vertex 8.0 158.0 1.0
    endloop
  endfacet
  facet normal 0.0 1.0 -0.0
    outer loop
      vertex 47.5764 182.0 17.9527
      vertex 39.0 182.0 22.0
      vertex 48.8042 182.0 22.0
    endloop
  endfacet
  facet normal 0.0 1.0 -0.0
    outer loop
      vertex 47.0 182.0 12.1
      vertex 39.0 182.0 22.0
      vertex 47.5764 182.0 17.9527
    endloop
  endfacet
  facet normal 0.0 1.0 0.0
    outer loop
      vertex 47.5764 182.0 6.24729
      vertex 39.0 182.0 22.0
      vertex 47.0 182.0 12.1
    endloop
  endfacet
  facet normal 0.0 1.0 0.0
    outer loop
      vertex 47.5764 182.0 6.24729
      vertex 8.0 182.0 1.0
      vertex 39.0 182.0 22.0
    endloop
  endfacet
  facet normal 0.0 1.0 0.0
    outer loop
      vertex 8.0 182.0 0.0
      vertex 47.5764 182.0 6.24729
      vertex 49.2836 182.0 0.619496
    endloop
  endfacet
  facet normal 0.0 1.0 0.0
    outer loop
      vertex 8.0 182.0 0.0
      vertex 49.2836 182.0 0.619496
      vertex 49.6147 182.0 0.0
    endloop
  endfacet
  facet normal 0.0 1.0 0.0
    outer loop
      vertex 47.5764 182.0 6.24729
      vertex 8.0 182.0 0.0
      vertex 8.0 182.0 1.0
    endloop
  endfacet
  facet normal -0.560849 0.0 0.827918
    outer loop
      vertex 39.0 182.0 22.0
      vertex 24.0 170.0 11.8387
      vertex 39.0 158.0 22.0
    endloop
  endfacet
  facet normal -0.560852 6.29551e-06 0.827916
    outer loop
      vertex 39.0 182.0 22.0
      vertex 23.923099999999998 170.7804 11.7866
      vertex 24.0 170.0 11.8387
    endloop
  endfacet
  facet normal -0.560858 1.72046e-05 0.827912
    outer loop
      vertex 39.0 182.0 22.0
      vertex 23.6955 171.5307 11.6324
      vertex 23.923099999999998 170.7804 11.7866
    endloop
  endfacet
  facet normal -0.56086 2.18713e-05 0.827911
    outer loop
      vertex 39.0 182.0 22.0
      vertex 23.3259 172.2223 11.382
      vertex 23.6955 171.5307 11.6324
    endloop
  endfacet
  facet normal -0.560805 -0.000106672 0.827948
    outer loop
      vertex 39.0 182.0 22.0
      vertex 22.828400000000002 172.8284 11.0451
      vertex 23.3259 172.2223 11.382
    endloop
  endfacet
  facet normal -0.560891 0.000116308 0.827889
    outer loop
      vertex 39.0 182.0 22.0
      vertex 22.2223 173.3259 10.6344
      vertex 22.828400000000002 172.8284 11.0451
    endloop
  endfacet
  facet normal -0.560808 -0.00012041 0.827946
    outer loop
      vertex 39.0 182.0 22.0
      vertex 21.5307 173.6955 10.166
      vertex 22.2223 173.3259 10.6344
    endloop
  endfacet
  facet normal -0.560881 0.000104939 0.827896
    outer loop
      vertex 39.0 182.0 22.0
      vertex 20.7804 173.9231 9.65766
      vertex 21.5307 173.6955 10.166
    endloop
  endfacet
  facet normal -0.560848 -3.1082e-06 0.827919
    outer loop
      vertex 8.0 182.0 1.0
      vertex 20.7804 173.9231 9.65766
      vertex 39.0 182.0 22.0
    endloop
  endfacet
  facet normal -0.560824 5.21329e-05 0.827935
    outer loop
      vertex 20.7804 173.9231 9.65766
      vertex 8.0 182.0 1.0
      vertex 20.0 174.0 9.12903
    endloop
  endfacet
  facet normal -0.56083 3.87059e-05 0.827931
    outer loop
      vertex 20.0 174.0 9.12903
      vertex 8.0 182.0 1.0
      vertex 19.2196 173.9231 8.6004
    endloop
  endfacet
  facet normal -0.560851 -3.32286e-06 0.827917
    outer loop
      vertex 16.07686 170.7804 6.47142
      vertex 8.0 182.0 1.0
      vertex 16.0 170.0 6.41935
    endloop
  endfacet
  facet normal -0.560852 -4.53578e-06 0.827916
    outer loop
      vertex 16.304479999999998 171.5307 6.62562
      vertex 8.0 182.0 1.0
      vertex 16.07686 170.7804 6.47142
    endloop
  endfacet
  facet normal -0.560848 1.06661e-06 0.827919
    outer loop
      vertex 16.674120000000002 172.2223 6.87602
      vertex 8.0 182.0 1.0
      vertex 16.304479999999998 171.5307 6.62562
    endloop
  endfacet
  facet normal -0.560847 1.73345e-06 0.827919
    outer loop
      vertex 17.17157 172.8284 7.213
      vertex 8.0 182.0 1.0
      vertex 16.674120000000002 172.2223 6.87602
    endloop
  endfacet
  facet normal -0.560849 -1.64594e-06 0.827918
    outer loop
      vertex 17.777720000000002 173.3259 7.62362
      vertex 8.0 182.0 1.0
      vertex 17.17157 172.8284 7.213
    endloop
  endfacet
  facet normal -0.560833 2.51848e-05 0.827929
    outer loop
      vertex 18.4693 173.6955 8.09208
      vertex 8.0 182.0 1.0
      vertex 17.777720000000002 173.3259 7.62362
    endloop
  endfacet
  facet normal -0.560876 -5.44923e-05 0.8279
    outer loop
      vertex 19.2196 173.9231 8.6004
      vertex 8.0 182.0 1.0
      vertex 18.4693 173.6955 8.09208
    endloop
  endfacet
  facet normal -0.560852 -6.29551e-06 0.827916
    outer loop
      vertex 23.923099999999998 169.2196 11.7866
      vertex 39.0 158.0 22.0
      vertex 24.0 170.0 11.8387
    endloop
  endfacet
  facet normal -0.560858 -1.72046e-05 0.827912
    outer loop
      vertex 23.6955 168.4693 11.6324
      vertex 39.0 158.0 22.0
      vertex 23.923099999999998 169.2196 11.7866
    endloop
  endfacet
  facet normal -0.56086 -2.18718e-05 0.827911
    outer loop
      vertex 23.3259 167.77772 11.382
      vertex 39.0 158.0 22.0
      vertex 23.6955 168.4693 11.6324
    endloop
  endfacet
  facet normal -0.560805 0.000106666 0.827948
    outer loop
      vertex 22.828400000000002 167.17157 11.0451
      vertex 39.0 158.0 22.0
      vertex 23.3259 167.77772 11.382
    endloop
  endfacet
  facet normal -0.560891 -0.000116315 0.827889
    outer loop
      vertex 22.2223 166.67412 10.6344
      vertex 39.0 158.0 22.0
      vertex 22.828400000000002 167.17157 11.0451
    endloop
  endfacet
  facet normal -0.560808 0.000120403 0.827946
    outer loop
      vertex 21.5307 166.30448 10.166
      vertex 39.0 158.0 22.0
      vertex 22.2223 166.67412 10.6344
    endloop
  endfacet
  facet normal -0.560881 -0.000104936 0.827896
    outer loop
      vertex 20.7804 166.07686 9.65766
      vertex 39.0 158.0 22.0
      vertex 21.5307 166.30448 10.166
    endloop
  endfacet
  facet normal -0.560824 -5.21282e-05 0.827935
    outer loop
      vertex 8.0 158.0 1.0
      vertex 20.7804 166.07686 9.65766
      vertex 20.0 166.0 9.12903
    endloop
  endfacet
  facet normal -0.56083 -3.87085e-05 0.827931
    outer loop
      vertex 8.0 158.0 1.0
      vertex 20.0 166.0 9.12903
      vertex 19.2196 166.07686 8.6004
    endloop
  endfacet
  facet normal -0.560876 5.44911e-05 0.8279
    outer loop
      vertex 8.0 158.0 1.0
      vertex 19.2196 166.07686 8.6004
      vertex 18.4693 166.30448 8.09208
    endloop
  endfacet
  facet normal -0.560848 0.0 0.827919
    outer loop
      vertex 8.0 158.0 1.0
      vertex 16.0 170.0 6.41935
      vertex 8.0 182.0 1.0
    endloop
  endfacet
  facet normal -0.560851 3.32286e-06 0.827917
    outer loop
      vertex 16.0 170.0 6.41935
      vertex 8.0 158.0 1.0
      vertex 16.07686 169.2196 6.47142
    endloop
  endfacet
  facet normal -0.560852 4.53578e-06 0.827916
    outer loop
      vertex 16.07686 169.2196 6.47142
      vertex 8.0 158.0 1.0
      vertex 16.304479999999998 168.4693 6.62562
    endloop
  endfacet
  facet normal -0.560848 3.10822e-06 0.827919
    outer loop
      vertex 20.7804 166.07686 9.65766
      vertex 8.0 158.0 1.0
      vertex 39.0 158.0 22.0
    endloop
  endfacet
  facet normal -0.560833 -2.51837e-05 0.827929
    outer loop
      vertex 17.777720000000002 166.67412 7.62362
      vertex 8.0 158.0 1.0
      vertex 18.4693 166.30448 8.09208
    endloop
  endfacet
  facet normal -0.560849 1.64601e-06 0.827918
    outer loop
      vertex 17.17157 167.17157 7.213
      vertex 8.0 158.0 1.0
      vertex 17.777720000000002 166.67412 7.62362
    endloop
  endfacet
  facet normal -0.560847 -1.73337e-06 0.827919
    outer loop
      vertex 16.674120000000002 167.77772 6.87602
      vertex 8.0 158.0 1.0
      vertex 17.17157 167.17157 7.213
    endloop
  endfacet
  facet normal -0.560848 -1.06663e-06 0.827919
    outer loop
      vertex 16.304479999999998 168.4693 6.62562
      vertex 8.0 158.0 1.0
      vertex 16.674120000000002 167.77772 6.87602
    endloop
  endfacet
  facet normal 0.0 0.0 -1.0
    outer loop
      vertex 49.6147 158.0 0.0
      vertex 24.0 170.0 0.0
      vertex 49.6147 182.0 0.0
    endloop
  endfacet
  facet normal 0.0 0.0 -1.0
    outer loop
      vertex 49.6147 158.0 0.0
      vertex 23.923099999999998 169.2196 0.0
      vertex 24.0 170.0 0.0
    endloop
  endfacet
  facet normal 0.0 0.0 -1.0
    outer loop
      vertex 49.6147 158.0 0.0
      vertex 23.6955 168.4693 0.0
      vertex 23.923099999999998 169.2196 0.0
    endloop
  endfacet
  facet normal 0.0 0.0 -1.0
    outer loop
      vertex 49.6147 158.0 0.0
      vertex 23.3259 167.77772 0.0
      vertex 23.6955 168.4693 0.0
    endloop
  endfacet
  facet normal 0.0 0.0 -1.0
    outer loop
      vertex 49.6147 158.0 0.0
      vertex 22.828400000000002 167.17157 0.0
      vertex 23.3259 167.77772 0.0
    endloop
  endfacet
  facet normal 0.0 0.0 -1.0
    outer loop
      vertex 49.6147 158.0 0.0
      vertex 22.2223 166.67412 0.0
      vertex 22.828400000000002 167.17157 0.0
    endloop
  endfacet
  facet normal 0.0 0.0 -1.0
    outer loop
      vertex 49.6147 158.0 0.0
      vertex 21.5307 166.30448 0.0
      vertex 22.2223 166.67412 0.0
    endloop
  endfacet
  facet normal 0.0 0.0 -1.0
    outer loop
      vertex 49.6147 158.0 0.0
      vertex 20.7804 166.07686 0.0
      vertex 21.5307 166.30448 0.0
    endloop
  endfacet
  facet normal 0.0 0.0 -1.0
    outer loop
      vertex 8.0 158.0 0.0
      vertex 20.7804 166.07686 0.0
      vertex 49.6147 158.0 0.0
    endloop
  endfacet
  facet normal 0.0 0.0 -1.0
    outer loop
      vertex 20.7804 166.07686 0.0
      vertex 8.0 158.0 0.0
      vertex 20.0 166.0 0.0
    endloop
  endfacet
  facet normal -0.0 0.0 -1.0
    outer loop
      vertex 16.07686 169.2196 0.0
      vertex 8.0 158.0 0.0
      vertex 16.0 170.0 0.0
    endloop
  endfacet
  facet normal -0.0 0.0 -1.0
    outer loop
      vertex 16.304479999999998 168.4693 0.0
      vertex 8.0 158.0 0.0
      vertex 16.07686 169.2196 0.0
    endloop
  endfacet
  facet normal -0.0 0.0 -1.0
    outer loop
      vertex 16.674120000000002 167.77772 0.0
      vertex 8.0 158.0 0.0
      vertex 16.304479999999998 168.4693 0.0
    endloop
  endfacet
  facet normal -0.0 0.0 -1.0
    outer loop
      vertex 17.17157 167.17157 0.0
      vertex 8.0 158.0 0.0
      vertex 16.674120000000002 167.77772 0.0
    endloop
  endfacet
  facet normal -0.0 0.0 -1.0
    outer loop
      vertex 17.777720000000002 166.67412 0.0
      vertex 8.0 158.0 0.0
      vertex 17.17157 167.17157 0.0
    endloop
  endfacet
  facet normal -0.0 0.0 -1.0
    outer loop
      vertex 18.4693 166.30448 0.0
      vertex 8.0 158.0 0.0
      vertex 17.777720000000002 166.67412 0.0
    endloop
  endfacet
  facet normal -0.0 0.0 -1.0
    outer loop
      vertex 19.2196 166.07686 0.0
      vertex 8.0 158.0 0.0
      vertex 18.4693 166.30448 0.0
    endloop
  endfacet
  facet normal -0.0 0.0 -1.0
    outer loop
      vertex 20.0 166.0 0.0
      vertex 8.0 158.0 0.0
      vertex 19.2196 166.07686 0.0
    endloop
  endfacet
  facet normal 0.0 0.0 -1.0
    outer loop
      vertex 23.923099999999998 170.7804 0.0
      vertex 49.6147 182.0 0.0
      vertex 24.0 170.0 0.0
    endloop
  endfacet
  facet normal 0.0 0.0 -1.0
    outer loop
      vertex 23.6955 171.5307 0.0
      vertex 49.6147 182.0 0.0
      vertex 23.923099999999998 170.7804 0.0
    endloop
  endfacet
  facet normal 0.0 0.0 -1.0
    outer loop
      vertex 23.3259 172.2223 0.0
      vertex 49.6147 182.0 0.0
      vertex 23.6955 171.5307 0.0
    endloop
  endfacet
  facet normal 0.0 0.0 -1.0
    outer loop
      vertex 22.828400000000002 172.8284 0.0
      vertex 49.6147 182.0 0.0
      vertex 23.3259 172.2223 0.0
    endloop
  endfacet
  facet normal 0.0 0.0 -1.0
    outer loop
      vertex 22.2223 173.3259 0.0
      vertex 49.6147 182.0 0.0
      vertex 22.828400000000002 172.8284 0.0
    endloop
  endfacet
  facet normal 0.0 0.0 -1.0
    outer loop
      vertex 21.5307 173.6955 0.0
      vertex 49.6147 182.0 0.0
      vertex 22.2223 173.3259 0.0
    endloop
  endfacet
  facet normal 0.0 0.0 -1.0
    outer loop
      vertex 20.7804 173.9231 0.0
      vertex 49.6147 182.0 0.0
      vertex 21.5307 173.6955 0.0
    endloop
  endfacet
  facet normal 0.0 0.0 -1.0
    outer loop
      vertex 8.0 182.0 0.0
      vertex 20.7804 173.9231 0.0
      vertex 20.0 174.0 0.0
    endloop
  endfacet
  facet normal 0.0 0.0 -1.0
    outer loop
      vertex 8.0 182.0 0.0
      vertex 20.0 174.0 0.0
      vertex 19.2196 173.9231 0.0
    endloop
  endfacet
  facet normal 0.0 0.0 -1.0
    outer loop
      vertex 8.0 182.0 0.0
      vertex 16.0 170.0 0.0
      vertex 8.0 158.0 0.0
    endloop
  endfacet
  facet normal 0.0 0.0 -1.0
    outer loop
      vertex 16.0 170.0 0.0
      vertex 8.0 182.0 0.0
      vertex 16.07686 170.7804 0.0
    endloop
  endfacet
  facet normal 0.0 0.0 -1.0
    outer loop
      vertex 16.07686 170.7804 0.0
      vertex 8.0 182.0 0.0
      vertex 16.304479999999998 171.5307 0.0
    endloop
  endfacet
  facet normal 0.0 0.0 -1.0
    outer loop
      vertex 20.7804 173.9231 0.0
      vertex 8.0 182.0 0.0
      vertex 49.6147 182.0 0.0
    endloop
  endfacet
  facet normal 0.0 0.0 -1.0
    outer loop
      vertex 18.4693 173.6955 0.0
      vertex 8.0 182.0 0.0
      vertex 19.2196 173.9231 0.0
    endloop
  endfacet
  facet normal 0.0 0.0 -1.0
    outer loop
      vertex 17.777720000000002 173.3259 0.0
      vertex 8.0 182.0 0.0
      vertex 18.4693 173.6955 0.0
    endloop
  endfacet
  facet normal 0.0 0.0 -1.0
    outer loop
      vertex 17.17157 172.8284 0.0
      vertex 8.0 182.0 0.0
      vertex 17.777720000000002 173.3259 0.0
    endloop
  endfacet
  facet normal 0.0 0.0 -1.0
    outer loop
      vertex 16.674120000000002 172.2223 0.0
      vertex 8.0 182.0 0.0
      vertex 17.17157 172.8284 0.0
    endloop
  endfacet
  facet normal 0.0 0.0 -1.0
    outer loop
      vertex 16.304479999999998 171.5307 0.0
      vertex 8.0 182.0 0.0
      vertex 16.674120000000002 172.2223 0.0
    endloop
  endfacet
  facet normal 0.956939 -0.0 0.290289
    outer loop
      vertex 47.5764 158.0 6.24729
      vertex 49.2836 182.0 0.619496
      vertex 47.5764 182.0 6.24729
    endloop
  endfacet
  facet normal 0.956939 0.0 0.290289
    outer loop
      vertex 49.2836 182.0 0.619496
      vertex 47.5764 158.0 6.24729
      vertex 49.2836 158.0 0.619496
    endloop
  endfacet
  facet normal 0.881938 -0.0 0.471366
    outer loop
      vertex 49.2836 158.0 0.619496
      vertex 49.6147 182.0 0.0
      vertex 49.2836 182.0 0.619496
    endloop
  endfacet
  facet normal 0.881938 0.0 0.471366
    outer loop
      vertex 49.6147 182.0 0.0
      vertex 49.2836 158.0 0.619496
      vertex 49.6147 158.0 0.0
    endloop
  endfacet
  facet normal 0.995185 -0.0 0.0980101
    outer loop
      vertex 47.0 158.0 12.1
      vertex 47.5764 182.0 6.24729
      vertex 47.0 182.0 12.1
    endloop
  endfacet
  facet normal 0.995185 0.0 0.0980101
    outer loop
      vertex 47.5764 182.0 6.24729
      vertex 47.0 158.0 12.1
      vertex 47.5764 158.0 6.24729
    endloop
  endfacet
  facet normal 0.995185 0.0 -0.0980103
    outer loop
      vertex 47.5764 158.0 17.9527
      vertex 47.0 182.0 12.1
      vertex 47.5764 182.0 17.9527
    endloop
  endfacet
  facet normal 0.995185 0.0 -0.0980103
    outer loop
      vertex 47.0 182.0 12.1
      vertex 47.5764 158.0 17.9527
      vertex 47.0 158.0 12.1
    endloop
  endfacet
  facet normal 0.956936 0.0 -0.290299
    outer loop
      vertex 48.8042 158.0 22.0
      vertex 47.5764 182.0 17.9527
      vertex 48.8042 182.0 22.0
    endloop
  endfacet
  facet normal 0.956936 0.0 -0.290299
    outer loop
      vertex 47.5764 182.0 17.9527
      vertex 48.8042 158.0 22.0
      vertex 47.5764 158.0 17.9527
    endloop
  endfacet
  facet normal -0.99518 -0.0980643 0.0
    outer loop
      vertex 24.0 170.0 0.0
      vertex 23.923099999999998 170.7804 11.7866
      vertex 23.923099999999998 170.7804 0.0
    endloop
  endfacet
  facet normal -0.99518 -0.0980643 0.0
    outer loop
      vertex 23.923099999999998 170.7804 11.7866
      vertex 24.0 170.0 0.0
      vertex 24.0 170.0 11.8387
    endloop
  endfacet
  facet normal 0.0980643 -0.99518 0.0
    outer loop
      vertex 20.0 174.0 0.0
      vertex 19.2196 173.9231 8.6004
      vertex 19.2196 173.9231 0.0
    endloop
  endfacet
  facet normal 0.0980643 -0.99518 0.0
    outer loop
      vertex 19.2196 173.9231 8.6004
      vertex 20.0 174.0 0.0
      vertex 20.0 174.0 9.12903
    endloop
  endfacet
  facet normal -0.634459 -0.772956 0.0
    outer loop
      vertex 22.828400000000002 172.8284 0.0
      vertex 22.2223 173.3259 10.6344
      vertex 22.2223 173.3259 0.0
    endloop
  endfacet
  facet normal -0.634459 -0.772956 0.0
    outer loop
      vertex 22.2223 173.3259 10.6344
      vertex 22.828400000000002 172.8284 0.0
      vertex 22.828400000000002 172.8284 11.0451
    endloop
  endfacet
  facet normal 0.772988 -0.634421 0.0
    outer loop
      vertex 16.674120000000002 172.2223 6.87602
      vertex 17.17157 172.8284 0.0
      vertex 17.17157 172.8284 7.213
    endloop
  endfacet
  facet normal 0.772988 -0.634421 0.0
    outer loop
      vertex 17.17157 172.8284 0.0
      vertex 16.674120000000002 172.2223 6.87602
      vertex 16.674120000000002 172.2223 0.0
    endloop
  endfacet
  facet normal 0.47134 -0.881952 0.0
    outer loop
      vertex 18.4693 173.6955 0.0
      vertex 17.777720000000002 173.3259 7.62362
      vertex 17.777720000000002 173.3259 0.0
    endloop
  endfacet
  facet normal 0.47134 -0.881952 0.0
    outer loop
      vertex 17.777720000000002 173.3259 7.62362
      vertex 18.4693 173.6955 0.0
      vertex 18.4693 173.6955 8.09208
    endloop
  endfacet
  facet normal -0.881952 0.47134 0.0
    outer loop
      vertex 23.3259 167.77772 11.382
      vertex 23.6955 168.4693 0.0
      vertex 23.3259 167.77772 0.0
    endloop
  endfacet
  facet normal -0.881952 0.47134 0.0
    outer loop
      vertex 23.6955 168.4693 0.0
      vertex 23.3259 167.77772 11.382
      vertex 23.6955 168.4693 11.6324
    endloop
  endfacet
  facet normal -0.881957 -0.471329 0.0
    outer loop
      vertex 23.6955 171.5307 0.0
      vertex 23.3259 172.2223 11.382
      vertex 23.3259 172.2223 0.0
    endloop
  endfacet
  facet normal -0.881957 -0.471329 0.0
    outer loop
      vertex 23.3259 172.2223 11.382
      vertex 23.6955 171.5307 0.0
      vertex 23.6955 171.5307 11.6324
    endloop
  endfacet
  facet normal -0.956941 -0.290283 0.0
    outer loop
      vertex 23.923099999999998 170.7804 0.0
      vertex 23.6955 171.5307 11.6324
      vertex 23.6955 171.5307 0.0
    endloop
  endfacet
  facet normal -0.956941 -0.290283 0.0
    outer loop
      vertex 23.6955 171.5307 11.6324
      vertex 23.923099999999998 170.7804 0.0
      vertex 23.923099999999998 170.7804 11.7866
    endloop
  endfacet
  facet normal -0.772956 -0.634459 0.0
    outer loop
      vertex 23.3259 172.2223 0.0
      vertex 22.828400000000002 172.8284 11.0451
      vertex 22.828400000000002 172.8284 0.0
    endloop
  endfacet
  facet normal -0.772956 -0.634459 0.0
    outer loop
      vertex 22.828400000000002 172.8284 11.0451
      vertex 23.3259 172.2223 0.0
      vertex 23.3259 172.2223 11.382
    endloop
  endfacet
  facet normal -0.290283 -0.956941 0.0
    outer loop
      vertex 21.5307 173.6955 0.0
      vertex 20.7804 173.9231 9.65766
      vertex 20.7804 173.9231 0.0
    endloop
  endfacet
  facet normal -0.290283 -0.956941 0.0
    outer loop
      vertex 20.7804 173.9231 9.65766
      vertex 21.5307 173.6955 0.0
      vertex 21.5307 173.6955 10.166
    endloop
  endfacet
  facet normal -0.0980643 -0.99518 0.0
    outer loop
      vertex 20.7804 173.9231 0.0
      vertex 20.0 174.0 9.12903
      vertex 20.0 174.0 0.0
    endloop
  endfacet
  facet normal -0.0980643 -0.99518 0.0
    outer loop
      vertex 20.0 174.0 9.12903
      vertex 20.7804 173.9231 0.0
      vertex 20.7804 173.9231 9.65766
    endloop
  endfacet
  facet normal -0.471329 -0.881957 0.0
    outer loop
      vertex 22.2223 173.3259 0.0
      vertex 21.5307 173.6955 10.166
      vertex 21.5307 173.6955 0.0
    endloop
  endfacet
  facet normal -0.471329 -0.881957 0.0
    outer loop
      vertex 21.5307 173.6955 10.166
      vertex 22.2223 173.3259 0.0
      vertex 22.2223 173.3259 10.6344
    endloop
  endfacet
  facet normal 0.956934 -0.290307 0.0
    outer loop
      vertex 16.07686 170.7804 6.47142
      vertex 16.304479999999998 171.5307 0.0
      vertex 16.304479999999998 171.5307 6.62562
    endloop
  endfacet
  facet normal 0.956934 -0.290307 0.0
    outer loop
      vertex 16.304479999999998 171.5307 0.0
      vertex 16.07686 170.7804 6.47142
      vertex 16.07686 170.7804 0.0
    endloop
  endfacet
  facet normal 0.881936 -0.471369 0.0
    outer loop
      vertex 16.304479999999998 171.5307 6.62562
      vertex 16.674120000000002 172.2223 0.0
      vertex 16.674120000000002 172.2223 6.87602
    endloop
  endfacet
  facet normal 0.881936 -0.471369 0.0
    outer loop
      vertex 16.674120000000002 172.2223 0.0
      vertex 16.304479999999998 171.5307 6.62562
      vertex 16.304479999999998 171.5307 0.0
    endloop
  endfacet
  facet normal 0.995185 -0.0980137 0.0
    outer loop
      vertex 16.0 170.0 6.41935
      vertex 16.07686 170.7804 0.0
      vertex 16.07686 170.7804 6.47142
    endloop
  endfacet
  facet normal 0.995185 -0.0980137 0.0
    outer loop
      vertex 16.07686 170.7804 0.0
      vertex 16.0 170.0 6.41935
      vertex 16.0 170.0 0.0
    endloop
  endfacet
  facet normal 0.634428 -0.772982 0.0
    outer loop
      vertex 17.777720000000002 173.3259 0.0
      vertex 17.17157 172.8284 7.213
      vertex 17.17157 172.8284 0.0
    endloop
  endfacet
  facet normal 0.634428 -0.772982 0.0
    outer loop
      vertex 17.17157 172.8284 7.213
      vertex 17.777720000000002 173.3259 0.0
      vertex 17.777720000000002 173.3259 7.62362
    endloop
  endfacet
  facet normal 0.290283 -0.956941 0.0
    outer loop
      vertex 19.2196 173.9231 0.0
      vertex 18.4693 173.6955 8.09208
      vertex 18.4693 173.6955 0.0
    endloop
  endfacet
  facet normal 0.290283 -0.956941 0.0
    outer loop
      vertex 18.4693 173.6955 8.09208
      vertex 19.2196 173.9231 0.0
      vertex 19.2196 173.9231 8.6004
    endloop
  endfacet
  facet normal -0.99518 0.0980643 0.0
    outer loop
      vertex 23.923099999999998 169.2196 11.7866
      vertex 24.0 170.0 0.0
      vertex 23.923099999999998 169.2196 0.0
    endloop
  endfacet
  facet normal -0.99518 0.0980643 0.0
    outer loop
      vertex 24.0 170.0 0.0
      vertex 23.923099999999998 169.2196 11.7866
      vertex 24.0 170.0 11.8387
    endloop
  endfacet
  facet normal -0.290307 0.956934 0.0
    outer loop
      vertex 21.5307 166.30448 0.0
      vertex 20.7804 166.07686 9.65766
      vertex 21.5307 166.30448 10.166
    endloop
  endfacet
  facet normal -0.290307 0.956934 0.0
    outer loop
      vertex 20.7804 166.07686 9.65766
      vertex 21.5307 166.30448 0.0
      vertex 20.7804 166.07686 0.0
    endloop
  endfacet
  facet normal -0.634421 0.772988 0.0
    outer loop
      vertex 22.828400000000002 167.17157 0.0
      vertex 22.2223 166.67412 10.6344
      vertex 22.828400000000002 167.17157 11.0451
    endloop
  endfacet
  facet normal -0.634421 0.772988 0.0
    outer loop
      vertex 22.2223 166.67412 10.6344
      vertex 22.828400000000002 167.17157 0.0
      vertex 22.2223 166.67412 0.0
    endloop
  endfacet
  facet normal 0.47138 0.88193 -0.0
    outer loop
      vertex 18.4693 166.30448 0.0
      vertex 17.777720000000002 166.67412 7.62362
      vertex 18.4693 166.30448 8.09208
    endloop
  endfacet
  facet normal 0.47138 0.88193 0.0
    outer loop
      vertex 17.777720000000002 166.67412 7.62362
      vertex 18.4693 166.30448 0.0
      vertex 17.777720000000002 166.67412 0.0
    endloop
  endfacet
  facet normal 0.0980137 0.995185 -0.0
    outer loop
      vertex 20.0 166.0 0.0
      vertex 19.2196 166.07686 8.6004
      vertex 20.0 166.0 9.12903
    endloop
  endfacet
  facet normal 0.0980137 0.995185 0.0
    outer loop
      vertex 19.2196 166.07686 8.6004
      vertex 20.0 166.0 0.0
      vertex 19.2196 166.07686 0.0
    endloop
  endfacet
  facet normal 0.773013 0.63439 -0.0
    outer loop
      vertex 17.17157 167.17157 0.0
      vertex 16.674120000000002 167.77772 6.87602
      vertex 17.17157 167.17157 7.213
    endloop
  endfacet
  facet normal 0.773013 0.63439 0.0
    outer loop
      vertex 16.674120000000002 167.77772 6.87602
      vertex 17.17157 167.17157 0.0
      vertex 16.674120000000002 167.77772 0.0
    endloop
  endfacet
  facet normal 0.956934 0.290307 -0.0
    outer loop
      vertex 16.304479999999998 168.4693 0.0
      vertex 16.07686 169.2196 6.47142
      vertex 16.304479999999998 168.4693 6.62562
    endloop
  endfacet
  facet normal 0.956934 0.290307 0.0
    outer loop
      vertex 16.07686 169.2196 6.47142
      vertex 16.304479999999998 168.4693 0.0
      vertex 16.07686 169.2196 0.0
    endloop
  endfacet
  facet normal 0.995185 0.0980137 -0.0
    outer loop
      vertex 16.07686 169.2196 0.0
      vertex 16.0 170.0 6.41935
      vertex 16.07686 169.2196 6.47142
    endloop
  endfacet
  facet normal 0.995185 0.0980137 0.0
    outer loop
      vertex 16.0 170.0 6.41935
      vertex 16.07686 169.2196 0.0
      vertex 16.0 170.0 0.0
    endloop
  endfacet
  facet normal -0.471369 0.881936 0.0
    outer loop
      vertex 22.2223 166.67412 0.0
      vertex 21.5307 166.30448 10.166
      vertex 22.2223 166.67412 10.6344
    endloop
  endfacet
  facet normal -0.471369 0.881936 0.0
    outer loop
      vertex 21.5307 166.30448 10.166
      vertex 22.2223 166.67412 0.0
      vertex 21.5307 166.30448 0.0
    endloop
  endfacet
  facet normal -0.772982 0.634428 0.0
    outer loop
      vertex 22.828400000000002 167.17157 11.0451
      vertex 23.3259 167.77772 0.0
      vertex 22.828400000000002 167.17157 0.0
    endloop
  endfacet
  facet normal -0.772982 0.634428 0.0
    outer loop
      vertex 23.3259 167.77772 0.0
      vertex 22.828400000000002 167.17157 11.0451
      vertex 23.3259 167.77772 11.382
    endloop
  endfacet
  facet normal -0.956941 0.290283 0.0
    outer loop
      vertex 23.6955 168.4693 11.6324
      vertex 23.923099999999998 169.2196 0.0
      vertex 23.6955 168.4693 0.0
    endloop
  endfacet
  facet normal -0.956941 0.290283 0.0
    outer loop
      vertex 23.923099999999998 169.2196 0.0
      vertex 23.6955 168.4693 11.6324
      vertex 23.923099999999998 169.2196 11.7866
    endloop
  endfacet
  facet normal 0.290307 0.956934 -0.0
    outer loop
      vertex 19.2196 166.07686 0.0
      vertex 18.4693 166.30448 8.09208
      vertex 19.2196 166.07686 8.6004
    endloop
  endfacet
  facet normal 0.290307 0.956934 0.0
    outer loop
      vertex 18.4693 166.30448 8.09208
      vertex 19.2196 166.07686 0.0
      vertex 18.4693 166.30448 0.0
    endloop
  endfacet
  facet normal -0.0980137 0.995185 0.0
    outer loop
      vertex 20.7804 166.07686 0.0
      vertex 20.0 166.0 9.12903
      vertex 20.7804 166.07686 9.65766
    endloop
  endfacet
  facet normal -0.0980137 0.995185 0.0
    outer loop
      vertex 20.0 166.0 9.12903
      vertex 20.7804 166.07686 0.0
      vertex 20.0 166.0 0.0
    endloop
  endfacet
  facet normal 0.63439 0.773013 -0.0
    outer loop
      vertex 17.777720000000002 166.67412 0.0
      vertex 17.17157 167.17157 7.213
      vertex 17.777720000000002 166.67412 7.62362
    endloop
  endfacet
  facet normal 0.63439 0.773013 0.0
    outer loop
      vertex 17.17157 167.17157 7.213
      vertex 17.777720000000002 166.67412 0.0
      vertex 17.17157 167.17157 0.0
    endloop
  endfacet
  facet normal 0.88193 0.47138 -0.0
    outer loop
      vertex 16.674120000000002 167.77772 0.0
      vertex 16.304479999999998 168.4693 6.62562
      vertex 16.674120000000002 167.77772 6.87602
    endloop
  endfacet
  facet normal 0.88193 0.47138 0.0
    outer loop
      vertex 16.304479999999998 168.4693 6.62562
      vertex 16.674120000000002 167.77772 0.0
      vertex 16.304479999999998 168.4693 0.0
    endloop
  endfacet
endsolid wheel_chock_5
solid wheel_chock_6
  facet normal 0.0 -1.0 0.0
    outer loop
      vertex 39.0 188.0 22.0
      vertex 47.5764 188.0 17.9527
      vertex 48.8042 188.0 22.0
    endloop
  endfacet
  facet normal 0.0 -1.0 0.0
    outer loop
      vertex 39.0 188.0 22.0
      vertex 47.0 188.0 12.1
      vertex 47.5764 188.0 17.9527
    endloop
  endfacet
  facet normal 0.0 -1.0 0.0
    outer loop
      vertex 39.0 188.0 22.0
      vertex 47.5764 188.0 6.24729
      vertex 47.0 188.0 12.1
    endloop
  endfacet
  facet normal 0.0 -1.0 0.0
    outer loop
      vertex 8.0 188.0 1.0
      vertex 47.5764 188.0 6.24729
      vertex 39.0 188.0 22.0
    endloop
  endfacet
  facet normal 0.0 -1.0 0.0
    outer loop
      vertex 8.0 188.0 0.0
      vertex 47.5764 188.0 6.24729
      vertex 8.0 188.0 1.0
    endloop
  endfacet
  facet normal 0.0 -1.0 -0.0
    outer loop
      vertex 47.5764 188.0 6.24729
      vertex 8.0 188.0 0.0
      vertex 49.2836 188.0 0.619496
    endloop
  endfacet
  facet normal 0.0 -1.0 -0.0
    outer loop
      vertex 49.2836 188.0 0.619496
      vertex 8.0 188.0 0.0
      vertex 49.6147 188.0 0.0
    endloop
  endfacet
  facet normal -0.0 0.0 1.0
    outer loop
      vertex 39.0 212.0 22.0
      vertex 48.8042 188.0 22.0
      vertex 48.8042 212.0 22.0
    endloop
  endfacet
  facet normal 0.0 0.0 1.0
    outer loop
      vertex 48.8042 188.0 22.0
      vertex 39.0 212.0 22.0
      vertex 39.0 188.0 22.0
    endloop
  endfacet
  facet normal -1.0 0.0 0.0
    outer loop
      vertex 8.0 188.0 0.0
      vertex 8.0 212.0 1.0
      vertex 8.0 212.0 0.0
    endloop
  endfacet
  facet normal -1.0 -0.0 0.0
    outer loop
      vertex 8.0 212.0 1.0
      vertex 8.0 188.0 0.0
      vertex 8.0 188.0 1.0
    endloop
  endfacet
  facet normal 0.0 1.0 -0.0
    outer loop
      vertex 47.5764 212.0 17.9527
      vertex 39.0 212.0 22.0
      vertex 48.8042 212.0 22.0
    endloop
  endfacet
  facet normal 0.0 1.0 -0.0
    outer loop
      vertex 47.0 212.0 12.1
      vertex 39.0 212.0 22.0
      vertex 47.5764 212.0 17.9527
    endloop
  endfacet
  facet normal 0.0 1.0 0.0
    outer loop
      vertex 47.5764 212.0 6.24729
      vertex 39.0 212.0 22.0
      vertex 47.0 212.0 12.1
    endloop
  endfacet
  facet normal 0.0 1.0 0.0
    outer loop
      vertex 47.5764 212.0 6.24729
      vertex 8.0 212.0 1.0
      vertex 39.0 212.0 22.0
    endloop
  endfacet
  facet normal 0.0 1.0 0.0
    outer loop
      vertex 8.0 212.0 0.0
      vertex 47.5764 212.0 6.24729
      vertex 49.2836 212.0 0.619496
    endloop
  endfacet
  facet normal 0.0 1.0 0.0
    outer loop
      vertex 8.0 212.0 0.0
      vertex 49.2836 212.0 0.619496
      vertex 49.6147 212.0 0.0
    endloop
  endfacet
  facet normal 0.0 1.0 0.0
    outer loop
      vertex 47.5764 212.0 6.24729
      vertex 8.0 212.0 0.0
      vertex 8.0 212.0 1.0
    endloop
  endfacet
  facet normal -0.560849 0.0 0.827918
    outer loop
      vertex 39.0 212.0 22.0
      vertex 24.0 200.0 11.8387
      vertex 39.0 188.0 22.0
    endloop
  endfacet
  facet normal -0.560852 6.29551e-06 0.827916
    outer loop
      vertex 39.0 212.0 22.0
      vertex 23.923099999999998 200.7804 11.7866
      vertex 24.0 200.0 11.8387
    endloop
  endfacet
  facet normal -0.560858 1.72046e-05 0.827912
    outer loop
      vertex 39.0 212.0 22.0
      vertex 23.6955 201.5307 11.6324
      vertex 23.923099999999998 200.7804 11.7866
    endloop
  endfacet
  facet normal -0.56086 2.18713e-05 0.827911
    outer loop
      vertex 39.0 212.0 22.0
      vertex 23.3259 202.2223 11.382
      vertex 23.6955 201.5307 11.6324
    endloop
  endfacet
  facet normal -0.560805 -0.000106672 0.827948
    outer loop
      vertex 39.0 212.0 22.0
      vertex 22.828400000000002 202.8284 11.0451
      vertex 23.3259 202.2223 11.382
    endloop
  endfacet
  facet normal -0.560891 0.000116308 0.827889
    outer loop
      vertex 39.0 212.0 22.0
      vertex 22.2223 203.3259 10.6344
      vertex 22.828400000000002 202.8284 11.0451
    endloop
  endfacet
  facet normal -0.560808 -0.00012041 0.827946
    outer loop
      vertex 39.0 212.0 22.0
      vertex 21.5307 203.6955 10.166
      vertex 22.2223 203.3259 10.6344
    endloop
  endfacet
  facet normal -0.560881 0.000104939 0.827896
    outer loop
      vertex 39.0 212.0 22.0
      vertex 20.7804 203.9231 9.65766
      vertex 21.5307 203.6955 10.166
    endloop
  endfacet
  facet normal -0.560848 -3.1082e-06 0.827919
    outer loop
      vertex 8.0 212.0 1.0
      vertex 20.7804 203.9231 9.65766
      vertex 39.0 212.0 22.0
    endloop
  endfacet
  facet normal -0.560824 5.21329e-05 0.827935
    outer loop
      vertex 20.7804 203.9231 9.65766
      vertex 8.0 212.0 1.0
      vertex 20.0 204.0 9.12903
    endloop
  endfacet
  facet normal -0.56083 3.87059e-05 0.827931
    outer loop
      vertex 20.0 204.0 9.12903
      vertex 8.0 212.0 1.0
      vertex 19.2196 203.9231 8.6004
    endloop
  endfacet
  facet normal -0.560851 -3.32286e-06 0.827917
    outer loop
      vertex 16.07686 200.7804 6.47142
      vertex 8.0 212.0 1.0
      vertex 16.0 200.0 6.41935
    endloop
  endfacet
  facet normal -0.560852 -4.53578e-06 0.827916
    outer loop
      vertex 16.304479999999998 201.5307 6.62562
      vertex 8.0 212.0 1.0
      vertex 16.07686 200.7804 6.47142
    endloop
  endfacet
  facet normal -0.560848 1.06661e-06 0.827919
    outer loop
      vertex 16.674120000000002 202.2223 6.87602
      vertex 8.0 212.0 1.0
      vertex 16.304479999999998 201.5307 6.62562
    endloop
  endfacet
  facet normal -0.560847 1.73345e-06 0.827919
    outer loop
      vertex 17.17157 202.8284 7.213
      vertex 8.0 212.0 1.0
      vertex 16.674120000000002 202.2223 6.87602
    endloop
  endfacet
  facet normal -0.560849 -1.64594e-06 0.827918
    outer loop
      vertex 17.777720000000002 203.3259 7.62362
      vertex 8.0 212.0 1.0
      vertex 17.17157 202.8284 7.213
    endloop
  endfacet
  facet normal -0.560833 2.51848e-05 0.827929
    outer loop
      vertex 18.4693 203.6955 8.09208
      vertex 8.0 212.0 1.0
      vertex 17.777720000000002 203.3259 7.62362
    endloop
  endfacet
  facet normal -0.560876 -5.44923e-05 0.8279
    outer loop
      vertex 19.2196 203.9231 8.6004
      vertex 8.0 212.0 1.0
      vertex 18.4693 203.6955 8.09208
    endloop
  endfacet
  facet normal -0.560852 -6.29551e-06 0.827916
    outer loop
      vertex 23.923099999999998 199.2196 11.7866
      vertex 39.0 188.0 22.0
      vertex 24.0 200.0 11.8387
    endloop
  endfacet
  facet normal -0.560858 -1.72046e-05 0.827912
    outer loop
      vertex 23.6955 198.4693 11.6324
      vertex 39.0 188.0 22.0
      vertex 23.923099999999998 199.2196 11.7866
    endloop
  endfacet
  facet normal -0.56086 -2.18718e-05 0.827911
    outer loop
      vertex 23.3259 197.77772 11.382
      vertex 39.0 188.0 22.0
      vertex 23.6955 198.4693 11.6324
    endloop
  endfacet
  facet normal -0.560805 0.000106666 0.827948
    outer loop
      vertex 22.828400000000002 197.17157 11.0451
      vertex 39.0 188.0 22.0
      vertex 23.3259 197.77772 11.382
    endloop
  endfacet
  facet normal -0.560891 -0.000116315 0.827889
    outer loop
      vertex 22.2223 196.67412 10.6344
      vertex 39.0 188.0 22.0
      vertex 22.828400000000002 197.17157 11.0451
    endloop
  endfacet
  facet normal -0.560808 0.000120403 0.827946
    outer loop
      vertex 21.5307 196.30448 10.166
      vertex 39.0 188.0 22.0
      vertex 22.2223 196.67412 10.6344
    endloop
  endfacet
  facet normal -0.560881 -0.000104936 0.827896
    outer loop
      vertex 20.7804 196.07686 9.65766
      vertex 39.0 188.0 22.0
      vertex 21.5307 196.30448 10.166
    endloop
  endfacet
  facet normal -0.560824 -5.21282e-05 0.827935
    outer loop
      vertex 8.0 188.0 1.0
      vertex 20.7804 196.07686 9.65766
      vertex 20.0 196.0 9.12903
    endloop
  endfacet
  facet normal -0.56083 -3.87085e-05 0.827931
    outer loop
      vertex 8.0 188.0 1.0
      vertex 20.0 196.0 9.12903
      vertex 19.2196 196.07686 8.6004
    endloop
  endfacet
  facet normal -0.560876 5.44911e-05 0.8279
    outer loop
      vertex 8.0 188.0 1.0
      vertex 19.2196 196.07686 8.6004
      vertex 18.4693 196.30448 8.09208
    endloop
  endfacet
  facet normal -0.560848 0.0 0.827919
    outer loop
      vertex 8.0 188.0 1.0
      vertex 16.0 200.0 6.41935
      vertex 8.0 212.0 1.0
    endloop
  endfacet
  facet normal -0.560851 3.32286e-06 0.827917
    outer loop
      vertex 16.0 200.0 6.41935
      vertex 8.0 188.0 1.0
      vertex 16.07686 199.2196 6.47142
    endloop
  endfacet
  facet normal -0.560852 4.53578e-06 0.827916
    outer loop
      vertex 16.07686 199.2196 6.47142
      vertex 8.0 188.0 1.0
      vertex 16.304479999999998 198.4693 6.62562
    endloop
  endfacet
  facet normal -0.560848 3.10822e-06 0.827919
    outer loop
      vertex 20.7804 196.07686 9.65766
      vertex 8.0 188.0 1.0
      vertex 39.0 188.0 22.0
    endloop
  endfacet
  facet normal -0.560833 -2.51837e-05 0.827929
    outer loop
      vertex 17.777720000000002 196.67412 7.62362
      vertex 8.0 188.0 1.0
      vertex 18.4693 196.30448 8.09208
    endloop
  endfacet
  facet normal -0.560849 1.64601e-06 0.827918
    outer loop
      vertex 17.17157 197.17157 7.213
      vertex 8.0 188.0 1.0
      vertex 17.777720000000002 196.67412 7.62362
    endloop
  endfacet
  facet normal -0.560847 -1.73337e-06 0.827919
    outer loop
      vertex 16.674120000000002 197.77772 6.87602
      vertex 8.0 188.0 1.0
      vertex 17.17157 197.17157 7.213
    endloop
  endfacet
  facet normal -0.560848 -1.06663e-06 0.827919
    outer loop
      vertex 16.304479999999998 198.4693 6.62562
      vertex 8.0 188.0 1.0
      vertex 16.674120000000002 197.77772 6.87602
    endloop
  endfacet
  facet normal 0.0 0.0 -1.0
    outer loop
      vertex 49.6147 188.0 0.0
      vertex 24.0 200.0 0.0
      vertex 49.6147 212.0 0.0
    endloop
  endfacet
  facet normal 0.0 0.0 -1.0
    outer loop
      vertex 49.6147 188.0 0.0
      vertex 23.923099999999998 199.2196 0.0
      vertex 24.0 200.0 0.0
    endloop
  endfacet
  facet normal 0.0 0.0 -1.0
    outer loop
      vertex 49.6147 188.0 0.0
      vertex 23.6955 198.4693 0.0
      vertex 23.923099999999998 199.2196 0.0
    endloop
  endfacet
  facet normal 0.0 0.0 -1.0
    outer loop
      vertex 49.6147 188.0 0.0
      vertex 23.3259 197.77772 0.0
      vertex 23.6955 198.4693 0.0
    endloop
  endfacet
  facet normal 0.0 0.0 -1.0
    outer loop
      vertex 49.6147 188.0 0.0
      vertex 22.828400000000002 197.17157 0.0
      vertex 23.3259 197.77772 0.0
    endloop
  endfacet
  facet normal 0.0 0.0 -1.0
    outer loop
      vertex 49.6147 188.0 0.0
      vertex 22.2223 196.67412 0.0
      vertex 22.828400000000002 197.17157 0.0
    endloop
  endfacet
  facet normal 0.0 0.0 -1.0
    outer loop
      vertex 49.6147 188.0 0.0
      vertex 21.5307 196.30448 0.0
      vertex 22.2223 196.67412 0.0
    endloop
  endfacet
  facet normal 0.0 0.0 -1.0
    outer loop
      vertex 49.6147 188.0 0.0
      vertex 20.7804 196.07686 0.0
      vertex 21.5307 196.30448 0.0
    endloop
  endfacet
  facet normal 0.0 0.0 -1.0
    outer loop
      vertex 8.0 188.0 0.0
      vertex 20.7804 196.07686 0.0
      vertex 49.6147 188.0 0.0
    endloop
  endfacet
  facet normal 0.0 0.0 -1.0
    outer loop
      vertex 20.7804 196.07686 0.0
      vertex 8.0 188.0 0.0
      vertex 20.0 196.0 0.0
    endloop
  endfacet
  facet normal -0.0 0.0 -1.0
    outer loop
      vertex 16.07686 199.2196 0.0
      vertex 8.0 188.0 0.0
      vertex 16.0 200.0 0.0
    endloop
  endfacet
  facet normal -0.0 0.0 -1.0
    outer loop
      vertex 16.304479999999998 198.4693 0.0
      vertex 8.0 188.0 0.0
      vertex 16.07686 199.2196 0.0
    endloop
  endfacet
  facet normal -0.0 0.0 -1.0
    outer loop
      vertex 16.674120000000002 197.77772 0.0
      vertex 8.0 188.0 0.0
      vertex 16.304479999999998 198.4693 0.0
    endloop
  endfacet
  facet normal -0.0 0.0 -1.0
    outer loop
      vertex 17.17157 197.17157 0.0
      vertex 8.0 188.0 0.0
      vertex 16.674120000000002 197.77772 0.0
    endloop
  endfacet
  facet normal -0.0 0.0 -1.0
    outer loop
      vertex 17.777720000000002 196.67412 0.0
      vertex 8.0 188.0 0.0
      vertex 17.17157 197.17157 0.0
    endloop
  endfacet
  facet normal -0.0 0.0 -1.0
    outer loop
      vertex 18.4693 196.30448 0.0
      vertex 8.0 188.0 0.0
      vertex 17.777720000000002 196.67412 0.0
    endloop
  endfacet
  facet normal -0.0 0.0 -1.0
    outer loop
      vertex 19.2196 196.07686 0.0
      vertex 8.0 188.0 0.0
      vertex 18.4693 196.30448 0.0
    endloop
  endfacet
  facet normal -0.0 0.0 -1.0
    outer loop
      vertex 20.0 196.0 0.0
      vertex 8.0 188.0 0.0
      vertex 19.2196 196.07686 0.0
    endloop
  endfacet
  facet normal 0.0 0.0 -1.0
    outer loop
      vertex 23.923099999999998 200.7804 0.0
      vertex 49.6147 212.0 0.0
      vertex 24.0 200.0 0.0
    endloop
  endfacet
  facet normal 0.0 0.0 -1.0
    outer loop
      vertex 23.6955 201.5307 0.0
      vertex 49.6147 212.0 0.0
      vertex 23.923099999999998 200.7804 0.0
    endloop
  endfacet
  facet normal 0.0 0.0 -1.0
    outer loop
      vertex 23.3259 202.2223 0.0
      vertex 49.6147 212.0 0.0
      vertex 23.6955 201.5307 0.0
    endloop
  endfacet
  facet normal 0.0 0.0 -1.0
    outer loop
      vertex 22.828400000000002 202.8284 0.0
      vertex 49.6147 212.0 0.0
      vertex 23.3259 202.2223 0.0
    endloop
  endfacet
  facet normal 0.0 0.0 -1.0
    outer loop
      vertex 22.2223 203.3259 0.0
      vertex 49.6147 212.0 0.0
      vertex 22.828400000000002 202.8284 0.0
    endloop
  endfacet
  facet normal 0.0 0.0 -1.0
    outer loop
      vertex 21.5307 203.6955 0.0
      vertex 49.6147 212.0 0.0
      vertex 22.2223 203.3259 0.0
    endloop
  endfacet
  facet normal 0.0 0.0 -1.0
    outer loop
      vertex 20.7804 203.9231 0.0
      vertex 49.6147 212.0 0.0
      vertex 21.5307 203.6955 0.0
    endloop
  endfacet
  facet normal 0.0 0.0 -1.0
    outer loop
      vertex 8.0 212.0 0.0
      vertex 20.7804 203.9231 0.0
      vertex 20.0 204.0 0.0
    endloop
  endfacet
  facet normal 0.0 0.0 -1.0
    outer loop
      vertex 8.0 212.0 0.0
      vertex 20.0 204.0 0.0
      vertex 19.2196 203.9231 0.0
    endloop
  endfacet
  facet normal 0.0 0.0 -1.0
    outer loop
      vertex 8.0 212.0 0.0
      vertex 16.0 200.0 0.0
      vertex 8.0 188.0 0.0
    endloop
  endfacet
  facet normal 0.0 0.0 -1.0
    outer loop
      vertex 16.0 200.0 0.0
      vertex 8.0 212.0 0.0
      vertex 16.07686 200.7804 0.0
    endloop
  endfacet
  facet normal 0.0 0.0 -1.0
    outer loop
      vertex 16.07686 200.7804 0.0
      vertex 8.0 212.0 0.0
      vertex 16.304479999999998 201.5307 0.0
    endloop
  endfacet
  facet normal 0.0 0.0 -1.0
    outer loop
      vertex 20.7804 203.9231 0.0
      vertex 8.0 212.0 0.0
      vertex 49.6147 212.0 0.0
    endloop
  endfacet
  facet normal 0.0 0.0 -1.0
    outer loop
      vertex 18.4693 203.6955 0.0
      vertex 8.0 212.0 0.0
      vertex 19.2196 203.9231 0.0
    endloop
  endfacet
  facet normal 0.0 0.0 -1.0
    outer loop
      vertex 17.777720000000002 203.3259 0.0
      vertex 8.0 212.0 0.0
      vertex 18.4693 203.6955 0.0
    endloop
  endfacet
  facet normal 0.0 0.0 -1.0
    outer loop
      vertex 17.17157 202.8284 0.0
      vertex 8.0 212.0 0.0
      vertex 17.777720000000002 203.3259 0.0
    endloop
  endfacet
  facet normal 0.0 0.0 -1.0
    outer loop
      vertex 16.674120000000002 202.2223 0.0
      vertex 8.0 212.0 0.0
      vertex 17.17157 202.8284 0.0
    endloop
  endfacet
  facet normal 0.0 0.0 -1.0
    outer loop
      vertex 16.304479999999998 201.5307 0.0
      vertex 8.0 212.0 0.0
      vertex 16.674120000000002 202.2223 0.0
    endloop
  endfacet
  facet normal 0.956939 -0.0 0.290289
    outer loop
      vertex 47.5764 188.0 6.24729
      vertex 49.2836 212.0 0.619496
      vertex 47.5764 212.0 6.24729
    endloop
  endfacet
  facet normal 0.956939 0.0 0.290289
    outer loop
      vertex 49.2836 212.0 0.619496
      vertex 47.5764 188.0 6.24729
      vertex 49.2836 188.0 0.619496
    endloop
  endfacet
  facet normal 0.881938 -0.0 0.471366
    outer loop
      vertex 49.2836 188.0 0.619496
      vertex 49.6147 212.0 0.0
      vertex 49.2836 212.0 0.619496
    endloop
  endfacet
  facet normal 0.881938 0.0 0.471366
    outer loop
      vertex 49.6147 212.0 0.0
      vertex 49.2836 188.0 0.619496
      vertex 49.6147 188.0 0.0
    endloop
  endfacet
  facet normal 0.995185 -0.0 0.0980101
    outer loop
      vertex 47.0 188.0 12.1
      vertex 47.5764 212.0 6.24729
      vertex 47.0 212.0 12.1
    endloop
  endfacet
  facet normal 0.995185 0.0 0.0980101
    outer loop
      vertex 47.5764 212.0 6.24729
      vertex 47.0 188.0 12.1
      vertex 47.5764 188.0 6.24729
    endloop
  endfacet
  facet normal 0.995185 0.0 -0.0980103
    outer loop
      vertex 47.5764 188.0 17.9527
      vertex 47.0 212.0 12.1
      vertex 47.5764 212.0 17.9527
    endloop
  endfacet
  facet normal 0.995185 0.0 -0.0980103
    outer loop
      vertex 47.0 212.0 12.1
      vertex 47.5764 188.0 17.9527
      vertex 47.0 188.0 12.1
    endloop
  endfacet
  facet normal 0.956936 0.0 -0.290299
    outer loop
      vertex 48.8042 188.0 22.0
      vertex 47.5764 212.0 17.9527
      vertex 48.8042 212.0 22.0
    endloop
  endfacet
  facet normal 0.956936 0.0 -0.290299
    outer loop
      vertex 47.5764 212.0 17.9527
      vertex 48.8042 188.0 22.0
      vertex 47.5764 188.0 17.9527
    endloop
  endfacet
  facet normal -0.99518 -0.0980643 0.0
    outer loop
      vertex 24.0 200.0 0.0
      vertex 23.923099999999998 200.7804 11.7866
      vertex 23.923099999999998 200.7804 0.0
    endloop
  endfacet
  facet normal -0.99518 -0.0980643 0.0
    outer loop
      vertex 23.923099999999998 200.7804 11.7866
      vertex 24.0 200.0 0.0
      vertex 24.0 200.0 11.8387
    endloop
  endfacet
  facet normal 0.0980643 -0.99518 0.0
    outer loop
      vertex 20.0 204.0 0.0
      vertex 19.2196 203.9231 8.6004
      vertex 19.2196 203.9231 0.0
    endloop
  endfacet
  facet normal 0.0980643 -0.99518 0.0
    outer loop
      vertex 19.2196 203.9231 8.6004
      vertex 20.0 204.0 0.0
      vertex 20.0 204.0 9.12903
    endloop
  endfacet
  facet normal -0.634459 -0.772956 0.0
    outer loop
      vertex 22.828400000000002 202.8284 0.0
      vertex 22.2223 203.3259 10.6344
      vertex 22.2223 203.3259 0.0
    endloop
  endfacet
  facet normal -0.634459 -0.772956 0.0
    outer loop
      vertex 22.2223 203.3259 10.6344
      vertex 22.828400000000002 202.8284 0.0
      vertex 22.828400000000002 202.8284 11.0451
    endloop
  endfacet
  facet normal 0.772988 -0.634421 0.0
    outer loop
      vertex 16.674120000000002 202.2223 6.87602
      vertex 17.17157 202.8284 0.0
      vertex 17.17157 202.8284 7.213
    endloop
  endfacet
  facet normal 0.772988 -0.634421 0.0
    outer loop
      vertex 17.17157 202.8284 0.0
      vertex 16.674120000000002 202.2223 6.87602
      vertex 16.674120000000002 202.2223 0.0
    endloop
  endfacet
  facet normal 0.47134 -0.881952 0.0
    outer loop
      vertex 18.4693 203.6955 0.0
      vertex 17.777720000000002 203.3259 7.62362
      vertex 17.777720000000002 203.3259 0.0
    endloop
  endfacet
  facet normal 0.47134 -0.881952 0.0
    outer loop
      vertex 17.777720000000002 203.3259 7.62362
      vertex 18.4693 203.6955 0.0
      vertex 18.4693 203.6955 8.09208
    endloop
  endfacet
  facet normal -0.881952 0.47134 0.0
    outer loop
      vertex 23.3259 197.77772 11.382
      vertex 23.6955 198.4693 0.0
      vertex 23.3259 197.77772 0.0
    endloop
  endfacet
  facet normal -0.881952 0.47134 0.0
    outer loop
      vertex 23.6955 198.4693 0.0
      vertex 23.3259 197.77772 11.382
      vertex 23.6955 198.4693 11.6324
    endloop
  endfacet
  facet normal -0.881957 -0.471329 0.0
    outer loop
      vertex 23.6955 201.5307 0.0
      vertex 23.3259 202.2223 11.382
      vertex 23.3259 202.2223 0.0
    endloop
  endfacet
  facet normal -0.881957 -0.471329 0.0
    outer loop
      vertex 23.3259 202.2223 11.382
      vertex 23.6955 201.5307 0.0
      vertex 23.6955 201.5307 11.6324
    endloop
  endfacet
  facet normal -0.956941 -0.290283 0.0
    outer loop
      vertex 23.923099999999998 200.7804 0.0
      vertex 23.6955 201.5307 11.6324
      vertex 23.6955 201.5307 0.0
    endloop
  endfacet
  facet normal -0.956941 -0.290283 0.0
    outer loop
      vertex 23.6955 201.5307 11.6324
      vertex 23.923099999999998 200.7804 0.0
      vertex 23.923099999999998 200.7804 11.7866
    endloop
  endfacet
  facet normal -0.772956 -0.634459 0.0
    outer loop
      vertex 23.3259 202.2223 0.0
      vertex 22.828400000000002 202.8284 11.0451
      vertex 22.828400000000002 202.8284 0.0
    endloop
  endfacet
  facet normal -0.772956 -0.634459 0.0
    outer loop
      vertex 22.828400000000002 202.8284 11.0451
      vertex 23.3259 202.2223 0.0
      vertex 23.3259 202.2223 11.382
    endloop
  endfacet
  facet normal -0.290283 -0.956941 0.0
    outer loop
      vertex 21.5307 203.6955 0.0
      vertex 20.7804 203.9231 9.65766
      vertex 20.7804 203.9231 0.0
    endloop
  endfacet
  facet normal -0.290283 -0.956941 0.0
    outer loop
      vertex 20.7804 203.9231 9.65766
      vertex 21.5307 203.6955 0.0
      vertex 21.5307 203.6955 10.166
    endloop
  endfacet
  facet normal -0.0980643 -0.99518 0.0
    outer loop
      vertex 20.7804 203.9231 0.0
      vertex 20.0 204.0 9.12903
      vertex 20.0 204.0 0.0
    endloop
  endfacet
  facet normal -0.0980643 -0.99518 0.0
    outer loop
      vertex 20.0 204.0 9.12903
      vertex 20.7804 203.9231 0.0
      vertex 20.7804 203.9231 9.65766
    endloop
  endfacet
  facet normal -0.471329 -0.881957 0.0
    outer loop
      vertex 22.2223 203.3259 0.0
      vertex 21.5307 203.6955 10.166
      vertex 21.5307 203.6955 0.0
    endloop
  endfacet
  facet normal -0.471329 -0.881957 0.0
    outer loop
      vertex 21.5307 203.6955 10.166
      vertex 22.2223 203.3259 0.0
      vertex 22.2223 203.3259 10.6344
    endloop
  endfacet
  facet normal 0.956934 -0.290307 0.0
    outer loop
      vertex 16.07686 200.7804 6.47142
      vertex 16.304479999999998 201.5307 0.0
      vertex 16.304479999999998 201.5307 6.62562
    endloop
  endfacet
  facet normal 0.956934 -0.290307 0.0
    outer loop
      vertex 16.304479999999998 201.5307 0.0
      vertex 16.07686 200.7804 6.47142
      vertex 16.07686 200.7804 0.0
    endloop
  endfacet
  facet normal 0.881936 -0.471369 0.0
    outer loop
      vertex 16.304479999999998 201.5307 6.62562
      vertex 16.674120000000002 202.2223 0.0
      vertex 16.674120000000002 202.2223 6.87602
    endloop
  endfacet
  facet normal 0.881936 -0.471369 0.0
    outer loop
      vertex 16.674120000000002 202.2223 0.0
      vertex 16.304479999999998 201.5307 6.62562
      vertex 16.304479999999998 201.5307 0.0
    endloop
  endfacet
  facet normal 0.995185 -0.0980137 0.0
    outer loop
      vertex 16.0 200.0 6.41935
      vertex 16.07686 200.7804 0.0
      vertex 16.07686 200.7804 6.47142
    endloop
  endfacet
  facet normal 0.995185 -0.0980137 0.0
    outer loop
      vertex 16.07686 200.7804 0.0
      vertex 16.0 200.0 6.41935
      vertex 16.0 200.0 0.0
    endloop
  endfacet
  facet normal 0.634428 -0.772982 0.0
    outer loop
      vertex 17.777720000000002 203.3259 0.0
      vertex 17.17157 202.8284 7.213
      vertex 17.17157 202.8284 0.0
    endloop
  endfacet
  facet normal 0.634428 -0.772982 0.0
    outer loop
      vertex 17.17157 202.8284 7.213
      vertex 17.777720000000002 203.3259 0.0
      vertex 17.777720000000002 203.3259 7.62362
    endloop
  endfacet
  facet normal 0.290283 -0.956941 0.0
    outer loop
      vertex 19.2196 203.9231 0.0
      vertex 18.4693 203.6955 8.09208
      vertex 18.4693 203.6955 0.0
    endloop
  endfacet
  facet normal 0.290283 -0.956941 0.0
    outer loop
      vertex 18.4693 203.6955 8.09208
      vertex 19.2196 203.9231 0.0
      vertex 19.2196 203.9231 8.6004
    endloop
  endfacet
  facet normal -0.99518 0.0980643 0.0
    outer loop
      vertex 23.923099999999998 199.2196 11.7866
      vertex 24.0 200.0 0.0
      vertex 23.923099999999998 199.2196 0.0
    endloop
  endfacet
  facet normal -0.99518 0.0980643 0.0
    outer loop
      vertex 24.0 200.0 0.0
      vertex 23.923099999999998 199.2196 11.7866
      vertex 24.0 200.0 11.8387
    endloop
  endfacet
  facet normal -0.290307 0.956934 0.0
    outer loop
      vertex 21.5307 196.30448 0.0
      vertex 20.7804 196.07686 9.65766
      vertex 21.5307 196.30448 10.166
    endloop
  endfacet
  facet normal -0.290307 0.956934 0.0
    outer loop
      vertex 20.7804 196.07686 9.65766
      vertex 21.5307 196.30448 0.0
      vertex 20.7804 196.07686 0.0
    endloop
  endfacet
  facet normal -0.634421 0.772988 0.0
    outer loop
      vertex 22.828400000000002 197.17157 0.0
      vertex 22.2223 196.67412 10.6344
      vertex 22.828400000000002 197.17157 11.0451
    endloop
  endfacet
  facet normal -0.634421 0.772988 0.0
    outer loop
      vertex 22.2223 196.67412 10.6344
      vertex 22.828400000000002 197.17157 0.0
      vertex 22.2223 196.67412 0.0
    endloop
  endfacet
  facet normal 0.47138 0.88193 -0.0
    outer loop
      vertex 18.4693 196.30448 0.0
      vertex 17.777720000000002 196.67412 7.62362
      vertex 18.4693 196.30448 8.09208
    endloop
  endfacet
  facet normal 0.47138 0.88193 0.0
    outer loop
      vertex 17.777720000000002 196.67412 7.62362
      vertex 18.4693 196.30448 0.0
      vertex 17.777720000000002 196.67412 0.0
    endloop
  endfacet
  facet normal 0.0980137 0.995185 -0.0
    outer loop
      vertex 20.0 196.0 0.0
      vertex 19.2196 196.07686 8.6004
      vertex 20.0 196.0 9.12903
    endloop
  endfacet
  facet normal 0.0980137 0.995185 0.0
    outer loop
      vertex 19.2196 196.07686 8.6004
      vertex 20.0 196.0 0.0
      vertex 19.2196 196.07686 0.0
    endloop
  endfacet
  facet normal 0.773013 0.63439 -0.0
    outer loop
      vertex 17.17157 197.17157 0.0
      vertex 16.674120000000002 197.77772 6.87602
      vertex 17.17157 197.17157 7.213
    endloop
  endfacet
  facet normal 0.773013 0.63439 0.0
    outer loop
      vertex 16.674120000000002 197.77772 6.87602
      vertex 17.17157 197.17157 0.0
      vertex 16.674120000000002 197.77772 0.0
    endloop
  endfacet
  facet normal 0.956934 0.290307 -0.0
    outer loop
      vertex 16.304479999999998 198.4693 0.0
      vertex 16.07686 199.2196 6.47142
      vertex 16.304479999999998 198.4693 6.62562
    endloop
  endfacet
  facet normal 0.956934 0.290307 0.0
    outer loop
      vertex 16.07686 199.2196 6.47142
      vertex 16.304479999999998 198.4693 0.0
      vertex 16.07686 199.2196 0.0
    endloop
  endfacet
  facet normal 0.995185 0.0980137 -0.0
    outer loop
      vertex 16.07686 199.2196 0.0
      vertex 16.0 200.0 6.41935
      vertex 16.07686 199.2196 6.47142
    endloop
  endfacet
  facet normal 0.995185 0.0980137 0.0
    outer loop
      vertex 16.0 200.0 6.41935
      vertex 16.07686 199.2196 0.0
      vertex 16.0 200.0 0.0
    endloop
  endfacet
  facet normal -0.471369 0.881936 0.0
    outer loop
      vertex 22.2223 196.67412 0.0
      vertex 21.5307 196.30448 10.166
      vertex 22.2223 196.67412 10.6344
    endloop
  endfacet
  facet normal -0.471369 0.881936 0.0
    outer loop
      vertex 21.5307 196.30448 10.166
      vertex 22.2223 196.67412 0.0
      vertex 21.5307 196.30448 0.0
    endloop
  endfacet
  facet normal -0.772982 0.634428 0.0
    outer loop
      vertex 22.828400000000002 197.17157 11.0451
      vertex 23.3259 197.77772 0.0
      vertex 22.828400000000002 197.17157 0.0
    endloop
  endfacet
  facet normal -0.772982 0.634428 0.0
    outer loop
      vertex 23.3259 197.77772 0.0
      vertex 22.828400000000002 197.17157 11.0451
      vertex 23.3259 197.77772 11.382
    endloop
  endfacet
  facet normal -0.956941 0.290283 0.0
    outer loop
      vertex 23.6955 198.4693 11.6324
      vertex 23.923099999999998 199.2196 0.0
      vertex 23.6955 198.4693 0.0
    endloop
  endfacet
  facet normal -0.956941 0.290283 0.0
    outer loop
      vertex 23.923099999999998 199.2196 0.0
      vertex 23.6955 198.4693 11.6324
      vertex 23.923099999999998 199.2196 11.7866
    endloop
  endfacet
  facet normal 0.290307 0.956934 -0.0
    outer loop
      vertex 19.2196 196.07686 0.0
      vertex 18.4693 196.30448 8.09208
      vertex 19.2196 196.07686 8.6004
    endloop
  endfacet
  facet normal 0.290307 0.956934 0.0
    outer loop
      vertex 18.4693 196.30448 8.09208
      vertex 19.2196 196.07686 0.0
      vertex 18.4693 196.30448 0.0
    endloop
  endfacet
  facet normal -0.0980137 0.995185 0.0
    outer loop
      vertex 20.7804 196.07686 0.0
      vertex 20.0 196.0 9.12903
      vertex 20.7804 196.07686 9.65766
    endloop
  endfacet
  facet normal -0.0980137 0.995185 0.0
    outer loop
      vertex 20.0 196.0 9.12903
      vertex 20.7804 196.07686 0.0
      vertex 20.0 196.0 0.0
    endloop
  endfacet
  facet normal 0.63439 0.773013 -0.0
    outer loop
      vertex 17.777720000000002 196.67412 0.0
      vertex 17.17157 197.17157 7.213
      vertex 17.777720000000002 196.67412 7.62362
    endloop
  endfacet
  facet normal 0.63439 0.773013 0.0
    outer loop
      vertex 17.17157 197.17157 7.213
      vertex 17.777720000000002 196.67412 0.0
      vertex 17.17157 197.17157 0.0
    endloop
  endfacet
  facet normal 0.88193 0.47138 -0.0
    outer loop
      vertex 16.674120000000002 197.77772 0.0
      vertex 16.304479999999998 198.4693 6.62562
      vertex 16.674120000000002 197.77772 6.87602
    endloop
  endfacet
  facet normal 0.88193 0.47138 0.0
    outer loop
      vertex 16.304479999999998 198.4693 6.62562
      vertex 16.674120000000002 197.77772 0.0
      vertex 16.304479999999998 198.4693 0.0
    endloop
  endfacet
endsolid wheel_chock_6
solid wheel_chock_7
  facet normal 0.0 -1.0 0.0
    outer loop
      vertex 39.0 218.0 22.0
      vertex 47.5764 218.0 17.9527
      vertex 48.8042 218.0 22.0
    endloop
  endfacet
  facet normal 0.0 -1.0 0.0
    outer loop
      vertex 39.0 218.0 22.0
      vertex 47.0 218.0 12.1
      vertex 47.5764 218.0 17.9527
    endloop
  endfacet
  facet normal 0.0 -1.0 0.0
    outer loop
      vertex 39.0 218.0 22.0
      vertex 47.5764 218.0 6.24729
      vertex 47.0 218.0 12.1
    endloop
  endfacet
  facet normal 0.0 -1.0 0.0
    outer loop
      vertex 8.0 218.0 1.0
      vertex 47.5764 218.0 6.24729
      vertex 39.0 218.0 22.0
    endloop
  endfacet
  facet normal 0.0 -1.0 0.0
    outer loop
      vertex 8.0 218.0 0.0
      vertex 47.5764 218.0 6.24729
      vertex 8.0 218.0 1.0
    endloop
  endfacet
  facet normal 0.0 -1.0 -0.0
    outer loop
      vertex 47.5764 218.0 6.24729
      vertex 8.0 218.0 0.0
      vertex 49.2836 218.0 0.619496
    endloop
  endfacet
  facet normal 0.0 -1.0 -0.0
    outer loop
      vertex 49.2836 218.0 0.619496
      vertex 8.0 218.0 0.0
      vertex 49.6147 218.0 0.0
    endloop
  endfacet
  facet normal -0.0 0.0 1.0
    outer loop
      vertex 39.0 242.0 22.0
      vertex 48.8042 218.0 22.0
      vertex 48.8042 242.0 22.0
    endloop
  endfacet
  facet normal 0.0 0.0 1.0
    outer loop
      vertex 48.8042 218.0 22.0
      vertex 39.0 242.0 22.0
      vertex 39.0 218.0 22.0
    endloop
  endfacet
  facet normal -1.0 0.0 0.0
    outer loop
      vertex 8.0 218.0 0.0
      vertex 8.0 242.0 1.0
      vertex 8.0 242.0 0.0
    endloop
  endfacet
  facet normal -1.0 -0.0 0.0
    outer loop
      vertex 8.0 242.0 1.0
      vertex 8.0 218.0 0.0
      vertex 8.0 218.0 1.0
    endloop
  endfacet
  facet normal 0.0 1.0 -0.0
    outer loop
      vertex 47.5764 242.0 17.9527
      vertex 39.0 242.0 22.0
      vertex 48.8042 242.0 22.0
    endloop
  endfacet
  facet normal 0.0 1.0 -0.0
    outer loop
      vertex 47.0 242.0 12.1
      vertex 39.0 242.0 22.0
      vertex 47.5764 242.0 17.9527
    endloop
  endfacet
  facet normal 0.0 1.0 0.0
    outer loop
      vertex 47.5764 242.0 6.24729
      vertex 39.0 242.0 22.0
      vertex 47.0 242.0 12.1
    endloop
  endfacet
  facet normal 0.0 1.0 0.0
    outer loop
      vertex 47.5764 242.0 6.24729
      vertex 8.0 242.0 1.0
      vertex 39.0 242.0 22.0
    endloop
  endfacet
  facet normal 0.0 1.0 0.0
    outer loop
      vertex 8.0 242.0 0.0
      vertex 47.5764 242.0 6.24729
      vertex 49.2836 242.0 0.619496
    endloop
  endfacet
  facet normal 0.0 1.0 0.0
    outer loop
      vertex 8.0 242.0 0.0
      vertex 49.2836 242.0 0.619496
      vertex 49.6147 242.0 0.0
    endloop
  endfacet
  facet normal 0.0 1.0 0.0
    outer loop
      vertex 47.5764 242.0 6.24729
      vertex 8.0 242.0 0.0
      vertex 8.0 242.0 1.0
    endloop
  endfacet
  facet normal -0.560849 0.0 0.827918
    outer loop
      vertex 39.0 242.0 22.0
      vertex 24.0 230.0 11.8387
      vertex 39.0 218.0 22.0
    endloop
  endfacet
  facet normal -0.560852 6.29551e-06 0.827916
    outer loop
      vertex 39.0 242.0 22.0
      vertex 23.923099999999998 230.7804 11.7866
      vertex 24.0 230.0 11.8387
    endloop
  endfacet
  facet normal -0.560858 1.72046e-05 0.827912
    outer loop
      vertex 39.0 242.0 22.0
      vertex 23.6955 231.5307 11.6324
      vertex 23.923099999999998 230.7804 11.7866
    endloop
  endfacet
  facet normal -0.56086 2.18713e-05 0.827911
    outer loop
      vertex 39.0 242.0 22.0
      vertex 23.3259 232.2223 11.382
      vertex 23.6955 231.5307 11.6324
    endloop
  endfacet
  facet normal -0.560805 -0.000106672 0.827948
    outer loop
      vertex 39.0 242.0 22.0
      vertex 22.828400000000002 232.8284 11.0451
      vertex 23.3259 232.2223 11.382
    endloop
  endfacet
  facet normal -0.560891 0.000116308 0.827889
    outer loop
      vertex 39.0 242.0 22.0
      vertex 22.2223 233.3259 10.6344
      vertex 22.828400000000002 232.8284 11.0451
    endloop
  endfacet
  facet normal -0.560808 -0.00012041 0.827946
    outer loop
      vertex 39.0 242.0 22.0
      vertex 21.5307 233.6955 10.166
      vertex 22.2223 233.3259 10.6344
    endloop
  endfacet
  facet normal -0.560881 0.000104939 0.827896
    outer loop
      vertex 39.0 242.0 22.0
      vertex 20.7804 233.9231 9.65766
      vertex 21.5307 233.6955 10.166
    endloop
  endfacet
  facet normal -0.560848 -3.1082e-06 0.827919
    outer loop
      vertex 8.0 242.0 1.0
      vertex 20.7804 233.9231 9.65766
      vertex 39.0 242.0 22.0
    endloop
  endfacet
  facet normal -0.560824 5.21329e-05 0.827935
    outer loop
      vertex 20.7804 233.9231 9.65766
      vertex 8.0 242.0 1.0
      vertex 20.0 234.0 9.12903
    endloop
  endfacet
  facet normal -0.56083 3.87059e-05 0.827931
    outer loop
      vertex 20.0 234.0 9.12903
      vertex 8.0 242.0 1.0
      vertex 19.2196 233.9231 8.6004
    endloop
  endfacet
  facet normal -0.560851 -3.32286e-06 0.827917
    outer loop
      vertex 16.07686 230.7804 6.47142
      vertex 8.0 242.0 1.0
      vertex 16.0 230.0 6.41935
    endloop
  endfacet
  facet normal -0.560852 -4.53578e-06 0.827916
    outer loop
      vertex 16.304479999999998 231.5307 6.62562
      vertex 8.0 242.0 1.0
      vertex 16.07686 230.7804 6.47142
    endloop
  endfacet
  facet normal -0.560848 1.06661e-06 0.827919
    outer loop
      vertex 16.674120000000002 232.2223 6.87602
      vertex 8.0 242.0 1.0
      vertex 16.304479999999998 231.5307 6.62562
    endloop
  endfacet
  facet normal -0.560847 1.73345e-06 0.827919
    outer loop
      vertex 17.17157 232.8284 7.213
      vertex 8.0 242.0 1.0
      vertex 16.674120000000002 232.2223 6.87602
    endloop
  endfacet
  facet normal -0.560849 -1.64594e-06 0.827918
    outer loop
      vertex 17.777720000000002 233.3259 7.62362
      vertex 8.0 242.0 1.0
      vertex 17.17157 232.8284 7.213
    endloop
  endfacet
  facet normal -0.560833 2.51848e-05 0.827929
    outer loop
      vertex 18.4693 233.6955 8.09208
      vertex 8.0 242.0 1.0
      vertex 17.777720000000002 233.3259 7.62362
    endloop
  endfacet
  facet normal -0.560876 -5.44923e-05 0.8279
    outer loop
      vertex 19.2196 233.9231 8.6004
      vertex 8.0 242.0 1.0
      vertex 18.4693 233.6955 8.09208
    endloop
  endfacet
  facet normal -0.560852 -6.29551e-06 0.827916
    outer loop
      vertex 23.923099999999998 229.2196 11.7866
      vertex 39.0 218.0 22.0
      vertex 24.0 230.0 11.8387
    endloop
  endfacet
  facet normal -0.560858 -1.72046e-05 0.827912
    outer loop
      vertex 23.6955 228.4693 11.6324
      vertex 39.0 218.0 22.0
      vertex 23.923099999999998 229.2196 11.7866
    endloop
  endfacet
  facet normal -0.56086 -2.18718e-05 0.827911
    outer loop
      vertex 23.3259 227.77772 11.382
      vertex 39.0 218.0 22.0
      vertex 23.6955 228.4693 11.6324
    endloop
  endfacet
  facet normal -0.560805 0.000106666 0.827948
    outer loop
      vertex 22.828400000000002 227.17157 11.0451
      vertex 39.0 218.0 22.0
      vertex 23.3259 227.77772 11.382
    endloop
  endfacet
  facet normal -0.560891 -0.000116315 0.827889
    outer loop
      vertex 22.2223 226.67412 10.6344
      vertex 39.0 218.0 22.0
      vertex 22.828400000000002 227.17157 11.0451
    endloop
  endfacet
  facet normal -0.560808 0.000120403 0.827946
    outer loop
      vertex 21.5307 226.30448 10.166
      vertex 39.0 218.0 22.0
      vertex 22.2223 226.67412 10.6344
    endloop
  endfacet
  facet normal -0.560881 -0.000104936 0.827896
    outer loop
      vertex 20.7804 226.07686 9.65766
      vertex 39.0 218.0 22.0
      vertex 21.5307 226.30448 10.166
    endloop
  endfacet
  facet normal -0.560824 -5.21282e-05 0.827935
    outer loop
      vertex 8.0 218.0 1.0
      vertex 20.7804 226.07686 9.65766
      vertex 20.0 226.0 9.12903
    endloop
  endfacet
  facet normal -0.56083 -3.87085e-05 0.827931
    outer loop
      vertex 8.0 218.0 1.0
      vertex 20.0 226.0 9.12903
      vertex 19.2196 226.07686 8.6004
    endloop
  endfacet
  facet normal -0.560876 5.44911e-05 0.8279
    outer loop
      vertex 8.0 218.0 1.0
      vertex 19.2196 226.07686 8.6004
      vertex 18.4693 226.30448 8.09208
    endloop
  endfacet
  facet normal -0.560848 0.0 0.827919
    outer loop
      vertex 8.0 218.0 1.0
      vertex 16.0 230.0 6.41935
      vertex 8.0 242.0 1.0
    endloop
  endfacet
  facet normal -0.560851 3.32286e-06 0.827917
    outer loop
      vertex 16.0 230.0 6.41935
      vertex 8.0 218.0 1.0
      vertex 16.07686 229.2196 6.47142
    endloop
  endfacet
  facet normal -0.560852 4.53578e-06 0.827916
    outer loop
      vertex 16.07686 229.2196 6.47142
      vertex 8.0 218.0 1.0
      vertex 16.304479999999998 228.4693 6.62562
    endloop
  endfacet
  facet normal -0.560848 3.10822e-06 0.827919
    outer loop
      vertex 20.7804 226.07686 9.65766
      vertex 8.0 218.0 1.0
      vertex 39.0 218.0 22.0
    endloop
  endfacet
  facet normal -0.560833 -2.51837e-05 0.827929
    outer loop
      vertex 17.777720000000002 226.67412 7.62362
      vertex 8.0 218.0 1.0
      vertex 18.4693 226.30448 8.09208
    endloop
  endfacet
  facet normal -0.560849 1.64601e-06 0.827918
    outer loop
      vertex 17.17157 227.17157 7.213
      vertex 8.0 218.0 1.0
      vertex 17.777720000000002 226.67412 7.62362
    endloop
  endfacet
  facet normal -0.560847 -1.73337e-06 0.827919
    outer loop
      vertex 16.674120000000002 227.77772 6.87602
      vertex 8.0 218.0 1.0
      vertex 17.17157 227.17157 7.213
    endloop
  endfacet
  facet normal -0.560848 -1.06663e-06 0.827919
    outer loop
      vertex 16.304479999999998 228.4693 6.62562
      vertex 8.0 218.0 1.0
      vertex 16.674120000000002 227.77772 6.87602
    endloop
  endfacet
  facet normal 0.0 0.0 -1.0
    outer loop
      vertex 49.6147 218.0 0.0
      vertex 24.0 230.0 0.0
      vertex 49.6147 242.0 0.0
    endloop
  endfacet
  facet normal 0.0 0.0 -1.0
    outer loop
      vertex 49.6147 218.0 0.0
      vertex 23.923099999999998 229.2196 0.0
      vertex 24.0 230.0 0.0
    endloop
  endfacet
  facet normal 0.0 0.0 -1.0
    outer loop
      vertex 49.6147 218.0 0.0
      vertex 23.6955 228.4693 0.0
      vertex 23.923099999999998 229.2196 0.0
    endloop
  endfacet
  facet normal 0.0 0.0 -1.0
    outer loop
      vertex 49.6147 218.0 0.0
      vertex 23.3259 227.77772 0.0
      vertex 23.6955 228.4693 0.0
    endloop
  endfacet
  facet normal 0.0 0.0 -1.0
    outer loop
      vertex 49.6147 218.0 0.0
      vertex 22.828400000000002 227.17157 0.0
      vertex 23.3259 227.77772 0.0
    endloop
  endfacet
  facet normal 0.0 0.0 -1.0
    outer loop
      vertex 49.6147 218.0 0.0
      vertex 22.2223 226.67412 0.0
      vertex 22.828400000000002 227.17157 0.0
    endloop
  endfacet
  facet normal 0.0 0.0 -1.0
    outer loop
      vertex 49.6147 218.0 0.0
      vertex 21.5307 226.30448 0.0
      vertex 22.2223 226.67412 0.0
    endloop
  endfacet
  facet normal 0.0 0.0 -1.0
    outer loop
      vertex 49.6147 218.0 0.0
      vertex 20.7804 226.07686 0.0
      vertex 21.5307 226.30448 0.0
    endloop
  endfacet
  facet normal 0.0 0.0 -1.0
    outer loop
      vertex 8.0 218.0 0.0
      vertex 20.7804 226.07686 0.0
      vertex 49.6147 218.0 0.0
    endloop
  endfacet
  facet normal 0.0 0.0 -1.0
    outer loop
      vertex 20.7804 226.07686 0.0
      vertex 8.0 218.0 0.0
      vertex 20.0 226.0 0.0
    endloop
  endfacet
  facet normal -0.0 0.0 -1.0
    outer loop
      vertex 16.07686 229.2196 0.0
      vertex 8.0 218.0 0.0
      vertex 16.0 230.0 0.0
    endloop
  endfacet
  facet normal -0.0 0.0 -1.0
    outer loop
      vertex 16.304479999999998 228.4693 0.0
      vertex 8.0 218.0 0.0
      vertex 16.07686 229.2196 0.0
    endloop
  endfacet
  facet normal -0.0 0.0 -1.0
    outer loop
      vertex 16.674120000000002 227.77772 0.0
      vertex 8.0 218.0 0.0
      vertex 16.304479999999998 228.4693 0.0
    endloop
  endfacet
  facet normal -0.0 0.0 -1.0
    outer loop
      vertex 17.17157 227.17157 0.0
      vertex 8.0 218.0 0.0
      vertex 16.674120000000002 227.77772 0.0
    endloop
  endfacet
  facet normal -0.0 0.0 -1.0
    outer loop
      vertex 17.777720000000002 226.67412 0.0
      vertex 8.0 218.0 0.0
      vertex 17.17157 227.17157 0.0
    endloop
  endfacet
  facet normal -0.0 0.0 -1.0
    outer loop
      vertex 18.4693 226.30448 0.0
      vertex 8.0 218.0 0.0
      vertex 17.777720000000002 226.67412 0.0
    endloop
  endfacet
  facet normal -0.0 0.0 -1.0
    outer loop
      vertex 19.2196 226.07686 0.0
      vertex 8.0 218.0 0.0
      vertex 18.4693 226.30448 0.0
    endloop
  endfacet
  facet normal -0.0 0.0 -1.0
    outer loop
      vertex 20.0 226.0 0.0
      vertex 8.0 218.0 0.0
      vertex 19.2196 226.07686 0.0
    endloop
  endfacet
  facet normal 0.0 0.0 -1.0
    outer loop
      vertex 23.923099999999998 230.7804 0.0
      vertex 49.6147 242.0 0.0
      vertex 24.0 230.0 0.0
    endloop
  endfacet
  facet normal 0.0 0.0 -1.0
    outer loop
      vertex 23.6955 231.5307 0.0
      vertex 49.6147 242.0 0.0
      vertex 23.923099999999998 230.7804 0.0
    endloop
  endfacet
  facet normal 0.0 0.0 -1.0
    outer loop
      vertex 23.3259 232.2223 0.0
      vertex 49.6147 242.0 0.0
      vertex 23.6955 231.5307 0.0
    endloop
  endfacet
  facet normal 0.0 0.0 -1.0
    outer loop
      vertex 22.828400000000002 232.8284 0.0
      vertex 49.6147 242.0 0.0
      vertex 23.3259 232.2223 0.0
    endloop
  endfacet
  facet normal 0.0 0.0 -1.0
    outer loop
      vertex 22.2223 233.3259 0.0
      vertex 49.6147 242.0 0.0
      vertex 22.828400000000002 232.8284 0.0
    endloop
  endfacet
  facet normal 0.0 0.0 -1.0
    outer loop
      vertex 21.5307 233.6955 0.0
      vertex 49.6147 242.0 0.0
      vertex 22.2223 233.3259 0.0
    endloop
  endfacet
  facet normal 0.0 0.0 -1.0
    outer loop
      vertex 20.7804 233.9231 0.0
      vertex 49.6147 242.0 0.0
      vertex 21.5307 233.6955 0.0
    endloop
  endfacet
  facet normal 0.0 0.0 -1.0
    outer loop
      vertex 8.0 242.0 0.0
      vertex 20.7804 233.9231 0.0
      vertex 20.0 234.0 0.0
    endloop
  endfacet
  facet normal 0.0 0.0 -1.0
    outer loop
      vertex 8.0 242.0 0.0
      vertex 20.0 234.0 0.0
      vertex 19.2196 233.9231 0.0
    endloop
  endfacet
  facet normal 0.0 0.0 -1.0
    outer loop
      vertex 8.0 242.0 0.0
      vertex 16.0 230.0 0.0
      vertex 8.0 218.0 0.0
    endloop
  endfacet
  facet normal 0.0 0.0 -1.0
    outer loop
      vertex 16.0 230.0 0.0
      vertex 8.0 242.0 0.0
      vertex 16.07686 230.7804 0.0
    endloop
  endfacet
  facet normal 0.0 0.0 -1.0
    outer loop
      vertex 16.07686 230.7804 0.0
      vertex 8.0 242.0 0.0
      vertex 16.304479999999998 231.5307 0.0
    endloop
  endfacet
  facet normal 0.0 0.0 -1.0
    outer loop
      vertex 20.7804 233.9231 0.0
      vertex 8.0 242.0 0.0
      vertex 49.6147 242.0 0.0
    endloop
  endfacet
  facet normal 0.0 0.0 -1.0
    outer loop
      vertex 18.4693 233.6955 0.0
      vertex 8.0 242.0 0.0
      vertex 19.2196 233.9231 0.0
    endloop
  endfacet
  facet normal 0.0 0.0 -1.0
    outer loop
      vertex 17.777720000000002 233.3259 0.0
      vertex 8.0 242.0 0.0
      vertex 18.4693 233.6955 0.0
    endloop
  endfacet
  facet normal 0.0 0.0 -1.0
    outer loop
      vertex 17.17157 232.8284 0.0
      vertex 8.0 242.0 0.0
      vertex 17.777720000000002 233.3259 0.0
    endloop
  endfacet
  facet normal 0.0 0.0 -1.0
    outer loop
      vertex 16.674120000000002 232.2223 0.0
      vertex 8.0 242.0 0.0
      vertex 17.17157 232.8284 0.0
    endloop
  endfacet
  facet normal 0.0 0.0 -1.0
    outer loop
      vertex 16.304479999999998 231.5307 0.0
      vertex 8.0 242.0 0.0
      vertex 16.674120000000002 232.2223 0.0
    endloop
  endfacet
  facet normal 0.956939 -0.0 0.290289
    outer loop
      vertex 47.5764 218.0 6.24729
      vertex 49.2836 242.0 0.619496
      vertex 47.5764 242.0 6.24729
    endloop
  endfacet
  facet normal 0.956939 0.0 0.290289
    outer loop
      vertex 49.2836 242.0 0.619496
      vertex 47.5764 218.0 6.24729
      vertex 49.2836 218.0 0.619496
    endloop
  endfacet
  facet normal 0.881938 -0.0 0.471366
    outer loop
      vertex 49.2836 218.0 0.619496
      vertex 49.6147 242.0 0.0
      vertex 49.2836 242.0 0.619496
    endloop
  endfacet
  facet normal 0.881938 0.0 0.471366
    outer loop
      vertex 49.6147 242.0 0.0
      vertex 49.2836 218.0 0.619496
      vertex 49.6147 218.0 0.0
    endloop
  endfacet
  facet normal 0.995185 -0.0 0.0980101
    outer loop
      vertex 47.0 218.0 12.1
      vertex 47.5764 242.0 6.24729
      vertex 47.0 242.0 12.1
    endloop
  endfacet
  facet normal 0.995185 0.0 0.0980101
    outer loop
      vertex 47.5764 242.0 6.24729
      vertex 47.0 218.0 12.1
      vertex 47.5764 218.0 6.24729
    endloop
  endfacet
  facet normal 0.995185 0.0 -0.0980103
    outer loop
      vertex 47.5764 218.0 17.9527
      vertex 47.0 242.0 12.1
      vertex 47.5764 242.0 17.9527
    endloop
  endfacet
  facet normal 0.995185 0.0 -0.0980103
    outer loop
      vertex 47.0 242.0 12.1
      vertex 47.5764 218.0 17.9527
      vertex 47.0 218.0 12.1
    endloop
  endfacet
  facet normal 0.956936 0.0 -0.290299
    outer loop
      vertex 48.8042 218.0 22.0
      vertex 47.5764 242.0 17.9527
      vertex 48.8042 242.0 22.0
    endloop
  endfacet
  facet normal 0.956936 0.0 -0.290299
    outer loop
      vertex 47.5764 242.0 17.9527
      vertex 48.8042 218.0 22.0
      vertex 47.5764 218.0 17.9527
    endloop
  endfacet
  facet normal -0.99518 -0.0980643 0.0
    outer loop
      vertex 24.0 230.0 0.0
      vertex 23.923099999999998 230.7804 11.7866
      vertex 23.923099999999998 230.7804 0.0
    endloop
  endfacet
  facet normal -0.99518 -0.0980643 0.0
    outer loop
      vertex 23.923099999999998 230.7804 11.7866
      vertex 24.0 230.0 0.0
      vertex 24.0 230.0 11.8387
    endloop
  endfacet
  facet normal 0.0980643 -0.99518 0.0
    outer loop
      vertex 20.0 234.0 0.0
      vertex 19.2196 233.9231 8.6004
      vertex 19.2196 233.9231 0.0
    endloop
  endfacet
  facet normal 0.0980643 -0.99518 0.0
    outer loop
      vertex 19.2196 233.9231 8.6004
      vertex 20.0 234.0 0.0
      vertex 20.0 234.0 9.12903
    endloop
  endfacet
  facet normal -0.634459 -0.772956 0.0
    outer loop
      vertex 22.828400000000002 232.8284 0.0
      vertex 22.2223 233.3259 10.6344
      vertex 22.2223 233.3259 0.0
    endloop
  endfacet
  facet normal -0.634459 -0.772956 0.0
    outer loop
      vertex 22.2223 233.3259 10.6344
      vertex 22.828400000000002 232.8284 0.0
      vertex 22.828400000000002 232.8284 11.0451
    endloop
  endfacet
  facet normal 0.772988 -0.634421 0.0
    outer loop
      vertex 16.674120000000002 232.2223 6.87602
      vertex 17.17157 232.8284 0.0
      vertex 17.17157 232.8284 7.213
    endloop
  endfacet
  facet normal 0.772988 -0.634421 0.0
    outer loop
      vertex 17.17157 232.8284 0.0
      vertex 16.674120000000002 232.2223 6.87602
      vertex 16.674120000000002 232.2223 0.0
    endloop
  endfacet
  facet normal 0.47134 -0.881952 0.0
    outer loop
      vertex 18.4693 233.6955 0.0
      vertex 17.777720000000002 233.3259 7.62362
      vertex 17.777720000000002 233.3259 0.0
    endloop
  endfacet
  facet normal 0.47134 -0.881952 0.0
    outer loop
      vertex 17.777720000000002 233.3259 7.62362
      vertex 18.4693 233.6955 0.0
      vertex 18.4693 233.6955 8.09208
    endloop
  endfacet
  facet normal -0.881952 0.47134 0.0
    outer loop
      vertex 23.3259 227.77772 11.382
      vertex 23.6955 228.4693 0.0
      vertex 23.3259 227.77772 0.0
    endloop
  endfacet
  facet normal -0.881952 0.47134 0.0
    outer loop
      vertex 23.6955 228.4693 0.0
      vertex 23.3259 227.77772 11.382
      vertex 23.6955 228.4693 11.6324
    endloop
  endfacet
  facet normal -0.881957 -0.471329 0.0
    outer loop
      vertex 23.6955 231.5307 0.0
      vertex 23.3259 232.2223 11.382
      vertex 23.3259 232.2223 0.0
    endloop
  endfacet
  facet normal -0.881957 -0.471329 0.0
    outer loop
      vertex 23.3259 232.2223 11.382
      vertex 23.6955 231.5307 0.0
      vertex 23.6955 231.5307 11.6324
    endloop
  endfacet
  facet normal -0.956941 -0.290283 0.0
    outer loop
      vertex 23.923099999999998 230.7804 0.0
      vertex 23.6955 231.5307 11.6324
      vertex 23.6955 231.5307 0.0
    endloop
  endfacet
  facet normal -0.956941 -0.290283 0.0
    outer loop
      vertex 23.6955 231.5307 11.6324
      vertex 23.923099999999998 230.7804 0.0
      vertex 23.923099999999998 230.7804 11.7866
    endloop
  endfacet
  facet normal -0.772956 -0.634459 0.0
    outer loop
      vertex 23.3259 232.2223 0.0
      vertex 22.828400000000002 232.8284 11.0451
      vertex 22.828400000000002 232.8284 0.0
    endloop
  endfacet
  facet normal -0.772956 -0.634459 0.0
    outer loop
      vertex 22.828400000000002 232.8284 11.0451
      vertex 23.3259 232.2223 0.0
      vertex 23.3259 232.2223 11.382
    endloop
  endfacet
  facet normal -0.290283 -0.956941 0.0
    outer loop
      vertex 21.5307 233.6955 0.0
      vertex 20.7804 233.9231 9.65766
      vertex 20.7804 233.9231 0.0
    endloop
  endfacet
  facet normal -0.290283 -0.956941 0.0
    outer loop
      vertex 20.7804 233.9231 9.65766
      vertex 21.5307 233.6955 0.0
      vertex 21.5307 233.6955 10.166
    endloop
  endfacet
  facet normal -0.0980643 -0.99518 0.0
    outer loop
      vertex 20.7804 233.9231 0.0
      vertex 20.0 234.0 9.12903
      vertex 20.0 234.0 0.0
    endloop
  endfacet
  facet normal -0.0980643 -0.99518 0.0
    outer loop
      vertex 20.0 234.0 9.12903
      vertex 20.7804 233.9231 0.0
      vertex 20.7804 233.9231 9.65766
    endloop
  endfacet
  facet normal -0.471329 -0.881957 0.0
    outer loop
      vertex 22.2223 233.3259 0.0
      vertex 21.5307 233.6955 10.166
      vertex 21.5307 233.6955 0.0
    endloop
  endfacet
  facet normal -0.471329 -0.881957 0.0
    outer loop
      vertex 21.5307 233.6955 10.166
      vertex 22.2223 233.3259 0.0
      vertex 22.2223 233.3259 10.6344
    endloop
  endfacet
  facet normal 0.956934 -0.290307 0.0
    outer loop
      vertex 16.07686 230.7804 6.47142
      vertex 16.304479999999998 231.5307 0.0
      vertex 16.304479999999998 231.5307 6.62562
    endloop
  endfacet
  facet normal 0.956934 -0.290307 0.0
    outer loop
      vertex 16.304479999999998 231.5307 0.0
      vertex 16.07686 230.7804 6.47142
      vertex 16.07686 230.7804 0.0
    endloop
  endfacet
  facet normal 0.881936 -0.471369 0.0
    outer loop
      vertex 16.304479999999998 231.5307 6.62562
      vertex 16.674120000000002 232.2223 0.0
      vertex 16.674120000000002 232.2223 6.87602
    endloop
  endfacet
  facet normal 0.881936 -0.471369 0.0
    outer loop
      vertex 16.674120000000002 232.2223 0.0
      vertex 16.304479999999998 231.5307 6.62562
      vertex 16.304479999999998 231.5307 0.0
    endloop
  endfacet
  facet normal 0.995185 -0.0980137 0.0
    outer loop
      vertex 16.0 230.0 6.41935
      vertex 16.07686 230.7804 0.0
      vertex 16.07686 230.7804 6.47142
    endloop
  endfacet
  facet normal 0.995185 -0.0980137 0.0
    outer loop
      vertex 16.07686 230.7804 0.0
      vertex 16.0 230.0 6.41935
      vertex 16.0 230.0 0.0
    endloop
  endfacet
  facet normal 0.634428 -0.772982 0.0
    outer loop
      vertex 17.777720000000002 233.3259 0.0
      vertex 17.17157 232.8284 7.213
      vertex 17.17157 232.8284 0.0
    endloop
  endfacet
  facet normal 0.634428 -0.772982 0.0
    outer loop
      vertex 17.17157 232.8284 7.213
      vertex 17.777720000000002 233.3259 0.0
      vertex 17.777720000000002 233.3259 7.62362
    endloop
  endfacet
  facet normal 0.290283 -0.956941 0.0
    outer loop
      vertex 19.2196 233.9231 0.0
      vertex 18.4693 233.6955 8.09208
      vertex 18.4693 233.6955 0.0
    endloop
  endfacet
  facet normal 0.290283 -0.956941 0.0
    outer loop
      vertex 18.4693 233.6955 8.09208
      vertex 19.2196 233.9231 0.0
      vertex 19.2196 233.9231 8.6004
    endloop
  endfacet
  facet normal -0.99518 0.0980643 0.0
    outer loop
      vertex 23.923099999999998 229.2196 11.7866
      vertex 24.0 230.0 0.0
      vertex 23.923099999999998 229.2196 0.0
    endloop
  endfacet
  facet normal -0.99518 0.0980643 0.0
    outer loop
      vertex 24.0 230.0 0.0
      vertex 23.923099999999998 229.2196 11.7866
      vertex 24.0 230.0 11.8387
    endloop
  endfacet
  facet normal -0.290307 0.956934 0.0
    outer loop
      vertex 21.5307 226.30448 0.0
      vertex 20.7804 226.07686 9.65766
      vertex 21.5307 226.30448 10.166
    endloop
  endfacet
  facet normal -0.290307 0.956934 0.0
    outer loop
      vertex 20.7804 226.07686 9.65766
      vertex 21.5307 226.30448 0.0
      vertex 20.7804 226.07686 0.0
    endloop
  endfacet
  facet normal -0.634421 0.772988 0.0
    outer loop
      vertex 22.828400000000002 227.17157 0.0
      vertex 22.2223 226.67412 10.6344
      vertex 22.828400000000002 227.17157 11.0451
    endloop
  endfacet
  facet normal -0.634421 0.772988 0.0
    outer loop
      vertex 22.2223 226.67412 10.6344
      vertex 22.828400000000002 227.17157 0.0
      vertex 22.2223 226.67412 0.0
    endloop
  endfacet
  facet normal 0.47138 0.88193 -0.0
    outer loop
      vertex 18.4693 226.30448 0.0
      vertex 17.777720000000002 226.67412 7.62362
      vertex 18.4693 226.30448 8.09208
    endloop
  endfacet
  facet normal 0.47138 0.88193 0.0
    outer loop
      vertex 17.777720000000002 226.67412 7.62362
      vertex 18.4693 226.30448 0.0
      vertex 17.777720000000002 226.67412 0.0
    endloop
  endfacet
  facet normal 0.0980137 0.995185 -0.0
    outer loop
      vertex 20.0 226.0 0.0
      vertex 19.2196 226.07686 8.6004
      vertex 20.0 226.0 9.12903
    endloop
  endfacet
  facet normal 0.0980137 0.995185 0.0
    outer loop
      vertex 19.2196 226.07686 8.6004
      vertex 20.0 226.0 0.0
      vertex 19.2196 226.07686 0.0
    endloop
  endfacet
  facet normal 0.773013 0.63439 -0.0
    outer loop
      vertex 17.17157 227.17157 0.0
      vertex 16.674120000000002 227.77772 6.87602
      vertex 17.17157 227.17157 7.213
    endloop
  endfacet
  facet normal 0.773013 0.63439 0.0
    outer loop
      vertex 16.674120000000002 227.77772 6.87602
      vertex 17.17157 227.17157 0.0
      vertex 16.674120000000002 227.77772 0.0
    endloop
  endfacet
  facet normal 0.956934 0.290307 -0.0
    outer loop
      vertex 16.304479999999998 228.4693 0.0
      vertex 16.07686 229.2196 6.47142
      vertex 16.304479999999998 228.4693 6.62562
    endloop
  endfacet
  facet normal 0.956934 0.290307 0.0
    outer loop
      vertex 16.07686 229.2196 6.47142
      vertex 16.304479999999998 228.4693 0.0
      vertex 16.07686 229.2196 0.0
    endloop
  endfacet
  facet normal 0.995185 0.0980137 -0.0
    outer loop
      vertex 16.07686 229.2196 0.0
      vertex 16.0 230.0 6.41935
      vertex 16.07686 229.2196 6.47142
    endloop
  endfacet
  facet normal 0.995185 0.0980137 0.0
    outer loop
      vertex 16.0 230.0 6.41935
      vertex 16.07686 229.2196 0.0
      vertex 16.0 230.0 0.0
    endloop
  endfacet
  facet normal -0.471369 0.881936 0.0
    outer loop
      vertex 22.2223 226.67412 0.0
      vertex 21.5307 226.30448 10.166
      vertex 22.2223 226.67412 10.6344
    endloop
  endfacet
  facet normal -0.471369 0.881936 0.0
    outer loop
      vertex 21.5307 226.30448 10.166
      vertex 22.2223 226.67412 0.0
      vertex 21.5307 226.30448 0.0
    endloop
  endfacet
  facet normal -0.772982 0.634428 0.0
    outer loop
      vertex 22.828400000000002 227.17157 11.0451
      vertex 23.3259 227.77772 0.0
      vertex 22.828400000000002 227.17157 0.0
    endloop
  endfacet
  facet normal -0.772982 0.634428 0.0
    outer loop
      vertex 23.3259 227.77772 0.0
      vertex 22.828400000000002 227.17157 11.0451
      vertex 23.3259 227.77772 11.382
    endloop
  endfacet
  facet normal -0.956941 0.290283 0.0
    outer loop
      vertex 23.6955 228.4693 11.6324
      vertex 23.923099999999998 229.2196 0.0
      vertex 23.6955 228.4693 0.0
    endloop
  endfacet
  facet normal -0.956941 0.290283 0.0
    outer loop
      vertex 23.923099999999998 229.2196 0.0
      vertex 23.6955 228.4693 11.6324
      vertex 23.923099999999998 229.2196 11.7866
    endloop
  endfacet
  facet normal 0.290307 0.956934 -0.0
    outer loop
      vertex 19.2196 226.07686 0.0
      vertex 18.4693 226.30448 8.09208
      vertex 19.2196 226.07686 8.6004
    endloop
  endfacet
  facet normal 0.290307 0.956934 0.0
    outer loop
      vertex 18.4693 226.30448 8.09208
      vertex 19.2196 226.07686 0.0
      vertex 18.4693 226.30448 0.0
    endloop
  endfacet
  facet normal -0.0980137 0.995185 0.0
    outer loop
      vertex 20.7804 226.07686 0.0
      vertex 20.0 226.0 9.12903
      vertex 20.7804 226.07686 9.65766
    endloop
  endfacet
  facet normal -0.0980137 0.995185 0.0
    outer loop
      vertex 20.0 226.0 9.12903
      vertex 20.7804 226.07686 0.0
      vertex 20.0 226.0 0.0
    endloop
  endfacet
  facet normal 0.63439 0.773013 -0.0
    outer loop
      vertex 17.777720000000002 226.67412 0.0
      vertex 17.17157 227.17157 7.213
      vertex 17.777720000000002 226.67412 7.62362
    endloop
  endfacet
  facet normal 0.63439 0.773013 0.0
    outer loop
      vertex 17.17157 227.17157 7.213
      vertex 17.777720000000002 226.67412 0.0
      vertex 17.17157 227.17157 0.0
    endloop
  endfacet
  facet normal 0.88193 0.47138 -0.0
    outer loop
      vertex 16.674120000000002 227.77772 0.0
      vertex 16.304479999999998 228.4693 6.62562
      vertex 16.674120000000002 227.77772 6.87602
    endloop
  endfacet
  facet normal 0.88193 0.47138 0.0
    outer loop
      vertex 16.304479999999998 228.4693 6.62562
      vertex 16.674120000000002 227.77772 0.0
      vertex 16.304479999999998 228.4693 0.0
    endloop
  endfacet
endsolid wheel_chock_7
solid rail_ramp_seg0_8
  facet normal -1.0 0.0 0.0
    outer loop
      vertex 61.6147 8.0 0.0
      vertex 61.6147 14.0 12.0
      vertex 61.6147 14.0 0.0
    endloop
  endfacet
  facet normal -1.0 -0.0 0.0
    outer loop
      vertex 61.6147 14.0 12.0
      vertex 61.6147 8.0 0.0
      vertex 61.6147 8.0 12.0
    endloop
  endfacet
  facet normal 1.0 0.0 0.0
    outer loop
      vertex 172.3327 14.0 41.6667
      vertex 172.3327 8.0 41.6667
      vertex 172.3327 14.0 29.6667
    endloop
  endfacet
  facet normal 1.0 0.0 0.0
    outer loop
      vertex 172.3327 80.0 0.0
      vertex 172.3327 61.8978 8.77646
      vertex 172.3327 62.0 8.0
    endloop
  endfacet
  facet normal 1.0 0.0 0.0
    outer loop
      vertex 172.3327 74.0 29.6667
      vertex 172.3327 61.5981 9.5
      vertex 172.3327 61.8978 8.77646
    endloop
  endfacet
  facet normal 1.0 0.0 0.0
    outer loop
      vertex 172.3327 74.0 29.6667
      vertex 172.3327 61.1213 10.1213
      vertex 172.3327 61.5981 9.5
    endloop
  endfacet
  facet normal 1.0 0.0 0.0
    outer loop
      vertex 172.3327 74.0 29.6667
      vertex 172.3327 60.5 10.5981
      vertex 172.3327 61.1213 10.1213
    endloop
  endfacet
  facet normal 1.0 0.0 0.0
    outer loop
      vertex 172.3327 74.0 29.6667
      vertex 172.3327 59.7765 10.8978
      vertex 172.3327 60.5 10.5981
    endloop
  endfacet
  facet normal 1.0 0.0 0.0
    outer loop
      vertex 172.3327 74.0 29.6667
      vertex 172.3327 59.0 11.0
      vertex 172.3327 59.7765 10.8978
    endloop
  endfacet
  facet normal 1.0 0.0 0.0
    outer loop
      vertex 172.3327 74.0 29.6667
      vertex 172.3327 58.2235 10.8978
      vertex 172.3327 59.0 11.0
    endloop
  endfacet
  facet normal 1.0 0.0 0.0
    outer loop
      vertex 172.3327 74.0 29.6667
      vertex 172.3327 57.5 10.5981
      vertex 172.3327 58.2235 10.8978
    endloop
  endfacet
  facet normal 1.0 0.0 0.0
    outer loop
      vertex 172.3327 30.5 10.5981
      vertex 172.3327 57.5 10.5981
      vertex 172.3327 74.0 29.6667
    endloop
  endfacet
  facet normal 1.0 0.0 0.0
    outer loop
      vertex 172.3327 56.1022 8.77646
      vertex 172.3327 32.0 8.0
      vertex 172.3327 56.0 8.0
    endloop
  endfacet
  facet normal 1.0 0.0 0.0
    outer loop
      vertex 172.3327 31.8978 8.77646
      vertex 172.3327 56.1022 8.77646
      vertex 172.3327 56.4019 9.5
    endloop
  endfacet
  facet normal 1.0 0.0 0.0
    outer loop
      vertex 172.3327 31.5981 9.5
      vertex 172.3327 56.4019 9.5
      vertex 172.3327 56.8787 10.1213
    endloop
  endfacet
  facet normal 1.0 0.0 0.0
    outer loop
      vertex 172.3327 57.5 10.5981
      vertex 172.3327 30.5 10.5981
      vertex 172.3327 56.8787 10.1213
    endloop
  endfacet
  facet normal 1.0 0.0 0.0
    outer loop
      vertex 172.3327 56.1022 8.77646
      vertex 172.3327 31.8978 8.77646
      vertex 172.3327 32.0 8.0
    endloop
  endfacet
  facet normal 1.0 0.0 0.0
    outer loop
      vertex 172.3327 56.4019 9.5
      vertex 172.3327 31.5981 9.5
      vertex 172.3327 31.8978 8.77646
    endloop
  endfacet
  facet normal 1.0 0.0 0.0
    outer loop
      vertex 172.3327 56.8787 10.1213
      vertex 172.3327 31.1213 10.1213
      vertex 172.3327 31.5981 9.5
    endloop
  endfacet
  facet normal 1.0 0.0 0.0
    outer loop
      vertex 172.3327 56.8787 10.1213
      vertex 172.3327 30.5 10.5981
      vertex 172.3327 31.1213 10.1213
    endloop
  endfacet
  facet normal 1.0 -0.0 0.0
    outer loop
      vertex 172.3327 14.0 29.6667
      vertex 172.3327 30.5 10.5981
      vertex 172.3327 74.0 29.6667
    endloop
  endfacet
  facet normal 1.0 0.0 0.0
    outer loop
      vertex 172.3327 30.5 10.5981
      vertex 172.3327 14.0 29.6667
      vertex 172.3327 29.7765 10.8978
    endloop
  endfacet
  facet normal 1.0 0.0 0.0
    outer loop
      vertex 172.3327 29.7765 10.8978
      vertex 172.3327 14.0 29.6667
      vertex 172.3327 29.0 11.0
    endloop
  endfacet
  facet normal 1.0 0.0 0.0
    outer loop
      vertex 172.3327 8.0 0.0
      vertex 172.3327 26.1022 8.77646
      vertex 172.3327 14.0 29.6667
    endloop
  endfacet
  facet normal 1.0 0.0 0.0
    outer loop
      vertex 172.3327 26.401899999999998 9.5
      vertex 172.3327 14.0 29.6667
      vertex 172.3327 26.1022 8.77646
    endloop
  endfacet
  facet normal 1.0 0.0 0.0
    outer loop
      vertex 172.3327 26.878700000000002 10.1213
      vertex 172.3327 14.0 29.6667
      vertex 172.3327 26.401899999999998 9.5
    endloop
  endfacet
  facet normal 1.0 0.0 0.0
    outer loop
      vertex 172.3327 27.5 10.5981
      vertex 172.3327 14.0 29.6667
      vertex 172.3327 26.878700000000002 10.1213
    endloop
  endfacet
  facet normal 1.0 0.0 0.0
    outer loop
      vertex 172.3327 28.2235 10.8978
      vertex 172.3327 14.0 29.6667
      vertex 172.3327 27.5 10.5981
    endloop
  endfacet
  facet normal 1.0 0.0 0.0
    outer loop
      vertex 172.3327 29.0 11.0
      vertex 172.3327 14.0 29.6667
      vertex 172.3327 28.2235 10.8978
    endloop
  endfacet
  facet normal 1.0 0.0 0.0
    outer loop
      vertex 172.3327 74.0 29.6667
      vertex 172.3327 80.0 41.6667
      vertex 172.3327 74.0 41.6667
    endloop
  endfacet
  facet normal 1.0 0.0 0.0
    outer loop
      vertex 172.3327 80.0 41.6667
      vertex 172.3327 74.0 29.6667
      vertex 172.3327 80.0 0.0
    endloop
  endfacet
  facet normal 1.0 -0.0 0.0
    outer loop
      vertex 172.3327 61.8978 8.77646
      vertex 172.3327 80.0 0.0
      vertex 172.3327 74.0 29.6667
    endloop
  endfacet
  facet normal 1.0 -0.0 0.0
    outer loop
      vertex 172.3327 61.8978 7.22354
      vertex 172.3327 80.0 0.0
      vertex 172.3327 62.0 8.0
    endloop
  endfacet
  facet normal 1.0 -0.0 0.0
    outer loop
      vertex 172.3327 61.5981 6.5
      vertex 172.3327 80.0 0.0
      vertex 172.3327 61.8978 7.22354
    endloop
  endfacet
  facet normal 1.0 -0.0 0.0
    outer loop
      vertex 172.3327 61.1213 5.87868
      vertex 172.3327 80.0 0.0
      vertex 172.3327 61.5981 6.5
    endloop
  endfacet
  facet normal 1.0 -0.0 0.0
    outer loop
      vertex 172.3327 60.5 5.40192
      vertex 172.3327 80.0 0.0
      vertex 172.3327 61.1213 5.87868
    endloop
  endfacet
  facet normal 1.0 -0.0 0.0
    outer loop
      vertex 172.3327 59.7765 5.10222
      vertex 172.3327 80.0 0.0
      vertex 172.3327 60.5 5.40192
    endloop
  endfacet
  facet normal 1.0 -0.0 0.0
    outer loop
      vertex 172.3327 59.0 5.0
      vertex 172.3327 80.0 0.0
      vertex 172.3327 59.7765 5.10222
    endloop
  endfacet
  facet normal 1.0 0.0 0.0
    outer loop
      vertex 172.3327 58.2235 5.10222
      vertex 172.3327 80.0 0.0
      vertex 172.3327 59.0 5.0
    endloop
  endfacet
  facet normal 1.0 -0.0 0.0
    outer loop
      vertex 172.3327 32.0 8.0
      vertex 172.3327 56.1022 7.22354
      vertex 172.3327 56.0 8.0
    endloop
  endfacet
  facet normal 1.0 0.0 0.0
    outer loop
      vertex 172.3327 31.8978 7.22354
      vertex 172.3327 56.1022 7.22354
      vertex 172.3327 32.0 8.0
    endloop
  endfacet
  facet normal 1.0 0.0 0.0
    outer loop
      vertex 172.3327 56.1022 7.22354
      vertex 172.3327 31.8978 7.22354
      vertex 172.3327 56.4019 6.5
    endloop
  endfacet
  facet normal 1.0 0.0 0.0
    outer loop
      vertex 172.3327 31.5981 6.5
      vertex 172.3327 56.4019 6.5
      vertex 172.3327 31.8978 7.22354
    endloop
  endfacet
  facet normal 1.0 0.0 0.0
    outer loop
      vertex 172.3327 56.4019 6.5
      vertex 172.3327 31.5981 6.5
      vertex 172.3327 56.8787 5.87868
    endloop
  endfacet
  facet normal 1.0 0.0 0.0
    outer loop
      vertex 172.3327 31.1213 5.87868
      vertex 172.3327 56.8787 5.87868
      vertex 172.3327 31.5981 6.5
    endloop
  endfacet
  facet normal 1.0 0.0 0.0
    outer loop
      vertex 172.3327 56.8787 5.87868
      vertex 172.3327 31.1213 5.87868
      vertex 172.3327 57.5 5.40192
    endloop
  endfacet
  facet normal 1.0 0.0 0.0
    outer loop
      vertex 172.3327 30.5 5.40192
      vertex 172.3327 57.5 5.40192
      vertex 172.3327 31.1213 5.87868
    endloop
  endfacet
  facet normal 1.0 0.0 0.0
    outer loop
      vertex 172.3327 57.5 5.40192
      vertex 172.3327 30.5 5.40192
      vertex 172.3327 58.2235 5.10222
    endloop
  endfacet
  facet normal 1.0 0.0 0.0
    outer loop
      vertex 172.3327 29.7765 5.10222
      vertex 172.3327 58.2235 5.10222
      vertex 172.3327 30.5 5.40192
    endloop
  endfacet
  facet normal 1.0 0.0 0.0
    outer loop
      vertex 172.3327 58.2235 5.10222
      vertex 172.3327 29.7765 5.10222
      vertex 172.3327 80.0 0.0
    endloop
  endfacet
  facet normal 1.0 -0.0 0.0
    outer loop
      vertex 172.3327 29.0 5.0
      vertex 172.3327 80.0 0.0
      vertex 172.3327 29.7765 5.10222
    endloop
  endfacet
  facet normal 1.0 0.0 0.0
    outer loop
      vertex 172.3327 26.1022 8.77646
      vertex 172.3327 8.0 0.0
      vertex 172.3327 26.0 8.0
    endloop
  endfacet
  facet normal 1.0 0.0 0.0
    outer loop
      vertex 172.3327 26.0 8.0
      vertex 172.3327 8.0 0.0
      vertex 172.3327 26.1022 7.22354
    endloop
  endfacet
  facet normal 1.0 0.0 0.0
    outer loop
      vertex 172.3327 29.0 5.0
      vertex 172.3327 8.0 0.0
      vertex 172.3327 80.0 0.0
    endloop
  endfacet
  facet normal 1.0 0.0 0.0
    outer loop
      vertex 172.3327 28.2235 5.10222
      vertex 172.3327 8.0 0.0
      vertex 172.3327 29.0 5.0
    endloop
  endfacet
  facet normal 1.0 0.0 0.0
    outer loop
      vertex 172.3327 27.5 5.40192
      vertex 172.3327 8.0 0.0
      vertex 172.3327 28.2235 5.10222
    endloop
  endfacet
  facet normal 1.0 0.0 0.0
    outer loop
      vertex 172.3327 26.878700000000002 5.87868
      vertex 172.3327 8.0 0.0
      vertex 172.3327 27.5 5.40192
    endloop
  endfacet
  facet normal 1.0 0.0 0.0
    outer loop
      vertex 172.3327 26.401899999999998 6.5
      vertex 172.3327 8.0 0.0
      vertex 172.3327 26.878700000000002 5.87868
    endloop
  endfacet
  facet normal 1.0 0.0 0.0
    outer loop
      vertex 172.3327 26.1022 7.22354
      vertex 172.3327 8.0 0.0
      vertex 172.3327 26.401899999999998 6.5
    endloop
  endfacet
  facet normal 1.0 0.0 0.0
    outer loop
      vertex 172.3327 8.0 0.0
      vertex 172.3327 14.0 29.6667
      vertex 172.3327 8.0 41.6667
    endloop
  endfacet
  facet normal 0.0 0.0 -1.0
    outer loop
      vertex 61.6147 14.0 0.0
      vertex 172.3327 8.0 0.0
      vertex 61.6147 8.0 0.0
    endloop
  endfacet
  facet normal 0.0 0.0 -1.0
    outer loop
      vertex 172.3327 8.0 0.0
      vertex 61.6147 14.0 0.0
      vertex 172.3327 80.0 0.0
    endloop
  endfacet
  facet normal 0.0 0.0 -1.0
    outer loop
      vertex 61.6147 74.0 0.0
      vertex 172.3327 80.0 0.0
      vertex 61.6147 14.0 0.0
    endloop
  endfacet
  facet normal -0.0 0.0 -1.0
    outer loop
      vertex 172.3327 80.0 0.0
      vertex 61.6147 74.0 0.0
      vertex 61.6147 80.0 0.0
    endloop
  endfacet
  facet normal -0.258818 0.0 0.965926
    outer loop
      vertex 61.6147 14.0 12.0
      vertex 172.3327 8.0 41.6667
      vertex 172.3327 14.0 41.6667
    endloop
  endfacet
  facet normal -0.258818 0.0 0.965926
    outer loop
      vertex 172.3327 8.0 41.6667
      vertex 61.6147 14.0 12.0
      vertex 61.6147 8.0 12.0
    endloop
  endfacet
  facet normal 0.0 1.0 -0.0
    outer loop
      vertex 172.3327 14.0 29.6667
      vertex 61.6147 14.0 12.0
      vertex 172.3327 14.0 41.6667
    endloop
  endfacet
  facet normal -0.0 1.0 0.0
    outer loop
      vertex 61.6147 14.0 12.0
      vertex 172.3327 14.0 29.6667
      vertex 61.6147 14.0 0.0
    endloop
  endfacet
  facet normal 0.0 -1.0 0.0
    outer loop
      vertex 172.3327 8.0 0.0
      vertex 61.6147 8.0 12.0
      vertex 61.6147 8.0 0.0
    endloop
  endfacet
  facet normal 0.0 -1.0 0.0
    outer loop
      vertex 61.6147 8.0 12.0
      vertex 172.3327 8.0 0.0
      vertex 172.3327 8.0 41.6667
    endloop
  endfacet
  facet normal -1.0 0.0 0.0
    outer loop
      vertex 61.6147 74.0 0.0
      vertex 61.6147 80.0 12.0
      vertex 61.6147 80.0 0.0
    endloop
  endfacet
  facet normal -1.0 -0.0 0.0
    outer loop
      vertex 61.6147 80.0 12.0
      vertex 61.6147 74.0 0.0
      vertex 61.6147 74.0 12.0
    endloop
  endfacet
  facet normal -0.258818 0.0 0.965926
    outer loop
      vertex 61.6147 80.0 12.0
      vertex 172.3327 74.0 41.6667
      vertex 172.3327 80.0 41.6667
    endloop
  endfacet
  facet normal -0.258818 0.0 0.965926
    outer loop
      vertex 172.3327 74.0 41.6667
      vertex 61.6147 80.0 12.0
      vertex 61.6147 74.0 12.0
    endloop
  endfacet
  facet normal 0.0 1.0 -0.0
    outer loop
      vertex 172.3327 80.0 0.0
      vertex 61.6147 80.0 12.0
      vertex 172.3327 80.0 41.6667
    endloop
  endfacet
  facet normal 0.0 1.0 0.0
    outer loop
      vertex 61.6147 80.0 12.0
      vertex 172.3327 80.0 0.0
      vertex 61.6147 80.0 0.0
    endloop
  endfacet
  facet normal 0.0 -1.0 0.0
    outer loop
      vertex 61.6147 74.0 12.0
      vertex 172.3327 74.0 29.6667
      vertex 172.3327 74.0 41.6667
    endloop
  endfacet
  facet normal 0.0 -1.0 0.0
    outer loop
      vertex 172.3327 74.0 29.6667
      vertex 61.6147 74.0 12.0
      vertex 61.6147 74.0 0.0
    endloop
  endfacet
  facet normal 0.0 0.130516 -0.991446
    outer loop
      vertex 172.3327 29.0 5.0
      vertex 180.3327 29.7765 5.10222
      vertex 180.3327 29.0 5.0
    endloop
  endfacet
  facet normal 0.0 0.130516 -0.991446
    outer loop
      vertex 180.3327 29.7765 5.10222
      vertex 172.3327 29.0 5.0
      vertex 172.3327 29.7765 5.10222
    endloop
  endfacet
  facet normal -0.0 0.382701 0.923872
    outer loop
      vertex 172.3327 30.5 10.5981
      vertex 180.3327 29.7765 10.8978
      vertex 180.3327 30.5 10.5981
    endloop
  endfacet
  facet normal 0.0 0.382701 0.923872
    outer loop
      vertex 180.3327 29.7765 10.8978
      vertex 172.3327 30.5 10.5981
      vertex 172.3327 29.7765 10.8978
    endloop
  endfacet
  facet normal 0.0 0.382701 -0.923872
    outer loop
      vertex 172.3327 29.7765 5.10222
      vertex 180.3327 30.5 5.40192
      vertex 180.3327 29.7765 5.10222
    endloop
  endfacet
  facet normal 0.0 0.382701 -0.923872
    outer loop
      vertex 180.3327 30.5 5.40192
      vertex 172.3327 29.7765 5.10222
      vertex 172.3327 30.5 5.40192
    endloop
  endfacet
  facet normal 0.0 0.92388 -0.382683
    outer loop
      vertex 180.3327 31.5981 6.5
      vertex 172.3327 31.8978 7.22354
      vertex 180.3327 31.8978 7.22354
    endloop
  endfacet
  facet normal 0.0 0.92388 -0.382683
    outer loop
      vertex 172.3327 31.8978 7.22354
      vertex 180.3327 31.5981 6.5
      vertex 172.3327 31.5981 6.5
    endloop
  endfacet
  facet normal 0.0 0.793326 -0.608797
    outer loop
      vertex 180.3327 31.1213 5.87868
      vertex 172.3327 31.5981 6.5
      vertex 180.3327 31.5981 6.5
    endloop
  endfacet
  facet normal 0.0 0.793326 -0.608797
    outer loop
      vertex 172.3327 31.5981 6.5
      vertex 180.3327 31.1213 5.87868
      vertex 172.3327 31.1213 5.87868
    endloop
  endfacet
  facet normal 0.0 0.92388 0.382683
    outer loop
      vertex 180.3327 31.8978 8.77646
      vertex 172.3327 31.5981 9.5
      vertex 180.3327 31.5981 9.5
    endloop
  endfacet
  facet normal 0.0 0.92388 0.382683
    outer loop
      vertex 172.3327 31.5981 9.5
      vertex 180.3327 31.8978 8.77646
      vertex 172.3327 31.8978 8.77646
    endloop
  endfacet
  facet normal 0.0 0.793316 0.608809
    outer loop
      vertex 180.3327 31.5981 9.5
      vertex 172.3327 31.1213 10.1213
      vertex 180.3327 31.1213 10.1213
    endloop
  endfacet
  facet normal 0.0 0.793316 0.608809
    outer loop
      vertex 172.3327 31.1213 10.1213
      vertex 180.3327 31.5981 9.5
      vertex 172.3327 31.5981 9.5
    endloop
  endfacet
  facet normal 0.0 0.608777 -0.793341
    outer loop
      vertex 172.3327 30.5 5.40192
      vertex 180.3327 31.1213 5.87868
      vertex 180.3327 30.5 5.40192
    endloop
  endfacet
  facet normal 0.0 0.608777 -0.793341
    outer loop
      vertex 180.3327 31.1213 5.87868
      vertex 172.3327 30.5 5.40192
      vertex 172.3327 31.1213 5.87868
    endloop
  endfacet
  facet normal 0.0 0.991449 -0.130497
    outer loop
      vertex 180.3327 31.8978 7.22354
      vertex 172.3327 32.0 8.0
      vertex 180.3327 32.0 8.0
    endloop
  endfacet
  facet normal 0.0 0.991449 -0.130497
    outer loop
      vertex 172.3327 32.0 8.0
      vertex 180.3327 31.8978 7.22354
      vertex 172.3327 31.8978 7.22354
    endloop
  endfacet
  facet normal -0.0 0.130491 0.99145
    outer loop
      vertex 172.3327 29.7765 10.8978
      vertex 180.3327 29.0 11.0
      vertex 180.3327 29.7765 10.8978
    endloop
  endfacet
  facet normal 0.0 0.130491 0.99145
    outer loop
      vertex 180.3327 29.0 11.0
      vertex 172.3327 29.7765 10.8978
      vertex 172.3327 29.0 11.0
    endloop
  endfacet
  facet normal -0.0 0.608809 0.793316
    outer loop
      vertex 172.3327 31.1213 10.1213
      vertex 180.3327 30.5 10.5981
      vertex 180.3327 31.1213 10.1213
    endloop
  endfacet
  facet normal 0.0 0.608809 0.793316
    outer loop
      vertex 180.3327 30.5 10.5981
      vertex 172.3327 31.1213 10.1213
      vertex 172.3327 30.5 10.5981
    endloop
  endfacet
  facet normal 0.0 0.991449 0.130497
    outer loop
      vertex 180.3327 32.0 8.0
      vertex 172.3327 31.8978 8.77646
      vertex 180.3327 31.8978 8.77646
    endloop
  endfacet
  facet normal 0.0 0.991449 0.130497
    outer loop
      vertex 172.3327 31.8978 8.77646
      vertex 180.3327 32.0 8.0
      vertex 172.3327 32.0 8.0
    endloop
  endfacet
  facet normal 0.0 -0.382701 -0.923872
    outer loop
      vertex 172.3327 27.5 5.40192
      vertex 180.3327 28.2235 5.10222
      vertex 180.3327 27.5 5.40192
    endloop
  endfacet
  facet normal -0.0 -0.382701 -0.923872
    outer loop
      vertex 180.3327 28.2235 5.10222
      vertex 172.3327 27.5 5.40192
      vertex 172.3327 28.2235 5.10222
    endloop
  endfacet
  facet normal 0.0 -0.382701 0.923872
    outer loop
      vertex 172.3327 28.2235 10.8978
      vertex 180.3327 27.5 10.5981
      vertex 180.3327 28.2235 10.8978
    endloop
  endfacet
  facet normal 0.0 -0.382701 0.923872
    outer loop
      vertex 180.3327 27.5 10.5981
      vertex 172.3327 28.2235 10.8978
      vertex 172.3327 27.5 10.5981
    endloop
  endfacet
  facet normal 0.0 -0.608777 -0.793341
    outer loop
      vertex 172.3327 26.878700000000002 5.87868
      vertex 180.3327 27.5 5.40192
      vertex 180.3327 26.878700000000002 5.87868
    endloop
  endfacet
  facet normal -0.0 -0.608777 -0.793341
    outer loop
      vertex 180.3327 27.5 5.40192
      vertex 172.3327 26.878700000000002 5.87868
      vertex 172.3327 27.5 5.40192
    endloop
  endfacet
  facet normal 0.0 -0.130516 -0.991446
    outer loop
      vertex 172.3327 28.2235 5.10222
      vertex 180.3327 29.0 5.0
      vertex 180.3327 28.2235 5.10222
    endloop
  endfacet
  facet normal -0.0 -0.130516 -0.991446
    outer loop
      vertex 180.3327 29.0 5.0
      vertex 172.3327 28.2235 5.10222
      vertex 172.3327 29.0 5.0
    endloop
  endfacet
  facet normal 0.0 -0.991449 -0.130497
    outer loop
      vertex 172.3327 26.1022 7.22354
      vertex 180.3327 26.0 8.0
      vertex 172.3327 26.0 8.0
    endloop
  endfacet
  facet normal 0.0 -0.991449 -0.130497
    outer loop
      vertex 180.3327 26.0 8.0
      vertex 172.3327 26.1022 7.22354
      vertex 180.3327 26.1022 7.22354
    endloop
  endfacet
  facet normal 0.0 -0.991449 0.130497
    outer loop
      vertex 172.3327 26.0 8.0
      vertex 180.3327 26.1022 8.77646
      vertex 172.3327 26.1022 8.77646
    endloop
  endfacet
  facet normal 0.0 -0.991449 0.130497
    outer loop
      vertex 180.3327 26.1022 8.77646
      vertex 172.3327 26.0 8.0
      vertex 180.3327 26.0 8.0
    endloop
  endfacet
  facet normal 1.0 0.0 0.0
    outer loop
      vertex 180.3327 31.8978 8.77646
      vertex 180.3327 31.8978 7.22354
      vertex 180.3327 32.0 8.0
    endloop
  endfacet
  facet normal 1.0 0.0 0.0
    outer loop
      vertex 180.3327 31.5981 9.5
      vertex 180.3327 31.8978 7.22354
      vertex 180.3327 31.8978 8.77646
    endloop
  endfacet
  facet normal 1.0 0.0 0.0
    outer loop
      vertex 180.3327 31.5981 9.5
      vertex 180.3327 31.5981 6.5
      vertex 180.3327 31.8978 7.22354
    endloop
  endfacet
  facet normal 1.0 0.0 0.0
    outer loop
      vertex 180.3327 31.1213 10.1213
      vertex 180.3327 31.5981 6.5
      vertex 180.3327 31.5981 9.5
    endloop
  endfacet
  facet normal 1.0 0.0 0.0
    outer loop
      vertex 180.3327 31.1213 10.1213
      vertex 180.3327 31.1213 5.87868
      vertex 180.3327 31.5981 6.5
    endloop
  endfacet
  facet normal 1.0 0.0 0.0
    outer loop
      vertex 180.3327 30.5 10.5981
      vertex 180.3327 31.1213 5.87868
      vertex 180.3327 31.1213 10.1213
    endloop
  endfacet
  facet normal 1.0 0.0 0.0
    outer loop
      vertex 180.3327 30.5 10.5981
      vertex 180.3327 30.5 5.40192
      vertex 180.3327 31.1213 5.87868
    endloop
  endfacet
  facet normal 1.0 0.0 0.0
    outer loop
      vertex 180.3327 29.7765 10.8978
      vertex 180.3327 30.5 5.40192
      vertex 180.3327 30.5 10.5981
    endloop
  endfacet
  facet normal 1.0 0.0 0.0
    outer loop
      vertex 180.3327 29.7765 10.8978
      vertex 180.3327 29.7765 5.10222
      vertex 180.3327 30.5 5.40192
    endloop
  endfacet
  facet normal 1.0 0.0 0.0
    outer loop
      vertex 180.3327 29.0 11.0
      vertex 180.3327 29.7765 5.10222
      vertex 180.3327 29.7765 10.8978
    endloop
  endfacet
  facet normal 1.0 0.0 0.0
    outer loop
      vertex 180.3327 29.0 11.0
      vertex 180.3327 29.0 5.0
      vertex 180.3327 29.7765 5.10222
    endloop
  endfacet
  facet normal 1.0 -0.0 0.0
    outer loop
      vertex 180.3327 28.2235 10.8978
      vertex 180.3327 29.0 5.0
      vertex 180.3327 29.0 11.0
    endloop
  endfacet
  facet normal 1.0 0.0 0.0
    outer loop
      vertex 180.3327 28.2235 10.8978
      vertex 180.3327 28.2235 5.10222
      vertex 180.3327 29.0 5.0
    endloop
  endfacet
  facet normal 1.0 -0.0 0.0
    outer loop
      vertex 180.3327 27.5 10.5981
      vertex 180.3327 28.2235 5.10222
      vertex 180.3327 28.2235 10.8978
    endloop
  endfacet
  facet normal 1.0 0.0 0.0
    outer loop
      vertex 180.3327 27.5 10.5981
      vertex 180.3327 27.5 5.40192
      vertex 180.3327 28.2235 5.10222
    endloop
  endfacet
  facet normal 1.0 -0.0 0.0
    outer loop
      vertex 180.3327 26.878700000000002 10.1213
      vertex 180.3327 27.5 5.40192
      vertex 180.3327 27.5 10.5981
    endloop
  endfacet
  facet normal 1.0 0.0 0.0
    outer loop
      vertex 180.3327 26.878700000000002 10.1213
      vertex 180.3327 26.878700000000002 5.87868
      vertex 180.3327 27.5 5.40192
    endloop
  endfacet
  facet normal 1.0 -0.0 0.0
    outer loop
      vertex 180.3327 26.401899999999998 9.5
      vertex 180.3327 26.878700000000002 5.87868
      vertex 180.3327 26.878700000000002 10.1213
    endloop
  endfacet
  facet normal 1.0 0.0 0.0
    outer loop
      vertex 180.3327 26.401899999999998 9.5
      vertex 180.3327 26.401899999999998 6.5
      vertex 180.3327 26.878700000000002 5.87868
    endloop
  endfacet
  facet normal 1.0 -0.0 0.0
    outer loop
      vertex 180.3327 26.1022 8.77646
      vertex 180.3327 26.401899999999998 6.5
      vertex 180.3327 26.401899999999998 9.5
    endloop
  endfacet
  facet normal 1.0 0.0 0.0
    outer loop
      vertex 180.3327 26.1022 8.77646
      vertex 180.3327 26.1022 7.22354
      vertex 180.3327 26.401899999999998 6.5
    endloop
  endfacet
  facet normal 1.0 0.0 -0.0
    outer loop
      vertex 180.3327 26.1022 7.22354
      vertex 180.3327 26.1022 8.77646
      vertex 180.3327 26.0 8.0
    endloop
  endfacet
  facet normal 0.0 -0.130491 0.99145
    outer loop
      vertex 172.3327 29.0 11.0
      vertex 180.3327 28.2235 10.8978
      vertex 180.3327 29.0 11.0
    endloop
  endfacet
  facet normal 0.0 -0.130491 0.99145
    outer loop
      vertex 180.3327 28.2235 10.8978
      vertex 172.3327 29.0 11.0
      vertex 172.3327 28.2235 10.8978
    endloop
  endfacet
  facet normal 0.0 -0.608809 0.793316
    outer loop
      vertex 172.3327 27.5 10.5981
      vertex 180.3327 26.878700000000002 10.1213
      vertex 180.3327 27.5 10.5981
    endloop
  endfacet
  facet normal 0.0 -0.608809 0.793316
    outer loop
      vertex 180.3327 26.878700000000002 10.1213
      vertex 172.3327 27.5 10.5981
      vertex 172.3327 26.878700000000002 10.1213
    endloop
  endfacet
  facet normal 0.0 -0.92388 -0.382683
    outer loop
      vertex 172.3327 26.401899999999998 6.5
      vertex 180.3327 26.1022 7.22354
      vertex 172.3327 26.1022 7.22354
    endloop
  endfacet
  facet normal 0.0 -0.92388 -0.382683
    outer loop
      vertex 180.3327 26.1022 7.22354
      vertex 172.3327 26.401899999999998 6.5
      vertex 180.3327 26.401899999999998 6.5
    endloop
  endfacet
  facet normal 0.0 -0.793326 -0.608797
    outer loop
      vertex 172.3327 26.878700000000002 5.87868
      vertex 180.3327 26.401899999999998 6.5
      vertex 172.3327 26.401899999999998 6.5
    endloop
  endfacet
  facet normal 0.0 -0.793326 -0.608797
    outer loop
      vertex 180.3327 26.401899999999998 6.5
      vertex 172.3327 26.878700000000002 5.87868
      vertex 180.3327 26.878700000000002 5.87868
    endloop
  endfacet
  facet normal 0.0 -0.92388 0.382683
    outer loop
      vertex 172.3327 26.1022 8.77646
      vertex 180.3327 26.401899999999998 9.5
      vertex 172.3327 26.401899999999998 9.5
    endloop
  endfacet
  facet normal 0.0 -0.92388 0.382683
    outer loop
      vertex 180.3327 26.401899999999998 9.5
      vertex 172.3327 26.1022 8.77646
      vertex 180.3327 26.1022 8.77646
    endloop
  endfacet
  facet normal 0.0 -0.793316 0.608809
    outer loop
      vertex 172.3327 26.401899999999998 9.5
      vertex 180.3327 26.878700000000002 10.1213
      vertex 172.3327 26.878700000000002 10.1213
    endloop
  endfacet
  facet normal 0.0 -0.793316 0.608809
    outer loop
      vertex 180.3327 26.878700000000002 10.1213
      vertex 172.3327 26.401899999999998 9.5
      vertex 180.3327 26.401899999999998 9.5
    endloop
  endfacet
  facet normal 0.0 0.130516 -0.991446
    outer loop
      vertex 172.3327 59.0 5.0
      vertex 180.3327 59.7765 5.10222
      vertex 180.3327 59.0 5.0
    endloop
  endfacet
  facet normal 0.0 0.130516 -0.991446
    outer loop
      vertex 180.3327 59.7765 5.10222
      vertex 172.3327 59.0 5.0
      vertex 172.3327 59.7765 5.10222
    endloop
  endfacet
  facet normal -0.0 0.130491 0.99145
    outer loop
      vertex 172.3327 59.7765 10.8978
      vertex 180.3327 59.0 11.0
      vertex 180.3327 59.7765 10.8978
    endloop
  endfacet
  facet normal 0.0 0.130491 0.99145
    outer loop
      vertex 180.3327 59.0 11.0
      vertex 172.3327 59.7765 10.8978
      vertex 172.3327 59.0 11.0
    endloop
  endfacet
  facet normal 0.0 -0.991449 -0.130497
    outer loop
      vertex 172.3327 56.1022 7.22354
      vertex 180.3327 56.0 8.0
      vertex 172.3327 56.0 8.0
    endloop
  endfacet
  facet normal 0.0 -0.991449 -0.130497
    outer loop
      vertex 180.3327 56.0 8.0
      vertex 172.3327 56.1022 7.22354
      vertex 180.3327 56.1022 7.22354
    endloop
  endfacet
  facet normal 0.0 -0.608777 -0.793341
    outer loop
      vertex 172.3327 56.8787 5.87868
      vertex 180.3327 57.5 5.40192
      vertex 180.3327 56.8787 5.87868
    endloop
  endfacet
  facet normal -0.0 -0.608777 -0.793341
    outer loop
      vertex 180.3327 57.5 5.40192
      vertex 172.3327 56.8787 5.87868
      vertex 172.3327 57.5 5.40192
    endloop
  endfacet
  facet normal 0.0 0.382701 -0.923872
    outer loop
      vertex 172.3327 59.7765 5.10222
      vertex 180.3327 60.5 5.40192
      vertex 180.3327 59.7765 5.10222
    endloop
  endfacet
  facet normal 0.0 0.382701 -0.923872
    outer loop
      vertex 180.3327 60.5 5.40192
      vertex 172.3327 59.7765 5.10222
      vertex 172.3327 60.5 5.40192
    endloop
  endfacet
  facet normal 0.0 0.793326 -0.608797
    outer loop
      vertex 180.3327 61.1213 5.87868
      vertex 172.3327 61.5981 6.5
      vertex 180.3327 61.5981 6.5
    endloop
  endfacet
  facet normal 0.0 0.793326 -0.608797
    outer loop
      vertex 172.3327 61.5981 6.5
      vertex 180.3327 61.1213 5.87868
      vertex 172.3327 61.1213 5.87868
    endloop
  endfacet
  facet normal 0.0 0.793316 0.608809
    outer loop
      vertex 180.3327 61.5981 9.5
      vertex 172.3327 61.1213 10.1213
      vertex 180.3327 61.1213 10.1213
    endloop
  endfacet
  facet normal 0.0 0.793316 0.608809
    outer loop
      vertex 172.3327 61.1213 10.1213
      vertex 180.3327 61.5981 9.5
      vertex 172.3327 61.5981 9.5
    endloop
  endfacet
  facet normal -0.0 0.608809 0.793316
    outer loop
      vertex 172.3327 61.1213 10.1213
      vertex 180.3327 60.5 10.5981
      vertex 180.3327 61.1213 10.1213
    endloop
  endfacet
  facet normal 0.0 0.608809 0.793316
    outer loop
      vertex 180.3327 60.5 10.5981
      vertex 172.3327 61.1213 10.1213
      vertex 172.3327 60.5 10.5981
    endloop
  endfacet
  facet normal 0.0 0.92388 0.382683
    outer loop
      vertex 180.3327 61.8978 8.77646
      vertex 172.3327 61.5981 9.5
      vertex 180.3327 61.5981 9.5
    endloop
  endfacet
  facet normal 0.0 0.92388 0.382683
    outer loop
      vertex 172.3327 61.5981 9.5
      vertex 180.3327 61.8978 8.77646
      vertex 172.3327 61.8978 8.77646
    endloop
  endfacet
  facet normal 0.0 0.608777 -0.793341
    outer loop
      vertex 172.3327 60.5 5.40192
      vertex 180.3327 61.1213 5.87868
      vertex 180.3327 60.5 5.40192
    endloop
  endfacet
  facet normal 0.0 0.608777 -0.793341
    outer loop
      vertex 180.3327 61.1213 5.87868
      vertex 172.3327 60.5 5.40192
      vertex 172.3327 61.1213 5.87868
    endloop
  endfacet
  facet normal 0.0 0.92388 -0.382683
    outer loop
      vertex 180.3327 61.5981 6.5
      vertex 172.3327 61.8978 7.22354
      vertex 180.3327 61.8978 7.22354
    endloop
  endfacet
  facet normal 0.0 0.92388 -0.382683
    outer loop
      vertex 172.3327 61.8978 7.22354
      vertex 180.3327 61.5981 6.5
      vertex 172.3327 61.5981 6.5
    endloop
  endfacet
  facet normal -0.0 0.382701 0.923872
    outer loop
      vertex 172.3327 60.5 10.5981
      vertex 180.3327 59.7765 10.8978
      vertex 180.3327 60.5 10.5981
    endloop
  endfacet
  facet normal 0.0 0.382701 0.923872
    outer loop
      vertex 180.3327 59.7765 10.8978
      vertex 172.3327 60.5 10.5981
      vertex 172.3327 59.7765 10.8978
    endloop
  endfacet
  facet normal 0.0 0.991449 0.130497
    outer loop
      vertex 180.3327 62.0 8.0
      vertex 172.3327 61.8978 8.77646
      vertex 180.3327 61.8978 8.77646
    endloop
  endfacet
  facet normal 0.0 0.991449 0.130497
    outer loop
      vertex 172.3327 61.8978 8.77646
      vertex 180.3327 62.0 8.0
      vertex 172.3327 62.0 8.0
    endloop
  endfacet
  facet normal 0.0 -0.608809 0.793316
    outer loop
      vertex 172.3327 57.5 10.5981
      vertex 180.3327 56.8787 10.1213
      vertex 180.3327 57.5 10.5981
    endloop
  endfacet
  facet normal 0.0 -0.608809 0.793316
    outer loop
      vertex 180.3327 56.8787 10.1213
      vertex 172.3327 57.5 10.5981
      vertex 172.3327 56.8787 10.1213
    endloop
  endfacet
  facet normal 0.0 -0.92388 -0.382683
    outer loop
      vertex 172.3327 56.4019 6.5
      vertex 180.3327 56.1022 7.22354
      vertex 172.3327 56.1022 7.22354
    endloop
  endfacet
  facet normal 0.0 -0.92388 -0.382683
    outer loop
      vertex 180.3327 56.1022 7.22354
      vertex 172.3327 56.4019 6.5
      vertex 180.3327 56.4019 6.5
    endloop
  endfacet
  facet normal 0.0 -0.382701 -0.923872
    outer loop
      vertex 172.3327 57.5 5.40192
      vertex 180.3327 58.2235 5.10222
      vertex 180.3327 57.5 5.40192
    endloop
  endfacet
  facet normal -0.0 -0.382701 -0.923872
    outer loop
      vertex 180.3327 58.2235 5.10222
      vertex 172.3327 57.5 5.40192
      vertex 172.3327 58.2235 5.10222
    endloop
  endfacet
  facet normal 0.0 0.991449 -0.130497
    outer loop
      vertex 180.3327 61.8978 7.22354
      vertex 172.3327 62.0 8.0
      vertex 180.3327 62.0 8.0
    endloop
  endfacet
  facet normal 0.0 0.991449 -0.130497
    outer loop
      vertex 172.3327 62.0 8.0
      vertex 180.3327 61.8978 7.22354
      vertex 172.3327 61.8978 7.22354
    endloop
  endfacet
  facet normal 1.0 0.0 0.0
    outer loop
      vertex 180.3327 61.8978 8.77646
      vertex 180.3327 61.8978 7.22354
      vertex 180.3327 62.0 8.0
    endloop
  endfacet
  facet normal 1.0 0.0 0.0
    outer loop
      vertex 180.3327 61.5981 9.5
      vertex 180.3327 61.8978 7.22354
      vertex 180.3327 61.8978 8.77646
    endloop
  endfacet
  facet normal 1.0 0.0 0.0
    outer loop
      vertex 180.3327 61.5981 9.5
      vertex 180.3327 61.5981 6.5
      vertex 180.3327 61.8978 7.22354
    endloop
  endfacet
  facet normal 1.0 0.0 0.0
    outer loop
      vertex 180.3327 61.1213 10.1213
      vertex 180.3327 61.5981 6.5
      vertex 180.3327 61.5981 9.5
    endloop
  endfacet
  facet normal 1.0 0.0 0.0
    outer loop
      vertex 180.3327 61.1213 10.1213
      vertex 180.3327 61.1213 5.87868
      vertex 180.3327 61.5981 6.5
    endloop
  endfacet
  facet normal 1.0 0.0 0.0
    outer loop
      vertex 180.3327 60.5 10.5981
      vertex 180.3327 61.1213 5.87868
      vertex 180.3327 61.1213 10.1213
    endloop
  endfacet
  facet normal 1.0 0.0 0.0
    outer loop
      vertex 180.3327 60.5 10.5981
      vertex 180.3327 60.5 5.40192
      vertex 180.3327 61.1213 5.87868
    endloop
  endfacet
  facet normal 1.0 0.0 0.0
    outer loop
      vertex 180.3327 59.7765 10.8978
      vertex 180.3327 60.5 5.40192
      vertex 180.3327 60.5 10.5981
    endloop
  endfacet
  facet normal 1.0 0.0 0.0
    outer loop
      vertex 180.3327 59.7765 10.8978
      vertex 180.3327 59.7765 5.10222
      vertex 180.3327 60.5 5.40192
    endloop
  endfacet
  facet normal 1.0 0.0 0.0
    outer loop
      vertex 180.3327 59.0 11.0
      vertex 180.3327 59.7765 5.10222
      vertex 180.3327 59.7765 10.8978
    endloop
  endfacet
  facet normal 1.0 0.0 0.0
    outer loop
      vertex 180.3327 59.0 11.0
      vertex 180.3327 59.0 5.0
      vertex 180.3327 59.7765 5.10222
    endloop
  endfacet
  facet normal 1.0 -0.0 0.0
    outer loop
      vertex 180.3327 58.2235 10.8978
      vertex 180.3327 59.0 5.0
      vertex 180.3327 59.0 11.0
    endloop
  endfacet
  facet normal 1.0 0.0 0.0
    outer loop
      vertex 180.3327 58.2235 10.8978
      vertex 180.3327 58.2235 5.10222
      vertex 180.3327 59.0 5.0
    endloop
  endfacet
  facet normal 1.0 -0.0 0.0
    outer loop
      vertex 180.3327 57.5 10.5981
      vertex 180.3327 58.2235 5.10222
      vertex 180.3327 58.2235 10.8978
    endloop
  endfacet
  facet normal 1.0 0.0 0.0
    outer loop
      vertex 180.3327 57.5 10.5981
      vertex 180.3327 57.5 5.40192
      vertex 180.3327 58.2235 5.10222
    endloop
  endfacet
  facet normal 1.0 -0.0 0.0
    outer loop
      vertex 180.3327 56.8787 10.1213
      vertex 180.3327 57.5 5.40192
      vertex 180.3327 57.5 10.5981
    endloop
  endfacet
  facet normal 1.0 0.0 0.0
    outer loop
      vertex 180.3327 56.8787 10.1213
      vertex 180.3327 56.8787 5.87868
      vertex 180.3327 57.5 5.40192
    endloop
  endfacet
  facet normal 1.0 -0.0 0.0
    outer loop
      vertex 180.3327 56.4019 9.5
      vertex 180.3327 56.8787 5.87868
      vertex 180.3327 56.8787 10.1213
    endloop
  endfacet
  facet normal 1.0 0.0 0.0
    outer loop
      vertex 180.3327 56.4019 9.5
      vertex 180.3327 56.4019 6.5
      vertex 180.3327 56.8787 5.87868
    endloop
  endfacet
  facet normal 1.0 -0.0 0.0
    outer loop
      vertex 180.3327 56.1022 8.77646
      vertex 180.3327 56.4019 6.5
      vertex 180.3327 56.4019 9.5
    endloop
  endfacet
  facet normal 1.0 0.0 0.0
    outer loop
      vertex 180.3327 56.1022 8.77646
      vertex 180.3327 56.1022 7.22354
      vertex 180.3327 56.4019 6.5
    endloop
  endfacet
  facet normal 1.0 0.0 -0.0
    outer loop
      vertex 180.3327 56.1022 7.22354
      vertex 180.3327 56.1022 8.77646
      vertex 180.3327 56.0 8.0
    endloop
  endfacet
  facet normal 0.0 -0.793316 0.608809
    outer loop
      vertex 172.3327 56.4019 9.5
      vertex 180.3327 56.8787 10.1213
      vertex 172.3327 56.8787 10.1213
    endloop
  endfacet
  facet normal 0.0 -0.793316 0.608809
    outer loop
      vertex 180.3327 56.8787 10.1213
      vertex 172.3327 56.4019 9.5
      vertex 180.3327 56.4019 9.5
    endloop
  endfacet
  facet normal 0.0 -0.92388 0.382683
    outer loop
      vertex 172.3327 56.1022 8.77646
      vertex 180.3327 56.4019 9.5
      vertex 172.3327 56.4019 9.5
    endloop
  endfacet
  facet normal 0.0 -0.92388 0.382683
    outer loop
      vertex 180.3327 56.4019 9.5
      vertex 172.3327 56.1022 8.77646
      vertex 180.3327 56.1022 8.77646
    endloop
  endfacet
  facet normal 0.0 -0.793326 -0.608797
    outer loop
      vertex 172.3327 56.8787 5.87868
      vertex 180.3327 56.4019 6.5
      vertex 172.3327 56.4019 6.5
    endloop
  endfacet
  facet normal 0.0 -0.793326 -0.608797
    outer loop
      vertex 180.3327 56.4019 6.5
      vertex 172.3327 56.8787 5.87868
      vertex 180.3327 56.8787 5.87868
    endloop
  endfacet
  facet normal 0.0 -0.130516 -0.991446
    outer loop
      vertex 172.3327 58.2235 5.10222
      vertex 180.3327 59.0 5.0
      vertex 180.3327 58.2235 5.10222
    endloop
  endfacet
  facet normal -0.0 -0.130516 -0.991446
    outer loop
      vertex 180.3327 59.0 5.0
      vertex 172.3327 58.2235 5.10222
      vertex 172.3327 59.0 5.0
    endloop
  endfacet
  facet normal 0.0 -0.991449 0.130497
    outer loop
      vertex 172.3327 56.0 8.0
      vertex 180.3327 56.1022 8.77646
      vertex 172.3327 56.1022 8.77646
    endloop
  endfacet
  facet normal 0.0 -0.991449 0.130497
    outer loop
      vertex 180.3327 56.1022 8.77646
      vertex 172.3327 56.0 8.0
      vertex 180.3327 56.0 8.0
    endloop
  endfacet
  facet normal 0.0 -0.382701 0.923872
    outer loop
      vertex 172.3327 58.2235 10.8978
      vertex 180.3327 57.5 10.5981
      vertex 180.3327 58.2235 10.8978
    endloop
  endfacet
  facet normal 0.0 -0.382701 0.923872
    outer loop
      vertex 180.3327 57.5 10.5981
      vertex 172.3327 58.2235 10.8978
      vertex 172.3327 57.5 10.5981
    endloop
  endfacet
  facet normal 0.0 -0.130491 0.99145
    outer loop
      vertex 172.3327 59.0 11.0
      vertex 180.3327 58.2235 10.8978
      vertex 180.3327 59.0 11.0
    endloop
  endfacet
  facet normal 0.0 -0.130491 0.99145
    outer loop
      vertex 180.3327 58.2235 10.8978
      vertex 172.3327 59.0 11.0
      vertex 172.3327 58.2235 10.8978
    endloop
  endfacet
  facet normal -0.258818 0.0 0.965926
    outer loop
      vertex 61.6147 74.0 0.0
      vertex 172.3327 14.0 29.6667
      vertex 172.3327 74.0 29.6667
    endloop
  endfacet
  facet normal -0.258818 0.0 0.965926
    outer loop
      vertex 172.3327 14.0 29.6667
      vertex 61.6147 74.0 0.0
      vertex 61.6147 14.0 0.0
    endloop
  endfacet
endsolid rail_ramp_seg0_8
solid rail_ramp_seg0_9
  facet normal -1.0 0.0 0.0
    outer loop
      vertex 186.3327 8.0 0.0
      vertex 186.3327 14.0 12.0
      vertex 186.3327 14.0 0.0
    endloop
  endfacet
  facet normal -1.0 -0.0 0.0
    outer loop
      vertex 186.3327 14.0 12.0
      vertex 186.3327 8.0 0.0
      vertex 186.3327 8.0 12.0
    endloop
  endfacet
  facet normal 1.0 0.0 0.0
    outer loop
      vertex 297.0507 14.0 41.6667
      vertex 297.0507 8.0 41.6667
      vertex 297.0507 14.0 29.6667
    endloop
  endfacet
  facet normal 1.0 0.0 0.0
    outer loop
      vertex 297.0507 80.0 0.0
      vertex 297.0507 61.8978 8.77646
      vertex 297.0507 62.0 8.0
    endloop
  endfacet
  facet normal 1.0 0.0 0.0
    outer loop
      vertex 297.0507 74.0 29.6667
      vertex 297.0507 61.5981 9.5
      vertex 297.0507 61.8978 8.77646
    endloop
  endfacet
  facet normal 1.0 0.0 0.0
    outer loop
      vertex 297.0507 74.0 29.6667
      vertex 297.0507 61.1213 10.1213
      vertex 297.0507 61.5981 9.5
    endloop
  endfacet
  facet normal 1.0 0.0 0.0
    outer loop
      vertex 297.0507 74.0 29.6667
      vertex 297.0507 60.5 10.5981
      vertex 297.0507 61.1213 10.1213
    endloop
  endfacet
  facet normal 1.0 0.0 0.0
    outer loop
      vertex 297.0507 74.0 29.6667
      vertex 297.0507 59.7765 10.8978
      vertex 297.0507 60.5 10.5981
    endloop
  endfacet
  facet normal 1.0 0.0 0.0
    outer loop
      vertex 297.0507 74.0 29.6667
      vertex 297.0507 59.0 11.0
      vertex 297.0507 59.7765 10.8978
    endloop
  endfacet
  facet normal 1.0 0.0 0.0
    outer loop
      vertex 297.0507 74.0 29.6667
      vertex 297.0507 58.2235 10.8978
      vertex 297.0507 59.0 11.0
    endloop
  endfacet
  facet normal 1.0 0.0 0.0
    outer loop
      vertex 297.0507 74.0 29.6667
      vertex 297.0507 57.5 10.5981
      vertex 297.0507 58.2235 10.8978
    endloop
  endfacet
  facet normal 1.0 0.0 0.0
    outer loop
      vertex 297.0507 30.5 10.5981
      vertex 297.0507 57.5 10.5981
      vertex 297.0507 74.0 29.6667
    endloop
  endfacet
  facet normal 1.0 0.0 0.0
    outer loop
      vertex 297.0507 56.1022 8.77646
      vertex 297.0507 32.0 8.0
      vertex 297.0507 56.0 8.0
    endloop
  endfacet
  facet normal 1.0 0.0 0.0
    outer loop
      vertex 297.0507 31.8978 8.77646
      vertex 297.0507 56.1022 8.77646
      vertex 297.0507 56.4019 9.5
    endloop
  endfacet
  facet normal 1.0 0.0 0.0
    outer loop
      vertex 297.0507 31.5981 9.5
      vertex 297.0507 56.4019 9.5
      vertex 297.0507 56.8787 10.1213
    endloop
  endfacet
  facet normal 1.0 0.0 0.0
    outer loop
      vertex 297.0507 57.5 10.5981
      vertex 297.0507 30.5 10.5981
      vertex 297.0507 56.8787 10.1213
    endloop
  endfacet
  facet normal 1.0 0.0 0.0
    outer loop
      vertex 297.0507 56.1022 8.77646
      vertex 297.0507 31.8978 8.77646
      vertex 297.0507 32.0 8.0
    endloop
  endfacet
  facet normal 1.0 0.0 0.0
    outer loop
      vertex 297.0507 56.4019 9.5
      vertex 297.0507 31.5981 9.5
      vertex 297.0507 31.8978 8.77646
    endloop
  endfacet
  facet normal 1.0 0.0 0.0
    outer loop
      vertex 297.0507 56.8787 10.1213
      vertex 297.0507 31.1213 10.1213
      vertex 297.0507 31.5981 9.5
    endloop
  endfacet
  facet normal 1.0 0.0 0.0
    outer loop
      vertex 297.0507 56.8787 10.1213
      vertex 297.0507 30.5 10.5981
      vertex 297.0507 31.1213 10.1213
    endloop
  endfacet
  facet normal 1.0 -0.0 0.0
    outer loop
      vertex 297.0507 14.0 29.6667
      vertex 297.0507 30.5 10.5981
      vertex 297.0507 74.0 29.6667
    endloop
  endfacet
  facet normal 1.0 0.0 0.0
    outer loop
      vertex 297.0507 30.5 10.5981
      vertex 297.0507 14.0 29.6667
      vertex 297.0507 29.7765 10.8978
    endloop
  endfacet
  facet normal 1.0 0.0 0.0
    outer loop
      vertex 297.0507 29.7765 10.8978
      vertex 297.0507 14.0 29.6667
      vertex 297.0507 29.0 11.0
    endloop
  endfacet
  facet normal 1.0 0.0 0.0
    outer loop
      vertex 297.0507 8.0 0.0
      vertex 297.0507 26.1022 8.77646
      vertex 297.0507 14.0 29.6667
    endloop
  endfacet
  facet normal 1.0 0.0 0.0
    outer loop
      vertex 297.0507 26.401899999999998 9.5
      vertex 297.0507 14.0 29.6667
      vertex 297.0507 26.1022 8.77646
    endloop
  endfacet
  facet normal 1.0 0.0 0.0
    outer loop
      vertex 297.0507 26.878700000000002 10.1213
      vertex 297.0507 14.0 29.6667
      vertex 297.0507 26.401899999999998 9.5
    endloop
  endfacet
  facet normal 1.0 0.0 0.0
    outer loop
      vertex 297.0507 27.5 10.5981
      vertex 297.0507 14.0 29.6667
      vertex 297.0507 26.878700000000002 10.1213
    endloop
  endfacet
  facet normal 1.0 0.0 0.0
    outer loop
      vertex 297.0507 28.2235 10.8978
      vertex 297.0507 14.0 29.6667
      vertex 297.0507 27.5 10.5981
    endloop
  endfacet
  facet normal 1.0 0.0 0.0
    outer loop
      vertex 297.0507 29.0 11.0
      vertex 297.0507 14.0 29.6667
      vertex 297.0507 28.2235 10.8978
    endloop
  endfacet
  facet normal 1.0 0.0 0.0
    outer loop
      vertex 297.0507 74.0 29.6667
      vertex 297.0507 80.0 41.6667
      vertex 297.0507 74.0 41.6667
    endloop
  endfacet
  facet normal 1.0 0.0 0.0
    outer loop
      vertex 297.0507 80.0 41.6667
      vertex 297.0507 74.0 29.6667
      vertex 297.0507 80.0 0.0
    endloop
  endfacet
  facet normal 1.0 -0.0 0.0
    outer loop
      vertex 297.0507 61.8978 8.77646
      vertex 297.0507 80.0 0.0
      vertex 297.0507 74.0 29.6667
    endloop
  endfacet
  facet normal 1.0 -0.0 0.0
    outer loop
      vertex 297.0507 61.8978 7.22354
      vertex 297.0507 80.0 0.0
      vertex 297.0507 62.0 8.0
    endloop
  endfacet
  facet normal 1.0 -0.0 0.0
    outer loop
      vertex 297.0507 61.5981 6.5
      vertex 297.0507 80.0 0.0
      vertex 297.0507 61.8978 7.22354
    endloop
  endfacet
  facet normal 1.0 -0.0 0.0
    outer loop
      vertex 297.0507 61.1213 5.87868
      vertex 297.0507 80.0 0.0
      vertex 297.0507 61.5981 6.5
    endloop
  endfacet
  facet normal 1.0 -0.0 0.0
    outer loop
      vertex 297.0507 60.5 5.40192
      vertex 297.0507 80.0 0.0
      vertex 297.0507 61.1213 5.87868
    endloop
  endfacet
  facet normal 1.0 -0.0 0.0
    outer loop
      vertex 297.0507 59.7765 5.10222
      vertex 297.0507 80.0 0.0
      vertex 297.0507 60.5 5.40192
    endloop
  endfacet
  facet normal 1.0 -0.0 0.0
    outer loop
      vertex 297.0507 59.0 5.0
      vertex 297.0507 80.0 0.0
      vertex 297.0507 59.7765 5.10222
    endloop
  endfacet
  facet normal 1.0 0.0 0.0
    outer loop
      vertex 297.0507 58.2235 5.10222
      vertex 297.0507 80.0 0.0
      vertex 297.0507 59.0 5.0
    endloop
  endfacet
  facet normal 1.0 -0.0 0.0
    outer loop
      vertex 297.0507 32.0 8.0
      vertex 297.0507 56.1022 7.22354
      vertex 297.0507 56.0 8.0
    endloop
  endfacet
  facet normal 1.0 0.0 0.0
    outer loop
      vertex 297.0507 31.8978 7.22354
      vertex 297.0507 56.1022 7.22354
      vertex 297.0507 32.0 8.0
    endloop
  endfacet
  facet normal 1.0 0.0 0.0
    outer loop
      vertex 297.0507 56.1022 7.22354
      vertex 297.0507 31.8978 7.22354
      vertex 297.0507 56.4019 6.5
    endloop
  endfacet
  facet normal 1.0 0.0 0.0
    outer loop
      vertex 297.0507 31.5981 6.5
      vertex 297.0507 56.4019 6.5
      vertex 297.0507 31.8978 7.22354
    endloop
  endfacet
  facet normal 1.0 0.0 0.0
    outer loop
      vertex 297.0507 56.4019 6.5
      vertex 297.0507 31.5981 6.5
      vertex 297.0507 56.8787 5.87868
    endloop
  endfacet
  facet normal 1.0 0.0 0.0
    outer loop
      vertex 297.0507 31.1213 5.87868
      vertex 297.0507 56.8787 5.87868
      vertex 297.0507 31.5981 6.5
    endloop
  endfacet
  facet normal 1.0 0.0 0.0
    outer loop
      vertex 297.0507 56.8787 5.87868
      vertex 297.0507 31.1213 5.87868
      vertex 297.0507 57.5 5.40192
    endloop
  endfacet
  facet normal 1.0 0.0 0.0
    outer loop
      vertex 297.0507 30.5 5.40192
      vertex 297.0507 57.5 5.40192
      vertex 297.0507 31.1213 5.87868
    endloop
  endfacet
  facet normal 1.0 0.0 0.0
    outer loop
      vertex 297.0507 57.5 5.40192
      vertex 297.0507 30.5 5.40192
      vertex 297.0507 58.2235 5.10222
    endloop
  endfacet
  facet normal 1.0 0.0 0.0
    outer loop
      vertex 297.0507 29.7765 5.10222
      vertex 297.0507 58.2235 5.10222
      vertex 297.0507 30.5 5.40192
    endloop
  endfacet
  facet normal 1.0 0.0 0.0
    outer loop
      vertex 297.0507 58.2235 5.10222
      vertex 297.0507 29.7765 5.10222
      vertex 297.0507 80.0 0.0
    endloop
  endfacet
  facet normal 1.0 -0.0 0.0
    outer loop
      vertex 297.0507 29.0 5.0
      vertex 297.0507 80.0 0.0
      vertex 297.0507 29.7765 5.10222
    endloop
  endfacet
  facet normal 1.0 0.0 0.0
    outer loop
      vertex 297.0507 26.1022 8.77646
      vertex 297.0507 8.0 0.0
      vertex 297.0507 26.0 8.0
    endloop
  endfacet
  facet normal 1.0 0.0 0.0
    outer loop
      vertex 297.0507 26.0 8.0
      vertex 297.0507 8.0 0.0
      vertex 297.0507 26.1022 7.22354
    endloop
  endfacet
  facet normal 1.0 0.0 0.0
    outer loop
      vertex 297.0507 29.0 5.0
      vertex 297.0507 8.0 0.0
      vertex 297.0507 80.0 0.0
    endloop
  endfacet
  facet normal 1.0 0.0 0.0
    outer loop
      vertex 297.0507 28.2235 5.10222
      vertex 297.0507 8.0 0.0
      vertex 297.0507 29.0 5.0
    endloop
  endfacet
  facet normal 1.0 0.0 0.0
    outer loop
      vertex 297.0507 27.5 5.40192
      vertex 297.0507 8.0 0.0
      vertex 297.0507 28.2235 5.10222
    endloop
  endfacet
  facet normal 1.0 0.0 0.0
    outer loop
      vertex 297.0507 26.878700000000002 5.87868
      vertex 297.0507 8.0 0.0
      vertex 297.0507 27.5 5.40192
    endloop
  endfacet
  facet normal 1.0 0.0 0.0
    outer loop
      vertex 297.0507 26.401899999999998 6.5
      vertex 297.0507 8.0 0.0
      vertex 297.0507 26.878700000000002 5.87868
    endloop
  endfacet
  facet normal 1.0 0.0 0.0
    outer loop
      vertex 297.0507 26.1022 7.22354
      vertex 297.0507 8.0 0.0
      vertex 297.0507 26.401899999999998 6.5
    endloop
  endfacet
  facet normal 1.0 0.0 0.0
    outer loop
      vertex 297.0507 8.0 0.0
      vertex 297.0507 14.0 29.6667
      vertex 297.0507 8.0 41.6667
    endloop
  endfacet
  facet normal 0.0 0.0 -1.0
    outer loop
      vertex 186.3327 14.0 0.0
      vertex 297.0507 8.0 0.0
      vertex 186.3327 8.0 0.0
    endloop
  endfacet
  facet normal 0.0 0.0 -1.0
    outer loop
      vertex 297.0507 8.0 0.0
      vertex 186.3327 14.0 0.0
      vertex 297.0507 80.0 0.0
    endloop
  endfacet
  facet normal 0.0 0.0 -1.0
    outer loop
      vertex 186.3327 74.0 0.0
      vertex 297.0507 80.0 0.0
      vertex 186.3327 14.0 0.0
    endloop
  endfacet
  facet normal -0.0 0.0 -1.0
    outer loop
      vertex 297.0507 80.0 0.0
      vertex 186.3327 74.0 0.0
      vertex 186.3327 80.0 0.0
    endloop
  endfacet
  facet normal -0.258818 0.0 0.965926
    outer loop
      vertex 186.3327 14.0 12.0
      vertex 297.0507 8.0 41.6667
      vertex 297.0507 14.0 41.6667
    endloop
  endfacet
  facet normal -0.258818 0.0 0.965926
    outer loop
      vertex 297.0507 8.0 41.6667
      vertex 186.3327 14.0 12.0
      vertex 186.3327 8.0 12.0
    endloop
  endfacet
  facet normal 0.0 1.0 -0.0
    outer loop
      vertex 297.0507 14.0 29.6667
      vertex 186.3327 14.0 12.0
      vertex 297.0507 14.0 41.6667
    endloop
  endfacet
  facet normal -0.0 1.0 0.0
    outer loop
      vertex 186.3327 14.0 12.0
      vertex 297.0507 14.0 29.6667
      vertex 186.3327 14.0 0.0
    endloop
  endfacet
  facet normal 0.0 -1.0 0.0
    outer loop
      vertex 297.0507 8.0 0.0
      vertex 186.3327 8.0 12.0
      vertex 186.3327 8.0 0.0
    endloop
  endfacet
  facet normal 0.0 -1.0 0.0
    outer loop
      vertex 186.3327 8.0 12.0
      vertex 297.0507 8.0 0.0
      vertex 297.0507 8.0 41.6667
    endloop
  endfacet
  facet normal -1.0 0.0 0.0
    outer loop
      vertex 186.3327 74.0 0.0
      vertex 186.3327 80.0 12.0
      vertex 186.3327 80.0 0.0
    endloop
  endfacet
  facet normal -1.0 -0.0 0.0
    outer loop
      vertex 186.3327 80.0 12.0
      vertex 186.3327 74.0 0.0
      vertex 186.3327 74.0 12.0
    endloop
  endfacet
  facet normal -0.258818 0.0 0.965926
    outer loop
      vertex 186.3327 80.0 12.0
      vertex 297.0507 74.0 41.6667
      vertex 297.0507 80.0 41.6667
    endloop
  endfacet
  facet normal -0.258818 0.0 0.965926
    outer loop
      vertex 297.0507 74.0 41.6667
      vertex 186.3327 80.0 12.0
      vertex 186.3327 74.0 12.0
    endloop
  endfacet
  facet normal 0.0 1.0 -0.0
    outer loop
      vertex 297.0507 80.0 0.0
      vertex 186.3327 80.0 12.0
      vertex 297.0507 80.0 41.6667
    endloop
  endfacet
  facet normal 0.0 1.0 0.0
    outer loop
      vertex 186.3327 80.0 12.0
      vertex 297.0507 80.0 0.0
      vertex 186.3327 80.0 0.0
    endloop
  endfacet
  facet normal 0.0 -1.0 0.0
    outer loop
      vertex 186.3327 74.0 12.0
      vertex 297.0507 74.0 29.6667
      vertex 297.0507 74.0 41.6667
    endloop
  endfacet
  facet normal 0.0 -1.0 0.0
    outer loop
      vertex 297.0507 74.0 29.6667
      vertex 186.3327 74.0 12.0
      vertex 186.3327 74.0 0.0
    endloop
  endfacet
  facet normal 0.0 0.130516 -0.991446
    outer loop
      vertex 297.0507 29.0 5.0
      vertex 305.0507 29.7765 5.10222
      vertex 305.0507 29.0 5.0
    endloop
  endfacet
  facet normal 0.0 0.130516 -0.991446
    outer loop
      vertex 305.0507 29.7765 5.10222
      vertex 297.0507 29.0 5.0
      vertex 297.0507 29.7765 5.10222
    endloop
  endfacet
  facet normal -0.0 0.382701 0.923872
    outer loop
      vertex 297.0507 30.5 10.5981
      vertex 305.0507 29.7765 10.8978
      vertex 305.0507 30.5 10.5981
    endloop
  endfacet
  facet normal 0.0 0.382701 0.923872
    outer loop
      vertex 305.0507 29.7765 10.8978
      vertex 297.0507 30.5 10.5981
      vertex 297.0507 29.7765 10.8978
    endloop
  endfacet
  facet normal 0.0 0.382701 -0.923872
    outer loop
      vertex 297.0507 29.7765 5.10222
      vertex 305.0507 30.5 5.40192
      vertex 305.0507 29.7765 5.10222
    endloop
  endfacet
  facet normal 0.0 0.382701 -0.923872
    outer loop
      vertex 305.0507 30.5 5.40192
      vertex 297.0507 29.7765 5.10222
      vertex 297.0507 30.5 5.40192
    endloop
  endfacet
  facet normal 0.0 0.92388 -0.382683
    outer loop
      vertex 305.0507 31.5981 6.5
      vertex 297.0507 31.8978 7.22354
      vertex 305.0507 31.8978 7.22354
    endloop
  endfacet
  facet normal 0.0 0.92388 -0.382683
    outer loop
      vertex 297.0507 31.8978 7.22354
      vertex 305.0507 31.5981 6.5
      vertex 297.0507 31.5981 6.5
    endloop
  endfacet
  facet normal 0.0 0.793326 -0.608797
    outer loop
      vertex 305.0507 31.1213 5.87868
      vertex 297.0507 31.5981 6.5
      vertex 305.0507 31.5981 6.5
    endloop
  endfacet
  facet normal 0.0 0.793326 -0.608797
    outer loop
      vertex 297.0507 31.5981 6.5
      vertex 305.0507 31.1213 5.87868
      vertex 297.0507 31.1213 5.87868
    endloop
  endfacet
  facet normal 0.0 0.92388 0.382683
    outer loop
      vertex 305.0507 31.8978 8.77646
      vertex 297.0507 31.5981 9.5
      vertex 305.0507 31.5981 9.5
    endloop
  endfacet
  facet normal 0.0 0.92388 0.382683
    outer loop
      vertex 297.0507 31.5981 9.5
      vertex 305.0507 31.8978 8.77646
      vertex 297.0507 31.8978 8.77646
    endloop
  endfacet
  facet normal 0.0 0.793316 0.608809
    outer loop
      vertex 305.0507 31.5981 9.5
      vertex 297.0507 31.1213 10.1213
      vertex 305.0507 31.1213 10.1213
    endloop
  endfacet
  facet normal 0.0 0.793316 0.608809
    outer loop
      vertex 297.0507 31.1213 10.1213
      vertex 305.0507 31.5981 9.5
      vertex 297.0507 31.5981 9.5
    endloop
  endfacet
  facet normal 0.0 0.608777 -0.793341
    outer loop
      vertex 297.0507 30.5 5.40192
      vertex 305.0507 31.1213 5.87868
      vertex 305.0507 30.5 5.40192
    endloop
  endfacet
  facet normal 0.0 0.608777 -0.793341
    outer loop
      vertex 305.0507 31.1213 5.87868
      vertex 297.0507 30.5 5.40192
      vertex 297.0507 31.1213 5.87868
    endloop
  endfacet
  facet normal 0.0 0.991449 -0.130497
    outer loop
      vertex 305.0507 31.8978 7.22354
      vertex 297.0507 32.0 8.0
      vertex 305.0507 32.0 8.0
    endloop
  endfacet
  facet normal 0.0 0.991449 -0.130497
    outer loop
      vertex 297.0507 32.0 8.0
      vertex 305.0507 31.8978 7.22354
      vertex 297.0507 31.8978 7.22354
    endloop
  endfacet
  facet normal -0.0 0.130491 0.99145
    outer loop
      vertex 297.0507 29.7765 10.8978
      vertex 305.0507 29.0 11.0
      vertex 305.0507 29.7765 10.8978
    endloop
  endfacet
  facet normal 0.0 0.130491 0.99145
    outer loop
      vertex 305.0507 29.0 11.0
      vertex 297.0507 29.7765 10.8978
      vertex 297.0507 29.0 11.0
    endloop
  endfacet
  facet normal -0.0 0.608809 0.793316
    outer loop
      vertex 297.0507 31.1213 10.1213
      vertex 305.0507 30.5 10.5981
      vertex 305.0507 31.1213 10.1213
    endloop
  endfacet
  facet normal 0.0 0.608809 0.793316
    outer loop
      vertex 305.0507 30.5 10.5981
      vertex 297.0507 31.1213 10.1213
      vertex 297.0507 30.5 10.5981
    endloop
  endfacet
  facet normal 0.0 0.991449 0.130497
    outer loop
      vertex 305.0507 32.0 8.0
      vertex 297.0507 31.8978 8.77646
      vertex 305.0507 31.8978 8.77646
    endloop
  endfacet
  facet normal 0.0 0.991449 0.130497
    outer loop
      vertex 297.0507 31.8978 8.77646
      vertex 305.0507 32.0 8.0
      vertex 297.0507 32.0 8.0
    endloop
  endfacet
  facet normal 0.0 -0.382701 -0.923872
    outer loop
      vertex 297.0507 27.5 5.40192
      vertex 305.0507 28.2235 5.10222
      vertex 305.0507 27.5 5.40192
    endloop
  endfacet
  facet normal -0.0 -0.382701 -0.923872
    outer loop
      vertex 305.0507 28.2235 5.10222
      vertex 297.0507 27.5 5.40192
      vertex 297.0507 28.2235 5.10222
    endloop
  endfacet
  facet normal 0.0 -0.382701 0.923872
    outer loop
      vertex 297.0507 28.2235 10.8978
      vertex 305.0507 27.5 10.5981
      vertex 305.0507 28.2235 10.8978
    endloop
  endfacet
  facet normal 0.0 -0.382701 0.923872
    outer loop
      vertex 305.0507 27.5 10.5981
      vertex 297.0507 28.2235 10.8978
      vertex 297.0507 27.5 10.5981
    endloop
  endfacet
  facet normal 0.0 -0.608777 -0.793341
    outer loop
      vertex 297.0507 26.878700000000002 5.87868
      vertex 305.0507 27.5 5.40192
      vertex 305.0507 26.878700000000002 5.87868
    endloop
  endfacet
  facet normal -0.0 -0.608777 -0.793341
    outer loop
      vertex 305.0507 27.5 5.40192
      vertex 297.0507 26.878700000000002 5.87868
      vertex 297.0507 27.5 5.40192
    endloop
  endfacet
  facet normal 0.0 -0.130516 -0.991446
    outer loop
      vertex 297.0507 28.2235 5.10222
      vertex 305.0507 29.0 5.0
      vertex 305.0507 28.2235 5.10222
    endloop
  endfacet
  facet normal -0.0 -0.130516 -0.991446
    outer loop
      vertex 305.0507 29.0 5.0
      vertex 297.0507 28.2235 5.10222
      vertex 297.0507 29.0 5.0
    endloop
  endfacet
  facet normal 0.0 -0.991449 -0.130497
    outer loop
      vertex 297.0507 26.1022 7.22354
      vertex 305.0507 26.0 8.0
      vertex 297.0507 26.0 8.0
    endloop
  endfacet
  facet normal 0.0 -0.991449 -0.130497
    outer loop
      vertex 305.0507 26.0 8.0
      vertex 297.0507 26.1022 7.22354
      vertex 305.0507 26.1022 7.22354
    endloop
  endfacet
  facet normal 0.0 -0.991449 0.130497
    outer loop
      vertex 297.0507 26.0 8.0
      vertex 305.0507 26.1022 8.77646
      vertex 297.0507 26.1022 8.77646
    endloop
  endfacet
  facet normal 0.0 -0.991449 0.130497
    outer loop
      vertex 305.0507 26.1022 8.77646
      vertex 297.0507 26.0 8.0
      vertex 305.0507 26.0 8.0
    endloop
  endfacet
  facet normal 1.0 0.0 0.0
    outer loop
      vertex 305.0507 31.8978 8.77646
      vertex 305.0507 31.8978 7.22354
      vertex 305.0507 32.0 8.0
    endloop
  endfacet
  facet normal 1.0 0.0 0.0
    outer loop
      vertex 305.0507 31.5981 9.5
      vertex 305.0507 31.8978 7.22354
      vertex 305.0507 31.8978 8.77646
    endloop
  endfacet
  facet normal 1.0 0.0 0.0
    outer loop
      vertex 305.0507 31.5981 9.5
      vertex 305.0507 31.5981 6.5
      vertex 305.0507 31.8978 7.22354
    endloop
  endfacet
  facet normal 1.0 0.0 0.0
    outer loop
      vertex 305.0507 31.1213 10.1213
      vertex 305.0507 31.5981 6.5
      vertex 305.0507 31.5981 9.5
    endloop
  endfacet
  facet normal 1.0 0.0 0.0
    outer loop
      vertex 305.0507 31.1213 10.1213
      vertex 305.0507 31.1213 5.87868
      vertex 305.0507 31.5981 6.5
    endloop
  endfacet
  facet normal 1.0 0.0 0.0
    outer loop
      vertex 305.0507 30.5 10.5981
      vertex 305.0507 31.1213 5.87868
      vertex 305.0507 31.1213 10.1213
    endloop
  endfacet
  facet normal 1.0 0.0 0.0
    outer loop
      vertex 305.0507 30.5 10.5981
      vertex 305.0507 30.5 5.40192
      vertex 305.0507 31.1213 5.87868
    endloop
  endfacet
  facet normal 1.0 0.0 0.0
    outer loop
      vertex 305.0507 29.7765 10.8978
      vertex 305.0507 30.5 5.40192
      vertex 305.0507 30.5 10.5981
    endloop
  endfacet
  facet normal 1.0 0.0 0.0
    outer loop
      vertex 305.0507 29.7765 10.8978
      vertex 305.0507 29.7765 5.10222
      vertex 305.0507 30.5 5.40192
    endloop
  endfacet
  facet normal 1.0 0.0 0.0
    outer loop
      vertex 305.0507 29.0 11.0
      vertex 305.0507 29.7765 5.10222
      vertex 305.0507 29.7765 10.8978
    endloop
  endfacet
  facet normal 1.0 0.0 0.0
    outer loop
      vertex 305.0507 29.0 11.0
      vertex 305.0507 29.0 5.0
      vertex 305.0507 29.7765 5.10222
    endloop
  endfacet
  facet normal 1.0 -0.0 0.0
    outer loop
      vertex 305.0507 28.2235 10.8978
      vertex 305.0507 29.0 5.0
      vertex 305.0507 29.0 11.0
    endloop
  endfacet
  facet normal 1.0 0.0 0.0
    outer loop
      vertex 305.0507 28.2235 10.8978
      vertex 305.0507 28.2235 5.10222
      vertex 305.0507 29.0 5.0
    endloop
  endfacet
  facet normal 1.0 -0.0 0.0
    outer loop
      vertex 305.0507 27.5 10.5981
      vertex 305.0507 28.2235 5.10222
      vertex 305.0507 28.2235 10.8978
    endloop
  endfacet
  facet normal 1.0 0.0 0.0
    outer loop
      vertex 305.0507 27.5 10.5981
      vertex 305.0507 27.5 5.40192
      vertex 305.0507 28.2235 5.10222
    endloop
  endfacet
  facet normal 1.0 -0.0 0.0
    outer loop
      vertex 305.0507 26.878700000000002 10.1213
      vertex 305.0507 27.5 5.40192
      vertex 305.0507 27.5 10.5981
    endloop
  endfacet
  facet normal 1.0 0.0 0.0
    outer loop
      vertex 305.0507 26.878700000000002 10.1213
      vertex 305.0507 26.878700000000002 5.87868
      vertex 305.0507 27.5 5.40192
    endloop
  endfacet
  facet normal 1.0 -0.0 0.0
    outer loop
      vertex 305.0507 26.401899999999998 9.5
      vertex 305.0507 26.878700000000002 5.87868
      vertex 305.0507 26.878700000000002 10.1213
    endloop
  endfacet
  facet normal 1.0 0.0 0.0
    outer loop
      vertex 305.0507 26.401899999999998 9.5
      vertex 305.0507 26.401899999999998 6.5
      vertex 305.0507 26.878700000000002 5.87868
    endloop
  endfacet
  facet normal 1.0 -0.0 0.0
    outer loop
      vertex 305.0507 26.1022 8.77646
      vertex 305.0507 26.401899999999998 6.5
      vertex 305.0507 26.401899999999998 9.5
    endloop
  endfacet
  facet normal 1.0 0.0 0.0
    outer loop
      vertex 305.0507 26.1022 8.77646
      vertex 305.0507 26.1022 7.22354
      vertex 305.0507 26.401899999999998 6.5
    endloop
  endfacet
  facet normal 1.0 0.0 -0.0
    outer loop
      vertex 305.0507 26.1022 7.22354
      vertex 305.0507 26.1022 8.77646
      vertex 305.0507 26.0 8.0
    endloop
  endfacet
  facet normal 0.0 -0.130491 0.99145
    outer loop
      vertex 297.0507 29.0 11.0
      vertex 305.0507 28.2235 10.8978
      vertex 305.0507 29.0 11.0
    endloop
  endfacet
  facet normal 0.0 -0.130491 0.99145
    outer loop
      vertex 305.0507 28.2235 10.8978
      vertex 297.0507 29.0 11.0
      vertex 297.0507 28.2235 10.8978
    endloop
  endfacet
  facet normal 0.0 -0.608809 0.793316
    outer loop
      vertex 297.0507 27.5 10.5981
      vertex 305.0507 26.878700000000002 10.1213
      vertex 305.0507 27.5 10.5981
    endloop
  endfacet
  facet normal 0.0 -0.608809 0.793316
    outer loop
      vertex 305.0507 26.878700000000002 10.1213
      vertex 297.0507 27.5 10.5981
      vertex 297.0507 26.878700000000002 10.1213
    endloop
  endfacet
  facet normal 0.0 -0.92388 -0.382683
    outer loop
      vertex 297.0507 26.401899999999998 6.5
      vertex 305.0507 26.1022 7.22354
      vertex 297.0507 26.1022 7.22354
    endloop
  endfacet
  facet normal 0.0 -0.92388 -0.382683
    outer loop
      vertex 305.0507 26.1022 7.22354
      vertex 297.0507 26.401899999999998 6.5
      vertex 305.0507 26.401899999999998 6.5
    endloop
  endfacet
  facet normal 0.0 -0.793326 -0.608797
    outer loop
      vertex 297.0507 26.878700000000002 5.87868
      vertex 305.0507 26.401899999999998 6.5
      vertex 297.0507 26.401899999999998 6.5
    endloop
  endfacet
  facet normal 0.0 -0.793326 -0.608797
    outer loop
      vertex 305.0507 26.401899999999998 6.5
      vertex 297.0507 26.878700000000002 5.87868
      vertex 305.0507 26.878700000000002 5.87868
    endloop
  endfacet
  facet normal 0.0 -0.92388 0.382683
    outer loop
      vertex 297.0507 26.1022 8.77646
      vertex 305.0507 26.401899999999998 9.5
      vertex 297.0507 26.401899999999998 9.5
    endloop
  endfacet
  facet normal 0.0 -0.92388 0.382683
    outer loop
      vertex 305.0507 26.401899999999998 9.5
      vertex 297.0507 26.1022 8.77646
      vertex 305.0507 26.1022 8.77646
    endloop
  endfacet
  facet normal 0.0 -0.793316 0.608809
    outer loop
      vertex 297.0507 26.401899999999998 9.5
      vertex 305.0507 26.878700000000002 10.1213
      vertex 297.0507 26.878700000000002 10.1213
    endloop
  endfacet
  facet normal 0.0 -0.793316 0.608809
    outer loop
      vertex 305.0507 26.878700000000002 10.1213
      vertex 297.0507 26.401899999999998 9.5
      vertex 305.0507 26.401899999999998 9.5
    endloop
  endfacet
  facet normal 0.0 0.130516 -0.991446
    outer loop
      vertex 297.0507 59.0 5.0
      vertex 305.0507 59.7765 5.10222
      vertex 305.0507 59.0 5.0
    endloop
  endfacet
  facet normal 0.0 0.130516 -0.991446
    outer loop
      vertex 305.0507 59.7765 5.10222
      vertex 297.0507 59.0 5.0
      vertex 297.0507 59.7765 5.10222
    endloop
  endfacet
  facet normal -0.0 0.130491 0.99145
    outer loop
      vertex 297.0507 59.7765 10.8978
      vertex 305.0507 59.0 11.0
      vertex 305.0507 59.7765 10.8978
    endloop
  endfacet
  facet normal 0.0 0.130491 0.99145
    outer loop
      vertex 305.0507 59.0 11.0
      vertex 297.0507 59.7765 10.8978
      vertex 297.0507 59.0 11.0
    endloop
  endfacet
  facet normal 0.0 -0.991449 -0.130497
    outer loop
      vertex 297.0507 56.1022 7.22354
      vertex 305.0507 56.0 8.0
      vertex 297.0507 56.0 8.0
    endloop
  endfacet
  facet normal 0.0 -0.991449 -0.130497
    outer loop
      vertex 305.0507 56.0 8.0
      vertex 297.0507 56.1022 7.22354
      vertex 305.0507 56.1022 7.22354
    endloop
  endfacet
  facet normal 0.0 -0.608777 -0.793341
    outer loop
      vertex 297.0507 56.8787 5.87868
      vertex 305.0507 57.5 5.40192
      vertex 305.0507 56.8787 5.87868
    endloop
  endfacet
  facet normal -0.0 -0.608777 -0.793341
    outer loop
      vertex 305.0507 57.5 5.40192
      vertex 297.0507 56.8787 5.87868
      vertex 297.0507 57.5 5.40192
    endloop
  endfacet
  facet normal 0.0 0.382701 -0.923872
    outer loop
      vertex 297.0507 59.7765 5.10222
      vertex 305.0507 60.5 5.40192
      vertex 305.0507 59.7765 5.10222
    endloop
  endfacet
  facet normal 0.0 0.382701 -0.923872
    outer loop
      vertex 305.0507 60.5 5.40192
      vertex 297.0507 59.7765 5.10222
      vertex 297.0507 60.5 5.40192
    endloop
  endfacet
  facet normal 0.0 0.793326 -0.608797
    outer loop
      vertex 305.0507 61.1213 5.87868
      vertex 297.0507 61.5981 6.5
      vertex 305.0507 61.5981 6.5
    endloop
  endfacet
  facet normal 0.0 0.793326 -0.608797
    outer loop
      vertex 297.0507 61.5981 6.5
      vertex 305.0507 61.1213 5.87868
      vertex 297.0507 61.1213 5.87868
    endloop
  endfacet
  facet normal 0.0 0.793316 0.608809
    outer loop
      vertex 305.0507 61.5981 9.5
      vertex 297.0507 61.1213 10.1213
      vertex 305.0507 61.1213 10.1213
    endloop
  endfacet
  facet normal 0.0 0.793316 0.608809
    outer loop
      vertex 297.0507 61.1213 10.1213
      vertex 305.0507 61.5981 9.5
      vertex 297.0507 61.5981 9.5
    endloop
  endfacet
  facet normal -0.0 0.608809 0.793316
    outer loop
      vertex 297.0507 61.1213 10.1213
      vertex 305.0507 60.5 10.5981
      vertex 305.0507 61.1213 10.1213
    endloop
  endfacet
  facet normal 0.0 0.608809 0.793316
    outer loop
      vertex 305.0507 60.5 10.5981
      vertex 297.0507 61.1213 10.1213
      vertex 297.0507 60.5 10.5981
    endloop
  endfacet
  facet normal 0.0 0.92388 0.382683
    outer loop
      vertex 305.0507 61.8978 8.77646
      vertex 297.0507 61.5981 9.5
      vertex 305.0507 61.5981 9.5
    endloop
  endfacet
  facet normal 0.0 0.92388 0.382683
    outer loop
      vertex 297.0507 61.5981 9.5
      vertex 305.0507 61.8978 8.77646
      vertex 297.0507 61.8978 8.77646
    endloop
  endfacet
  facet normal 0.0 0.608777 -0.793341
    outer loop
      vertex 297.0507 60.5 5.40192
      vertex 305.0507 61.1213 5.87868
      vertex 305.0507 60.5 5.40192
    endloop
  endfacet
  facet normal 0.0 0.608777 -0.793341
    outer loop
      vertex 305.0507 61.1213 5.87868
      vertex 297.0507 60.5 5.40192
      vertex 297.0507 61.1213 5.87868
    endloop
  endfacet
  facet normal 0.0 0.92388 -0.382683
    outer loop
      vertex 305.0507 61.5981 6.5
      vertex 297.0507 61.8978 7.22354
      vertex 305.0507 61.8978 7.22354
    endloop
  endfacet
  facet normal 0.0 0.92388 -0.382683
    outer loop
      vertex 297.0507 61.8978 7.22354
      vertex 305.0507 61.5981 6.5
      vertex 297.0507 61.5981 6.5
    endloop
  endfacet
  facet normal -0.0 0.382701 0.923872
    outer loop
      vertex 297.0507 60.5 10.5981
      vertex 305.0507 59.7765 10.8978
      vertex 305.0507 60.5 10.5981
    endloop
  endfacet
  facet normal 0.0 0.382701 0.923872
    outer loop
      vertex 305.0507 59.7765 10.8978
      vertex 297.0507 60.5 10.5981
      vertex 297.0507 59.7765 10.8978
    endloop
  endfacet
  facet normal 0.0 0.991449 0.130497
    outer loop
      vertex 305.0507 62.0 8.0
      vertex 297.0507 61.8978 8.77646
      vertex 305.0507 61.8978 8.77646
    endloop
  endfacet
  facet normal 0.0 0.991449 0.130497
    outer loop
      vertex 297.0507 61.8978 8.77646
      vertex 305.0507 62.0 8.0
      vertex 297.0507 62.0 8.0
    endloop
  endfacet
  facet normal 0.0 -0.608809 0.793316
    outer loop
      vertex 297.0507 57.5 10.5981
      vertex 305.0507 56.8787 10.1213
      vertex 305.0507 57.5 10.5981
    endloop
  endfacet
  facet normal 0.0 -0.608809 0.793316
    outer loop
      vertex 305.0507 56.8787 10.1213
      vertex 297.0507 57.5 10.5981
      vertex 297.0507 56.8787 10.1213
    endloop
  endfacet
  facet normal 0.0 -0.92388 -0.382683
    outer loop
      vertex 297.0507 56.4019 6.5
      vertex 305.0507 56.1022 7.22354
      vertex 297.0507 56.1022 7.22354
    endloop
  endfacet
  facet normal 0.0 -0.92388 -0.382683
    outer loop
      vertex 305.0507 56.1022 7.22354
      vertex 297.0507 56.4019 6.5
      vertex 305.0507 56.4019 6.5
    endloop
  endfacet
  facet normal 0.0 -0.382701 -0.923872
    outer loop
      vertex 297.0507 57.5 5.40192
      vertex 305.0507 58.2235 5.10222
      vertex 305.0507 57.5 5.40192
    endloop
  endfacet
  facet normal -0.0 -0.382701 -0.923872
    outer loop
      vertex 305.0507 58.2235 5.10222
      vertex 297.0507 57.5 5.40192
      vertex 297.0507 58.2235 5.10222
    endloop
  endfacet
  facet normal 0.0 0.991449 -0.130497
    outer loop
      vertex 305.0507 61.8978 7.22354
      vertex 297.0507 62.0 8.0
      vertex 305.0507 62.0 8.0
    endloop
  endfacet
  facet normal 0.0 0.991449 -0.130497
    outer loop
      vertex 297.0507 62.0 8.0
      vertex 305.0507 61.8978 7.22354
      vertex 297.0507 61.8978 7.22354
    endloop
  endfacet
  facet normal 1.0 0.0 0.0
    outer loop
      vertex 305.0507 61.8978 8.77646
      vertex 305.0507 61.8978 7.22354
      vertex 305.0507 62.0 8.0
    endloop
  endfacet
  facet normal 1.0 0.0 0.0
    outer loop
      vertex 305.0507 61.5981 9.5
      vertex 305.0507 61.8978 7.22354
      vertex 305.0507 61.8978 8.77646
    endloop
  endfacet
  facet normal 1.0 0.0 0.0
    outer loop
      vertex 305.0507 61.5981 9.5
      vertex 305.0507 61.5981 6.5
      vertex 305.0507 61.8978 7.22354
    endloop
  endfacet
  facet normal 1.0 0.0 0.0
    outer loop
      vertex 305.0507 61.1213 10.1213
      vertex 305.0507 61.5981 6.5
      vertex 305.0507 61.5981 9.5
    endloop
  endfacet
  facet normal 1.0 0.0 0.0
    outer loop
      vertex 305.0507 61.1213 10.1213
      vertex 305.0507 61.1213 5.87868
      vertex 305.0507 61.5981 6.5
    endloop
  endfacet
  facet normal 1.0 0.0 0.0
    outer loop
      vertex 305.0507 60.5 10.5981
      vertex 305.0507 61.1213 5.87868
      vertex 305.0507 61.1213 10.1213
    endloop
  endfacet
  facet normal 1.0 0.0 0.0
    outer loop
      vertex 305.0507 60.5 10.5981
      vertex 305.0507 60.5 5.40192
      vertex 305.0507 61.1213 5.87868
    endloop
  endfacet
  facet normal 1.0 0.0 0.0
    outer loop
      vertex 305.0507 59.7765 10.8978
      vertex 305.0507 60.5 5.40192
      vertex 305.0507 60.5 10.5981
    endloop
  endfacet
  facet normal 1.0 0.0 0.0
    outer loop
      vertex 305.0507 59.7765 10.8978
      vertex 305.0507 59.7765 5.10222
      vertex 305.0507 60.5 5.40192
    endloop
  endfacet
  facet normal 1.0 0.0 0.0
    outer loop
      vertex 305.0507 59.0 11.0
      vertex 305.0507 59.7765 5.10222
      vertex 305.0507 59.7765 10.8978
    endloop
  endfacet
  facet normal 1.0 0.0 0.0
    outer loop
      vertex 305.0507 59.0 11.0
      vertex 305.0507 59.0 5.0
      vertex 305.0507 59.7765 5.10222
    endloop
  endfacet
  facet normal 1.0 -0.0 0.0
    outer loop
      vertex 305.0507 58.2235 10.8978
      vertex 305.0507 59.0 5.0
      vertex 305.0507 59.0 11.0
    endloop
  endfacet
  facet normal 1.0 0.0 0.0
    outer loop
      vertex 305.0507 58.2235 10.8978
      vertex 305.0507 58.2235 5.10222
      vertex 305.0507 59.0 5.0
    endloop
  endfacet
  facet normal 1.0 -0.0 0.0
    outer loop
      vertex 305.0507 57.5 10.5981
      vertex 305.0507 58.2235 5.10222
      vertex 305.0507 58.2235 10.8978
    endloop
  endfacet
  facet normal 1.0 0.0 0.0
    outer loop
      vertex 305.0507 57.5 10.5981
      vertex 305.0507 57.5 5.40192
      vertex 305.0507 58.2235 5.10222
    endloop
  endfacet
  facet normal 1.0 -0.0 0.0
    outer loop
      vertex 305.0507 56.8787 10.1213
      vertex 305.0507 57.5 5.40192
      vertex 305.0507 57.5 10.5981
    endloop
  endfacet
  facet normal 1.0 0.0 0.0
    outer loop
      vertex 305.0507 56.8787 10.1213
      vertex 305.0507 56.8787 5.87868
      vertex 305.0507 57.5 5.40192
    endloop
  endfacet
  facet normal 1.0 -0.0 0.0
    outer loop
      vertex 305.0507 56.4019 9.5
      vertex 305.0507 56.8787 5.87868
      vertex 305.0507 56.8787 10.1213
    endloop
  endfacet
  facet normal 1.0 0.0 0.0
    outer loop
      vertex 305.0507 56.4019 9.5
      vertex 305.0507 56.4019 6.5
      vertex 305.0507 56.8787 5.87868
    endloop
  endfacet
  facet normal 1.0 -0.0 0.0
    outer loop
      vertex 305.0507 56.1022 8.77646
      vertex 305.0507 56.4019 6.5
      vertex 305.0507 56.4019 9.5
    endloop
  endfacet
  facet normal 1.0 0.0 0.0
    outer loop
      vertex 305.0507 56.1022 8.77646
      vertex 305.0507 56.1022 7.22354
      vertex 305.0507 56.4019 6.5
    endloop
  endfacet
  facet normal 1.0 0.0 -0.0
    outer loop
      vertex 305.0507 56.1022 7.22354
      vertex 305.0507 56.1022 8.77646
      vertex 305.0507 56.0 8.0
    endloop
  endfacet
  facet normal 0.0 -0.793316 0.608809
    outer loop
      vertex 297.0507 56.4019 9.5
      vertex 305.0507 56.8787 10.1213
      vertex 297.0507 56.8787 10.1213
    endloop
  endfacet
  facet normal 0.0 -0.793316 0.608809
    outer loop
      vertex 305.0507 56.8787 10.1213
      vertex 297.0507 56.4019 9.5
      vertex 305.0507 56.4019 9.5
    endloop
  endfacet
  facet normal 0.0 -0.92388 0.382683
    outer loop
      vertex 297.0507 56.1022 8.77646
      vertex 305.0507 56.4019 9.5
      vertex 297.0507 56.4019 9.5
    endloop
  endfacet
  facet normal 0.0 -0.92388 0.382683
    outer loop
      vertex 305.0507 56.4019 9.5
      vertex 297.0507 56.1022 8.77646
      vertex 305.0507 56.1022 8.77646
    endloop
  endfacet
  facet normal 0.0 -0.793326 -0.608797
    outer loop
      vertex 297.0507 56.8787 5.87868
      vertex 305.0507 56.4019 6.5
      vertex 297.0507 56.4019 6.5
    endloop
  endfacet
  facet normal 0.0 -0.793326 -0.608797
    outer loop
      vertex 305.0507 56.4019 6.5
      vertex 297.0507 56.8787 5.87868
      vertex 305.0507 56.8787 5.87868
    endloop
  endfacet
  facet normal 0.0 -0.130516 -0.991446
    outer loop
      vertex 297.0507 58.2235 5.10222
      vertex 305.0507 59.0 5.0
      vertex 305.0507 58.2235 5.10222
    endloop
  endfacet
  facet normal -0.0 -0.130516 -0.991446
    outer loop
      vertex 305.0507 59.0 5.0
      vertex 297.0507 58.2235 5.10222
      vertex 297.0507 59.0 5.0
    endloop
  endfacet
  facet normal 0.0 -0.991449 0.130497
    outer loop
      vertex 297.0507 56.0 8.0
      vertex 305.0507 56.1022 8.77646
      vertex 297.0507 56.1022 8.77646
    endloop
  endfacet
  facet normal 0.0 -0.991449 0.130497
    outer loop
      vertex 305.0507 56.1022 8.77646
      vertex 297.0507 56.0 8.0
      vertex 305.0507 56.0 8.0
    endloop
  endfacet
  facet normal 0.0 -0.382701 0.923872
    outer loop
      vertex 297.0507 58.2235 10.8978
      vertex 305.0507 57.5 10.5981
      vertex 305.0507 58.2235 10.8978
    endloop
  endfacet
  facet normal 0.0 -0.382701 0.923872
    outer loop
      vertex 305.0507 57.5 10.5981
      vertex 297.0507 58.2235 10.8978
      vertex 297.0507 57.5 10.5981
    endloop
  endfacet
  facet normal 0.0 -0.130491 0.99145
    outer loop
      vertex 297.0507 59.0 11.0
      vertex 305.0507 58.2235 10.8978
      vertex 305.0507 59.0 11.0
    endloop
  endfacet
  facet normal 0.0 -0.130491 0.99145
    outer loop
      vertex 305.0507 58.2235 10.8978
      vertex 297.0507 59.0 11.0
      vertex 297.0507 58.2235 10.8978
    endloop
  endfacet
  facet normal -0.258818 0.0 0.965926
    outer loop
      vertex 186.3327 74.0 0.0
      vertex 297.0507 14.0 29.6667
      vertex 297.0507 74.0 29.6667
    endloop
  endfacet
  facet normal -0.258818 0.0 0.965926
    outer loop
      vertex 297.0507 14.0 29.6667
      vertex 186.3327 74.0 0.0
      vertex 186.3327 14.0 0.0
    endloop
  endfacet
endsolid rail_ramp_seg0_9
solid rail_ramp_seg1_10
  facet normal -1.0 0.0 0.0
    outer loop
      vertex 61.6147 158.0 0.0
      vertex 61.6147 152.0 29.6667
      vertex 61.6147 158.0 41.6667
    endloop
  endfacet
  facet normal -1.0 0.0 0.0
    outer loop
      vertex 61.6147 140.0668 8.82175
      vertex 61.6147 158.0 0.0
      vertex 61.6147 140.175 8.0
    endloop
  endfacet
  facet normal -1.0 0.0 0.0
    outer loop
      vertex 61.6147 158.0 0.0
      vertex 61.6147 140.0668 7.17825
      vertex 61.6147 140.175 8.0
    endloop
  endfacet
  facet normal -1.0 0.0 0.0
    outer loop
      vertex 61.6147 158.0 0.0
      vertex 61.6147 139.7496 6.4125
      vertex 61.6147 140.0668 7.17825
    endloop
  endfacet
  facet normal -1.0 0.0 0.0
    outer loop
      vertex 61.6147 158.0 0.0
      vertex 61.6147 139.2451 5.75494
      vertex 61.6147 139.7496 6.4125
    endloop
  endfacet
  facet normal -1.0 0.0 0.0
    outer loop
      vertex 61.6147 158.0 0.0
      vertex 61.6147 138.5875 5.25037
      vertex 61.6147 139.2451 5.75494
    endloop
  endfacet
  facet normal -1.0 0.0 0.0
    outer loop
      vertex 61.6147 158.0 0.0
      vertex 61.6147 137.8218 4.93318
      vertex 61.6147 138.5875 5.25037
    endloop
  endfacet
  facet normal -1.0 0.0 0.0
    outer loop
      vertex 61.6147 158.0 0.0
      vertex 61.6147 137.0 4.825
      vertex 61.6147 137.8218 4.93318
    endloop
  endfacet
  facet normal -1.0 0.0 0.0
    outer loop
      vertex 61.6147 158.0 0.0
      vertex 61.6147 136.1782 4.93318
      vertex 61.6147 137.0 4.825
    endloop
  endfacet
  facet normal -1.0 0.0 0.0
    outer loop
      vertex 61.6147 133.9332 7.17825
      vertex 61.6147 110.175 8.0
      vertex 61.6147 133.825 8.0
    endloop
  endfacet
  facet normal -1.0 0.0 0.0
    outer loop
      vertex 61.6147 110.0668 7.17825
      vertex 61.6147 133.9332 7.17825
      vertex 61.6147 134.2504 6.4125
    endloop
  endfacet
  facet normal -1.0 0.0 0.0
    outer loop
      vertex 61.6147 109.7496 6.4125
      vertex 61.6147 134.2504 6.4125
      vertex 61.6147 134.7549 5.75494
    endloop
  endfacet
  facet normal -1.0 0.0 0.0
    outer loop
      vertex 61.6147 109.24510000000001 5.75494
      vertex 61.6147 134.7549 5.75494
      vertex 61.6147 135.4125 5.25037
    endloop
  endfacet
  facet normal -1.0 0.0 0.0
    outer loop
      vertex 61.6147 108.5875 5.25037
      vertex 61.6147 135.4125 5.25037
      vertex 61.6147 136.1782 4.93318
    endloop
  endfacet
  facet normal -1.0 0.0 0.0
    outer loop
      vertex 61.6147 107.82169999999999 4.93318
      vertex 61.6147 136.1782 4.93318
      vertex 61.6147 158.0 0.0
    endloop
  endfacet
  facet normal -1.0 0.0 0.0
    outer loop
      vertex 61.6147 133.9332 7.17825
      vertex 61.6147 110.0668 7.17825
      vertex 61.6147 110.175 8.0
    endloop
  endfacet
  facet normal -1.0 0.0 0.0
    outer loop
      vertex 61.6147 134.2504 6.4125
      vertex 61.6147 109.7496 6.4125
      vertex 61.6147 110.0668 7.17825
    endloop
  endfacet
  facet normal -1.0 0.0 0.0
    outer loop
      vertex 61.6147 134.7549 5.75494
      vertex 61.6147 109.24510000000001 5.75494
      vertex 61.6147 109.7496 6.4125
    endloop
  endfacet
  facet normal -1.0 0.0 0.0
    outer loop
      vertex 61.6147 135.4125 5.25037
      vertex 61.6147 108.5875 5.25037
      vertex 61.6147 109.24510000000001 5.75494
    endloop
  endfacet
  facet normal -1.0 0.0 0.0
    outer loop
      vertex 61.6147 136.1782 4.93318
      vertex 61.6147 107.82169999999999 4.93318
      vertex 61.6147 108.5875 5.25037
    endloop
  endfacet
  facet normal -1.0 0.0 0.0
    outer loop
      vertex 61.6147 158.0 0.0
      vertex 61.6147 107.0 4.825
      vertex 61.6147 107.82169999999999 4.93318
    endloop
  endfacet
  facet normal -1.0 0.0 0.0
    outer loop
      vertex 61.6147 86.0 0.0
      vertex 61.6147 103.825 8.0
      vertex 61.6147 103.9332 7.17825
    endloop
  endfacet
  facet normal -1.0 0.0 0.0
    outer loop
      vertex 61.6147 86.0 0.0
      vertex 61.6147 103.9332 7.17825
      vertex 61.6147 104.2504 6.4125
    endloop
  endfacet
  facet normal -1.0 0.0 0.0
    outer loop
      vertex 61.6147 86.0 0.0
      vertex 61.6147 107.0 4.825
      vertex 61.6147 158.0 0.0
    endloop
  endfacet
  facet normal -1.0 0.0 0.0
    outer loop
      vertex 61.6147 86.0 0.0
      vertex 61.6147 106.1782 4.93318
      vertex 61.6147 107.0 4.825
    endloop
  endfacet
  facet normal -1.0 0.0 0.0
    outer loop
      vertex 61.6147 86.0 0.0
      vertex 61.6147 105.4125 5.25037
      vertex 61.6147 106.1782 4.93318
    endloop
  endfacet
  facet normal -1.0 0.0 0.0
    outer loop
      vertex 61.6147 86.0 0.0
      vertex 61.6147 104.75489999999999 5.75494
      vertex 61.6147 105.4125 5.25037
    endloop
  endfacet
  facet normal -1.0 0.0 0.0
    outer loop
      vertex 61.6147 86.0 0.0
      vertex 61.6147 104.2504 6.4125
      vertex 61.6147 104.75489999999999 5.75494
    endloop
  endfacet
  facet normal -1.0 -0.0 0.0
    outer loop
      vertex 61.6147 103.825 8.0
      vertex 61.6147 86.0 0.0
      vertex 61.6147 92.0 29.6667
    endloop
  endfacet
  facet normal -1.0 0.0 0.0
    outer loop
      vertex 61.6147 86.0 41.6667
      vertex 61.6147 92.0 29.6667
      vertex 61.6147 86.0 0.0
    endloop
  endfacet
  facet normal -1.0 0.0 0.0
    outer loop
      vertex 61.6147 92.0 29.6667
      vertex 61.6147 86.0 41.6667
      vertex 61.6147 92.0 41.6667
    endloop
  endfacet
  facet normal -1.0 -0.0 0.0
    outer loop
      vertex 61.6147 158.0 41.6667
      vertex 61.6147 152.0 29.6667
      vertex 61.6147 152.0 41.6667
    endloop
  endfacet
  facet normal -1.0 0.0 0.0
    outer loop
      vertex 61.6147 158.0 0.0
      vertex 61.6147 140.0668 8.82175
      vertex 61.6147 152.0 29.6667
    endloop
  endfacet
  facet normal -1.0 0.0 0.0
    outer loop
      vertex 61.6147 139.7496 9.5875
      vertex 61.6147 152.0 29.6667
      vertex 61.6147 140.0668 8.82175
    endloop
  endfacet
  facet normal -1.0 0.0 0.0
    outer loop
      vertex 61.6147 139.2451 10.2451
      vertex 61.6147 152.0 29.6667
      vertex 61.6147 139.7496 9.5875
    endloop
  endfacet
  facet normal -1.0 0.0 0.0
    outer loop
      vertex 61.6147 138.5875 10.7496
      vertex 61.6147 152.0 29.6667
      vertex 61.6147 139.2451 10.2451
    endloop
  endfacet
  facet normal -1.0 0.0 0.0
    outer loop
      vertex 61.6147 137.8218 11.0668
      vertex 61.6147 152.0 29.6667
      vertex 61.6147 138.5875 10.7496
    endloop
  endfacet
  facet normal -1.0 0.0 0.0
    outer loop
      vertex 61.6147 137.0 11.175
      vertex 61.6147 152.0 29.6667
      vertex 61.6147 137.8218 11.0668
    endloop
  endfacet
  facet normal -1.0 0.0 0.0
    outer loop
      vertex 61.6147 136.1782 11.0668
      vertex 61.6147 152.0 29.6667
      vertex 61.6147 137.0 11.175
    endloop
  endfacet
  facet normal -1.0 0.0 0.0
    outer loop
      vertex 61.6147 135.4125 10.7496
      vertex 61.6147 152.0 29.6667
      vertex 61.6147 136.1782 11.0668
    endloop
  endfacet
  facet normal -1.0 0.0 0.0
    outer loop
      vertex 61.6147 108.5875 10.7496
      vertex 61.6147 135.4125 10.7496
      vertex 61.6147 134.7549 10.2451
    endloop
  endfacet
  facet normal -1.0 0.0 0.0
    outer loop
      vertex 61.6147 110.175 8.0
      vertex 61.6147 133.9332 8.82175
      vertex 61.6147 133.825 8.0
    endloop
  endfacet
  facet normal -1.0 0.0 0.0
    outer loop
      vertex 61.6147 110.0668 8.82175
      vertex 61.6147 133.9332 8.82175
      vertex 61.6147 110.175 8.0
    endloop
  endfacet
  facet normal -1.0 0.0 0.0
    outer loop
      vertex 61.6147 133.9332 8.82175
      vertex 61.6147 110.0668 8.82175
      vertex 61.6147 134.2504 9.5875
    endloop
  endfacet
  facet normal -1.0 0.0 0.0
    outer loop
      vertex 61.6147 109.7496 9.5875
      vertex 61.6147 134.2504 9.5875
      vertex 61.6147 110.0668 8.82175
    endloop
  endfacet
  facet normal -1.0 0.0 0.0
    outer loop
      vertex 61.6147 134.2504 9.5875
      vertex 61.6147 109.7496 9.5875
      vertex 61.6147 134.7549 10.2451
    endloop
  endfacet
  facet normal -1.0 0.0 0.0
    outer loop
      vertex 61.6147 109.24510000000001 10.2451
      vertex 61.6147 134.7549 10.2451
      vertex 61.6147 109.7496 9.5875
    endloop
  endfacet
  facet normal -1.0 0.0 0.0
    outer loop
      vertex 61.6147 108.5875 10.7496
      vertex 61.6147 134.7549 10.2451
      vertex 61.6147 109.24510000000001 10.2451
    endloop
  endfacet
  facet normal -1.0 0.0 0.0
    outer loop
      vertex 61.6147 135.4125 10.7496
      vertex 61.6147 108.5875 10.7496
      vertex 61.6147 152.0 29.6667
    endloop
  endfacet
  facet normal -1.0 0.0 0.0
    outer loop
      vertex 61.6147 92.0 29.6667
      vertex 61.6147 108.5875 10.7496
      vertex 61.6147 107.82169999999999 11.0668
    endloop
  endfacet
  facet normal -1.0 0.0 0.0
    outer loop
      vertex 61.6147 92.0 29.6667
      vertex 61.6147 107.82169999999999 11.0668
      vertex 61.6147 107.0 11.175
    endloop
  endfacet
  facet normal -1.0 0.0 0.0
    outer loop
      vertex 61.6147 92.0 29.6667
      vertex 61.6147 107.0 11.175
      vertex 61.6147 106.1782 11.0668
    endloop
  endfacet
  facet normal -1.0 0.0 0.0
    outer loop
      vertex 61.6147 108.5875 10.7496
      vertex 61.6147 92.0 29.6667
      vertex 61.6147 152.0 29.6667
    endloop
  endfacet
  facet normal -1.0 0.0 0.0
    outer loop
      vertex 61.6147 105.4125 10.7496
      vertex 61.6147 92.0 29.6667
      vertex 61.6147 106.1782 11.0668
    endloop
  endfacet
  facet normal -1.0 0.0 0.0
    outer loop
      vertex 61.6147 104.75489999999999 10.2451
      vertex 61.6147 92.0 29.6667
      vertex 61.6147 105.4125 10.7496
    endloop
  endfacet
  facet normal -1.0 0.0 0.0
    outer loop
      vertex 61.6147 104.2504 9.5875
      vertex 61.6147 92.0 29.6667
      vertex 61.6147 104.75489999999999 10.2451
    endloop
  endfacet
  facet normal -1.0 0.0 0.0
    outer loop
      vertex 61.6147 103.9332 8.82175
      vertex 61.6147 92.0 29.6667
      vertex 61.6147 104.2504 9.5875
    endloop
  endfacet
  facet normal -1.0 0.0 0.0
    outer loop
      vertex 61.6147 92.0 29.6667
      vertex 61.6147 103.9332 8.82175
      vertex 61.6147 103.825 8.0
    endloop
  endfacet
  facet normal 1.0 0.0 0.0
    outer loop
      vertex 172.3327 92.0 71.3333
      vertex 172.3327 86.0 71.3333
      vertex 172.3327 92.0 59.3333
    endloop
  endfacet
  facet normal 1.0 0.0 0.0
    outer loop
      vertex 172.3327 158.0 0.0
      vertex 172.3327 139.8978 8.77646
      vertex 172.3327 140.0 8.0
    endloop
  endfacet
  facet normal 1.0 0.0 0.0
    outer loop
      vertex 172.3327 158.0 0.0
      vertex 172.3327 139.5981 9.5
      vertex 172.3327 139.8978 8.77646
    endloop
  endfacet
  facet normal 1.0 0.0 0.0
    outer loop
      vertex 172.3327 158.0 0.0
      vertex 172.3327 139.1213 10.1213
      vertex 172.3327 139.5981 9.5
    endloop
  endfacet
  facet normal 1.0 0.0 0.0
    outer loop
      vertex 172.3327 152.0 59.3333
      vertex 172.3327 138.5 10.5981
      vertex 172.3327 139.1213 10.1213
    endloop
  endfacet
  facet normal 1.0 0.0 0.0
    outer loop
      vertex 172.3327 152.0 59.3333
      vertex 172.3327 137.7765 10.8978
      vertex 172.3327 138.5 10.5981
    endloop
  endfacet
  facet normal 1.0 0.0 0.0
    outer loop
      vertex 172.3327 152.0 59.3333
      vertex 172.3327 137.0 11.0
      vertex 172.3327 137.7765 10.8978
    endloop
  endfacet
  facet normal 1.0 0.0 0.0
    outer loop
      vertex 172.3327 152.0 59.3333
      vertex 172.3327 136.2235 10.8978
      vertex 172.3327 137.0 11.0
    endloop
  endfacet
  facet normal 1.0 0.0 0.0
    outer loop
      vertex 172.3327 152.0 59.3333
      vertex 172.3327 135.5 10.5981
      vertex 172.3327 136.2235 10.8978
    endloop
  endfacet
  facet normal 1.0 0.0 0.0
    outer loop
      vertex 172.3327 108.5 10.5981
      vertex 172.3327 135.5 10.5981
      vertex 172.3327 152.0 59.3333
    endloop
  endfacet
  facet normal 1.0 0.0 0.0
    outer loop
      vertex 172.3327 135.5 10.5981
      vertex 172.3327 108.5 10.5981
      vertex 172.3327 134.8787 10.1213
    endloop
  endfacet
  facet normal 1.0 0.0 -0.0
    outer loop
      vertex 172.3327 109.1213 10.1213
      vertex 172.3327 134.8787 10.1213
      vertex 172.3327 108.5 10.5981
    endloop
  endfacet
  facet normal 1.0 0.0 0.0
    outer loop
      vertex 172.3327 134.1022 8.77646
      vertex 172.3327 110.0 8.0
      vertex 172.3327 134.0 8.0
    endloop
  endfacet
  facet normal 1.0 0.0 0.0
    outer loop
      vertex 172.3327 134.8787 10.1213
      vertex 172.3327 109.1213 10.1213
      vertex 172.3327 134.4019 9.5
    endloop
  endfacet
  facet normal 1.0 0.0 0.0
    outer loop
      vertex 172.3327 134.1022 8.77646
      vertex 172.3327 109.8978 8.77646
      vertex 172.3327 110.0 8.0
    endloop
  endfacet
  facet normal 1.0 0.0 0.0
    outer loop
      vertex 172.3327 134.1022 8.77646
      vertex 172.3327 109.5981 9.5
      vertex 172.3327 109.8978 8.77646
    endloop
  endfacet
  facet normal 1.0 0.0 0.0
    outer loop
      vertex 172.3327 134.4019 9.5
      vertex 172.3327 109.5981 9.5
      vertex 172.3327 134.1022 8.77646
    endloop
  endfacet
  facet normal 1.0 0.0 -0.0
    outer loop
      vertex 172.3327 109.5981 9.5
      vertex 172.3327 134.4019 9.5
      vertex 172.3327 109.1213 10.1213
    endloop
  endfacet
  facet normal 1.0 -0.0 0.0
    outer loop
      vertex 172.3327 92.0 59.3333
      vertex 172.3327 108.5 10.5981
      vertex 172.3327 152.0 59.3333
    endloop
  endfacet
  facet normal 1.0 0.0 0.0
    outer loop
      vertex 172.3327 108.5 10.5981
      vertex 172.3327 92.0 59.3333
      vertex 172.3327 107.7765 10.8978
    endloop
  endfacet
  facet normal 1.0 0.0 0.0
    outer loop
      vertex 172.3327 107.7765 10.8978
      vertex 172.3327 92.0 59.3333
      vertex 172.3327 107.0 11.0
    endloop
  endfacet
  facet normal 1.0 0.0 0.0
    outer loop
      vertex 172.3327 107.0 11.0
      vertex 172.3327 92.0 59.3333
      vertex 172.3327 106.2235 10.8978
    endloop
  endfacet
  facet normal 1.0 0.0 0.0
    outer loop
      vertex 172.3327 106.2235 10.8978
      vertex 172.3327 92.0 59.3333
      vertex 172.3327 105.5 10.5981
    endloop
  endfacet
  facet normal 1.0 0.0 0.0
    outer loop
      vertex 172.3327 104.4019 9.5
      vertex 172.3327 86.0 0.0
      vertex 172.3327 104.1022 8.77646
    endloop
  endfacet
  facet normal 1.0 0.0 0.0
    outer loop
      vertex 172.3327 104.8787 10.1213
      vertex 172.3327 86.0 0.0
      vertex 172.3327 104.4019 9.5
    endloop
  endfacet
  facet normal 1.0 0.0 0.0
    outer loop
      vertex 172.3327 86.0 0.0
      vertex 172.3327 104.8787 10.1213
      vertex 172.3327 92.0 59.3333
    endloop
  endfacet
  facet normal 1.0 0.0 0.0
    outer loop
      vertex 172.3327 105.5 10.5981
      vertex 172.3327 92.0 59.3333
      vertex 172.3327 104.8787 10.1213
    endloop
  endfacet
  facet normal 1.0 0.0 0.0
    outer loop
      vertex 172.3327 152.0 59.3333
      vertex 172.3327 158.0 71.3333
      vertex 172.3327 152.0 71.3333
    endloop
  endfacet
  facet normal 1.0 0.0 0.0
    outer loop
      vertex 172.3327 158.0 71.3333
      vertex 172.3327 152.0 59.3333
      vertex 172.3327 158.0 0.0
    endloop
  endfacet
  facet normal 1.0 -0.0 0.0
    outer loop
      vertex 172.3327 139.1213 10.1213
      vertex 172.3327 158.0 0.0
      vertex 172.3327 152.0 59.3333
    endloop
  endfacet
  facet normal 1.0 -0.0 0.0
    outer loop
      vertex 172.3327 139.8978 7.22354
      vertex 172.3327 158.0 0.0
      vertex 172.3327 140.0 8.0
    endloop
  endfacet
  facet normal 1.0 -0.0 0.0
    outer loop
      vertex 172.3327 139.5981 6.5
      vertex 172.3327 158.0 0.0
      vertex 172.3327 139.8978 7.22354
    endloop
  endfacet
  facet normal 1.0 -0.0 0.0
    outer loop
      vertex 172.3327 139.1213 5.87868
      vertex 172.3327 158.0 0.0
      vertex 172.3327 139.5981 6.5
    endloop
  endfacet
  facet normal 1.0 -0.0 0.0
    outer loop
      vertex 172.3327 138.5 5.40192
      vertex 172.3327 158.0 0.0
      vertex 172.3327 139.1213 5.87868
    endloop
  endfacet
  facet normal 1.0 -0.0 0.0
    outer loop
      vertex 172.3327 137.7765 5.10222
      vertex 172.3327 158.0 0.0
      vertex 172.3327 138.5 5.40192
    endloop
  endfacet
  facet normal 1.0 -0.0 0.0
    outer loop
      vertex 172.3327 137.0 5.0
      vertex 172.3327 158.0 0.0
      vertex 172.3327 137.7765 5.10222
    endloop
  endfacet
  facet normal 1.0 0.0 0.0
    outer loop
      vertex 172.3327 136.2235 5.10222
      vertex 172.3327 158.0 0.0
      vertex 172.3327 137.0 5.0
    endloop
  endfacet
  facet normal 1.0 -0.0 0.0
    outer loop
      vertex 172.3327 110.0 8.0
      vertex 172.3327 134.1022 7.22354
      vertex 172.3327 134.0 8.0
    endloop
  endfacet
  facet normal 1.0 0.0 0.0
    outer loop
      vertex 172.3327 109.8978 7.22354
      vertex 172.3327 134.1022 7.22354
      vertex 172.3327 110.0 8.0
    endloop
  endfacet
  facet normal 1.0 0.0 0.0
    outer loop
      vertex 172.3327 134.1022 7.22354
      vertex 172.3327 109.8978 7.22354
      vertex 172.3327 134.4019 6.5
    endloop
  endfacet
  facet normal 1.0 0.0 0.0
    outer loop
      vertex 172.3327 109.5981 6.5
      vertex 172.3327 134.4019 6.5
      vertex 172.3327 109.8978 7.22354
    endloop
  endfacet
  facet normal 1.0 0.0 0.0
    outer loop
      vertex 172.3327 134.4019 6.5
      vertex 172.3327 109.5981 6.5
      vertex 172.3327 134.8787 5.87868
    endloop
  endfacet
  facet normal 1.0 0.0 0.0
    outer loop
      vertex 172.3327 109.1213 5.87868
      vertex 172.3327 134.8787 5.87868
      vertex 172.3327 109.5981 6.5
    endloop
  endfacet
  facet normal 1.0 0.0 0.0
    outer loop
      vertex 172.3327 134.8787 5.87868
      vertex 172.3327 109.1213 5.87868
      vertex 172.3327 135.5 5.40192
    endloop
  endfacet
  facet normal 1.0 0.0 0.0
    outer loop
      vertex 172.3327 108.5 5.40192
      vertex 172.3327 135.5 5.40192
      vertex 172.3327 109.1213 5.87868
    endloop
  endfacet
  facet normal 1.0 0.0 0.0
    outer loop
      vertex 172.3327 135.5 5.40192
      vertex 172.3327 108.5 5.40192
      vertex 172.3327 136.2235 5.10222
    endloop
  endfacet
  facet normal 1.0 0.0 0.0
    outer loop
      vertex 172.3327 107.7765 5.10222
      vertex 172.3327 136.2235 5.10222
      vertex 172.3327 108.5 5.40192
    endloop
  endfacet
  facet normal 1.0 0.0 0.0
    outer loop
      vertex 172.3327 136.2235 5.10222
      vertex 172.3327 107.7765 5.10222
      vertex 172.3327 158.0 0.0
    endloop
  endfacet
  facet normal 1.0 -0.0 0.0
    outer loop
      vertex 172.3327 107.0 5.0
      vertex 172.3327 158.0 0.0
      vertex 172.3327 107.7765 5.10222
    endloop
  endfacet
  facet normal 1.0 0.0 0.0
    outer loop
      vertex 172.3327 104.1022 8.77646
      vertex 172.3327 86.0 0.0
      vertex 172.3327 104.0 8.0
    endloop
  endfacet
  facet normal 1.0 0.0 0.0
    outer loop
      vertex 172.3327 86.0 0.0
      vertex 172.3327 92.0 59.3333
      vertex 172.3327 86.0 71.3333
    endloop
  endfacet
  facet normal 1.0 0.0 0.0
    outer loop
      vertex 172.3327 107.0 5.0
      vertex 172.3327 86.0 0.0
      vertex 172.3327 158.0 0.0
    endloop
  endfacet
  facet normal 1.0 0.0 0.0
    outer loop
      vertex 172.3327 106.2235 5.10222
      vertex 172.3327 86.0 0.0
      vertex 172.3327 107.0 5.0
    endloop
  endfacet
  facet normal 1.0 0.0 0.0
    outer loop
      vertex 172.3327 105.5 5.40192
      vertex 172.3327 86.0 0.0
      vertex 172.3327 106.2235 5.10222
    endloop
  endfacet
  facet normal 1.0 0.0 0.0
    outer loop
      vertex 172.3327 104.8787 5.87868
      vertex 172.3327 86.0 0.0
      vertex 172.3327 105.5 5.40192
    endloop
  endfacet
  facet normal 1.0 0.0 0.0
    outer loop
      vertex 172.3327 104.4019 6.5
      vertex 172.3327 86.0 0.0
      vertex 172.3327 104.8787 5.87868
    endloop
  endfacet
  facet normal 1.0 0.0 0.0
    outer loop
      vertex 172.3327 104.1022 7.22354
      vertex 172.3327 86.0 0.0
      vertex 172.3327 104.4019 6.5
    endloop
  endfacet
  facet normal 1.0 0.0 0.0
    outer loop
      vertex 172.3327 104.0 8.0
      vertex 172.3327 86.0 0.0
      vertex 172.3327 104.1022 7.22354
    endloop
  endfacet
  facet normal 0.0 0.0 -1.0
    outer loop
      vertex 61.6147 86.0 0.0
      vertex 172.3327 158.0 0.0
      vertex 172.3327 86.0 0.0
    endloop
  endfacet
  facet normal -0.0 0.0 -1.0
    outer loop
      vertex 172.3327 158.0 0.0
      vertex 61.6147 86.0 0.0
      vertex 61.6147 158.0 0.0
    endloop
  endfacet
  facet normal -0.258817 0.0 0.965926
    outer loop
      vertex 61.6147 92.0 41.6667
      vertex 172.3327 86.0 71.3333
      vertex 172.3327 92.0 71.3333
    endloop
  endfacet
  facet normal -0.258817 0.0 0.965926
    outer loop
      vertex 172.3327 86.0 71.3333
      vertex 61.6147 92.0 41.6667
      vertex 61.6147 86.0 41.6667
    endloop
  endfacet
  facet normal 0.0 1.0 -0.0
    outer loop
      vertex 172.3327 92.0 59.3333
      vertex 61.6147 92.0 41.6667
      vertex 172.3327 92.0 71.3333
    endloop
  endfacet
  facet normal -0.0 1.0 0.0
    outer loop
      vertex 61.6147 92.0 41.6667
      vertex 172.3327 92.0 59.3333
      vertex 61.6147 92.0 29.6667
    endloop
  endfacet
  facet normal 0.0 -1.0 0.0
    outer loop
      vertex 172.3327 86.0 0.0
      vertex 61.6147 86.0 41.6667
      vertex 61.6147 86.0 0.0
    endloop
  endfacet
  facet normal 0.0 -1.0 0.0
    outer loop
      vertex 61.6147 86.0 41.6667
      vertex 172.3327 86.0 0.0
      vertex 172.3327 86.0 71.3333
    endloop
  endfacet
  facet normal -0.258817 0.0 0.965926
    outer loop
      vertex 61.6147 158.0 41.6667
      vertex 172.3327 152.0 71.3333
      vertex 172.3327 158.0 71.3333
    endloop
  endfacet
  facet normal -0.258817 0.0 0.965926
    outer loop
      vertex 172.3327 152.0 71.3333
      vertex 61.6147 158.0 41.6667
      vertex 61.6147 152.0 41.6667
    endloop
  endfacet
  facet normal 0.0 1.0 -0.0
    outer loop
      vertex 172.3327 158.0 0.0
      vertex 61.6147 158.0 41.6667
      vertex 172.3327 158.0 71.3333
    endloop
  endfacet
  facet normal 0.0 1.0 0.0
    outer loop
      vertex 61.6147 158.0 41.6667
      vertex 172.3327 158.0 0.0
      vertex 61.6147 158.0 0.0
    endloop
  endfacet
  facet normal 0.0 -1.0 0.0
    outer loop
      vertex 61.6147 152.0 41.6667
      vertex 172.3327 152.0 59.3333
      vertex 172.3327 152.0 71.3333
    endloop
  endfacet
  facet normal 0.0 -1.0 0.0
    outer loop
      vertex 172.3327 152.0 59.3333
      vertex 61.6147 152.0 41.6667
      vertex 61.6147 152.0 29.6667
    endloop
  endfacet
  facet normal 0.0 0.130516 -0.991446
    outer loop
      vertex 172.3327 107.0 5.0
      vertex 180.3327 107.7765 5.10222
      vertex 180.3327 107.0 5.0
    endloop
  endfacet
  facet normal 0.0 0.130516 -0.991446
    outer loop
      vertex 180.3327 107.7765 5.10222
      vertex 172.3327 107.0 5.0
      vertex 172.3327 107.7765 5.10222
    endloop
  endfacet
  facet normal -0.0 0.130491 0.99145
    outer loop
      vertex 172.3327 107.7765 10.8978
      vertex 180.3327 107.0 11.0
      vertex 180.3327 107.7765 10.8978
    endloop
  endfacet
  facet normal 0.0 0.130491 0.99145
    outer loop
      vertex 180.3327 107.0 11.0
      vertex 172.3327 107.7765 10.8978
      vertex 172.3327 107.0 11.0
    endloop
  endfacet
  facet normal 0.0 -0.991449 -0.130497
    outer loop
      vertex 172.3327 104.1022 7.22354
      vertex 180.3327 104.0 8.0
      vertex 172.3327 104.0 8.0
    endloop
  endfacet
  facet normal 0.0 -0.991449 -0.130497
    outer loop
      vertex 180.3327 104.0 8.0
      vertex 172.3327 104.1022 7.22354
      vertex 180.3327 104.1022 7.22354
    endloop
  endfacet
  facet normal 0.0 -0.608777 -0.793341
    outer loop
      vertex 172.3327 104.8787 5.87868
      vertex 180.3327 105.5 5.40192
      vertex 180.3327 104.8787 5.87868
    endloop
  endfacet
  facet normal -0.0 -0.608777 -0.793341
    outer loop
      vertex 180.3327 105.5 5.40192
      vertex 172.3327 104.8787 5.87868
      vertex 172.3327 105.5 5.40192
    endloop
  endfacet
  facet normal 0.0 0.382701 -0.923872
    outer loop
      vertex 172.3327 107.7765 5.10222
      vertex 180.3327 108.5 5.40192
      vertex 180.3327 107.7765 5.10222
    endloop
  endfacet
  facet normal 0.0 0.382701 -0.923872
    outer loop
      vertex 180.3327 108.5 5.40192
      vertex 172.3327 107.7765 5.10222
      vertex 172.3327 108.5 5.40192
    endloop
  endfacet
  facet normal 0.0 0.793326 -0.608797
    outer loop
      vertex 180.3327 109.1213 5.87868
      vertex 172.3327 109.5981 6.5
      vertex 180.3327 109.5981 6.5
    endloop
  endfacet
  facet normal 0.0 0.793326 -0.608797
    outer loop
      vertex 172.3327 109.5981 6.5
      vertex 180.3327 109.1213 5.87868
      vertex 172.3327 109.1213 5.87868
    endloop
  endfacet
  facet normal 0.0 0.793316 0.608809
    outer loop
      vertex 180.3327 109.5981 9.5
      vertex 172.3327 109.1213 10.1213
      vertex 180.3327 109.1213 10.1213
    endloop
  endfacet
  facet normal 0.0 0.793316 0.608809
    outer loop
      vertex 172.3327 109.1213 10.1213
      vertex 180.3327 109.5981 9.5
      vertex 172.3327 109.5981 9.5
    endloop
  endfacet
  facet normal -0.0 0.608809 0.793316
    outer loop
      vertex 172.3327 109.1213 10.1213
      vertex 180.3327 108.5 10.5981
      vertex 180.3327 109.1213 10.1213
    endloop
  endfacet
  facet normal 0.0 0.608809 0.793316
    outer loop
      vertex 180.3327 108.5 10.5981
      vertex 172.3327 109.1213 10.1213
      vertex 172.3327 108.5 10.5981
    endloop
  endfacet
  facet normal 0.0 0.92388 0.382683
    outer loop
      vertex 180.3327 109.8978 8.77646
      vertex 172.3327 109.5981 9.5
      vertex 180.3327 109.5981 9.5
    endloop
  endfacet
  facet normal 0.0 0.92388 0.382683
    outer loop
      vertex 172.3327 109.5981 9.5
      vertex 180.3327 109.8978 8.77646
      vertex 172.3327 109.8978 8.77646
    endloop
  endfacet
  facet normal 0.0 0.608777 -0.793341
    outer loop
      vertex 172.3327 108.5 5.40192
      vertex 180.3327 109.1213 5.87868
      vertex 180.3327 108.5 5.40192
    endloop
  endfacet
  facet normal 0.0 0.608777 -0.793341
    outer loop
      vertex 180.3327 109.1213 5.87868
      vertex 172.3327 108.5 5.40192
      vertex 172.3327 109.1213 5.87868
    endloop
  endfacet
  facet normal 0.0 0.92388 -0.382683
    outer loop
      vertex 180.3327 109.5981 6.5
      vertex 172.3327 109.8978 7.22354
      vertex 180.3327 109.8978 7.22354
    endloop
  endfacet
  facet normal 0.0 0.92388 -0.382683
    outer loop
      vertex 172.3327 109.8978 7.22354
      vertex 180.3327 109.5981 6.5
      vertex 172.3327 109.5981 6.5
    endloop
  endfacet
  facet normal -0.0 0.382701 0.923872
    outer loop
      vertex 172.3327 108.5 10.5981
      vertex 180.3327 107.7765 10.8978
      vertex 180.3327 108.5 10.5981
    endloop
  endfacet
  facet normal 0.0 0.382701 0.923872
    outer loop
      vertex 180.3327 107.7765 10.8978
      vertex 172.3327 108.5 10.5981
      vertex 172.3327 107.7765 10.8978
    endloop
  endfacet
  facet normal 0.0 0.991449 0.130497
    outer loop
      vertex 180.3327 110.0 8.0
      vertex 172.3327 109.8978 8.77646
      vertex 180.3327 109.8978 8.77646
    endloop
  endfacet
  facet normal 0.0 0.991449 0.130497
    outer loop
      vertex 172.3327 109.8978 8.77646
      vertex 180.3327 110.0 8.0
      vertex 172.3327 110.0 8.0
    endloop
  endfacet
  facet normal 0.0 -0.130516 -0.991446
    outer loop
      vertex 172.3327 106.2235 5.10222
      vertex 180.3327 107.0 5.0
      vertex 180.3327 106.2235 5.10222
    endloop
  endfacet
  facet normal -0.0 -0.130516 -0.991446
    outer loop
      vertex 180.3327 107.0 5.0
      vertex 172.3327 106.2235 5.10222
      vertex 172.3327 107.0 5.0
    endloop
  endfacet
  facet normal 0.0 -0.608809 0.793316
    outer loop
      vertex 172.3327 105.5 10.5981
      vertex 180.3327 104.8787 10.1213
      vertex 180.3327 105.5 10.5981
    endloop
  endfacet
  facet normal 0.0 -0.608809 0.793316
    outer loop
      vertex 180.3327 104.8787 10.1213
      vertex 172.3327 105.5 10.5981
      vertex 172.3327 104.8787 10.1213
    endloop
  endfacet
  facet normal 0.0 -0.382701 -0.923872
    outer loop
      vertex 172.3327 105.5 5.40192
      vertex 180.3327 106.2235 5.10222
      vertex 180.3327 105.5 5.40192
    endloop
  endfacet
  facet normal -0.0 -0.382701 -0.923872
    outer loop
      vertex 180.3327 106.2235 5.10222
      vertex 172.3327 105.5 5.40192
      vertex 172.3327 106.2235 5.10222
    endloop
  endfacet
  facet normal 0.0 0.991449 -0.130497
    outer loop
      vertex 180.3327 109.8978 7.22354
      vertex 172.3327 110.0 8.0
      vertex 180.3327 110.0 8.0
    endloop
  endfacet
  facet normal 0.0 0.991449 -0.130497
    outer loop
      vertex 172.3327 110.0 8.0
      vertex 180.3327 109.8978 7.22354
      vertex 172.3327 109.8978 7.22354
    endloop
  endfacet
  facet normal 0.0 -0.793316 0.608809
    outer loop
      vertex 172.3327 104.4019 9.5
      vertex 180.3327 104.8787 10.1213
      vertex 172.3327 104.8787 10.1213
    endloop
  endfacet
  facet normal 0.0 -0.793316 0.608809
    outer loop
      vertex 180.3327 104.8787 10.1213
      vertex 172.3327 104.4019 9.5
      vertex 180.3327 104.4019 9.5
    endloop
  endfacet
  facet normal 0.0 -0.793326 -0.608797
    outer loop
      vertex 172.3327 104.8787 5.87868
      vertex 180.3327 104.4019 6.5
      vertex 172.3327 104.4019 6.5
    endloop
  endfacet
  facet normal 0.0 -0.793326 -0.608797
    outer loop
      vertex 180.3327 104.4019 6.5
      vertex 172.3327 104.8787 5.87868
      vertex 180.3327 104.8787 5.87868
    endloop
  endfacet
  facet normal 0.0 -0.92388 -0.382683
    outer loop
      vertex 172.3327 104.4019 6.5
      vertex 180.3327 104.1022 7.22354
      vertex 172.3327 104.1022 7.22354
    endloop
  endfacet
  facet normal 0.0 -0.92388 -0.382683
    outer loop
      vertex 180.3327 104.1022 7.22354
      vertex 172.3327 104.4019 6.5
      vertex 180.3327 104.4019 6.5
    endloop
  endfacet
  facet normal 0.0 -0.991449 0.130497
    outer loop
      vertex 172.3327 104.0 8.0
      vertex 180.3327 104.1022 8.77646
      vertex 172.3327 104.1022 8.77646
    endloop
  endfacet
  facet normal 0.0 -0.991449 0.130497
    outer loop
      vertex 180.3327 104.1022 8.77646
      vertex 172.3327 104.0 8.0
      vertex 180.3327 104.0 8.0
    endloop
  endfacet
  facet normal 0.0 -0.382701 0.923872
    outer loop
      vertex 172.3327 106.2235 10.8978
      vertex 180.3327 105.5 10.5981
      vertex 180.3327 106.2235 10.8978
    endloop
  endfacet
  facet normal 0.0 -0.382701 0.923872
    outer loop
      vertex 180.3327 105.5 10.5981
      vertex 172.3327 106.2235 10.8978
      vertex 172.3327 105.5 10.5981
    endloop
  endfacet
  facet normal 0.0 -0.130491 0.99145
    outer loop
      vertex 172.3327 107.0 11.0
      vertex 180.3327 106.2235 10.8978
      vertex 180.3327 107.0 11.0
    endloop
  endfacet
  facet normal 0.0 -0.130491 0.99145
    outer loop
      vertex 180.3327 106.2235 10.8978
      vertex 172.3327 107.0 11.0
      vertex 172.3327 106.2235 10.8978
    endloop
  endfacet
  facet normal 1.0 0.0 0.0
    outer loop
      vertex 180.3327 109.8978 8.77646
      vertex 180.3327 109.8978 7.22354
      vertex 180.3327 110.0 8.0
    endloop
  endfacet
  facet normal 1.0 0.0 0.0
    outer loop
      vertex 180.3327 109.5981 9.5
      vertex 180.3327 109.8978 7.22354
      vertex 180.3327 109.8978 8.77646
    endloop
  endfacet
  facet normal 1.0 0.0 0.0
    outer loop
      vertex 180.3327 109.5981 9.5
      vertex 180.3327 109.5981 6.5
      vertex 180.3327 109.8978 7.22354
    endloop
  endfacet
  facet normal 1.0 0.0 0.0
    outer loop
      vertex 180.3327 109.1213 10.1213
      vertex 180.3327 109.5981 6.5
      vertex 180.3327 109.5981 9.5
    endloop
  endfacet
  facet normal 1.0 0.0 0.0
    outer loop
      vertex 180.3327 109.1213 10.1213
      vertex 180.3327 109.1213 5.87868
      vertex 180.3327 109.5981 6.5
    endloop
  endfacet
  facet normal 1.0 0.0 0.0
    outer loop
      vertex 180.3327 108.5 10.5981
      vertex 180.3327 109.1213 5.87868
      vertex 180.3327 109.1213 10.1213
    endloop
  endfacet
  facet normal 1.0 0.0 0.0
    outer loop
      vertex 180.3327 108.5 10.5981
      vertex 180.3327 108.5 5.40192
      vertex 180.3327 109.1213 5.87868
    endloop
  endfacet
  facet normal 1.0 0.0 0.0
    outer loop
      vertex 180.3327 107.7765 10.8978
      vertex 180.3327 108.5 5.40192
      vertex 180.3327 108.5 10.5981
    endloop
  endfacet
  facet normal 1.0 0.0 0.0
    outer loop
      vertex 180.3327 107.7765 10.8978
      vertex 180.3327 107.7765 5.10222
      vertex 180.3327 108.5 5.40192
    endloop
  endfacet
  facet normal 1.0 0.0 0.0
    outer loop
      vertex 180.3327 107.0 11.0
      vertex 180.3327 107.7765 5.10222
      vertex 180.3327 107.7765 10.8978
    endloop
  endfacet
  facet normal 1.0 0.0 0.0
    outer loop
      vertex 180.3327 107.0 11.0
      vertex 180.3327 107.0 5.0
      vertex 180.3327 107.7765 5.10222
    endloop
  endfacet
  facet normal 1.0 -0.0 0.0
    outer loop
      vertex 180.3327 106.2235 10.8978
      vertex 180.3327 107.0 5.0
      vertex 180.3327 107.0 11.0
    endloop
  endfacet
  facet normal 1.0 0.0 0.0
    outer loop
      vertex 180.3327 106.2235 10.8978
      vertex 180.3327 106.2235 5.10222
      vertex 180.3327 107.0 5.0
    endloop
  endfacet
  facet normal 1.0 -0.0 0.0
    outer loop
      vertex 180.3327 105.5 10.5981
      vertex 180.3327 106.2235 5.10222
      vertex 180.3327 106.2235 10.8978
    endloop
  endfacet
  facet normal 1.0 0.0 0.0
    outer loop
      vertex 180.3327 105.5 10.5981
      vertex 180.3327 105.5 5.40192
      vertex 180.3327 106.2235 5.10222
    endloop
  endfacet
  facet normal 1.0 -0.0 0.0
    outer loop
      vertex 180.3327 104.8787 10.1213
      vertex 180.3327 105.5 5.40192
      vertex 180.3327 105.5 10.5981
    endloop
  endfacet
  facet normal 1.0 0.0 0.0
    outer loop
      vertex 180.3327 104.8787 10.1213
      vertex 180.3327 104.8787 5.87868
      vertex 180.3327 105.5 5.40192
    endloop
  endfacet
  facet normal 1.0 -0.0 0.0
    outer loop
      vertex 180.3327 104.4019 9.5
      vertex 180.3327 104.8787 5.87868
      vertex 180.3327 104.8787 10.1213
    endloop
  endfacet
  facet normal 1.0 0.0 0.0
    outer loop
      vertex 180.3327 104.4019 9.5
      vertex 180.3327 104.4019 6.5
      vertex 180.3327 104.8787 5.87868
    endloop
  endfacet
  facet normal 1.0 -0.0 0.0
    outer loop
      vertex 180.3327 104.1022 8.77646
      vertex 180.3327 104.4019 6.5
      vertex 180.3327 104.4019 9.5
    endloop
  endfacet
  facet normal 1.0 0.0 0.0
    outer loop
      vertex 180.3327 104.1022 8.77646
      vertex 180.3327 104.1022 7.22354
      vertex 180.3327 104.4019 6.5
    endloop
  endfacet
  facet normal 1.0 0.0 -0.0
    outer loop
      vertex 180.3327 104.1022 7.22354
      vertex 180.3327 104.1022 8.77646
      vertex 180.3327 104.0 8.0
    endloop
  endfacet
  facet normal 0.0 -0.92388 0.382683
    outer loop
      vertex 172.3327 104.1022 8.77646
      vertex 180.3327 104.4019 9.5
      vertex 172.3327 104.4019 9.5
    endloop
  endfacet
  facet normal 0.0 -0.92388 0.382683
    outer loop
      vertex 180.3327 104.4019 9.5
      vertex 172.3327 104.1022 8.77646
      vertex 180.3327 104.1022 8.77646
    endloop
  endfacet
  facet normal 0.0 0.130516 -0.991446
    outer loop
      vertex 172.3327 137.0 5.0
      vertex 180.3327 137.7765 5.10222
      vertex 180.3327 137.0 5.0
    endloop
  endfacet
  facet normal 0.0 0.130516 -0.991446
    outer loop
      vertex 180.3327 137.7765 5.10222
      vertex 172.3327 137.0 5.0
      vertex 172.3327 137.7765 5.10222
    endloop
  endfacet
  facet normal -0.0 0.130491 0.99145
    outer loop
      vertex 172.3327 137.7765 10.8978
      vertex 180.3327 137.0 11.0
      vertex 180.3327 137.7765 10.8978
    endloop
  endfacet
  facet normal 0.0 0.130491 0.99145
    outer loop
      vertex 180.3327 137.0 11.0
      vertex 172.3327 137.7765 10.8978
      vertex 172.3327 137.0 11.0
    endloop
  endfacet
  facet normal 0.0 -0.991449 -0.130497
    outer loop
      vertex 172.3327 134.1022 7.22354
      vertex 180.3327 134.0 8.0
      vertex 172.3327 134.0 8.0
    endloop
  endfacet
  facet normal 0.0 -0.991449 -0.130497
    outer loop
      vertex 180.3327 134.0 8.0
      vertex 172.3327 134.1022 7.22354
      vertex 180.3327 134.1022 7.22354
    endloop
  endfacet
  facet normal 0.0 -0.608777 -0.793341
    outer loop
      vertex 172.3327 134.8787 5.87868
      vertex 180.3327 135.5 5.40192
      vertex 180.3327 134.8787 5.87868
    endloop
  endfacet
  facet normal -0.0 -0.608777 -0.793341
    outer loop
      vertex 180.3327 135.5 5.40192
      vertex 172.3327 134.8787 5.87868
      vertex 172.3327 135.5 5.40192
    endloop
  endfacet
  facet normal 0.0 0.382701 -0.923872
    outer loop
      vertex 172.3327 137.7765 5.10222
      vertex 180.3327 138.5 5.40192
      vertex 180.3327 137.7765 5.10222
    endloop
  endfacet
  facet normal 0.0 0.382701 -0.923872
    outer loop
      vertex 180.3327 138.5 5.40192
      vertex 172.3327 137.7765 5.10222
      vertex 172.3327 138.5 5.40192
    endloop
  endfacet
  facet normal 0.0 0.793326 -0.608797
    outer loop
      vertex 180.3327 139.1213 5.87868
      vertex 172.3327 139.5981 6.5
      vertex 180.3327 139.5981 6.5
    endloop
  endfacet
  facet normal 0.0 0.793326 -0.608797
    outer loop
      vertex 172.3327 139.5981 6.5
      vertex 180.3327 139.1213 5.87868
      vertex 172.3327 139.1213 5.87868
    endloop
  endfacet
  facet normal 0.0 0.793316 0.608809
    outer loop
      vertex 180.3327 139.5981 9.5
      vertex 172.3327 139.1213 10.1213
      vertex 180.3327 139.1213 10.1213
    endloop
  endfacet
  facet normal 0.0 0.793316 0.608809
    outer loop
      vertex 172.3327 139.1213 10.1213
      vertex 180.3327 139.5981 9.5
      vertex 172.3327 139.5981 9.5
    endloop
  endfacet
  facet normal -0.0 0.608809 0.793316
    outer loop
      vertex 172.3327 139.1213 10.1213
      vertex 180.3327 138.5 10.5981
      vertex 180.3327 139.1213 10.1213
    endloop
  endfacet
  facet normal 0.0 0.608809 0.793316
    outer loop
      vertex 180.3327 138.5 10.5981
      vertex 172.3327 139.1213 10.1213
      vertex 172.3327 138.5 10.5981
    endloop
  endfacet
  facet normal 0.0 0.92388 0.382683
    outer loop
      vertex 180.3327 139.8978 8.77646
      vertex 172.3327 139.5981 9.5
      vertex 180.3327 139.5981 9.5
    endloop
  endfacet
  facet normal 0.0 0.92388 0.382683
    outer loop
      vertex 172.3327 139.5981 9.5
      vertex 180.3327 139.8978 8.77646
      vertex 172.3327 139.8978 8.77646
    endloop
  endfacet
  facet normal 0.0 0.608777 -0.793341
    outer loop
      vertex 172.3327 138.5 5.40192
      vertex 180.3327 139.1213 5.87868
      vertex 180.3327 138.5 5.40192
    endloop
  endfacet
  facet normal 0.0 0.608777 -0.793341
    outer loop
      vertex 180.3327 139.1213 5.87868
      vertex 172.3327 138.5 5.40192
      vertex 172.3327 139.1213 5.87868
    endloop
  endfacet
  facet normal 0.0 0.92388 -0.382683
    outer loop
      vertex 180.3327 139.5981 6.5
      vertex 172.3327 139.8978 7.22354
      vertex 180.3327 139.8978 7.22354
    endloop
  endfacet
  facet normal 0.0 0.92388 -0.382683
    outer loop
      vertex 172.3327 139.8978 7.22354
      vertex 180.3327 139.5981 6.5
      vertex 172.3327 139.5981 6.5
    endloop
  endfacet
  facet normal -0.0 0.382701 0.923872
    outer loop
      vertex 172.3327 138.5 10.5981
      vertex 180.3327 137.7765 10.8978
      vertex 180.3327 138.5 10.5981
    endloop
  endfacet
  facet normal 0.0 0.382701 0.923872
    outer loop
      vertex 180.3327 137.7765 10.8978
      vertex 172.3327 138.5 10.5981
      vertex 172.3327 137.7765 10.8978
    endloop
  endfacet
  facet normal 0.0 0.991449 0.130497
    outer loop
      vertex 180.3327 140.0 8.0
      vertex 172.3327 139.8978 8.77646
      vertex 180.3327 139.8978 8.77646
    endloop
  endfacet
  facet normal 0.0 0.991449 0.130497
    outer loop
      vertex 172.3327 139.8978 8.77646
      vertex 180.3327 140.0 8.0
      vertex 172.3327 140.0 8.0
    endloop
  endfacet
  facet normal 0.0 -0.608809 0.793316
    outer loop
      vertex 172.3327 135.5 10.5981
      vertex 180.3327 134.8787 10.1213
      vertex 180.3327 135.5 10.5981
    endloop
  endfacet
  facet normal 0.0 -0.608809 0.793316
    outer loop
      vertex 180.3327 134.8787 10.1213
      vertex 172.3327 135.5 10.5981
      vertex 172.3327 134.8787 10.1213
    endloop
  endfacet
  facet normal 0.0 -0.382701 -0.923872
    outer loop
      vertex 172.3327 135.5 5.40192
      vertex 180.3327 136.2235 5.10222
      vertex 180.3327 135.5 5.40192
    endloop
  endfacet
  facet normal -0.0 -0.382701 -0.923872
    outer loop
      vertex 180.3327 136.2235 5.10222
      vertex 172.3327 135.5 5.40192
      vertex 172.3327 136.2235 5.10222
    endloop
  endfacet
  facet normal 0.0 0.991449 -0.130497
    outer loop
      vertex 180.3327 139.8978 7.22354
      vertex 172.3327 140.0 8.0
      vertex 180.3327 140.0 8.0
    endloop
  endfacet
  facet normal 0.0 0.991449 -0.130497
    outer loop
      vertex 172.3327 140.0 8.0
      vertex 180.3327 139.8978 7.22354
      vertex 172.3327 139.8978 7.22354
    endloop
  endfacet
  facet normal 0.0 -0.793326 -0.608797
    outer loop
      vertex 172.3327 134.8787 5.87868
      vertex 180.3327 134.4019 6.5
      vertex 172.3327 134.4019 6.5
    endloop
  endfacet
  facet normal 0.0 -0.793326 -0.608797
    outer loop
      vertex 180.3327 134.4019 6.5
      vertex 172.3327 134.8787 5.87868
      vertex 180.3327 134.8787 5.87868
    endloop
  endfacet
  facet normal 0.0 -0.92388 -0.382683
    outer loop
      vertex 172.3327 134.4019 6.5
      vertex 180.3327 134.1022 7.22354
      vertex 172.3327 134.1022 7.22354
    endloop
  endfacet
  facet normal 0.0 -0.92388 -0.382683
    outer loop
      vertex 180.3327 134.1022 7.22354
      vertex 172.3327 134.4019 6.5
      vertex 180.3327 134.4019 6.5
    endloop
  endfacet
  facet normal 0.0 -0.130516 -0.991446
    outer loop
      vertex 172.3327 136.2235 5.10222
      vertex 180.3327 137.0 5.0
      vertex 180.3327 136.2235 5.10222
    endloop
  endfacet
  facet normal -0.0 -0.130516 -0.991446
    outer loop
      vertex 180.3327 137.0 5.0
      vertex 172.3327 136.2235 5.10222
      vertex 172.3327 137.0 5.0
    endloop
  endfacet
  facet normal 0.0 -0.991449 0.130497
    outer loop
      vertex 172.3327 134.0 8.0
      vertex 180.3327 134.1022 8.77646
      vertex 172.3327 134.1022 8.77646
    endloop
  endfacet
  facet normal 0.0 -0.991449 0.130497
    outer loop
      vertex 180.3327 134.1022 8.77646
      vertex 172.3327 134.0 8.0
      vertex 180.3327 134.0 8.0
    endloop
  endfacet
  facet normal 0.0 -0.793316 0.608809
    outer loop
      vertex 172.3327 134.4019 9.5
      vertex 180.3327 134.8787 10.1213
      vertex 172.3327 134.8787 10.1213
    endloop
  endfacet
  facet normal 0.0 -0.793316 0.608809
    outer loop
      vertex 180.3327 134.8787 10.1213
      vertex 172.3327 134.4019 9.5
      vertex 180.3327 134.4019 9.5
    endloop
  endfacet
  facet normal 0.0 -0.382701 0.923872
    outer loop
      vertex 172.3327 136.2235 10.8978
      vertex 180.3327 135.5 10.5981
      vertex 180.3327 136.2235 10.8978
    endloop
  endfacet
  facet normal 0.0 -0.382701 0.923872
    outer loop
      vertex 180.3327 135.5 10.5981
      vertex 172.3327 136.2235 10.8978
      vertex 172.3327 135.5 10.5981
    endloop
  endfacet
  facet normal 0.0 -0.130491 0.99145
    outer loop
      vertex 172.3327 137.0 11.0
      vertex 180.3327 136.2235 10.8978
      vertex 180.3327 137.0 11.0
    endloop
  endfacet
  facet normal 0.0 -0.130491 0.99145
    outer loop
      vertex 180.3327 136.2235 10.8978
      vertex 172.3327 137.0 11.0
      vertex 172.3327 136.2235 10.8978
    endloop
  endfacet
  facet normal 1.0 0.0 0.0
    outer loop
      vertex 180.3327 139.8978 8.77646
      vertex 180.3327 139.8978 7.22354
      vertex 180.3327 140.0 8.0
    endloop
  endfacet
  facet normal 1.0 0.0 0.0
    outer loop
      vertex 180.3327 139.5981 9.5
      vertex 180.3327 139.8978 7.22354
      vertex 180.3327 139.8978 8.77646
    endloop
  endfacet
  facet normal 1.0 0.0 0.0
    outer loop
      vertex 180.3327 139.5981 9.5
      vertex 180.3327 139.5981 6.5
      vertex 180.3327 139.8978 7.22354
    endloop
  endfacet
  facet normal 1.0 0.0 0.0
    outer loop
      vertex 180.3327 139.1213 10.1213
      vertex 180.3327 139.5981 6.5
      vertex 180.3327 139.5981 9.5
    endloop
  endfacet
  facet normal 1.0 0.0 0.0
    outer loop
      vertex 180.3327 139.1213 10.1213
      vertex 180.3327 139.1213 5.87868
      vertex 180.3327 139.5981 6.5
    endloop
  endfacet
  facet normal 1.0 0.0 0.0
    outer loop
      vertex 180.3327 138.5 10.5981
      vertex 180.3327 139.1213 5.87868
      vertex 180.3327 139.1213 10.1213
    endloop
  endfacet
  facet normal 1.0 0.0 0.0
    outer loop
      vertex 180.3327 138.5 10.5981
      vertex 180.3327 138.5 5.40192
      vertex 180.3327 139.1213 5.87868
    endloop
  endfacet
  facet normal 1.0 0.0 0.0
    outer loop
      vertex 180.3327 137.7765 10.8978
      vertex 180.3327 138.5 5.40192
      vertex 180.3327 138.5 10.5981
    endloop
  endfacet
  facet normal 1.0 0.0 0.0
    outer loop
      vertex 180.3327 137.7765 10.8978
      vertex 180.3327 137.7765 5.10222
      vertex 180.3327 138.5 5.40192
    endloop
  endfacet
  facet normal 1.0 0.0 0.0
    outer loop
      vertex 180.3327 137.0 11.0
      vertex 180.3327 137.7765 5.10222
      vertex 180.3327 137.7765 10.8978
    endloop
  endfacet
  facet normal 1.0 0.0 0.0
    outer loop
      vertex 180.3327 137.0 11.0
      vertex 180.3327 137.0 5.0
      vertex 180.3327 137.7765 5.10222
    endloop
  endfacet
  facet normal 1.0 -0.0 0.0
    outer loop
      vertex 180.3327 136.2235 10.8978
      vertex 180.3327 137.0 5.0
      vertex 180.3327 137.0 11.0
    endloop
  endfacet
  facet normal 1.0 0.0 0.0
    outer loop
      vertex 180.3327 136.2235 10.8978
      vertex 180.3327 136.2235 5.10222
      vertex 180.3327 137.0 5.0
    endloop
  endfacet
  facet normal 1.0 -0.0 0.0
    outer loop
      vertex 180.3327 135.5 10.5981
      vertex 180.3327 136.2235 5.10222
      vertex 180.3327 136.2235 10.8978
    endloop
  endfacet
  facet normal 1.0 0.0 0.0
    outer loop
      vertex 180.3327 135.5 10.5981
      vertex 180.3327 135.5 5.40192
      vertex 180.3327 136.2235 5.10222
    endloop
  endfacet
  facet normal 1.0 -0.0 0.0
    outer loop
      vertex 180.3327 134.8787 10.1213
      vertex 180.3327 135.5 5.40192
      vertex 180.3327 135.5 10.5981
    endloop
  endfacet
  facet normal 1.0 0.0 0.0
    outer loop
      vertex 180.3327 134.8787 10.1213
      vertex 180.3327 134.8787 5.87868
      vertex 180.3327 135.5 5.40192
    endloop
  endfacet
  facet normal 1.0 -0.0 0.0
    outer loop
      vertex 180.3327 134.4019 9.5
      vertex 180.3327 134.8787 5.87868
      vertex 180.3327 134.8787 10.1213
    endloop
  endfacet
  facet normal 1.0 0.0 0.0
    outer loop
      vertex 180.3327 134.4019 9.5
      vertex 180.3327 134.4019 6.5
      vertex 180.3327 134.8787 5.87868
    endloop
  endfacet
  facet normal 1.0 -0.0 0.0
    outer loop
      vertex 180.3327 134.1022 8.77646
      vertex 180.3327 134.4019 6.5
      vertex 180.3327 134.4019 9.5
    endloop
  endfacet
  facet normal 1.0 0.0 0.0
    outer loop
      vertex 180.3327 134.1022 8.77646
      vertex 180.3327 134.1022 7.22354
      vertex 180.3327 134.4019 6.5
    endloop
  endfacet
  facet normal 1.0 0.0 -0.0
    outer loop
      vertex 180.3327 134.1022 7.22354
      vertex 180.3327 134.1022 8.77646
      vertex 180.3327 134.0 8.0
    endloop
  endfacet
  facet normal 0.0 -0.92388 0.382683
    outer loop
      vertex 172.3327 134.1022 8.77646
      vertex 180.3327 134.4019 9.5
      vertex 172.3327 134.4019 9.5
    endloop
  endfacet
  facet normal 0.0 -0.92388 0.382683
    outer loop
      vertex 180.3327 134.4019 9.5
      vertex 172.3327 134.1022 8.77646
      vertex 180.3327 134.1022 8.77646
    endloop
  endfacet
  facet normal -0.258817 0.0 0.965926
    outer loop
      vertex 61.6147 152.0 29.6667
      vertex 172.3327 92.0 59.3333
      vertex 172.3327 152.0 59.3333
    endloop
  endfacet
  facet normal -0.258817 0.0 0.965926
    outer loop
      vertex 172.3327 92.0 59.3333
      vertex 61.6147 152.0 29.6667
      vertex 61.6147 92.0 29.6667
    endloop
  endfacet
  facet normal 0.0 -0.130528 0.991445
    outer loop
      vertex 61.6147 107.82169999999999 4.93318
      vertex 69.7147 107.0 4.825
      vertex 69.7147 107.82169999999999 4.93318
    endloop
  endfacet
  facet normal 0.0 -0.130528 0.991445
    outer loop
      vertex 69.7147 107.0 4.825
      vertex 61.6147 107.82169999999999 4.93318
      vertex 61.6147 107.0 4.825
    endloop
  endfacet
  facet normal 0.0 0.130536 -0.991444
    outer loop
      vertex 61.6147 106.1782 11.0668
      vertex 69.7147 107.0 11.175
      vertex 69.7147 106.1782 11.0668
    endloop
  endfacet
  facet normal 0.0 0.130536 -0.991444
    outer loop
      vertex 69.7147 107.0 11.175
      vertex 61.6147 106.1782 11.0668
      vertex 61.6147 107.0 11.175
    endloop
  endfacet
  facet normal 0.0 -0.991443 -0.130543
    outer loop
      vertex 61.6147 110.175 8.0
      vertex 69.7147 110.0668 8.82175
      vertex 61.6147 110.0668 8.82175
    endloop
  endfacet
  facet normal 0.0 -0.991443 -0.130543
    outer loop
      vertex 69.7147 110.0668 8.82175
      vertex 61.6147 110.175 8.0
      vertex 69.7147 110.175 8.0
    endloop
  endfacet
  facet normal 0.0 0.793408 -0.60869
    outer loop
      vertex 69.7147 104.2504 9.5875
      vertex 61.6147 104.75489999999999 10.2451
      vertex 69.7147 104.75489999999999 10.2451
    endloop
  endfacet
  facet normal 0.0 0.793408 -0.60869
    outer loop
      vertex 61.6147 104.75489999999999 10.2451
      vertex 69.7147 104.2504 9.5875
      vertex 61.6147 104.2504 9.5875
    endloop
  endfacet
  facet normal 0.0 -0.923873 0.3827
    outer loop
      vertex 61.6147 109.7496 6.4125
      vertex 69.7147 110.0668 7.17825
      vertex 61.6147 110.0668 7.17825
    endloop
  endfacet
  facet normal 0.0 -0.923873 0.3827
    outer loop
      vertex 69.7147 110.0668 7.17825
      vertex 61.6147 109.7496 6.4125
      vertex 69.7147 109.7496 6.4125
    endloop
  endfacet
  facet normal 0.0 -0.60869 -0.793408
    outer loop
      vertex 61.6147 108.5875 10.7496
      vertex 69.7147 109.24510000000001 10.2451
      vertex 69.7147 108.5875 10.7496
    endloop
  endfacet
  facet normal -0.0 -0.60869 -0.793408
    outer loop
      vertex 69.7147 109.24510000000001 10.2451
      vertex 61.6147 108.5875 10.7496
      vertex 61.6147 109.24510000000001 10.2451
    endloop
  endfacet
  facet normal 0.0 -0.382679 -0.923882
    outer loop
      vertex 61.6147 107.82169999999999 11.0668
      vertex 69.7147 108.5875 10.7496
      vertex 69.7147 107.82169999999999 11.0668
    endloop
  endfacet
  facet normal -0.0 -0.382679 -0.923882
    outer loop
      vertex 69.7147 108.5875 10.7496
      vertex 61.6147 107.82169999999999 11.0668
      vertex 61.6147 108.5875 10.7496
    endloop
  endfacet
  facet normal 0.0 -0.793408 -0.60869
    outer loop
      vertex 61.6147 109.7496 9.5875
      vertex 69.7147 109.24510000000001 10.2451
      vertex 61.6147 109.24510000000001 10.2451
    endloop
  endfacet
  facet normal 0.0 -0.793408 -0.60869
    outer loop
      vertex 69.7147 109.24510000000001 10.2451
      vertex 61.6147 109.7496 9.5875
      vertex 69.7147 109.7496 9.5875
    endloop
  endfacet
  facet normal -0.0 0.382711 0.923868
    outer loop
      vertex 61.6147 106.1782 4.93318
      vertex 69.7147 105.4125 5.25037
      vertex 69.7147 106.1782 4.93318
    endloop
  endfacet
  facet normal 0.0 0.382711 0.923868
    outer loop
      vertex 69.7147 105.4125 5.25037
      vertex 61.6147 106.1782 4.93318
      vertex 61.6147 105.4125 5.25037
    endloop
  endfacet
  facet normal 0.0 0.923873 -0.3827
    outer loop
      vertex 69.7147 103.9332 8.82175
      vertex 61.6147 104.2504 9.5875
      vertex 69.7147 104.2504 9.5875
    endloop
  endfacet
  facet normal 0.0 0.923873 -0.3827
    outer loop
      vertex 61.6147 104.2504 9.5875
      vertex 69.7147 103.9332 8.82175
      vertex 61.6147 103.9332 8.82175
    endloop
  endfacet
  facet normal 0.0 0.60869 -0.793408
    outer loop
      vertex 61.6147 104.75489999999999 10.2451
      vertex 69.7147 105.4125 10.7496
      vertex 69.7147 104.75489999999999 10.2451
    endloop
  endfacet
  facet normal 0.0 0.60869 -0.793408
    outer loop
      vertex 69.7147 105.4125 10.7496
      vertex 61.6147 104.75489999999999 10.2451
      vertex 61.6147 105.4125 10.7496
    endloop
  endfacet
  facet normal 0.0 -0.382668 0.923886
    outer loop
      vertex 61.6147 108.5875 5.25037
      vertex 69.7147 107.82169999999999 4.93318
      vertex 69.7147 108.5875 5.25037
    endloop
  endfacet
  facet normal 0.0 -0.382668 0.923886
    outer loop
      vertex 69.7147 107.82169999999999 4.93318
      vertex 61.6147 108.5875 5.25037
      vertex 61.6147 107.82169999999999 4.93318
    endloop
  endfacet
  facet normal 0.0 -0.79339 0.608713
    outer loop
      vertex 61.6147 109.24510000000001 5.75494
      vertex 69.7147 109.7496 6.4125
      vertex 61.6147 109.7496 6.4125
    endloop
  endfacet
  facet normal 0.0 -0.79339 0.608713
    outer loop
      vertex 69.7147 109.7496 6.4125
      vertex 61.6147 109.24510000000001 5.75494
      vertex 69.7147 109.24510000000001 5.75494
    endloop
  endfacet
  facet normal 0.0 -0.991443 0.130543
    outer loop
      vertex 61.6147 110.0668 7.17825
      vertex 69.7147 110.175 8.0
      vertex 61.6147 110.175 8.0
    endloop
  endfacet
  facet normal 0.0 -0.991443 0.130543
    outer loop
      vertex 69.7147 110.175 8.0
      vertex 61.6147 110.0668 7.17825
      vertex 69.7147 110.0668 7.17825
    endloop
  endfacet
  facet normal 0.0 -0.130551 -0.991442
    outer loop
      vertex 61.6147 107.0 11.175
      vertex 69.7147 107.82169999999999 11.0668
      vertex 69.7147 107.0 11.175
    endloop
  endfacet
  facet normal -0.0 -0.130551 -0.991442
    outer loop
      vertex 69.7147 107.82169999999999 11.0668
      vertex 61.6147 107.0 11.175
      vertex 61.6147 107.82169999999999 11.0668
    endloop
  endfacet
  facet normal 0.0 -0.923873 -0.3827
    outer loop
      vertex 61.6147 110.0668 8.82175
      vertex 69.7147 109.7496 9.5875
      vertex 61.6147 109.7496 9.5875
    endloop
  endfacet
  facet normal 0.0 -0.923873 -0.3827
    outer loop
      vertex 69.7147 109.7496 9.5875
      vertex 61.6147 110.0668 8.82175
      vertex 69.7147 110.0668 8.82175
    endloop
  endfacet
  facet normal -0.0 0.130512 0.991447
    outer loop
      vertex 61.6147 107.0 4.825
      vertex 69.7147 106.1782 4.93318
      vertex 69.7147 107.0 4.825
    endloop
  endfacet
  facet normal 0.0 0.130512 0.991447
    outer loop
      vertex 69.7147 106.1782 4.93318
      vertex 61.6147 107.0 4.825
      vertex 61.6147 106.1782 4.93318
    endloop
  endfacet
  facet normal 0.0 0.923873 0.3827
    outer loop
      vertex 69.7147 104.2504 6.4125
      vertex 61.6147 103.9332 7.17825
      vertex 69.7147 103.9332 7.17825
    endloop
  endfacet
  facet normal 0.0 0.923873 0.3827
    outer loop
      vertex 61.6147 103.9332 7.17825
      vertex 69.7147 104.2504 6.4125
      vertex 61.6147 104.2504 6.4125
    endloop
  endfacet
  facet normal 0.0 0.991443 -0.130543
    outer loop
      vertex 69.7147 103.825 8.0
      vertex 61.6147 103.9332 8.82175
      vertex 69.7147 103.9332 8.82175
    endloop
  endfacet
  facet normal 0.0 0.991443 -0.130543
    outer loop
      vertex 61.6147 103.9332 8.82175
      vertex 69.7147 103.825 8.0
      vertex 61.6147 103.825 8.0
    endloop
  endfacet
  facet normal -1.0 0.0 0.0
    outer loop
      vertex 69.7147 110.0668 7.17825
      vertex 69.7147 110.0668 8.82175
      vertex 69.7147 110.175 8.0
    endloop
  endfacet
  facet normal -1.0 0.0 0.0
    outer loop
      vertex 69.7147 109.7496 6.4125
      vertex 69.7147 110.0668 8.82175
      vertex 69.7147 110.0668 7.17825
    endloop
  endfacet
  facet normal -1.0 0.0 0.0
    outer loop
      vertex 69.7147 109.7496 6.4125
      vertex 69.7147 109.7496 9.5875
      vertex 69.7147 110.0668 8.82175
    endloop
  endfacet
  facet normal -1.0 0.0 0.0
    outer loop
      vertex 69.7147 109.24510000000001 5.75494
      vertex 69.7147 109.7496 9.5875
      vertex 69.7147 109.7496 6.4125
    endloop
  endfacet
  facet normal -1.0 0.0 0.0
    outer loop
      vertex 69.7147 109.24510000000001 5.75494
      vertex 69.7147 109.24510000000001 10.2451
      vertex 69.7147 109.7496 9.5875
    endloop
  endfacet
  facet normal -1.0 0.0 0.0
    outer loop
      vertex 69.7147 108.5875 5.25037
      vertex 69.7147 109.24510000000001 10.2451
      vertex 69.7147 109.24510000000001 5.75494
    endloop
  endfacet
  facet normal -1.0 0.0 0.0
    outer loop
      vertex 69.7147 108.5875 5.25037
      vertex 69.7147 108.5875 10.7496
      vertex 69.7147 109.24510000000001 10.2451
    endloop
  endfacet
  facet normal -1.0 0.0 0.0
    outer loop
      vertex 69.7147 107.82169999999999 4.93318
      vertex 69.7147 108.5875 10.7496
      vertex 69.7147 108.5875 5.25037
    endloop
  endfacet
  facet normal -1.0 0.0 0.0
    outer loop
      vertex 69.7147 107.82169999999999 4.93318
      vertex 69.7147 107.82169999999999 11.0668
      vertex 69.7147 108.5875 10.7496
    endloop
  endfacet
  facet normal -1.0 0.0 0.0
    outer loop
      vertex 69.7147 107.0 4.825
      vertex 69.7147 107.82169999999999 11.0668
      vertex 69.7147 107.82169999999999 4.93318
    endloop
  endfacet
  facet normal -1.0 0.0 0.0
    outer loop
      vertex 69.7147 107.0 4.825
      vertex 69.7147 107.0 11.175
      vertex 69.7147 107.82169999999999 11.0668
    endloop
  endfacet
  facet normal -1.0 0.0 0.0
    outer loop
      vertex 69.7147 106.1782 4.93318
      vertex 69.7147 107.0 11.175
      vertex 69.7147 107.0 4.825
    endloop
  endfacet
  facet normal -1.0 0.0 0.0
    outer loop
      vertex 69.7147 106.1782 4.93318
      vertex 69.7147 106.1782 11.0668
      vertex 69.7147 107.0 11.175
    endloop
  endfacet
  facet normal -1.0 0.0 0.0
    outer loop
      vertex 69.7147 105.4125 5.25037
      vertex 69.7147 106.1782 11.0668
      vertex 69.7147 106.1782 4.93318
    endloop
  endfacet
  facet normal -1.0 0.0 0.0
    outer loop
      vertex 69.7147 105.4125 5.25037
      vertex 69.7147 105.4125 10.7496
      vertex 69.7147 106.1782 11.0668
    endloop
  endfacet
  facet normal -1.0 0.0 0.0
    outer loop
      vertex 69.7147 104.75489999999999 5.75494
      vertex 69.7147 105.4125 10.7496
      vertex 69.7147 105.4125 5.25037
    endloop
  endfacet
  facet normal -1.0 0.0 0.0
    outer loop
      vertex 69.7147 104.75489999999999 5.75494
      vertex 69.7147 104.75489999999999 10.2451
      vertex 69.7147 105.4125 10.7496
    endloop
  endfacet
  facet normal -1.0 0.0 0.0
    outer loop
      vertex 69.7147 104.2504 6.4125
      vertex 69.7147 104.75489999999999 10.2451
      vertex 69.7147 104.75489999999999 5.75494
    endloop
  endfacet
  facet normal -1.0 0.0 0.0
    outer loop
      vertex 69.7147 104.2504 6.4125
      vertex 69.7147 104.2504 9.5875
      vertex 69.7147 104.75489999999999 10.2451
    endloop
  endfacet
  facet normal -1.0 0.0 0.0
    outer loop
      vertex 69.7147 103.9332 7.17825
      vertex 69.7147 104.2504 9.5875
      vertex 69.7147 104.2504 6.4125
    endloop
  endfacet
  facet normal -1.0 0.0 0.0
    outer loop
      vertex 69.7147 103.9332 7.17825
      vertex 69.7147 103.9332 8.82175
      vertex 69.7147 104.2504 9.5875
    endloop
  endfacet
  facet normal -1.0 0.0 -0.0
    outer loop
      vertex 69.7147 103.9332 8.82175
      vertex 69.7147 103.9332 7.17825
      vertex 69.7147 103.825 8.0
    endloop
  endfacet
  facet normal 0.0 0.382721 -0.923864
    outer loop
      vertex 61.6147 105.4125 10.7496
      vertex 69.7147 106.1782 11.0668
      vertex 69.7147 105.4125 10.7496
    endloop
  endfacet
  facet normal 0.0 0.382721 -0.923864
    outer loop
      vertex 69.7147 106.1782 11.0668
      vertex 61.6147 105.4125 10.7496
      vertex 61.6147 106.1782 11.0668
    endloop
  endfacet
  facet normal 0.0 -0.608743 0.793367
    outer loop
      vertex 61.6147 109.24510000000001 5.75494
      vertex 69.7147 108.5875 5.25037
      vertex 69.7147 109.24510000000001 5.75494
    endloop
  endfacet
  facet normal 0.0 -0.608743 0.793367
    outer loop
      vertex 69.7147 108.5875 5.25037
      vertex 61.6147 109.24510000000001 5.75494
      vertex 61.6147 108.5875 5.25037
    endloop
  endfacet
  facet normal -0.0 0.608743 0.793367
    outer loop
      vertex 61.6147 105.4125 5.25037
      vertex 69.7147 104.75489999999999 5.75494
      vertex 69.7147 105.4125 5.25037
    endloop
  endfacet
  facet normal 0.0 0.608743 0.793367
    outer loop
      vertex 69.7147 104.75489999999999 5.75494
      vertex 61.6147 105.4125 5.25037
      vertex 61.6147 104.75489999999999 5.75494
    endloop
  endfacet
  facet normal 0.0 0.991443 0.130543
    outer loop
      vertex 69.7147 103.9332 7.17825
      vertex 61.6147 103.825 8.0
      vertex 69.7147 103.825 8.0
    endloop
  endfacet
  facet normal 0.0 0.991443 0.130543
    outer loop
      vertex 61.6147 103.825 8.0
      vertex 69.7147 103.9332 7.17825
      vertex 61.6147 103.9332 7.17825
    endloop
  endfacet
  facet normal 0.0 0.79339 0.608713
    outer loop
      vertex 69.7147 104.75489999999999 5.75494
      vertex 61.6147 104.2504 6.4125
      vertex 69.7147 104.2504 6.4125
    endloop
  endfacet
  facet normal 0.0 0.79339 0.608713
    outer loop
      vertex 61.6147 104.2504 6.4125
      vertex 69.7147 104.75489999999999 5.75494
      vertex 61.6147 104.75489999999999 5.75494
    endloop
  endfacet
  facet normal 0.0 -0.130512 0.991447
    outer loop
      vertex 61.6147 137.8218 4.93318
      vertex 69.7147 137.0 4.825
      vertex 69.7147 137.8218 4.93318
    endloop
  endfacet
  facet normal 0.0 -0.130512 0.991447
    outer loop
      vertex 69.7147 137.0 4.825
      vertex 61.6147 137.8218 4.93318
      vertex 61.6147 137.0 4.825
    endloop
  endfacet
  facet normal 0.0 0.130536 -0.991444
    outer loop
      vertex 61.6147 136.1782 11.0668
      vertex 69.7147 137.0 11.175
      vertex 69.7147 136.1782 11.0668
    endloop
  endfacet
  facet normal 0.0 0.130536 -0.991444
    outer loop
      vertex 69.7147 137.0 11.175
      vertex 61.6147 136.1782 11.0668
      vertex 61.6147 137.0 11.175
    endloop
  endfacet
  facet normal 0.0 -0.991443 -0.130543
    outer loop
      vertex 61.6147 140.175 8.0
      vertex 69.7147 140.0668 8.82175
      vertex 61.6147 140.0668 8.82175
    endloop
  endfacet
  facet normal 0.0 -0.991443 -0.130543
    outer loop
      vertex 69.7147 140.0668 8.82175
      vertex 61.6147 140.175 8.0
      vertex 69.7147 140.175 8.0
    endloop
  endfacet
  facet normal 0.0 0.793408 -0.60869
    outer loop
      vertex 69.7147 134.2504 9.5875
      vertex 61.6147 134.7549 10.2451
      vertex 69.7147 134.7549 10.2451
    endloop
  endfacet
  facet normal 0.0 0.793408 -0.60869
    outer loop
      vertex 61.6147 134.7549 10.2451
      vertex 69.7147 134.2504 9.5875
      vertex 61.6147 134.2504 9.5875
    endloop
  endfacet
  facet normal 0.0 -0.923873 0.3827
    outer loop
      vertex 61.6147 139.7496 6.4125
      vertex 69.7147 140.0668 7.17825
      vertex 61.6147 140.0668 7.17825
    endloop
  endfacet
  facet normal 0.0 -0.923873 0.3827
    outer loop
      vertex 69.7147 140.0668 7.17825
      vertex 61.6147 139.7496 6.4125
      vertex 69.7147 139.7496 6.4125
    endloop
  endfacet
  facet normal 0.0 -0.60869 -0.793408
    outer loop
      vertex 61.6147 138.5875 10.7496
      vertex 69.7147 139.2451 10.2451
      vertex 69.7147 138.5875 10.7496
    endloop
  endfacet
  facet normal -0.0 -0.60869 -0.793408
    outer loop
      vertex 69.7147 139.2451 10.2451
      vertex 61.6147 138.5875 10.7496
      vertex 61.6147 139.2451 10.2451
    endloop
  endfacet
  facet normal 0.0 -0.382721 -0.923864
    outer loop
      vertex 61.6147 137.8218 11.0668
      vertex 69.7147 138.5875 10.7496
      vertex 69.7147 137.8218 11.0668
    endloop
  endfacet
  facet normal -0.0 -0.382721 -0.923864
    outer loop
      vertex 69.7147 138.5875 10.7496
      vertex 61.6147 137.8218 11.0668
      vertex 61.6147 138.5875 10.7496
    endloop
  endfacet
  facet normal 0.0 -0.793408 -0.60869
    outer loop
      vertex 61.6147 139.7496 9.5875
      vertex 69.7147 139.2451 10.2451
      vertex 61.6147 139.2451 10.2451
    endloop
  endfacet
  facet normal 0.0 -0.793408 -0.60869
    outer loop
      vertex 69.7147 139.2451 10.2451
      vertex 61.6147 139.7496 9.5875
      vertex 69.7147 139.7496 9.5875
    endloop
  endfacet
  facet normal -0.0 0.382711 0.923868
    outer loop
      vertex 61.6147 136.1782 4.93318
      vertex 69.7147 135.4125 5.25037
      vertex 69.7147 136.1782 4.93318
    endloop
  endfacet
  facet normal 0.0 0.382711 0.923868
    outer loop
      vertex 69.7147 135.4125 5.25037
      vertex 61.6147 136.1782 4.93318
      vertex 61.6147 135.4125 5.25037
    endloop
  endfacet
  facet normal 0.0 0.923873 -0.3827
    outer loop
      vertex 69.7147 133.9332 8.82175
      vertex 61.6147 134.2504 9.5875
      vertex 69.7147 134.2504 9.5875
    endloop
  endfacet
  facet normal 0.0 0.923873 -0.3827
    outer loop
      vertex 61.6147 134.2504 9.5875
      vertex 69.7147 133.9332 8.82175
      vertex 61.6147 133.9332 8.82175
    endloop
  endfacet
  facet normal 0.0 0.60869 -0.793408
    outer loop
      vertex 61.6147 134.7549 10.2451
      vertex 69.7147 135.4125 10.7496
      vertex 69.7147 134.7549 10.2451
    endloop
  endfacet
  facet normal 0.0 0.60869 -0.793408
    outer loop
      vertex 69.7147 135.4125 10.7496
      vertex 61.6147 134.7549 10.2451
      vertex 61.6147 135.4125 10.7496
    endloop
  endfacet
  facet normal 0.0 -0.382711 0.923868
    outer loop
      vertex 61.6147 138.5875 5.25037
      vertex 69.7147 137.8218 4.93318
      vertex 69.7147 138.5875 5.25037
    endloop
  endfacet
  facet normal 0.0 -0.382711 0.923868
    outer loop
      vertex 69.7147 137.8218 4.93318
      vertex 61.6147 138.5875 5.25037
      vertex 61.6147 137.8218 4.93318
    endloop
  endfacet
  facet normal 0.0 -0.79339 0.608713
    outer loop
      vertex 61.6147 139.2451 5.75494
      vertex 69.7147 139.7496 6.4125
      vertex 61.6147 139.7496 6.4125
    endloop
  endfacet
  facet normal 0.0 -0.79339 0.608713
    outer loop
      vertex 69.7147 139.7496 6.4125
      vertex 61.6147 139.2451 5.75494
      vertex 69.7147 139.2451 5.75494
    endloop
  endfacet
  facet normal 0.0 -0.991443 0.130543
    outer loop
      vertex 61.6147 140.0668 7.17825
      vertex 69.7147 140.175 8.0
      vertex 61.6147 140.175 8.0
    endloop
  endfacet
  facet normal 0.0 -0.991443 0.130543
    outer loop
      vertex 69.7147 140.175 8.0
      vertex 61.6147 140.0668 7.17825
      vertex 69.7147 140.0668 7.17825
    endloop
  endfacet
  facet normal 0.0 -0.130536 -0.991444
    outer loop
      vertex 61.6147 137.0 11.175
      vertex 69.7147 137.8218 11.0668
      vertex 69.7147 137.0 11.175
    endloop
  endfacet
  facet normal -0.0 -0.130536 -0.991444
    outer loop
      vertex 69.7147 137.8218 11.0668
      vertex 61.6147 137.0 11.175
      vertex 61.6147 137.8218 11.0668
    endloop
  endfacet
  facet normal 0.0 -0.923873 -0.3827
    outer loop
      vertex 61.6147 140.0668 8.82175
      vertex 69.7147 139.7496 9.5875
      vertex 61.6147 139.7496 9.5875
    endloop
  endfacet
  facet normal 0.0 -0.923873 -0.3827
    outer loop
      vertex 69.7147 139.7496 9.5875
      vertex 61.6147 140.0668 8.82175
      vertex 69.7147 140.0668 8.82175
    endloop
  endfacet
  facet normal -0.0 0.130512 0.991447
    outer loop
      vertex 61.6147 137.0 4.825
      vertex 69.7147 136.1782 4.93318
      vertex 69.7147 137.0 4.825
    endloop
  endfacet
  facet normal 0.0 0.130512 0.991447
    outer loop
      vertex 69.7147 136.1782 4.93318
      vertex 61.6147 137.0 4.825
      vertex 61.6147 136.1782 4.93318
    endloop
  endfacet
  facet normal 0.0 0.923873 0.3827
    outer loop
      vertex 69.7147 134.2504 6.4125
      vertex 61.6147 133.9332 7.17825
      vertex 69.7147 133.9332 7.17825
    endloop
  endfacet
  facet normal 0.0 0.923873 0.3827
    outer loop
      vertex 61.6147 133.9332 7.17825
      vertex 69.7147 134.2504 6.4125
      vertex 61.6147 134.2504 6.4125
    endloop
  endfacet
  facet normal 0.0 0.991443 -0.130543
    outer loop
      vertex 69.7147 133.825 8.0
      vertex 61.6147 133.9332 8.82175
      vertex 69.7147 133.9332 8.82175
    endloop
  endfacet
  facet normal 0.0 0.991443 -0.130543
    outer loop
      vertex 61.6147 133.9332 8.82175
      vertex 69.7147 133.825 8.0
      vertex 61.6147 133.825 8.0
    endloop
  endfacet
  facet normal -1.0 0.0 0.0
    outer loop
      vertex 69.7147 140.0668 7.17825
      vertex 69.7147 140.0668 8.82175
      vertex 69.7147 140.175 8.0
    endloop
  endfacet
  facet normal -1.0 0.0 0.0
    outer loop
      vertex 69.7147 139.7496 6.4125
      vertex 69.7147 140.0668 8.82175
      vertex 69.7147 140.0668 7.17825
    endloop
  endfacet
  facet normal -1.0 0.0 0.0
    outer loop
      vertex 69.7147 139.7496 6.4125
      vertex 69.7147 139.7496 9.5875
      vertex 69.7147 140.0668 8.82175
    endloop
  endfacet
  facet normal -1.0 0.0 0.0
    outer loop
      vertex 69.7147 139.2451 5.75494
      vertex 69.7147 139.7496 9.5875
      vertex 69.7147 139.7496 6.4125
    endloop
  endfacet
  facet normal -1.0 0.0 0.0
    outer loop
      vertex 69.7147 139.2451 5.75494
      vertex 69.7147 139.2451 10.2451
      vertex 69.7147 139.7496 9.5875
    endloop
  endfacet
  facet normal -1.0 0.0 0.0
    outer loop
      vertex 69.7147 138.5875 5.25037
      vertex 69.7147 139.2451 10.2451
      vertex 69.7147 139.2451 5.75494
    endloop
  endfacet
  facet normal -1.0 0.0 0.0
    outer loop
      vertex 69.7147 138.5875 5.25037
      vertex 69.7147 138.5875 10.7496
      vertex 69.7147 139.2451 10.2451
    endloop
  endfacet
  facet normal -1.0 0.0 0.0
    outer loop
      vertex 69.7147 137.8218 4.93318
      vertex 69.7147 138.5875 10.7496
      vertex 69.7147 138.5875 5.25037
    endloop
  endfacet
  facet normal -1.0 0.0 0.0
    outer loop
      vertex 69.7147 137.8218 4.93318
      vertex 69.7147 137.8218 11.0668
      vertex 69.7147 138.5875 10.7496
    endloop
  endfacet
  facet normal -1.0 0.0 0.0
    outer loop
      vertex 69.7147 137.0 4.825
      vertex 69.7147 137.8218 11.0668
      vertex 69.7147 137.8218 4.93318
    endloop
  endfacet
  facet normal -1.0 0.0 0.0
    outer loop
      vertex 69.7147 137.0 4.825
      vertex 69.7147 137.0 11.175
      vertex 69.7147 137.8218 11.0668
    endloop
  endfacet
  facet normal -1.0 0.0 0.0
    outer loop
      vertex 69.7147 136.1782 4.93318
      vertex 69.7147 137.0 11.175
      vertex 69.7147 137.0 4.825
    endloop
  endfacet
  facet normal -1.0 0.0 0.0
    outer loop
      vertex 69.7147 136.1782 4.93318
      vertex 69.7147 136.1782 11.0668
      vertex 69.7147 137.0 11.175
    endloop
  endfacet
  facet normal -1.0 0.0 0.0
    outer loop
      vertex 69.7147 135.4125 5.25037
      vertex 69.7147 136.1782 11.0668
      vertex 69.7147 136.1782 4.93318
    endloop
  endfacet
  facet normal -1.0 0.0 0.0
    outer loop
      vertex 69.7147 135.4125 5.25037
      vertex 69.7147 135.4125 10.7496
      vertex 69.7147 136.1782 11.0668
    endloop
  endfacet
  facet normal -1.0 0.0 0.0
    outer loop
      vertex 69.7147 134.7549 5.75494
      vertex 69.7147 135.4125 10.7496
      vertex 69.7147 135.4125 5.25037
    endloop
  endfacet
  facet normal -1.0 0.0 0.0
    outer loop
      vertex 69.7147 134.7549 5.75494
      vertex 69.7147 134.7549 10.2451
      vertex 69.7147 135.4125 10.7496
    endloop
  endfacet
  facet normal -1.0 0.0 0.0
    outer loop
      vertex 69.7147 134.2504 6.4125
      vertex 69.7147 134.7549 10.2451
      vertex 69.7147 134.7549 5.75494
    endloop
  endfacet
  facet normal -1.0 0.0 0.0
    outer loop
      vertex 69.7147 134.2504 6.4125
      vertex 69.7147 134.2504 9.5875
      vertex 69.7147 134.7549 10.2451
    endloop
  endfacet
  facet normal -1.0 0.0 0.0
    outer loop
      vertex 69.7147 133.9332 7.17825
      vertex 69.7147 134.2504 9.5875
      vertex 69.7147 134.2504 6.4125
    endloop
  endfacet
  facet normal -1.0 0.0 0.0
    outer loop
      vertex 69.7147 133.9332 7.17825
      vertex 69.7147 133.9332 8.82175
      vertex 69.7147 134.2504 9.5875
    endloop
  endfacet
  facet normal -1.0 0.0 -0.0
    outer loop
      vertex 69.7147 133.9332 8.82175
      vertex 69.7147 133.9332 7.17825
      vertex 69.7147 133.825 8.0
    endloop
  endfacet
  facet normal 0.0 0.382721 -0.923864
    outer loop
      vertex 61.6147 135.4125 10.7496
      vertex 69.7147 136.1782 11.0668
      vertex 69.7147 135.4125 10.7496
    endloop
  endfacet
  facet normal 0.0 0.382721 -0.923864
    outer loop
      vertex 69.7147 136.1782 11.0668
      vertex 61.6147 135.4125 10.7496
      vertex 61.6147 136.1782 11.0668
    endloop
  endfacet
  facet normal 0.0 -0.608743 0.793367
    outer loop
      vertex 61.6147 139.2451 5.75494
      vertex 69.7147 138.5875 5.25037
      vertex 69.7147 139.2451 5.75494
    endloop
  endfacet
  facet normal 0.0 -0.608743 0.793367
    outer loop
      vertex 69.7147 138.5875 5.25037
      vertex 61.6147 139.2451 5.75494
      vertex 61.6147 138.5875 5.25037
    endloop
  endfacet
  facet normal -0.0 0.608743 0.793367
    outer loop
      vertex 61.6147 135.4125 5.25037
      vertex 69.7147 134.7549 5.75494
      vertex 69.7147 135.4125 5.25037
    endloop
  endfacet
  facet normal 0.0 0.608743 0.793367
    outer loop
      vertex 69.7147 134.7549 5.75494
      vertex 61.6147 135.4125 5.25037
      vertex 61.6147 134.7549 5.75494
    endloop
  endfacet
  facet normal 0.0 0.991443 0.130543
    outer loop
      vertex 69.7147 133.9332 7.17825
      vertex 61.6147 133.825 8.0
      vertex 69.7147 133.825 8.0
    endloop
  endfacet
  facet normal 0.0 0.991443 0.130543
    outer loop
      vertex 61.6147 133.825 8.0
      vertex 69.7147 133.9332 7.17825
      vertex 61.6147 133.9332 7.17825
    endloop
  endfacet
  facet normal 0.0 0.79339 0.608713
    outer loop
      vertex 69.7147 134.7549 5.75494
      vertex 61.6147 134.2504 6.4125
      vertex 69.7147 134.2504 6.4125
    endloop
  endfacet
  facet normal 0.0 0.79339 0.608713
    outer loop
      vertex 61.6147 134.2504 6.4125
      vertex 69.7147 134.7549 5.75494
      vertex 61.6147 134.7549 5.75494
    endloop
  endfacet
endsolid rail_ramp_seg1_10
solid rail_ramp_seg1_11
  facet normal -1.0 0.0 0.0
    outer loop
      vertex 186.3327 158.0 0.0
      vertex 186.3327 152.0 29.6667
      vertex 186.3327 158.0 41.6667
    endloop
  endfacet
  facet normal -1.0 0.0 0.0
    outer loop
      vertex 186.3327 140.0668 8.82175
      vertex 186.3327 158.0 0.0
      vertex 186.3327 140.175 8.0
    endloop
  endfacet
  facet normal -1.0 0.0 0.0
    outer loop
      vertex 186.3327 158.0 0.0
      vertex 186.3327 140.0668 7.17825
      vertex 186.3327 140.175 8.0
    endloop
  endfacet
  facet normal -1.0 0.0 0.0
    outer loop
      vertex 186.3327 158.0 0.0
      vertex 186.3327 139.7496 6.4125
      vertex 186.3327 140.0668 7.17825
    endloop
  endfacet
  facet normal -1.0 0.0 0.0
    outer loop
      vertex 186.3327 158.0 0.0
      vertex 186.3327 139.2451 5.75494
      vertex 186.3327 139.7496 6.4125
    endloop
  endfacet
  facet normal -1.0 0.0 0.0
    outer loop
      vertex 186.3327 158.0 0.0
      vertex 186.3327 138.5875 5.25037
      vertex 186.3327 139.2451 5.75494
    endloop
  endfacet
  facet normal -1.0 0.0 0.0
    outer loop
      vertex 186.3327 158.0 0.0
      vertex 186.3327 137.8218 4.93318
      vertex 186.3327 138.5875 5.25037
    endloop
  endfacet
  facet normal -1.0 0.0 0.0
    outer loop
      vertex 186.3327 158.0 0.0
      vertex 186.3327 137.0 4.825
      vertex 186.3327 137.8218 4.93318
    endloop
  endfacet
  facet normal -1.0 0.0 0.0
    outer loop
      vertex 186.3327 158.0 0.0
      vertex 186.3327 136.1782 4.93318
      vertex 186.3327 137.0 4.825
    endloop
  endfacet
  facet normal -1.0 0.0 0.0
    outer loop
      vertex 186.3327 133.9332 7.17825
      vertex 186.3327 110.175 8.0
      vertex 186.3327 133.825 8.0
    endloop
  endfacet
  facet normal -1.0 0.0 0.0
    outer loop
      vertex 186.3327 110.0668 7.17825
      vertex 186.3327 133.9332 7.17825
      vertex 186.3327 134.2504 6.4125
    endloop
  endfacet
  facet normal -1.0 0.0 0.0
    outer loop
      vertex 186.3327 109.7496 6.4125
      vertex 186.3327 134.2504 6.4125
      vertex 186.3327 134.7549 5.75494
    endloop
  endfacet
  facet normal -1.0 0.0 0.0
    outer loop
      vertex 186.3327 109.24510000000001 5.75494
      vertex 186.3327 134.7549 5.75494
      vertex 186.3327 135.4125 5.25037
    endloop
  endfacet
  facet normal -1.0 0.0 0.0
    outer loop
      vertex 186.3327 108.5875 5.25037
      vertex 186.3327 135.4125 5.25037
      vertex 186.3327 136.1782 4.93318
    endloop
  endfacet
  facet normal -1.0 0.0 0.0
    outer loop
      vertex 186.3327 107.82169999999999 4.93318
      vertex 186.3327 136.1782 4.93318
      vertex 186.3327 158.0 0.0
    endloop
  endfacet
  facet normal -1.0 0.0 0.0
    outer loop
      vertex 186.3327 133.9332 7.17825
      vertex 186.3327 110.0668 7.17825
      vertex 186.3327 110.175 8.0
    endloop
  endfacet
  facet normal -1.0 0.0 0.0
    outer loop
      vertex 186.3327 134.2504 6.4125
      vertex 186.3327 109.7496 6.4125
      vertex 186.3327 110.0668 7.17825
    endloop
  endfacet
  facet normal -1.0 0.0 0.0
    outer loop
      vertex 186.3327 134.7549 5.75494
      vertex 186.3327 109.24510000000001 5.75494
      vertex 186.3327 109.7496 6.4125
    endloop
  endfacet
  facet normal -1.0 0.0 0.0
    outer loop
      vertex 186.3327 135.4125 5.25037
      vertex 186.3327 108.5875 5.25037
      vertex 186.3327 109.24510000000001 5.75494
    endloop
  endfacet
  facet normal -1.0 0.0 0.0
    outer loop
      vertex 186.3327 136.1782 4.93318
      vertex 186.3327 107.82169999999999 4.93318
      vertex 186.3327 108.5875 5.25037
    endloop
  endfacet
  facet normal -1.0 0.0 0.0
    outer loop
      vertex 186.3327 158.0 0.0
      vertex 186.3327 107.0 4.825
      vertex 186.3327 107.82169999999999 4.93318
    endloop
  endfacet
  facet normal -1.0 0.0 0.0
    outer loop
      vertex 186.3327 86.0 0.0
      vertex 186.3327 103.825 8.0
      vertex 186.3327 103.9332 7.17825
    endloop
  endfacet
  facet normal -1.0 0.0 0.0
    outer loop
      vertex 186.3327 86.0 0.0
      vertex 186.3327 103.9332 7.17825
      vertex 186.3327 104.2504 6.4125
    endloop
  endfacet
  facet normal -1.0 0.0 0.0
    outer loop
      vertex 186.3327 86.0 0.0
      vertex 186.3327 107.0 4.825
      vertex 186.3327 158.0 0.0
    endloop
  endfacet
  facet normal -1.0 0.0 0.0
    outer loop
      vertex 186.3327 86.0 0.0
      vertex 186.3327 106.1782 4.93318
      vertex 186.3327 107.0 4.825
    endloop
  endfacet
  facet normal -1.0 0.0 0.0
    outer loop
      vertex 186.3327 86.0 0.0
      vertex 186.3327 105.4125 5.25037
      vertex 186.3327 106.1782 4.93318
    endloop
  endfacet
  facet normal -1.0 0.0 0.0
    outer loop
      vertex 186.3327 86.0 0.0
      vertex 186.3327 104.75489999999999 5.75494
      vertex 186.3327 105.4125 5.25037
    endloop
  endfacet
  facet normal -1.0 0.0 0.0
    outer loop
      vertex 186.3327 86.0 0.0
      vertex 186.3327 104.2504 6.4125
      vertex 186.3327 104.75489999999999 5.75494
    endloop
  endfacet
  facet normal -1.0 -0.0 0.0
    outer loop
      vertex 186.3327 103.825 8.0
      vertex 186.3327 86.0 0.0
      vertex 186.3327 92.0 29.6667
    endloop
  endfacet
  facet normal -1.0 0.0 0.0
    outer loop
      vertex 186.3327 86.0 41.6667
      vertex 186.3327 92.0 29.6667
      vertex 186.3327 86.0 0.0
    endloop
  endfacet
  facet normal -1.0 0.0 0.0
    outer loop
      vertex 186.3327 92.0 29.6667
      vertex 186.3327 86.0 41.6667
      vertex 186.3327 92.0 41.6667
    endloop
  endfacet
  facet normal -1.0 -0.0 0.0
    outer loop
      vertex 186.3327 158.0 41.6667
      vertex 186.3327 152.0 29.6667
      vertex 186.3327 152.0 41.6667
    endloop
  endfacet
  facet normal -1.0 0.0 0.0
    outer loop
      vertex 186.3327 158.0 0.0
      vertex 186.3327 140.0668 8.82175
      vertex 186.3327 152.0 29.6667
    endloop
  endfacet
  facet normal -1.0 0.0 0.0
    outer loop
      vertex 186.3327 139.7496 9.5875
      vertex 186.3327 152.0 29.6667
      vertex 186.3327 140.0668 8.82175
    endloop
  endfacet
  facet normal -1.0 0.0 0.0
    outer loop
      vertex 186.3327 139.2451 10.2451
      vertex 186.3327 152.0 29.6667
      vertex 186.3327 139.7496 9.5875
    endloop
  endfacet
  facet normal -1.0 0.0 0.0
    outer loop
      vertex 186.3327 138.5875 10.7496
      vertex 186.3327 152.0 29.6667
      vertex 186.3327 139.2451 10.2451
    endloop
  endfacet
  facet normal -1.0 0.0 0.0
    outer loop
      vertex 186.3327 137.8218 11.0668
      vertex 186.3327 152.0 29.6667
      vertex 186.3327 138.5875 10.7496
    endloop
  endfacet
  facet normal -1.0 0.0 0.0
    outer loop
      vertex 186.3327 137.0 11.175
      vertex 186.3327 152.0 29.6667
      vertex 186.3327 137.8218 11.0668
    endloop
  endfacet
  facet normal -1.0 0.0 0.0
    outer loop
      vertex 186.3327 136.1782 11.0668
      vertex 186.3327 152.0 29.6667
      vertex 186.3327 137.0 11.175
    endloop
  endfacet
  facet normal -1.0 0.0 0.0
    outer loop
      vertex 186.3327 135.4125 10.7496
      vertex 186.3327 152.0 29.6667
      vertex 186.3327 136.1782 11.0668
    endloop
  endfacet
  facet normal -1.0 0.0 0.0
    outer loop
      vertex 186.3327 108.5875 10.7496
      vertex 186.3327 135.4125 10.7496
      vertex 186.3327 134.7549 10.2451
    endloop
  endfacet
  facet normal -1.0 0.0 0.0
    outer loop
      vertex 186.3327 110.175 8.0
      vertex 186.3327 133.9332 8.82175
      vertex 186.3327 133.825 8.0
    endloop
  endfacet
  facet normal -1.0 0.0 0.0
    outer loop
      vertex 186.3327 110.0668 8.82175
      vertex 186.3327 133.9332 8.82175
      vertex 186.3327 110.175 8.0
    endloop
  endfacet
  facet normal -1.0 0.0 0.0
    outer loop
      vertex 186.3327 133.9332 8.82175
      vertex 186.3327 110.0668 8.82175
      vertex 186.3327 134.2504 9.5875
    endloop
  endfacet
  facet normal -1.0 0.0 0.0
    outer loop
      vertex 186.3327 109.7496 9.5875
      vertex 186.3327 134.2504 9.5875
      vertex 186.3327 110.0668 8.82175
    endloop
  endfacet
  facet normal -1.0 0.0 0.0
    outer loop
      vertex 186.3327 134.2504 9.5875
      vertex 186.3327 109.7496 9.5875
      vertex 186.3327 134.7549 10.2451
    endloop
  endfacet
  facet normal -1.0 0.0 0.0
    outer loop
      vertex 186.3327 109.24510000000001 10.2451
      vertex 186.3327 134.7549 10.2451
      vertex 186.3327 109.7496 9.5875
    endloop
  endfacet
  facet normal -1.0 0.0 0.0
    outer loop
      vertex 186.3327 108.5875 10.7496
      vertex 186.3327 134.7549 10.2451
      vertex 186.3327 109.24510000000001 10.2451
    endloop
  endfacet
  facet normal -1.0 0.0 0.0
    outer loop
      vertex 186.3327 135.4125 10.7496
      vertex 186.3327 108.5875 10.7496
      vertex 186.3327 152.0 29.6667
    endloop
  endfacet
  facet normal -1.0 0.0 0.0
    outer loop
      vertex 186.3327 92.0 29.6667
      vertex 186.3327 108.5875 10.7496
      vertex 186.3327 107.82169999999999 11.0668
    endloop
  endfacet
  facet normal -1.0 0.0 0.0
    outer loop
      vertex 186.3327 92.0 29.6667
      vertex 186.3327 107.82169999999999 11.0668
      vertex 186.3327 107.0 11.175
    endloop
  endfacet
  facet normal -1.0 0.0 0.0
    outer loop
      vertex 186.3327 92.0 29.6667
      vertex 186.3327 107.0 11.175
      vertex 186.3327 106.1782 11.0668
    endloop
  endfacet
  facet normal -1.0 0.0 0.0
    outer loop
      vertex 186.3327 108.5875 10.7496
      vertex 186.3327 92.0 29.6667
      vertex 186.3327 152.0 29.6667
    endloop
  endfacet
  facet normal -1.0 0.0 0.0
    outer loop
      vertex 186.3327 105.4125 10.7496
      vertex 186.3327 92.0 29.6667
      vertex 186.3327 106.1782 11.0668
    endloop
  endfacet
  facet normal -1.0 0.0 0.0
    outer loop
      vertex 186.3327 104.75489999999999 10.2451
      vertex 186.3327 92.0 29.6667
      vertex 186.3327 105.4125 10.7496
    endloop
  endfacet
  facet normal -1.0 0.0 0.0
    outer loop
      vertex 186.3327 104.2504 9.5875
      vertex 186.3327 92.0 29.6667
      vertex 186.3327 104.75489999999999 10.2451
    endloop
  endfacet
  facet normal -1.0 0.0 0.0
    outer loop
      vertex 186.3327 103.9332 8.82175
      vertex 186.3327 92.0 29.6667
      vertex 186.3327 104.2504 9.5875
    endloop
  endfacet
  facet normal -1.0 0.0 0.0
    outer loop
      vertex 186.3327 92.0 29.6667
      vertex 186.3327 103.9332 8.82175
      vertex 186.3327 103.825 8.0
    endloop
  endfacet
  facet normal 1.0 0.0 0.0
    outer loop
      vertex 297.0507 92.0 71.3333
      vertex 297.0507 86.0 71.3333
      vertex 297.0507 92.0 59.3333
    endloop
  endfacet
  facet normal 1.0 0.0 0.0
    outer loop
      vertex 297.0507 158.0 0.0
      vertex 297.0507 139.8978 8.77646
      vertex 297.0507 140.0 8.0
    endloop
  endfacet
  facet normal 1.0 0.0 0.0
    outer loop
      vertex 297.0507 158.0 0.0
      vertex 297.0507 139.5981 9.5
      vertex 297.0507 139.8978 8.77646
    endloop
  endfacet
  facet normal 1.0 0.0 0.0
    outer loop
      vertex 297.0507 158.0 0.0
      vertex 297.0507 139.1213 10.1213
      vertex 297.0507 139.5981 9.5
    endloop
  endfacet
  facet normal 1.0 0.0 0.0
    outer loop
      vertex 297.0507 152.0 59.3333
      vertex 297.0507 138.5 10.5981
      vertex 297.0507 139.1213 10.1213
    endloop
  endfacet
  facet normal 1.0 0.0 0.0
    outer loop
      vertex 297.0507 152.0 59.3333
      vertex 297.0507 137.7765 10.8978
      vertex 297.0507 138.5 10.5981
    endloop
  endfacet
  facet normal 1.0 0.0 0.0
    outer loop
      vertex 297.0507 152.0 59.3333
      vertex 297.0507 137.0 11.0
      vertex 297.0507 137.7765 10.8978
    endloop
  endfacet
  facet normal 1.0 0.0 0.0
    outer loop
      vertex 297.0507 152.0 59.3333
      vertex 297.0507 136.2235 10.8978
      vertex 297.0507 137.0 11.0
    endloop
  endfacet
  facet normal 1.0 0.0 0.0
    outer loop
      vertex 297.0507 152.0 59.3333
      vertex 297.0507 135.5 10.5981
      vertex 297.0507 136.2235 10.8978
    endloop
  endfacet
  facet normal 1.0 0.0 0.0
    outer loop
      vertex 297.0507 108.5 10.5981
      vertex 297.0507 135.5 10.5981
      vertex 297.0507 152.0 59.3333
    endloop
  endfacet
  facet normal 1.0 0.0 0.0
    outer loop
      vertex 297.0507 135.5 10.5981
      vertex 297.0507 108.5 10.5981
      vertex 297.0507 134.8787 10.1213
    endloop
  endfacet
  facet normal 1.0 0.0 -0.0
    outer loop
      vertex 297.0507 109.1213 10.1213
      vertex 297.0507 134.8787 10.1213
      vertex 297.0507 108.5 10.5981
    endloop
  endfacet
  facet normal 1.0 0.0 0.0
    outer loop
      vertex 297.0507 134.1022 8.77646
      vertex 297.0507 110.0 8.0
      vertex 297.0507 134.0 8.0
    endloop
  endfacet
  facet normal 1.0 0.0 0.0
    outer loop
      vertex 297.0507 134.8787 10.1213
      vertex 297.0507 109.1213 10.1213
      vertex 297.0507 134.4019 9.5
    endloop
  endfacet
  facet normal 1.0 0.0 0.0
    outer loop
      vertex 297.0507 134.1022 8.77646
      vertex 297.0507 109.8978 8.77646
      vertex 297.0507 110.0 8.0
    endloop
  endfacet
  facet normal 1.0 0.0 0.0
    outer loop
      vertex 297.0507 134.1022 8.77646
      vertex 297.0507 109.5981 9.5
      vertex 297.0507 109.8978 8.77646
    endloop
  endfacet
  facet normal 1.0 0.0 0.0
    outer loop
      vertex 297.0507 134.4019 9.5
      vertex 297.0507 109.5981 9.5
      vertex 297.0507 134.1022 8.77646
    endloop
  endfacet
  facet normal 1.0 0.0 -0.0
    outer loop
      vertex 297.0507 109.5981 9.5
      vertex 297.0507 134.4019 9.5
      vertex 297.0507 109.1213 10.1213
    endloop
  endfacet
  facet normal 1.0 -0.0 0.0
    outer loop
      vertex 297.0507 92.0 59.3333
      vertex 297.0507 108.5 10.5981
      vertex 297.0507 152.0 59.3333
    endloop
  endfacet
  facet normal 1.0 0.0 0.0
    outer loop
      vertex 297.0507 108.5 10.5981
      vertex 297.0507 92.0 59.3333
      vertex 297.0507 107.7765 10.8978
    endloop
  endfacet
  facet normal 1.0 0.0 0.0
    outer loop
      vertex 297.0507 107.7765 10.8978
      vertex 297.0507 92.0 59.3333
      vertex 297.0507 107.0 11.0
    endloop
  endfacet
  facet normal 1.0 0.0 0.0
    outer loop
      vertex 297.0507 107.0 11.0
      vertex 297.0507 92.0 59.3333
      vertex 297.0507 106.2235 10.8978
    endloop
  endfacet
  facet normal 1.0 0.0 0.0
    outer loop
      vertex 297.0507 106.2235 10.8978
      vertex 297.0507 92.0 59.3333
      vertex 297.0507 105.5 10.5981
    endloop
  endfacet
  facet normal 1.0 0.0 0.0
    outer loop
      vertex 297.0507 104.4019 9.5
      vertex 297.0507 86.0 0.0
      vertex 297.0507 104.1022 8.77646
    endloop
  endfacet
  facet normal 1.0 0.0 0.0
    outer loop
      vertex 297.0507 104.8787 10.1213
      vertex 297.0507 86.0 0.0
      vertex 297.0507 104.4019 9.5
    endloop
  endfacet
  facet normal 1.0 0.0 0.0
    outer loop
      vertex 297.0507 86.0 0.0
      vertex 297.0507 104.8787 10.1213
      vertex 297.0507 92.0 59.3333
    endloop
  endfacet
  facet normal 1.0 0.0 0.0
    outer loop
      vertex 297.0507 105.5 10.5981
      vertex 297.0507 92.0 59.3333
      vertex 297.0507 104.8787 10.1213
    endloop
  endfacet
  facet normal 1.0 0.0 0.0
    outer loop
      vertex 297.0507 152.0 59.3333
      vertex 297.0507 158.0 71.3333
      vertex 297.0507 152.0 71.3333
    endloop
  endfacet
  facet normal 1.0 0.0 0.0
    outer loop
      vertex 297.0507 158.0 71.3333
      vertex 297.0507 152.0 59.3333
      vertex 297.0507 158.0 0.0
    endloop
  endfacet
  facet normal 1.0 -0.0 0.0
    outer loop
      vertex 297.0507 139.1213 10.1213
      vertex 297.0507 158.0 0.0
      vertex 297.0507 152.0 59.3333
    endloop
  endfacet
  facet normal 1.0 -0.0 0.0
    outer loop
      vertex 297.0507 139.8978 7.22354
      vertex 297.0507 158.0 0.0
      vertex 297.0507 140.0 8.0
    endloop
  endfacet
  facet normal 1.0 -0.0 0.0
    outer loop
      vertex 297.0507 139.5981 6.5
      vertex 297.0507 158.0 0.0
      vertex 297.0507 139.8978 7.22354
    endloop
  endfacet
  facet normal 1.0 -0.0 0.0
    outer loop
      vertex 297.0507 139.1213 5.87868
      vertex 297.0507 158.0 0.0
      vertex 297.0507 139.5981 6.5
    endloop
  endfacet
  facet normal 1.0 -0.0 0.0
    outer loop
      vertex 297.0507 138.5 5.40192
      vertex 297.0507 158.0 0.0
      vertex 297.0507 139.1213 5.87868
    endloop
  endfacet
  facet normal 1.0 -0.0 0.0
    outer loop
      vertex 297.0507 137.7765 5.10222
      vertex 297.0507 158.0 0.0
      vertex 297.0507 138.5 5.40192
    endloop
  endfacet
  facet normal 1.0 -0.0 0.0
    outer loop
      vertex 297.0507 137.0 5.0
      vertex 297.0507 158.0 0.0
      vertex 297.0507 137.7765 5.10222
    endloop
  endfacet
  facet normal 1.0 0.0 0.0
    outer loop
      vertex 297.0507 136.2235 5.10222
      vertex 297.0507 158.0 0.0
      vertex 297.0507 137.0 5.0
    endloop
  endfacet
  facet normal 1.0 -0.0 0.0
    outer loop
      vertex 297.0507 110.0 8.0
      vertex 297.0507 134.1022 7.22354
      vertex 297.0507 134.0 8.0
    endloop
  endfacet
  facet normal 1.0 0.0 0.0
    outer loop
      vertex 297.0507 109.8978 7.22354
      vertex 297.0507 134.1022 7.22354
      vertex 297.0507 110.0 8.0
    endloop
  endfacet
  facet normal 1.0 0.0 0.0
    outer loop
      vertex 297.0507 134.1022 7.22354
      vertex 297.0507 109.8978 7.22354
      vertex 297.0507 134.4019 6.5
    endloop
  endfacet
  facet normal 1.0 0.0 0.0
    outer loop
      vertex 297.0507 109.5981 6.5
      vertex 297.0507 134.4019 6.5
      vertex 297.0507 109.8978 7.22354
    endloop
  endfacet
  facet normal 1.0 0.0 0.0
    outer loop
      vertex 297.0507 134.4019 6.5
      vertex 297.0507 109.5981 6.5
      vertex 297.0507 134.8787 5.87868
    endloop
  endfacet
  facet normal 1.0 0.0 0.0
    outer loop
      vertex 297.0507 109.1213 5.87868
      vertex 297.0507 134.8787 5.87868
      vertex 297.0507 109.5981 6.5
    endloop
  endfacet
  facet normal 1.0 0.0 0.0
    outer loop
      vertex 297.0507 134.8787 5.87868
      vertex 297.0507 109.1213 5.87868
      vertex 297.0507 135.5 5.40192
    endloop
  endfacet
  facet normal 1.0 0.0 0.0
    outer loop
      vertex 297.0507 108.5 5.40192
      vertex 297.0507 135.5 5.40192
      vertex 297.0507 109.1213 5.87868
    endloop
  endfacet
  facet normal 1.0 0.0 0.0
    outer loop
      vertex 297.0507 135.5 5.40192
      vertex 297.0507 108.5 5.40192
      vertex 297.0507 136.2235 5.10222
    endloop
  endfacet
  facet normal 1.0 0.0 0.0
    outer loop
      vertex 297.0507 107.7765 5.10222
      vertex 297.0507 136.2235 5.10222
      vertex 297.0507 108.5 5.40192
    endloop
  endfacet
  facet normal 1.0 0.0 0.0
    outer loop
      vertex 297.0507 136.2235 5.10222
      vertex 297.0507 107.7765 5.10222
      vertex 297.0507 158.0 0.0
    endloop
  endfacet
  facet normal 1.0 -0.0 0.0
    outer loop
      vertex 297.0507 107.0 5.0
      vertex 297.0507 158.0 0.0
      vertex 297.0507 107.7765 5.10222
    endloop
  endfacet
  facet normal 1.0 0.0 0.0
    outer loop
      vertex 297.0507 104.1022 8.77646
      vertex 297.0507 86.0 0.0
      vertex 297.0507 104.0 8.0
    endloop
  endfacet
  facet normal 1.0 0.0 0.0
    outer loop
      vertex 297.0507 86.0 0.0
      vertex 297.0507 92.0 59.3333
      vertex 297.0507 86.0 71.3333
    endloop
  endfacet
  facet normal 1.0 0.0 0.0
    outer loop
      vertex 297.0507 107.0 5.0
      vertex 297.0507 86.0 0.0
      vertex 297.0507 158.0 0.0
    endloop
  endfacet
  facet normal 1.0 0.0 0.0
    outer loop
      vertex 297.0507 106.2235 5.10222
      vertex 297.0507 86.0 0.0
      vertex 297.0507 107.0 5.0
    endloop
  endfacet
  facet normal 1.0 0.0 0.0
    outer loop
      vertex 297.0507 105.5 5.40192
      vertex 297.0507 86.0 0.0
      vertex 297.0507 106.2235 5.10222
    endloop
  endfacet
  facet normal 1.0 0.0 0.0
    outer loop
      vertex 297.0507 104.8787 5.87868
      vertex 297.0507 86.0 0.0
      vertex 297.0507 105.5 5.40192
    endloop
  endfacet
  facet normal 1.0 0.0 0.0
    outer loop
      vertex 297.0507 104.4019 6.5
      vertex 297.0507 86.0 0.0
      vertex 297.0507 104.8787 5.87868
    endloop
  endfacet
  facet normal 1.0 0.0 0.0
    outer loop
      vertex 297.0507 104.1022 7.22354
      vertex 297.0507 86.0 0.0
      vertex 297.0507 104.4019 6.5
    endloop
  endfacet
  facet normal 1.0 0.0 0.0
    outer loop
      vertex 297.0507 104.0 8.0
      vertex 297.0507 86.0 0.0
      vertex 297.0507 104.1022 7.22354
    endloop
  endfacet
  facet normal 0.0 0.0 -1.0
    outer loop
      vertex 186.3327 86.0 0.0
      vertex 297.0507 158.0 0.0
      vertex 297.0507 86.0 0.0
    endloop
  endfacet
  facet normal -0.0 0.0 -1.0
    outer loop
      vertex 297.0507 158.0 0.0
      vertex 186.3327 86.0 0.0
      vertex 186.3327 158.0 0.0
    endloop
  endfacet
  facet normal -0.258817 0.0 0.965926
    outer loop
      vertex 186.3327 92.0 41.6667
      vertex 297.0507 86.0 71.3333
      vertex 297.0507 92.0 71.3333
    endloop
  endfacet
  facet normal -0.258817 0.0 0.965926
    outer loop
      vertex 297.0507 86.0 71.3333
      vertex 186.3327 92.0 41.6667
      vertex 186.3327 86.0 41.6667
    endloop
  endfacet
  facet normal 0.0 1.0 -0.0
    outer loop
      vertex 297.0507 92.0 59.3333
      vertex 186.3327 92.0 41.6667
      vertex 297.0507 92.0 71.3333
    endloop
  endfacet
  facet normal -0.0 1.0 0.0
    outer loop
      vertex 186.3327 92.0 41.6667
      vertex 297.0507 92.0 59.3333
      vertex 186.3327 92.0 29.6667
    endloop
  endfacet
  facet normal 0.0 -1.0 0.0
    outer loop
      vertex 297.0507 86.0 0.0
      vertex 186.3327 86.0 41.6667
      vertex 186.3327 86.0 0.0
    endloop
  endfacet
  facet normal 0.0 -1.0 0.0
    outer loop
      vertex 186.3327 86.0 41.6667
      vertex 297.0507 86.0 0.0
      vertex 297.0507 86.0 71.3333
    endloop
  endfacet
  facet normal -0.258817 0.0 0.965926
    outer loop
      vertex 186.3327 158.0 41.6667
      vertex 297.0507 152.0 71.3333
      vertex 297.0507 158.0 71.3333
    endloop
  endfacet
  facet normal -0.258817 0.0 0.965926
    outer loop
      vertex 297.0507 152.0 71.3333
      vertex 186.3327 158.0 41.6667
      vertex 186.3327 152.0 41.6667
    endloop
  endfacet
  facet normal 0.0 1.0 -0.0
    outer loop
      vertex 297.0507 158.0 0.0
      vertex 186.3327 158.0 41.6667
      vertex 297.0507 158.0 71.3333
    endloop
  endfacet
  facet normal 0.0 1.0 0.0
    outer loop
      vertex 186.3327 158.0 41.6667
      vertex 297.0507 158.0 0.0
      vertex 186.3327 158.0 0.0
    endloop
  endfacet
  facet normal 0.0 -1.0 0.0
    outer loop
      vertex 186.3327 152.0 41.6667
      vertex 297.0507 152.0 59.3333
      vertex 297.0507 152.0 71.3333
    endloop
  endfacet
  facet normal 0.0 -1.0 0.0
    outer loop
      vertex 297.0507 152.0 59.3333
      vertex 186.3327 152.0 41.6667
      vertex 186.3327 152.0 29.6667
    endloop
  endfacet
  facet normal 0.0 0.130516 -0.991446
    outer loop
      vertex 297.0507 107.0 5.0
      vertex 305.0507 107.7765 5.10222
      vertex 305.0507 107.0 5.0
    endloop
  endfacet
  facet normal 0.0 0.130516 -0.991446
    outer loop
      vertex 305.0507 107.7765 5.10222
      vertex 297.0507 107.0 5.0
      vertex 297.0507 107.7765 5.10222
    endloop
  endfacet
  facet normal -0.0 0.130491 0.99145
    outer loop
      vertex 297.0507 107.7765 10.8978
      vertex 305.0507 107.0 11.0
      vertex 305.0507 107.7765 10.8978
    endloop
  endfacet
  facet normal 0.0 0.130491 0.99145
    outer loop
      vertex 305.0507 107.0 11.0
      vertex 297.0507 107.7765 10.8978
      vertex 297.0507 107.0 11.0
    endloop
  endfacet
  facet normal 0.0 -0.991449 -0.130497
    outer loop
      vertex 297.0507 104.1022 7.22354
      vertex 305.0507 104.0 8.0
      vertex 297.0507 104.0 8.0
    endloop
  endfacet
  facet normal 0.0 -0.991449 -0.130497
    outer loop
      vertex 305.0507 104.0 8.0
      vertex 297.0507 104.1022 7.22354
      vertex 305.0507 104.1022 7.22354
    endloop
  endfacet
  facet normal 0.0 -0.608777 -0.793341
    outer loop
      vertex 297.0507 104.8787 5.87868
      vertex 305.0507 105.5 5.40192
      vertex 305.0507 104.8787 5.87868
    endloop
  endfacet
  facet normal -0.0 -0.608777 -0.793341
    outer loop
      vertex 305.0507 105.5 5.40192
      vertex 297.0507 104.8787 5.87868
      vertex 297.0507 105.5 5.40192
    endloop
  endfacet
  facet normal 0.0 0.382701 -0.923872
    outer loop
      vertex 297.0507 107.7765 5.10222
      vertex 305.0507 108.5 5.40192
      vertex 305.0507 107.7765 5.10222
    endloop
  endfacet
  facet normal 0.0 0.382701 -0.923872
    outer loop
      vertex 305.0507 108.5 5.40192
      vertex 297.0507 107.7765 5.10222
      vertex 297.0507 108.5 5.40192
    endloop
  endfacet
  facet normal 0.0 0.793326 -0.608797
    outer loop
      vertex 305.0507 109.1213 5.87868
      vertex 297.0507 109.5981 6.5
      vertex 305.0507 109.5981 6.5
    endloop
  endfacet
  facet normal 0.0 0.793326 -0.608797
    outer loop
      vertex 297.0507 109.5981 6.5
      vertex 305.0507 109.1213 5.87868
      vertex 297.0507 109.1213 5.87868
    endloop
  endfacet
  facet normal 0.0 0.793316 0.608809
    outer loop
      vertex 305.0507 109.5981 9.5
      vertex 297.0507 109.1213 10.1213
      vertex 305.0507 109.1213 10.1213
    endloop
  endfacet
  facet normal 0.0 0.793316 0.608809
    outer loop
      vertex 297.0507 109.1213 10.1213
      vertex 305.0507 109.5981 9.5
      vertex 297.0507 109.5981 9.5
    endloop
  endfacet
  facet normal -0.0 0.608809 0.793316
    outer loop
      vertex 297.0507 109.1213 10.1213
      vertex 305.0507 108.5 10.5981
      vertex 305.0507 109.1213 10.1213
    endloop
  endfacet
  facet normal 0.0 0.608809 0.793316
    outer loop
      vertex 305.0507 108.5 10.5981
      vertex 297.0507 109.1213 10.1213
      vertex 297.0507 108.5 10.5981
    endloop
  endfacet
  facet normal 0.0 0.92388 0.382683
    outer loop
      vertex 305.0507 109.8978 8.77646
      vertex 297.0507 109.5981 9.5
      vertex 305.0507 109.5981 9.5
    endloop
  endfacet
  facet normal 0.0 0.92388 0.382683
    outer loop
      vertex 297.0507 109.5981 9.5
      vertex 305.0507 109.8978 8.77646
      vertex 297.0507 109.8978 8.77646
    endloop
  endfacet
  facet normal 0.0 0.608777 -0.793341
    outer loop
      vertex 297.0507 108.5 5.40192
      vertex 305.0507 109.1213 5.87868
      vertex 305.0507 108.5 5.40192
    endloop
  endfacet
  facet normal 0.0 0.608777 -0.793341
    outer loop
      vertex 305.0507 109.1213 5.87868
      vertex 297.0507 108.5 5.40192
      vertex 297.0507 109.1213 5.87868
    endloop
  endfacet
  facet normal 0.0 0.92388 -0.382683
    outer loop
      vertex 305.0507 109.5981 6.5
      vertex 297.0507 109.8978 7.22354
      vertex 305.0507 109.8978 7.22354
    endloop
  endfacet
  facet normal 0.0 0.92388 -0.382683
    outer loop
      vertex 297.0507 109.8978 7.22354
      vertex 305.0507 109.5981 6.5
      vertex 297.0507 109.5981 6.5
    endloop
  endfacet
  facet normal -0.0 0.382701 0.923872
    outer loop
      vertex 297.0507 108.5 10.5981
      vertex 305.0507 107.7765 10.8978
      vertex 305.0507 108.5 10.5981
    endloop
  endfacet
  facet normal 0.0 0.382701 0.923872
    outer loop
      vertex 305.0507 107.7765 10.8978
      vertex 297.0507 108.5 10.5981
      vertex 297.0507 107.7765 10.8978
    endloop
  endfacet
  facet normal 0.0 0.991449 0.130497
    outer loop
      vertex 305.0507 110.0 8.0
      vertex 297.0507 109.8978 8.77646
      vertex 305.0507 109.8978 8.77646
    endloop
  endfacet
  facet normal 0.0 0.991449 0.130497
    outer loop
      vertex 297.0507 109.8978 8.77646
      vertex 305.0507 110.0 8.0
      vertex 297.0507 110.0 8.0
    endloop
  endfacet
  facet normal 0.0 -0.130516 -0.991446
    outer loop
      vertex 297.0507 106.2235 5.10222
      vertex 305.0507 107.0 5.0
      vertex 305.0507 106.2235 5.10222
    endloop
  endfacet
  facet normal -0.0 -0.130516 -0.991446
    outer loop
      vertex 305.0507 107.0 5.0
      vertex 297.0507 106.2235 5.10222
      vertex 297.0507 107.0 5.0
    endloop
  endfacet
  facet normal 0.0 -0.608809 0.793316
    outer loop
      vertex 297.0507 105.5 10.5981
      vertex 305.0507 104.8787 10.1213
      vertex 305.0507 105.5 10.5981
    endloop
  endfacet
  facet normal 0.0 -0.608809 0.793316
    outer loop
      vertex 305.0507 104.8787 10.1213
      vertex 297.0507 105.5 10.5981
      vertex 297.0507 104.8787 10.1213
    endloop
  endfacet
  facet normal 0.0 -0.382701 -0.923872
    outer loop
      vertex 297.0507 105.5 5.40192
      vertex 305.0507 106.2235 5.10222
      vertex 305.0507 105.5 5.40192
    endloop
  endfacet
  facet normal -0.0 -0.382701 -0.923872
    outer loop
      vertex 305.0507 106.2235 5.10222
      vertex 297.0507 105.5 5.40192
      vertex 297.0507 106.2235 5.10222
    endloop
  endfacet
  facet normal 0.0 0.991449 -0.130497
    outer loop
      vertex 305.0507 109.8978 7.22354
      vertex 297.0507 110.0 8.0
      vertex 305.0507 110.0 8.0
    endloop
  endfacet
  facet normal 0.0 0.991449 -0.130497
    outer loop
      vertex 297.0507 110.0 8.0
      vertex 305.0507 109.8978 7.22354
      vertex 297.0507 109.8978 7.22354
    endloop
  endfacet
  facet normal 0.0 -0.793316 0.608809
    outer loop
      vertex 297.0507 104.4019 9.5
      vertex 305.0507 104.8787 10.1213
      vertex 297.0507 104.8787 10.1213
    endloop
  endfacet
  facet normal 0.0 -0.793316 0.608809
    outer loop
      vertex 305.0507 104.8787 10.1213
      vertex 297.0507 104.4019 9.5
      vertex 305.0507 104.4019 9.5
    endloop
  endfacet
  facet normal 0.0 -0.793326 -0.608797
    outer loop
      vertex 297.0507 104.8787 5.87868
      vertex 305.0507 104.4019 6.5
      vertex 297.0507 104.4019 6.5
    endloop
  endfacet
  facet normal 0.0 -0.793326 -0.608797
    outer loop
      vertex 305.0507 104.4019 6.5
      vertex 297.0507 104.8787 5.87868
      vertex 305.0507 104.8787 5.87868
    endloop
  endfacet
  facet normal 0.0 -0.92388 -0.382683
    outer loop
      vertex 297.0507 104.4019 6.5
      vertex 305.0507 104.1022 7.22354
      vertex 297.0507 104.1022 7.22354
    endloop
  endfacet
  facet normal 0.0 -0.92388 -0.382683
    outer loop
      vertex 305.0507 104.1022 7.22354
      vertex 297.0507 104.4019 6.5
      vertex 305.0507 104.4019 6.5
    endloop
  endfacet
  facet normal 0.0 -0.991449 0.130497
    outer loop
      vertex 297.0507 104.0 8.0
      vertex 305.0507 104.1022 8.77646
      vertex 297.0507 104.1022 8.77646
    endloop
  endfacet
  facet normal 0.0 -0.991449 0.130497
    outer loop
      vertex 305.0507 104.1022 8.77646
      vertex 297.0507 104.0 8.0
      vertex 305.0507 104.0 8.0
    endloop
  endfacet
  facet normal 0.0 -0.382701 0.923872
    outer loop
      vertex 297.0507 106.2235 10.8978
      vertex 305.0507 105.5 10.5981
      vertex 305.0507 106.2235 10.8978
    endloop
  endfacet
  facet normal 0.0 -0.382701 0.923872
    outer loop
      vertex 305.0507 105.5 10.5981
      vertex 297.0507 106.2235 10.8978
      vertex 297.0507 105.5 10.5981
    endloop
  endfacet
  facet normal 0.0 -0.130491 0.99145
    outer loop
      vertex 297.0507 107.0 11.0
      vertex 305.0507 106.2235 10.8978
      vertex 305.0507 107.0 11.0
    endloop
  endfacet
  facet normal 0.0 -0.130491 0.99145
    outer loop
      vertex 305.0507 106.2235 10.8978
      vertex 297.0507 107.0 11.0
      vertex 297.0507 106.2235 10.8978
    endloop
  endfacet
  facet normal 1.0 0.0 0.0
    outer loop
      vertex 305.0507 109.8978 8.77646
      vertex 305.0507 109.8978 7.22354
      vertex 305.0507 110.0 8.0
    endloop
  endfacet
  facet normal 1.0 0.0 0.0
    outer loop
      vertex 305.0507 109.5981 9.5
      vertex 305.0507 109.8978 7.22354
      vertex 305.0507 109.8978 8.77646
    endloop
  endfacet
  facet normal 1.0 0.0 0.0
    outer loop
      vertex 305.0507 109.5981 9.5
      vertex 305.0507 109.5981 6.5
      vertex 305.0507 109.8978 7.22354
    endloop
  endfacet
  facet normal 1.0 0.0 0.0
    outer loop
      vertex 305.0507 109.1213 10.1213
      vertex 305.0507 109.5981 6.5
      vertex 305.0507 109.5981 9.5
    endloop
  endfacet
  facet normal 1.0 0.0 0.0
    outer loop
      vertex 305.0507 109.1213 10.1213
      vertex 305.0507 109.1213 5.87868
      vertex 305.0507 109.5981 6.5
    endloop
  endfacet
  facet normal 1.0 0.0 0.0
    outer loop
      vertex 305.0507 108.5 10.5981
      vertex 305.0507 109.1213 5.87868
      vertex 305.0507 109.1213 10.1213
    endloop
  endfacet
  facet normal 1.0 0.0 0.0
    outer loop
      vertex 305.0507 108.5 10.5981
      vertex 305.0507 108.5 5.40192
      vertex 305.0507 109.1213 5.87868
    endloop
  endfacet
  facet normal 1.0 0.0 0.0
    outer loop
      vertex 305.0507 107.7765 10.8978
      vertex 305.0507 108.5 5.40192
      vertex 305.0507 108.5 10.5981
    endloop
  endfacet
  facet normal 1.0 0.0 0.0
    outer loop
      vertex 305.0507 107.7765 10.8978
      vertex 305.0507 107.7765 5.10222
      vertex 305.0507 108.5 5.40192
    endloop
  endfacet
  facet normal 1.0 0.0 0.0
    outer loop
      vertex 305.0507 107.0 11.0
      vertex 305.0507 107.7765 5.10222
      vertex 305.0507 107.7765 10.8978
    endloop
  endfacet
  facet normal 1.0 0.0 0.0
    outer loop
      vertex 305.0507 107.0 11.0
      vertex 305.0507 107.0 5.0
      vertex 305.0507 107.7765 5.10222
    endloop
  endfacet
  facet normal 1.0 -0.0 0.0
    outer loop
      vertex 305.0507 106.2235 10.8978
      vertex 305.0507 107.0 5.0
      vertex 305.0507 107.0 11.0
    endloop
  endfacet
  facet normal 1.0 0.0 0.0
    outer loop
      vertex 305.0507 106.2235 10.8978
      vertex 305.0507 106.2235 5.10222
      vertex 305.0507 107.0 5.0
    endloop
  endfacet
  facet normal 1.0 -0.0 0.0
    outer loop
      vertex 305.0507 105.5 10.5981
      vertex 305.0507 106.2235 5.10222
      vertex 305.0507 106.2235 10.8978
    endloop
  endfacet
  facet normal 1.0 0.0 0.0
    outer loop
      vertex 305.0507 105.5 10.5981
      vertex 305.0507 105.5 5.40192
      vertex 305.0507 106.2235 5.10222
    endloop
  endfacet
  facet normal 1.0 -0.0 0.0
    outer loop
      vertex 305.0507 104.8787 10.1213
      vertex 305.0507 105.5 5.40192
      vertex 305.0507 105.5 10.5981
    endloop
  endfacet
  facet normal 1.0 0.0 0.0
    outer loop
      vertex 305.0507 104.8787 10.1213
      vertex 305.0507 104.8787 5.87868
      vertex 305.0507 105.5 5.40192
    endloop
  endfacet
  facet normal 1.0 -0.0 0.0
    outer loop
      vertex 305.0507 104.4019 9.5
      vertex 305.0507 104.8787 5.87868
      vertex 305.0507 104.8787 10.1213
    endloop
  endfacet
  facet normal 1.0 0.0 0.0
    outer loop
      vertex 305.0507 104.4019 9.5
      vertex 305.0507 104.4019 6.5
      vertex 305.0507 104.8787 5.87868
    endloop
  endfacet
  facet normal 1.0 -0.0 0.0
    outer loop
      vertex 305.0507 104.1022 8.77646
      vertex 305.0507 104.4019 6.5
      vertex 305.0507 104.4019 9.5
    endloop
  endfacet
  facet normal 1.0 0.0 0.0
    outer loop
      vertex 305.0507 104.1022 8.77646
      vertex 305.0507 104.1022 7.22354
      vertex 305.0507 104.4019 6.5
    endloop
  endfacet
  facet normal 1.0 0.0 -0.0
    outer loop
      vertex 305.0507 104.1022 7.22354
      vertex 305.0507 104.1022 8.77646
      vertex 305.0507 104.0 8.0
    endloop
  endfacet
  facet normal 0.0 -0.92388 0.382683
    outer loop
      vertex 297.0507 104.1022 8.77646
      vertex 305.0507 104.4019 9.5
      vertex 297.0507 104.4019 9.5
    endloop
  endfacet
  facet normal 0.0 -0.92388 0.382683
    outer loop
      vertex 305.0507 104.4019 9.5
      vertex 297.0507 104.1022 8.77646
      vertex 305.0507 104.1022 8.77646
    endloop
  endfacet
  facet normal 0.0 0.130516 -0.991446
    outer loop
      vertex 297.0507 137.0 5.0
      vertex 305.0507 137.7765 5.10222
      vertex 305.0507 137.0 5.0
    endloop
  endfacet
  facet normal 0.0 0.130516 -0.991446
    outer loop
      vertex 305.0507 137.7765 5.10222
      vertex 297.0507 137.0 5.0
      vertex 297.0507 137.7765 5.10222
    endloop
  endfacet
  facet normal -0.0 0.130491 0.99145
    outer loop
      vertex 297.0507 137.7765 10.8978
      vertex 305.0507 137.0 11.0
      vertex 305.0507 137.7765 10.8978
    endloop
  endfacet
  facet normal 0.0 0.130491 0.99145
    outer loop
      vertex 305.0507 137.0 11.0
      vertex 297.0507 137.7765 10.8978
      vertex 297.0507 137.0 11.0
    endloop
  endfacet
  facet normal 0.0 -0.991449 -0.130497
    outer loop
      vertex 297.0507 134.1022 7.22354
      vertex 305.0507 134.0 8.0
      vertex 297.0507 134.0 8.0
    endloop
  endfacet
  facet normal 0.0 -0.991449 -0.130497
    outer loop
      vertex 305.0507 134.0 8.0
      vertex 297.0507 134.1022 7.22354
      vertex 305.0507 134.1022 7.22354
    endloop
  endfacet
  facet normal 0.0 -0.608777 -0.793341
    outer loop
      vertex 297.0507 134.8787 5.87868
      vertex 305.0507 135.5 5.40192
      vertex 305.0507 134.8787 5.87868
    endloop
  endfacet
  facet normal -0.0 -0.608777 -0.793341
    outer loop
      vertex 305.0507 135.5 5.40192
      vertex 297.0507 134.8787 5.87868
      vertex 297.0507 135.5 5.40192
    endloop
  endfacet
  facet normal 0.0 0.382701 -0.923872
    outer loop
      vertex 297.0507 137.7765 5.10222
      vertex 305.0507 138.5 5.40192
      vertex 305.0507 137.7765 5.10222
    endloop
  endfacet
  facet normal 0.0 0.382701 -0.923872
    outer loop
      vertex 305.0507 138.5 5.40192
      vertex 297.0507 137.7765 5.10222
      vertex 297.0507 138.5 5.40192
    endloop
  endfacet
  facet normal 0.0 0.793326 -0.608797
    outer loop
      vertex 305.0507 139.1213 5.87868
      vertex 297.0507 139.5981 6.5
      vertex 305.0507 139.5981 6.5
    endloop
  endfacet
  facet normal 0.0 0.793326 -0.608797
    outer loop
      vertex 297.0507 139.5981 6.5
      vertex 305.0507 139.1213 5.87868
      vertex 297.0507 139.1213 5.87868
    endloop
  endfacet
  facet normal 0.0 0.793316 0.608809
    outer loop
      vertex 305.0507 139.5981 9.5
      vertex 297.0507 139.1213 10.1213
      vertex 305.0507 139.1213 10.1213
    endloop
  endfacet
  facet normal 0.0 0.793316 0.608809
    outer loop
      vertex 297.0507 139.1213 10.1213
      vertex 305.0507 139.5981 9.5
      vertex 297.0507 139.5981 9.5
    endloop
  endfacet
  facet normal -0.0 0.608809 0.793316
    outer loop
      vertex 297.0507 139.1213 10.1213
      vertex 305.0507 138.5 10.5981
      vertex 305.0507 139.1213 10.1213
    endloop
  endfacet
  facet normal 0.0 0.608809 0.793316
    outer loop
      vertex 305.0507 138.5 10.5981
      vertex 297.0507 139.1213 10.1213
      vertex 297.0507 138.5 10.5981
    endloop
  endfacet
  facet normal 0.0 0.92388 0.382683
    outer loop
      vertex 305.0507 139.8978 8.77646
      vertex 297.0507 139.5981 9.5
      vertex 305.0507 139.5981 9.5
    endloop
  endfacet
  facet normal 0.0 0.92388 0.382683
    outer loop
      vertex 297.0507 139.5981 9.5
      vertex 305.0507 139.8978 8.77646
      vertex 297.0507 139.8978 8.77646
    endloop
  endfacet
  facet normal 0.0 0.608777 -0.793341
    outer loop
      vertex 297.0507 138.5 5.40192
      vertex 305.0507 139.1213 5.87868
      vertex 305.0507 138.5 5.40192
    endloop
  endfacet
  facet normal 0.0 0.608777 -0.793341
    outer loop
      vertex 305.0507 139.1213 5.87868
      vertex 297.0507 138.5 5.40192
      vertex 297.0507 139.1213 5.87868
    endloop
  endfacet
  facet normal 0.0 0.92388 -0.382683
    outer loop
      vertex 305.0507 139.5981 6.5
      vertex 297.0507 139.8978 7.22354
      vertex 305.0507 139.8978 7.22354
    endloop
  endfacet
  facet normal 0.0 0.92388 -0.382683
    outer loop
      vertex 297.0507 139.8978 7.22354
      vertex 305.0507 139.5981 6.5
      vertex 297.0507 139.5981 6.5
    endloop
  endfacet
  facet normal -0.0 0.382701 0.923872
    outer loop
      vertex 297.0507 138.5 10.5981
      vertex 305.0507 137.7765 10.8978
      vertex 305.0507 138.5 10.5981
    endloop
  endfacet
  facet normal 0.0 0.382701 0.923872
    outer loop
      vertex 305.0507 137.7765 10.8978
      vertex 297.0507 138.5 10.5981
      vertex 297.0507 137.7765 10.8978
    endloop
  endfacet
  facet normal 0.0 0.991449 0.130497
    outer loop
      vertex 305.0507 140.0 8.0
      vertex 297.0507 139.8978 8.77646
      vertex 305.0507 139.8978 8.77646
    endloop
  endfacet
  facet normal 0.0 0.991449 0.130497
    outer loop
      vertex 297.0507 139.8978 8.77646
      vertex 305.0507 140.0 8.0
      vertex 297.0507 140.0 8.0
    endloop
  endfacet
  facet normal 0.0 -0.608809 0.793316
    outer loop
      vertex 297.0507 135.5 10.5981
      vertex 305.0507 134.8787 10.1213
      vertex 305.0507 135.5 10.5981
    endloop
  endfacet
  facet normal 0.0 -0.608809 0.793316
    outer loop
      vertex 305.0507 134.8787 10.1213
      vertex 297.0507 135.5 10.5981
      vertex 297.0507 134.8787 10.1213
    endloop
  endfacet
  facet normal 0.0 -0.382701 -0.923872
    outer loop
      vertex 297.0507 135.5 5.40192
      vertex 305.0507 136.2235 5.10222
      vertex 305.0507 135.5 5.40192
    endloop
  endfacet
  facet normal -0.0 -0.382701 -0.923872
    outer loop
      vertex 305.0507 136.2235 5.10222
      vertex 297.0507 135.5 5.40192
      vertex 297.0507 136.2235 5.10222
    endloop
  endfacet
  facet normal 0.0 0.991449 -0.130497
    outer loop
      vertex 305.0507 139.8978 7.22354
      vertex 297.0507 140.0 8.0
      vertex 305.0507 140.0 8.0
    endloop
  endfacet
  facet normal 0.0 0.991449 -0.130497
    outer loop
      vertex 297.0507 140.0 8.0
      vertex 305.0507 139.8978 7.22354
      vertex 297.0507 139.8978 7.22354
    endloop
  endfacet
  facet normal 0.0 -0.793326 -0.608797
    outer loop
      vertex 297.0507 134.8787 5.87868
      vertex 305.0507 134.4019 6.5
      vertex 297.0507 134.4019 6.5
    endloop
  endfacet
  facet normal 0.0 -0.793326 -0.608797
    outer loop
      vertex 305.0507 134.4019 6.5
      vertex 297.0507 134.8787 5.87868
      vertex 305.0507 134.8787 5.87868
    endloop
  endfacet
  facet normal 0.0 -0.92388 -0.382683
    outer loop
      vertex 297.0507 134.4019 6.5
      vertex 305.0507 134.1022 7.22354
      vertex 297.0507 134.1022 7.22354
    endloop
  endfacet
  facet normal 0.0 -0.92388 -0.382683
    outer loop
      vertex 305.0507 134.1022 7.22354
      vertex 297.0507 134.4019 6.5
      vertex 305.0507 134.4019 6.5
    endloop
  endfacet
  facet normal 0.0 -0.130516 -0.991446
    outer loop
      vertex 297.0507 136.2235 5.10222
      vertex 305.0507 137.0 5.0
      vertex 305.0507 136.2235 5.10222
    endloop
  endfacet
  facet normal -0.0 -0.130516 -0.991446
    outer loop
      vertex 305.0507 137.0 5.0
      vertex 297.0507 136.2235 5.10222
      vertex 297.0507 137.0 5.0
    endloop
  endfacet
  facet normal 0.0 -0.991449 0.130497
    outer loop
      vertex 297.0507 134.0 8.0
      vertex 305.0507 134.1022 8.77646
      vertex 297.0507 134.1022 8.77646
    endloop
  endfacet
  facet normal 0.0 -0.991449 0.130497
    outer loop
      vertex 305.0507 134.1022 8.77646
      vertex 297.0507 134.0 8.0
      vertex 305.0507 134.0 8.0
    endloop
  endfacet
  facet normal 0.0 -0.793316 0.608809
    outer loop
      vertex 297.0507 134.4019 9.5
      vertex 305.0507 134.8787 10.1213
      vertex 297.0507 134.8787 10.1213
    endloop
  endfacet
  facet normal 0.0 -0.793316 0.608809
    outer loop
      vertex 305.0507 134.8787 10.1213
      vertex 297.0507 134.4019 9.5
      vertex 305.0507 134.4019 9.5
    endloop
  endfacet
  facet normal 0.0 -0.382701 0.923872
    outer loop
      vertex 297.0507 136.2235 10.8978
      vertex 305.0507 135.5 10.5981
      vertex 305.0507 136.2235 10.8978
    endloop
  endfacet
  facet normal 0.0 -0.382701 0.923872
    outer loop
      vertex 305.0507 135.5 10.5981
      vertex 297.0507 136.2235 10.8978
      vertex 297.0507 135.5 10.5981
    endloop
  endfacet
  facet normal 0.0 -0.130491 0.99145
    outer loop
      vertex 297.0507 137.0 11.0
      vertex 305.0507 136.2235 10.8978
      vertex 305.0507 137.0 11.0
    endloop
  endfacet
  facet normal 0.0 -0.130491 0.99145
    outer loop
      vertex 305.0507 136.2235 10.8978
      vertex 297.0507 137.0 11.0
      vertex 297.0507 136.2235 10.8978
    endloop
  endfacet
  facet normal 1.0 0.0 0.0
    outer loop
      vertex 305.0507 139.8978 8.77646
      vertex 305.0507 139.8978 7.22354
      vertex 305.0507 140.0 8.0
    endloop
  endfacet
  facet normal 1.0 0.0 0.0
    outer loop
      vertex 305.0507 139.5981 9.5
      vertex 305.0507 139.8978 7.22354
      vertex 305.0507 139.8978 8.77646
    endloop
  endfacet
  facet normal 1.0 0.0 0.0
    outer loop
      vertex 305.0507 139.5981 9.5
      vertex 305.0507 139.5981 6.5
      vertex 305.0507 139.8978 7.22354
    endloop
  endfacet
  facet normal 1.0 0.0 0.0
    outer loop
      vertex 305.0507 139.1213 10.1213
      vertex 305.0507 139.5981 6.5
      vertex 305.0507 139.5981 9.5
    endloop
  endfacet
  facet normal 1.0 0.0 0.0
    outer loop
      vertex 305.0507 139.1213 10.1213
      vertex 305.0507 139.1213 5.87868
      vertex 305.0507 139.5981 6.5
    endloop
  endfacet
  facet normal 1.0 0.0 0.0
    outer loop
      vertex 305.0507 138.5 10.5981
      vertex 305.0507 139.1213 5.87868
      vertex 305.0507 139.1213 10.1213
    endloop
  endfacet
  facet normal 1.0 0.0 0.0
    outer loop
      vertex 305.0507 138.5 10.5981
      vertex 305.0507 138.5 5.40192
      vertex 305.0507 139.1213 5.87868
    endloop
  endfacet
  facet normal 1.0 0.0 0.0
    outer loop
      vertex 305.0507 137.7765 10.8978
      vertex 305.0507 138.5 5.40192
      vertex 305.0507 138.5 10.5981
    endloop
  endfacet
  facet normal 1.0 0.0 0.0
    outer loop
      vertex 305.0507 137.7765 10.8978
      vertex 305.0507 137.7765 5.10222
      vertex 305.0507 138.5 5.40192
    endloop
  endfacet
  facet normal 1.0 0.0 0.0
    outer loop
      vertex 305.0507 137.0 11.0
      vertex 305.0507 137.7765 5.10222
      vertex 305.0507 137.7765 10.8978
    endloop
  endfacet
  facet normal 1.0 0.0 0.0
    outer loop
      vertex 305.0507 137.0 11.0
      vertex 305.0507 137.0 5.0
      vertex 305.0507 137.7765 5.10222
    endloop
  endfacet
  facet normal 1.0 -0.0 0.0
    outer loop
      vertex 305.0507 136.2235 10.8978
      vertex 305.0507 137.0 5.0
      vertex 305.0507 137.0 11.0
    endloop
  endfacet
  facet normal 1.0 0.0 0.0
    outer loop
      vertex 305.0507 136.2235 10.8978
      vertex 305.0507 136.2235 5.10222
      vertex 305.0507 137.0 5.0
    endloop
  endfacet
  facet normal 1.0 -0.0 0.0
    outer loop
      vertex 305.0507 135.5 10.5981
      vertex 305.0507 136.2235 5.10222
      vertex 305.0507 136.2235 10.8978
    endloop
  endfacet
  facet normal 1.0 0.0 0.0
    outer loop
      vertex 305.0507 135.5 10.5981
      vertex 305.0507 135.5 5.40192
      vertex 305.0507 136.2235 5.10222
    endloop
  endfacet
  facet normal 1.0 -0.0 0.0
    outer loop
      vertex 305.0507 134.8787 10.1213
      vertex 305.0507 135.5 5.40192
      vertex 305.0507 135.5 10.5981
    endloop
  endfacet
  facet normal 1.0 0.0 0.0
    outer loop
      vertex 305.0507 134.8787 10.1213
      vertex 305.0507 134.8787 5.87868
      vertex 305.0507 135.5 5.40192
    endloop
  endfacet
  facet normal 1.0 -0.0 0.0
    outer loop
      vertex 305.0507 134.4019 9.5
      vertex 305.0507 134.8787 5.87868
      vertex 305.0507 134.8787 10.1213
    endloop
  endfacet
  facet normal 1.0 0.0 0.0
    outer loop
      vertex 305.0507 134.4019 9.5
      vertex 305.0507 134.4019 6.5
      vertex 305.0507 134.8787 5.87868
    endloop
  endfacet
  facet normal 1.0 -0.0 0.0
    outer loop
      vertex 305.0507 134.1022 8.77646
      vertex 305.0507 134.4019 6.5
      vertex 305.0507 134.4019 9.5
    endloop
  endfacet
  facet normal 1.0 0.0 0.0
    outer loop
      vertex 305.0507 134.1022 8.77646
      vertex 305.0507 134.1022 7.22354
      vertex 305.0507 134.4019 6.5
    endloop
  endfacet
  facet normal 1.0 0.0 -0.0
    outer loop
      vertex 305.0507 134.1022 7.22354
      vertex 305.0507 134.1022 8.77646
      vertex 305.0507 134.0 8.0
    endloop
  endfacet
  facet normal 0.0 -0.92388 0.382683
    outer loop
      vertex 297.0507 134.1022 8.77646
      vertex 305.0507 134.4019 9.5
      vertex 297.0507 134.4019 9.5
    endloop
  endfacet
  facet normal 0.0 -0.92388 0.382683
    outer loop
      vertex 305.0507 134.4019 9.5
      vertex 297.0507 134.1022 8.77646
      vertex 305.0507 134.1022 8.77646
    endloop
  endfacet
  facet normal -0.258817 0.0 0.965926
    outer loop
      vertex 186.3327 152.0 29.6667
      vertex 297.0507 92.0 59.3333
      vertex 297.0507 152.0 59.3333
    endloop
  endfacet
  facet normal -0.258817 0.0 0.965926
    outer loop
      vertex 297.0507 92.0 59.3333
      vertex 186.3327 152.0 29.6667
      vertex 186.3327 92.0 29.6667
    endloop
  endfacet
  facet normal 0.0 -0.130528 0.991445
    outer loop
      vertex 186.3327 107.82169999999999 4.93318
      vertex 194.43269999999998 107.0 4.825
      vertex 194.43269999999998 107.82169999999999 4.93318
    endloop
  endfacet
  facet normal 0.0 -0.130528 0.991445
    outer loop
      vertex 194.43269999999998 107.0 4.825
      vertex 186.3327 107.82169999999999 4.93318
      vertex 186.3327 107.0 4.825
    endloop
  endfacet
  facet normal 0.0 0.130536 -0.991444
    outer loop
      vertex 186.3327 106.1782 11.0668
      vertex 194.43269999999998 107.0 11.175
      vertex 194.43269999999998 106.1782 11.0668
    endloop
  endfacet
  facet normal 0.0 0.130536 -0.991444
    outer loop
      vertex 194.43269999999998 107.0 11.175
      vertex 186.3327 106.1782 11.0668
      vertex 186.3327 107.0 11.175
    endloop
  endfacet
  facet normal 0.0 -0.991443 -0.130543
    outer loop
      vertex 186.3327 110.175 8.0
      vertex 194.43269999999998 110.0668 8.82175
      vertex 186.3327 110.0668 8.82175
    endloop
  endfacet
  facet normal 0.0 -0.991443 -0.130543
    outer loop
      vertex 194.43269999999998 110.0668 8.82175
      vertex 186.3327 110.175 8.0
      vertex 194.43269999999998 110.175 8.0
    endloop
  endfacet
  facet normal 0.0 0.793408 -0.60869
    outer loop
      vertex 194.43269999999998 104.2504 9.5875
      vertex 186.3327 104.75489999999999 10.2451
      vertex 194.43269999999998 104.75489999999999 10.2451
    endloop
  endfacet
  facet normal 0.0 0.793408 -0.60869
    outer loop
      vertex 186.3327 104.75489999999999 10.2451
      vertex 194.43269999999998 104.2504 9.5875
      vertex 186.3327 104.2504 9.5875
    endloop
  endfacet
  facet normal 0.0 -0.923873 0.3827
    outer loop
      vertex 186.3327 109.7496 6.4125
      vertex 194.43269999999998 110.0668 7.17825
      vertex 186.3327 110.0668 7.17825
    endloop
  endfacet
  facet normal 0.0 -0.923873 0.3827
    outer loop
      vertex 194.43269999999998 110.0668 7.17825
      vertex 186.3327 109.7496 6.4125
      vertex 194.43269999999998 109.7496 6.4125
    endloop
  endfacet
  facet normal 0.0 -0.60869 -0.793408
    outer loop
      vertex 186.3327 108.5875 10.7496
      vertex 194.43269999999998 109.24510000000001 10.2451
      vertex 194.43269999999998 108.5875 10.7496
    endloop
  endfacet
  facet normal -0.0 -0.60869 -0.793408
    outer loop
      vertex 194.43269999999998 109.24510000000001 10.2451
      vertex 186.3327 108.5875 10.7496
      vertex 186.3327 109.24510000000001 10.2451
    endloop
  endfacet
  facet normal 0.0 -0.382679 -0.923882
    outer loop
      vertex 186.3327 107.82169999999999 11.0668
      vertex 194.43269999999998 108.5875 10.7496
      vertex 194.43269999999998 107.82169999999999 11.0668
    endloop
  endfacet
  facet normal -0.0 -0.382679 -0.923882
    outer loop
      vertex 194.43269999999998 108.5875 10.7496
      vertex 186.3327 107.82169999999999 11.0668
      vertex 186.3327 108.5875 10.7496
    endloop
  endfacet
  facet normal 0.0 -0.793408 -0.60869
    outer loop
      vertex 186.3327 109.7496 9.5875
      vertex 194.43269999999998 109.24510000000001 10.2451
      vertex 186.3327 109.24510000000001 10.2451
    endloop
  endfacet
  facet normal 0.0 -0.793408 -0.60869
    outer loop
      vertex 194.43269999999998 109.24510000000001 10.2451
      vertex 186.3327 109.7496 9.5875
      vertex 194.43269999999998 109.7496 9.5875
    endloop
  endfacet
  facet normal -0.0 0.382711 0.923868
    outer loop
      vertex 186.3327 106.1782 4.93318
      vertex 194.43269999999998 105.4125 5.25037
      vertex 194.43269999999998 106.1782 4.93318
    endloop
  endfacet
  facet normal 0.0 0.382711 0.923868
    outer loop
      vertex 194.43269999999998 105.4125 5.25037
      vertex 186.3327 106.1782 4.93318
      vertex 186.3327 105.4125 5.25037
    endloop
  endfacet
  facet normal 0.0 0.923873 -0.3827
    outer loop
      vertex 194.43269999999998 103.9332 8.82175
      vertex 186.3327 104.2504 9.5875
      vertex 194.43269999999998 104.2504 9.5875
    endloop
  endfacet
  facet normal 0.0 0.923873 -0.3827
    outer loop
      vertex 186.3327 104.2504 9.5875
      vertex 194.43269999999998 103.9332 8.82175
      vertex 186.3327 103.9332 8.82175
    endloop
  endfacet
  facet normal 0.0 0.60869 -0.793408
    outer loop
      vertex 186.3327 104.75489999999999 10.2451
      vertex 194.43269999999998 105.4125 10.7496
      vertex 194.43269999999998 104.75489999999999 10.2451
    endloop
  endfacet
  facet normal 0.0 0.60869 -0.793408
    outer loop
      vertex 194.43269999999998 105.4125 10.7496
      vertex 186.3327 104.75489999999999 10.2451
      vertex 186.3327 105.4125 10.7496
    endloop
  endfacet
  facet normal 0.0 -0.382668 0.923886
    outer loop
      vertex 186.3327 108.5875 5.25037
      vertex 194.43269999999998 107.82169999999999 4.93318
      vertex 194.43269999999998 108.5875 5.25037
    endloop
  endfacet
  facet normal 0.0 -0.382668 0.923886
    outer loop
      vertex 194.43269999999998 107.82169999999999 4.93318
      vertex 186.3327 108.5875 5.25037
      vertex 186.3327 107.82169999999999 4.93318
    endloop
  endfacet
  facet normal 0.0 -0.79339 0.608713
    outer loop
      vertex 186.3327 109.24510000000001 5.75494
      vertex 194.43269999999998 109.7496 6.4125
      vertex 186.3327 109.7496 6.4125
    endloop
  endfacet
  facet normal 0.0 -0.79339 0.608713
    outer loop
      vertex 194.43269999999998 109.7496 6.4125
      vertex 186.3327 109.24510000000001 5.75494
      vertex 194.43269999999998 109.24510000000001 5.75494
    endloop
  endfacet
  facet normal 0.0 -0.991443 0.130543
    outer loop
      vertex 186.3327 110.0668 7.17825
      vertex 194.43269999999998 110.175 8.0
      vertex 186.3327 110.175 8.0
    endloop
  endfacet
  facet normal 0.0 -0.991443 0.130543
    outer loop
      vertex 194.43269999999998 110.175 8.0
      vertex 186.3327 110.0668 7.17825
      vertex 194.43269999999998 110.0668 7.17825
    endloop
  endfacet
  facet normal 0.0 -0.130551 -0.991442
    outer loop
      vertex 186.3327 107.0 11.175
      vertex 194.43269999999998 107.82169999999999 11.0668
      vertex 194.43269999999998 107.0 11.175
    endloop
  endfacet
  facet normal -0.0 -0.130551 -0.991442
    outer loop
      vertex 194.43269999999998 107.82169999999999 11.0668
      vertex 186.3327 107.0 11.175
      vertex 186.3327 107.82169999999999 11.0668
    endloop
  endfacet
  facet normal 0.0 -0.923873 -0.3827
    outer loop
      vertex 186.3327 110.0668 8.82175
      vertex 194.43269999999998 109.7496 9.5875
      vertex 186.3327 109.7496 9.5875
    endloop
  endfacet
  facet normal 0.0 -0.923873 -0.3827
    outer loop
      vertex 194.43269999999998 109.7496 9.5875
      vertex 186.3327 110.0668 8.82175
      vertex 194.43269999999998 110.0668 8.82175
    endloop
  endfacet
  facet normal -0.0 0.130512 0.991447
    outer loop
      vertex 186.3327 107.0 4.825
      vertex 194.43269999999998 106.1782 4.93318
      vertex 194.43269999999998 107.0 4.825
    endloop
  endfacet
  facet normal 0.0 0.130512 0.991447
    outer loop
      vertex 194.43269999999998 106.1782 4.93318
      vertex 186.3327 107.0 4.825
      vertex 186.3327 106.1782 4.93318
    endloop
  endfacet
  facet normal 0.0 0.923873 0.3827
    outer loop
      vertex 194.43269999999998 104.2504 6.4125
      vertex 186.3327 103.9332 7.17825
      vertex 194.43269999999998 103.9332 7.17825
    endloop
  endfacet
  facet normal 0.0 0.923873 0.3827
    outer loop
      vertex 186.3327 103.9332 7.17825
      vertex 194.43269999999998 104.2504 6.4125
      vertex 186.3327 104.2504 6.4125
    endloop
  endfacet
  facet normal 0.0 0.991443 -0.130543
    outer loop
      vertex 194.43269999999998 103.825 8.0
      vertex 186.3327 103.9332 8.82175
      vertex 194.43269999999998 103.9332 8.82175
    endloop
  endfacet
  facet normal 0.0 0.991443 -0.130543
    outer loop
      vertex 186.3327 103.9332 8.82175
      vertex 194.43269999999998 103.825 8.0
      vertex 186.3327 103.825 8.0
    endloop
  endfacet
  facet normal -1.0 0.0 0.0
    outer loop
      vertex 194.43269999999998 110.0668 7.17825
      vertex 194.43269999999998 110.0668 8.82175
      vertex 194.43269999999998 110.175 8.0
    endloop
  endfacet
  facet normal -1.0 0.0 0.0
    outer loop
      vertex 194.43269999999998 109.7496 6.4125
      vertex 194.43269999999998 110.0668 8.82175
      vertex 194.43269999999998 110.0668 7.17825
    endloop
  endfacet
  facet normal -1.0 0.0 0.0
    outer loop
      vertex 194.43269999999998 109.7496 6.4125
      vertex 194.43269999999998 109.7496 9.5875
      vertex 194.43269999999998 110.0668 8.82175
    endloop
  endfacet
  facet normal -1.0 0.0 0.0
    outer loop
      vertex 194.43269999999998 109.24510000000001 5.75494
      vertex 194.43269999999998 109.7496 9.5875
      vertex 194.43269999999998 109.7496 6.4125
    endloop
  endfacet
  facet normal -1.0 0.0 0.0
    outer loop
      vertex 194.43269999999998 109.24510000000001 5.75494
      vertex 194.43269999999998 109.24510000000001 10.2451
      vertex 194.43269999999998 109.7496 9.5875
    endloop
  endfacet
  facet normal -1.0 0.0 0.0
    outer loop
      vertex 194.43269999999998 108.5875 5.25037
      vertex 194.43269999999998 109.24510000000001 10.2451
      vertex 194.43269999999998 109.24510000000001 5.75494
    endloop
  endfacet
  facet normal -1.0 0.0 0.0
    outer loop
      vertex 194.43269999999998 108.5875 5.25037
      vertex 194.43269999999998 108.5875 10.7496
      vertex 194.43269999999998 109.24510000000001 10.2451
    endloop
  endfacet
  facet normal -1.0 0.0 0.0
    outer loop
      vertex 194.43269999999998 107.82169999999999 4.93318
      vertex 194.43269999999998 108.5875 10.7496
      vertex 194.43269999999998 108.5875 5.25037
    endloop
  endfacet
  facet normal -1.0 0.0 0.0
    outer loop
      vertex 194.43269999999998 107.82169999999999 4.93318
      vertex 194.43269999999998 107.82169999999999 11.0668
      vertex 194.43269999999998 108.5875 10.7496
    endloop
  endfacet
  facet normal -1.0 0.0 0.0
    outer loop
      vertex 194.43269999999998 107.0 4.825
      vertex 194.43269999999998 107.82169999999999 11.0668
      vertex 194.43269999999998 107.82169999999999 4.93318
    endloop
  endfacet
  facet normal -1.0 0.0 0.0
    outer loop
      vertex 194.43269999999998 107.0 4.825
      vertex 194.43269999999998 107.0 11.175
      vertex 194.43269999999998 107.82169999999999 11.0668
    endloop
  endfacet
  facet normal -1.0 0.0 0.0
    outer loop
      vertex 194.43269999999998 106.1782 4.93318
      vertex 194.43269999999998 107.0 11.175
      vertex 194.43269999999998 107.0 4.825
    endloop
  endfacet
  facet normal -1.0 0.0 0.0
    outer loop
      vertex 194.43269999999998 106.1782 4.93318
      vertex 194.43269999999998 106.1782 11.0668
      vertex 194.43269999999998 107.0 11.175
    endloop
  endfacet
  facet normal -1.0 0.0 0.0
    outer loop
      vertex 194.43269999999998 105.4125 5.25037
      vertex 194.43269999999998 106.1782 11.0668
      vertex 194.43269999999998 106.1782 4.93318
    endloop
  endfacet
  facet normal -1.0 0.0 0.0
    outer loop
      vertex 194.43269999999998 105.4125 5.25037
      vertex 194.43269999999998 105.4125 10.7496
      vertex 194.43269999999998 106.1782 11.0668
    endloop
  endfacet
  facet normal -1.0 0.0 0.0
    outer loop
      vertex 194.43269999999998 104.75489999999999 5.75494
      vertex 194.43269999999998 105.4125 10.7496
      vertex 194.43269999999998 105.4125 5.25037
    endloop
  endfacet
  facet normal -1.0 0.0 0.0
    outer loop
      vertex 194.43269999999998 104.75489999999999 5.75494
      vertex 194.43269999999998 104.75489999999999 10.2451
      vertex 194.43269999999998 105.4125 10.7496
    endloop
  endfacet
  facet normal -1.0 0.0 0.0
    outer loop
      vertex 194.43269999999998 104.2504 6.4125
      vertex 194.43269999999998 104.75489999999999 10.2451
      vertex 194.43269999999998 104.75489999999999 5.75494
    endloop
  endfacet
  facet normal -1.0 0.0 0.0
    outer loop
      vertex 194.43269999999998 104.2504 6.4125
      vertex 194.43269999999998 104.2504 9.5875
      vertex 194.43269999999998 104.75489999999999 10.2451
    endloop
  endfacet
  facet normal -1.0 0.0 0.0
    outer loop
      vertex 194.43269999999998 103.9332 7.17825
      vertex 194.43269999999998 104.2504 9.5875
      vertex 194.43269999999998 104.2504 6.4125
    endloop
  endfacet
  facet normal -1.0 0.0 0.0
    outer loop
      vertex 194.43269999999998 103.9332 7.17825
      vertex 194.43269999999998 103.9332 8.82175
      vertex 194.43269999999998 104.2504 9.5875
    endloop
  endfacet
  facet normal -1.0 0.0 -0.0
    outer loop
      vertex 194.43269999999998 103.9332 8.82175
      vertex 194.43269999999998 103.9332 7.17825
      vertex 194.43269999999998 103.825 8.0
    endloop
  endfacet
  facet normal 0.0 0.382721 -0.923864
    outer loop
      vertex 186.3327 105.4125 10.7496
      vertex 194.43269999999998 106.1782 11.0668
      vertex 194.43269999999998 105.4125 10.7496
    endloop
  endfacet
  facet normal 0.0 0.382721 -0.923864
    outer loop
      vertex 194.43269999999998 106.1782 11.0668
      vertex 186.3327 105.4125 10.7496
      vertex 186.3327 106.1782 11.0668
    endloop
  endfacet
  facet normal 0.0 -0.608743 0.793367
    outer loop
      vertex 186.3327 109.24510000000001 5.75494
      vertex 194.43269999999998 108.5875 5.25037
      vertex 194.43269999999998 109.24510000000001 5.75494
    endloop
  endfacet
  facet normal 0.0 -0.608743 0.793367
    outer loop
      vertex 194.43269999999998 108.5875 5.25037
      vertex 186.3327 109.24510000000001 5.75494
      vertex 186.3327 108.5875 5.25037
    endloop
  endfacet
  facet normal -0.0 0.608743 0.793367
    outer loop
      vertex 186.3327 105.4125 5.25037
      vertex 194.43269999999998 104.75489999999999 5.75494
      vertex 194.43269999999998 105.4125 5.25037
    endloop
  endfacet
  facet normal 0.0 0.608743 0.793367
    outer loop
      vertex 194.43269999999998 104.75489999999999 5.75494
      vertex 186.3327 105.4125 5.25037
      vertex 186.3327 104.75489999999999 5.75494
    endloop
  endfacet
  facet normal 0.0 0.991443 0.130543
    outer loop
      vertex 194.43269999999998 103.9332 7.17825
      vertex 186.3327 103.825 8.0
      vertex 194.43269999999998 103.825 8.0
    endloop
  endfacet
  facet normal 0.0 0.991443 0.130543
    outer loop
      vertex 186.3327 103.825 8.0
      vertex 194.43269999999998 103.9332 7.17825
      vertex 186.3327 103.9332 7.17825
    endloop
  endfacet
  facet normal 0.0 0.79339 0.608713
    outer loop
      vertex 194.43269999999998 104.75489999999999 5.75494
      vertex 186.3327 104.2504 6.4125
      vertex 194.43269999999998 104.2504 6.4125
    endloop
  endfacet
  facet normal 0.0 0.79339 0.608713
    outer loop
      vertex 186.3327 104.2504 6.4125
      vertex 194.43269999999998 104.75489999999999 5.75494
      vertex 186.3327 104.75489999999999 5.75494
    endloop
  endfacet
  facet normal 0.0 -0.130512 0.991447
    outer loop
      vertex 186.3327 137.8218 4.93318
      vertex 194.43269999999998 137.0 4.825
      vertex 194.43269999999998 137.8218 4.93318
    endloop
  endfacet
  facet normal 0.0 -0.130512 0.991447
    outer loop
      vertex 194.43269999999998 137.0 4.825
      vertex 186.3327 137.8218 4.93318
      vertex 186.3327 137.0 4.825
    endloop
  endfacet
  facet normal 0.0 0.130536 -0.991444
    outer loop
      vertex 186.3327 136.1782 11.0668
      vertex 194.43269999999998 137.0 11.175
      vertex 194.43269999999998 136.1782 11.0668
    endloop
  endfacet
  facet normal 0.0 0.130536 -0.991444
    outer loop
      vertex 194.43269999999998 137.0 11.175
      vertex 186.3327 136.1782 11.0668
      vertex 186.3327 137.0 11.175
    endloop
  endfacet
  facet normal 0.0 -0.991443 -0.130543
    outer loop
      vertex 186.3327 140.175 8.0
      vertex 194.43269999999998 140.0668 8.82175
      vertex 186.3327 140.0668 8.82175
    endloop
  endfacet
  facet normal 0.0 -0.991443 -0.130543
    outer loop
      vertex 194.43269999999998 140.0668 8.82175
      vertex 186.3327 140.175 8.0
      vertex 194.43269999999998 140.175 8.0
    endloop
  endfacet
  facet normal 0.0 0.793408 -0.60869
    outer loop
      vertex 194.43269999999998 134.2504 9.5875
      vertex 186.3327 134.7549 10.2451
      vertex 194.43269999999998 134.7549 10.2451
    endloop
  endfacet
  facet normal 0.0 0.793408 -0.60869
    outer loop
      vertex 186.3327 134.7549 10.2451
      vertex 194.43269999999998 134.2504 9.5875
      vertex 186.3327 134.2504 9.5875
    endloop
  endfacet
  facet normal 0.0 -0.923873 0.3827
    outer loop
      vertex 186.3327 139.7496 6.4125
      vertex 194.43269999999998 140.0668 7.17825
      vertex 186.3327 140.0668 7.17825
    endloop
  endfacet
  facet normal 0.0 -0.923873 0.3827
    outer loop
      vertex 194.43269999999998 140.0668 7.17825
      vertex 186.3327 139.7496 6.4125
      vertex 194.43269999999998 139.7496 6.4125
    endloop
  endfacet
  facet normal 0.0 -0.60869 -0.793408
    outer loop
      vertex 186.3327 138.5875 10.7496
      vertex 194.43269999999998 139.2451 10.2451
      vertex 194.43269999999998 138.5875 10.7496
    endloop
  endfacet
  facet normal -0.0 -0.60869 -0.793408
    outer loop
      vertex 194.43269999999998 139.2451 10.2451
      vertex 186.3327 138.5875 10.7496
      vertex 186.3327 139.2451 10.2451
    endloop
  endfacet
  facet normal 0.0 -0.382721 -0.923864
    outer loop
      vertex 186.3327 137.8218 11.0668
      vertex 194.43269999999998 138.5875 10.7496
      vertex 194.43269999999998 137.8218 11.0668
    endloop
  endfacet
  facet normal -0.0 -0.382721 -0.923864
    outer loop
      vertex 194.43269999999998 138.5875 10.7496
      vertex 186.3327 137.8218 11.0668
      vertex 186.3327 138.5875 10.7496
    endloop
  endfacet
  facet normal 0.0 -0.793408 -0.60869
    outer loop
      vertex 186.3327 139.7496 9.5875
      vertex 194.43269999999998 139.2451 10.2451
      vertex 186.3327 139.2451 10.2451
    endloop
  endfacet
  facet normal 0.0 -0.793408 -0.60869
    outer loop
      vertex 194.43269999999998 139.2451 10.2451
      vertex 186.3327 139.7496 9.5875
      vertex 194.43269999999998 139.7496 9.5875
    endloop
  endfacet
  facet normal -0.0 0.382711 0.923868
    outer loop
      vertex 186.3327 136.1782 4.93318
      vertex 194.43269999999998 135.4125 5.25037
      vertex 194.43269999999998 136.1782 4.93318
    endloop
  endfacet
  facet normal 0.0 0.382711 0.923868
    outer loop
      vertex 194.43269999999998 135.4125 5.25037
      vertex 186.3327 136.1782 4.93318
      vertex 186.3327 135.4125 5.25037
    endloop
  endfacet
  facet normal 0.0 0.923873 -0.3827
    outer loop
      vertex 194.43269999999998 133.9332 8.82175
      vertex 186.3327 134.2504 9.5875
      vertex 194.43269999999998 134.2504 9.5875
    endloop
  endfacet
  facet normal 0.0 0.923873 -0.3827
    outer loop
      vertex 186.3327 134.2504 9.5875
      vertex 194.43269999999998 133.9332 8.82175
      vertex 186.3327 133.9332 8.82175
    endloop
  endfacet
  facet normal 0.0 0.60869 -0.793408
    outer loop
      vertex 186.3327 134.7549 10.2451
      vertex 194.43269999999998 135.4125 10.7496
      vertex 194.43269999999998 134.7549 10.2451
    endloop
  endfacet
  facet normal 0.0 0.60869 -0.793408
    outer loop
      vertex 194.43269999999998 135.4125 10.7496
      vertex 186.3327 134.7549 10.2451
      vertex 186.3327 135.4125 10.7496
    endloop
  endfacet
  facet normal 0.0 -0.382711 0.923868
    outer loop
      vertex 186.3327 138.5875 5.25037
      vertex 194.43269999999998 137.8218 4.93318
      vertex 194.43269999999998 138.5875 5.25037
    endloop
  endfacet
  facet normal 0.0 -0.382711 0.923868
    outer loop
      vertex 194.43269999999998 137.8218 4.93318
      vertex 186.3327 138.5875 5.25037
      vertex 186.3327 137.8218 4.93318
    endloop
  endfacet
  facet normal 0.0 -0.79339 0.608713
    outer loop
      vertex 186.3327 139.2451 5.75494
      vertex 194.43269999999998 139.7496 6.4125
      vertex 186.3327 139.7496 6.4125
    endloop
  endfacet
  facet normal 0.0 -0.79339 0.608713
    outer loop
      vertex 194.43269999999998 139.7496 6.4125
      vertex 186.3327 139.2451 5.75494
      vertex 194.43269999999998 139.2451 5.75494
    endloop
  endfacet
  facet normal 0.0 -0.991443 0.130543
    outer loop
      vertex 186.3327 140.0668 7.17825
      vertex 194.43269999999998 140.175 8.0
      vertex 186.3327 140.175 8.0
    endloop
  endfacet
  facet normal 0.0 -0.991443 0.130543
    outer loop
      vertex 194.43269999999998 140.175 8.0
      vertex 186.3327 140.0668 7.17825
      vertex 194.43269999999998 140.0668 7.17825
    endloop
  endfacet
  facet normal 0.0 -0.130536 -0.991444
    outer loop
      vertex 186.3327 137.0 11.175
      vertex 194.43269999999998 137.8218 11.0668
      vertex 194.43269999999998 137.0 11.175
    endloop
  endfacet
  facet normal -0.0 -0.130536 -0.991444
    outer loop
      vertex 194.43269999999998 137.8218 11.0668
      vertex 186.3327 137.0 11.175
      vertex 186.3327 137.8218 11.0668
    endloop
  endfacet
  facet normal 0.0 -0.923873 -0.3827
    outer loop
      vertex 186.3327 140.0668 8.82175
      vertex 194.43269999999998 139.7496 9.5875
      vertex 186.3327 139.7496 9.5875
    endloop
  endfacet
  facet normal 0.0 -0.923873 -0.3827
    outer loop
      vertex 194.43269999999998 139.7496 9.5875
      vertex 186.3327 140.0668 8.82175
      vertex 194.43269999999998 140.0668 8.82175
    endloop
  endfacet
  facet normal -0.0 0.130512 0.991447
    outer loop
      vertex 186.3327 137.0 4.825
      vertex 194.43269999999998 136.1782 4.93318
      vertex 194.43269999999998 137.0 4.825
    endloop
  endfacet
  facet normal 0.0 0.130512 0.991447
    outer loop
      vertex 194.43269999999998 136.1782 4.93318
      vertex 186.3327 137.0 4.825
      vertex 186.3327 136.1782 4.93318
    endloop
  endfacet
  facet normal 0.0 0.923873 0.3827
    outer loop
      vertex 194.43269999999998 134.2504 6.4125
      vertex 186.3327 133.9332 7.17825
      vertex 194.43269999999998 133.9332 7.17825
    endloop
  endfacet
  facet normal 0.0 0.923873 0.3827
    outer loop
      vertex 186.3327 133.9332 7.17825
      vertex 194.43269999999998 134.2504 6.4125
      vertex 186.3327 134.2504 6.4125
    endloop
  endfacet
  facet normal 0.0 0.991443 -0.130543
    outer loop
      vertex 194.43269999999998 133.825 8.0
      vertex 186.3327 133.9332 8.82175
      vertex 194.43269999999998 133.9332 8.82175
    endloop
  endfacet
  facet normal 0.0 0.991443 -0.130543
    outer loop
      vertex 186.3327 133.9332 8.82175
      vertex 194.43269999999998 133.825 8.0
      vertex 186.3327 133.825 8.0
    endloop
  endfacet
  facet normal -1.0 0.0 0.0
    outer loop
      vertex 194.43269999999998 140.0668 7.17825
      vertex 194.43269999999998 140.0668 8.82175
      vertex 194.43269999999998 140.175 8.0
    endloop
  endfacet
  facet normal -1.0 0.0 0.0
    outer loop
      vertex 194.43269999999998 139.7496 6.4125
      vertex 194.43269999999998 140.0668 8.82175
      vertex 194.43269999999998 140.0668 7.17825
    endloop
  endfacet
  facet normal -1.0 0.0 0.0
    outer loop
      vertex 194.43269999999998 139.7496 6.4125
      vertex 194.43269999999998 139.7496 9.5875
      vertex 194.43269999999998 140.0668 8.82175
    endloop
  endfacet
  facet normal -1.0 0.0 0.0
    outer loop
      vertex 194.43269999999998 139.2451 5.75494
      vertex 194.43269999999998 139.7496 9.5875
      vertex 194.43269999999998 139.7496 6.4125
    endloop
  endfacet
  facet normal -1.0 0.0 0.0
    outer loop
      vertex 194.43269999999998 139.2451 5.75494
      vertex 194.43269999999998 139.2451 10.2451
      vertex 194.43269999999998 139.7496 9.5875
    endloop
  endfacet
  facet normal -1.0 0.0 0.0
    outer loop
      vertex 194.43269999999998 138.5875 5.25037
      vertex 194.43269999999998 139.2451 10.2451
      vertex 194.43269999999998 139.2451 5.75494
    endloop
  endfacet
  facet normal -1.0 0.0 0.0
    outer loop
      vertex 194.43269999999998 138.5875 5.25037
      vertex 194.43269999999998 138.5875 10.7496
      vertex 194.43269999999998 139.2451 10.2451
    endloop
  endfacet
  facet normal -1.0 0.0 0.0
    outer loop
      vertex 194.43269999999998 137.8218 4.93318
      vertex 194.43269999999998 138.5875 10.7496
      vertex 194.43269999999998 138.5875 5.25037
    endloop
  endfacet
  facet normal -1.0 0.0 0.0
    outer loop
      vertex 194.43269999999998 137.8218 4.93318
      vertex 194.43269999999998 137.8218 11.0668
      vertex 194.43269999999998 138.5875 10.7496
    endloop
  endfacet
  facet normal -1.0 0.0 0.0
    outer loop
      vertex 194.43269999999998 137.0 4.825
      vertex 194.43269999999998 137.8218 11.0668
      vertex 194.43269999999998 137.8218 4.93318
    endloop
  endfacet
  facet normal -1.0 0.0 0.0
    outer loop
      vertex 194.43269999999998 137.0 4.825
      vertex 194.43269999999998 137.0 11.175
      vertex 194.43269999999998 137.8218 11.0668
    endloop
  endfacet
  facet normal -1.0 0.0 0.0
    outer loop
      vertex 194.43269999999998 136.1782 4.93318
      vertex 194.43269999999998 137.0 11.175
      vertex 194.43269999999998 137.0 4.825
    endloop
  endfacet
  facet normal -1.0 0.0 0.0
    outer loop
      vertex 194.43269999999998 136.1782 4.93318
      vertex 194.43269999999998 136.1782 11.0668
      vertex 194.43269999999998 137.0 11.175
    endloop
  endfacet
  facet normal -1.0 0.0 0.0
    outer loop
      vertex 194.43269999999998 135.4125 5.25037
      vertex 194.43269999999998 136.1782 11.0668
      vertex 194.43269999999998 136.1782 4.93318
    endloop
  endfacet
  facet normal -1.0 0.0 0.0
    outer loop
      vertex 194.43269999999998 135.4125 5.25037
      vertex 194.43269999999998 135.4125 10.7496
      vertex 194.43269999999998 136.1782 11.0668
    endloop
  endfacet
  facet normal -1.0 0.0 0.0
    outer loop
      vertex 194.43269999999998 134.7549 5.75494
      vertex 194.43269999999998 135.4125 10.7496
      vertex 194.43269999999998 135.4125 5.25037
    endloop
  endfacet
  facet normal -1.0 0.0 0.0
    outer loop
      vertex 194.43269999999998 134.7549 5.75494
      vertex 194.43269999999998 134.7549 10.2451
      vertex 194.43269999999998 135.4125 10.7496
    endloop
  endfacet
  facet normal -1.0 0.0 0.0
    outer loop
      vertex 194.43269999999998 134.2504 6.4125
      vertex 194.43269999999998 134.7549 10.2451
      vertex 194.43269999999998 134.7549 5.75494
    endloop
  endfacet
  facet normal -1.0 0.0 0.0
    outer loop
      vertex 194.43269999999998 134.2504 6.4125
      vertex 194.43269999999998 134.2504 9.5875
      vertex 194.43269999999998 134.7549 10.2451
    endloop
  endfacet
  facet normal -1.0 0.0 0.0
    outer loop
      vertex 194.43269999999998 133.9332 7.17825
      vertex 194.43269999999998 134.2504 9.5875
      vertex 194.43269999999998 134.2504 6.4125
    endloop
  endfacet
  facet normal -1.0 0.0 0.0
    outer loop
      vertex 194.43269999999998 133.9332 7.17825
      vertex 194.43269999999998 133.9332 8.82175
      vertex 194.43269999999998 134.2504 9.5875
    endloop
  endfacet
  facet normal -1.0 0.0 -0.0
    outer loop
      vertex 194.43269999999998 133.9332 8.82175
      vertex 194.43269999999998 133.9332 7.17825
      vertex 194.43269999999998 133.825 8.0
    endloop
  endfacet
  facet normal 0.0 0.382721 -0.923864
    outer loop
      vertex 186.3327 135.4125 10.7496
      vertex 194.43269999999998 136.1782 11.0668
      vertex 194.43269999999998 135.4125 10.7496
    endloop
  endfacet
  facet normal 0.0 0.382721 -0.923864
    outer loop
      vertex 194.43269999999998 136.1782 11.0668
      vertex 186.3327 135.4125 10.7496
      vertex 186.3327 136.1782 11.0668
    endloop
  endfacet
  facet normal 0.0 -0.608743 0.793367
    outer loop
      vertex 186.3327 139.2451 5.75494
      vertex 194.43269999999998 138.5875 5.25037
      vertex 194.43269999999998 139.2451 5.75494
    endloop
  endfacet
  facet normal 0.0 -0.608743 0.793367
    outer loop
      vertex 194.43269999999998 138.5875 5.25037
      vertex 186.3327 139.2451 5.75494
      vertex 186.3327 138.5875 5.25037
    endloop
  endfacet
  facet normal -0.0 0.608743 0.793367
    outer loop
      vertex 186.3327 135.4125 5.25037
      vertex 194.43269999999998 134.7549 5.75494
      vertex 194.43269999999998 135.4125 5.25037
    endloop
  endfacet
  facet normal 0.0 0.608743 0.793367
    outer loop
      vertex 194.43269999999998 134.7549 5.75494
      vertex 186.3327 135.4125 5.25037
      vertex 186.3327 134.7549 5.75494
    endloop
  endfacet
  facet normal 0.0 0.991443 0.130543
    outer loop
      vertex 194.43269999999998 133.9332 7.17825
      vertex 186.3327 133.825 8.0
      vertex 194.43269999999998 133.825 8.0
    endloop
  endfacet
  facet normal 0.0 0.991443 0.130543
    outer loop
      vertex 186.3327 133.825 8.0
      vertex 194.43269999999998 133.9332 7.17825
      vertex 186.3327 133.9332 7.17825
    endloop
  endfacet
  facet normal 0.0 0.79339 0.608713
    outer loop
      vertex 194.43269999999998 134.7549 5.75494
      vertex 186.3327 134.2504 6.4125
      vertex 194.43269999999998 134.2504 6.4125
    endloop
  endfacet
  facet normal 0.0 0.79339 0.608713
    outer loop
      vertex 186.3327 134.2504 6.4125
      vertex 194.43269999999998 134.7549 5.75494
      vertex 186.3327 134.7549 5.75494
    endloop
  endfacet
endsolid rail_ramp_seg1_11
solid rail_ramp_seg2_12
  facet normal -1.0 0.0 0.0
    outer loop
      vertex 61.6147 236.0 0.0
      vertex 61.6147 230.0 59.3333
      vertex 61.6147 236.0 71.3333
    endloop
  endfacet
  facet normal -1.0 0.0 0.0
    outer loop
      vertex 61.6147 218.0668 8.82175
      vertex 61.6147 236.0 0.0
      vertex 61.6147 218.175 8.0
    endloop
  endfacet
  facet normal -1.0 0.0 0.0
    outer loop
      vertex 61.6147 236.0 0.0
      vertex 61.6147 218.0668 7.17825
      vertex 61.6147 218.175 8.0
    endloop
  endfacet
  facet normal -1.0 0.0 0.0
    outer loop
      vertex 61.6147 236.0 0.0
      vertex 61.6147 217.7496 6.4125
      vertex 61.6147 218.0668 7.17825
    endloop
  endfacet
  facet normal -1.0 0.0 0.0
    outer loop
      vertex 61.6147 236.0 0.0
      vertex 61.6147 217.2451 5.75494
      vertex 61.6147 217.7496 6.4125
    endloop
  endfacet
  facet normal -1.0 0.0 0.0
    outer loop
      vertex 61.6147 236.0 0.0
      vertex 61.6147 216.5875 5.25037
      vertex 61.6147 217.2451 5.75494
    endloop
  endfacet
  facet normal -1.0 0.0 0.0
    outer loop
      vertex 61.6147 236.0 0.0
      vertex 61.6147 215.8218 4.93318
      vertex 61.6147 216.5875 5.25037
    endloop
  endfacet
  facet normal -1.0 0.0 0.0
    outer loop
      vertex 61.6147 236.0 0.0
      vertex 61.6147 215.0 4.825
      vertex 61.6147 215.8218 4.93318
    endloop
  endfacet
  facet normal -1.0 0.0 0.0
    outer loop
      vertex 61.6147 236.0 0.0
      vertex 61.6147 214.1782 4.93318
      vertex 61.6147 215.0 4.825
    endloop
  endfacet
  facet normal -1.0 0.0 0.0
    outer loop
      vertex 61.6147 211.9332 7.17825
      vertex 61.6147 188.175 8.0
      vertex 61.6147 211.825 8.0
    endloop
  endfacet
  facet normal -1.0 0.0 0.0
    outer loop
      vertex 61.6147 188.0668 7.17825
      vertex 61.6147 211.9332 7.17825
      vertex 61.6147 212.2504 6.4125
    endloop
  endfacet
  facet normal -1.0 0.0 0.0
    outer loop
      vertex 61.6147 187.7496 6.4125
      vertex 61.6147 212.2504 6.4125
      vertex 61.6147 212.7549 5.75494
    endloop
  endfacet
  facet normal -1.0 0.0 0.0
    outer loop
      vertex 61.6147 187.2451 5.75494
      vertex 61.6147 212.7549 5.75494
      vertex 61.6147 213.4125 5.25037
    endloop
  endfacet
  facet normal -1.0 0.0 0.0
    outer loop
      vertex 61.6147 186.5875 5.25037
      vertex 61.6147 213.4125 5.25037
      vertex 61.6147 214.1782 4.93318
    endloop
  endfacet
  facet normal -1.0 0.0 0.0
    outer loop
      vertex 61.6147 185.8217 4.93318
      vertex 61.6147 214.1782 4.93318
      vertex 61.6147 236.0 0.0
    endloop
  endfacet
  facet normal -1.0 0.0 0.0
    outer loop
      vertex 61.6147 211.9332 7.17825
      vertex 61.6147 188.0668 7.17825
      vertex 61.6147 188.175 8.0
    endloop
  endfacet
  facet normal -1.0 0.0 0.0
    outer loop
      vertex 61.6147 212.2504 6.4125
      vertex 61.6147 187.7496 6.4125
      vertex 61.6147 188.0668 7.17825
    endloop
  endfacet
  facet normal -1.0 0.0 0.0
    outer loop
      vertex 61.6147 212.7549 5.75494
      vertex 61.6147 187.2451 5.75494
      vertex 61.6147 187.7496 6.4125
    endloop
  endfacet
  facet normal -1.0 0.0 0.0
    outer loop
      vertex 61.6147 213.4125 5.25037
      vertex 61.6147 186.5875 5.25037
      vertex 61.6147 187.2451 5.75494
    endloop
  endfacet
  facet normal -1.0 0.0 0.0
    outer loop
      vertex 61.6147 214.1782 4.93318
      vertex 61.6147 185.8217 4.93318
      vertex 61.6147 186.5875 5.25037
    endloop
  endfacet
  facet normal -1.0 0.0 0.0
    outer loop
      vertex 61.6147 236.0 0.0
      vertex 61.6147 185.0 4.825
      vertex 61.6147 185.8217 4.93318
    endloop
  endfacet
  facet normal -1.0 0.0 0.0
    outer loop
      vertex 61.6147 164.0 0.0
      vertex 61.6147 181.825 8.0
      vertex 61.6147 181.9332 7.17825
    endloop
  endfacet
  facet normal -1.0 0.0 0.0
    outer loop
      vertex 61.6147 164.0 0.0
      vertex 61.6147 185.0 4.825
      vertex 61.6147 236.0 0.0
    endloop
  endfacet
  facet normal -1.0 0.0 0.0
    outer loop
      vertex 61.6147 164.0 0.0
      vertex 61.6147 184.1782 4.93318
      vertex 61.6147 185.0 4.825
    endloop
  endfacet
  facet normal -1.0 0.0 0.0
    outer loop
      vertex 61.6147 164.0 0.0
      vertex 61.6147 183.4125 5.25037
      vertex 61.6147 184.1782 4.93318
    endloop
  endfacet
  facet normal -1.0 0.0 0.0
    outer loop
      vertex 61.6147 164.0 0.0
      vertex 61.6147 182.7549 5.75494
      vertex 61.6147 183.4125 5.25037
    endloop
  endfacet
  facet normal -1.0 0.0 0.0
    outer loop
      vertex 61.6147 164.0 0.0
      vertex 61.6147 182.2504 6.4125
      vertex 61.6147 182.7549 5.75494
    endloop
  endfacet
  facet normal -1.0 0.0 0.0
    outer loop
      vertex 61.6147 164.0 0.0
      vertex 61.6147 181.9332 7.17825
      vertex 61.6147 182.2504 6.4125
    endloop
  endfacet
  facet normal -1.0 -0.0 0.0
    outer loop
      vertex 61.6147 181.825 8.0
      vertex 61.6147 164.0 0.0
      vertex 61.6147 170.0 59.3333
    endloop
  endfacet
  facet normal -1.0 0.0 0.0
    outer loop
      vertex 61.6147 164.0 71.3333
      vertex 61.6147 170.0 59.3333
      vertex 61.6147 164.0 0.0
    endloop
  endfacet
  facet normal -1.0 0.0 0.0
    outer loop
      vertex 61.6147 170.0 59.3333
      vertex 61.6147 164.0 71.3333
      vertex 61.6147 170.0 71.3333
    endloop
  endfacet
  facet normal -1.0 -0.0 0.0
    outer loop
      vertex 61.6147 236.0 71.3333
      vertex 61.6147 230.0 59.3333
      vertex 61.6147 230.0 71.3333
    endloop
  endfacet
  facet normal -1.0 0.0 0.0
    outer loop
      vertex 61.6147 217.7496 9.5875
      vertex 61.6147 236.0 0.0
      vertex 61.6147 218.0668 8.82175
    endloop
  endfacet
  facet normal -1.0 0.0 0.0
    outer loop
      vertex 61.6147 217.2451 10.2451
      vertex 61.6147 236.0 0.0
      vertex 61.6147 217.7496 9.5875
    endloop
  endfacet
  facet normal -1.0 0.0 0.0
    outer loop
      vertex 61.6147 236.0 0.0
      vertex 61.6147 217.2451 10.2451
      vertex 61.6147 230.0 59.3333
    endloop
  endfacet
  facet normal -1.0 0.0 0.0
    outer loop
      vertex 61.6147 216.5875 10.7496
      vertex 61.6147 230.0 59.3333
      vertex 61.6147 217.2451 10.2451
    endloop
  endfacet
  facet normal -1.0 0.0 0.0
    outer loop
      vertex 61.6147 215.8218 11.0668
      vertex 61.6147 230.0 59.3333
      vertex 61.6147 216.5875 10.7496
    endloop
  endfacet
  facet normal -1.0 0.0 0.0
    outer loop
      vertex 61.6147 215.0 11.175
      vertex 61.6147 230.0 59.3333
      vertex 61.6147 215.8218 11.0668
    endloop
  endfacet
  facet normal -1.0 0.0 0.0
    outer loop
      vertex 61.6147 214.1782 11.0668
      vertex 61.6147 230.0 59.3333
      vertex 61.6147 215.0 11.175
    endloop
  endfacet
  facet normal -1.0 0.0 0.0
    outer loop
      vertex 61.6147 213.4125 10.7496
      vertex 61.6147 230.0 59.3333
      vertex 61.6147 214.1782 11.0668
    endloop
  endfacet
  facet normal -1.0 0.0 0.0
    outer loop
      vertex 61.6147 186.5875 10.7496
      vertex 61.6147 213.4125 10.7496
      vertex 61.6147 212.7549 10.2451
    endloop
  endfacet
  facet normal -1.0 0.0 0.0
    outer loop
      vertex 61.6147 187.2451 10.2451
      vertex 61.6147 212.7549 10.2451
      vertex 61.6147 212.2504 9.5875
    endloop
  endfacet
  facet normal -1.0 0.0 0.0
    outer loop
      vertex 61.6147 187.7496 9.5875
      vertex 61.6147 212.2504 9.5875
      vertex 61.6147 211.9332 8.82175
    endloop
  endfacet
  facet normal -1.0 0.0 0.0
    outer loop
      vertex 61.6147 188.175 8.0
      vertex 61.6147 211.9332 8.82175
      vertex 61.6147 211.825 8.0
    endloop
  endfacet
  facet normal -1.0 0.0 0.0
    outer loop
      vertex 61.6147 188.0668 8.82175
      vertex 61.6147 211.9332 8.82175
      vertex 61.6147 188.175 8.0
    endloop
  endfacet
  facet normal -1.0 0.0 0.0
    outer loop
      vertex 61.6147 187.7496 9.5875
      vertex 61.6147 211.9332 8.82175
      vertex 61.6147 188.0668 8.82175
    endloop
  endfacet
  facet normal -1.0 0.0 0.0
    outer loop
      vertex 61.6147 212.2504 9.5875
      vertex 61.6147 187.7496 9.5875
      vertex 61.6147 187.2451 10.2451
    endloop
  endfacet
  facet normal -1.0 0.0 0.0
    outer loop
      vertex 61.6147 212.7549 10.2451
      vertex 61.6147 187.2451 10.2451
      vertex 61.6147 186.5875 10.7496
    endloop
  endfacet
  facet normal -1.0 0.0 0.0
    outer loop
      vertex 61.6147 213.4125 10.7496
      vertex 61.6147 186.5875 10.7496
      vertex 61.6147 230.0 59.3333
    endloop
  endfacet
  facet normal -1.0 0.0 0.0
    outer loop
      vertex 61.6147 170.0 59.3333
      vertex 61.6147 186.5875 10.7496
      vertex 61.6147 185.8217 11.0668
    endloop
  endfacet
  facet normal -1.0 0.0 0.0
    outer loop
      vertex 61.6147 170.0 59.3333
      vertex 61.6147 185.8217 11.0668
      vertex 61.6147 185.0 11.175
    endloop
  endfacet
  facet normal -1.0 0.0 0.0
    outer loop
      vertex 61.6147 170.0 59.3333
      vertex 61.6147 185.0 11.175
      vertex 61.6147 184.1782 11.0668
    endloop
  endfacet
  facet normal -1.0 0.0 0.0
    outer loop
      vertex 61.6147 170.0 59.3333
      vertex 61.6147 184.1782 11.0668
      vertex 61.6147 183.4125 10.7496
    endloop
  endfacet
  facet normal -1.0 0.0 0.0
    outer loop
      vertex 61.6147 170.0 59.3333
      vertex 61.6147 183.4125 10.7496
      vertex 61.6147 182.7549 10.2451
    endloop
  endfacet
  facet normal -1.0 0.0 0.0
    outer loop
      vertex 61.6147 186.5875 10.7496
      vertex 61.6147 170.0 59.3333
      vertex 61.6147 230.0 59.3333
    endloop
  endfacet
  facet normal -1.0 0.0 0.0
    outer loop
      vertex 61.6147 182.2504 9.5875
      vertex 61.6147 170.0 59.3333
      vertex 61.6147 182.7549 10.2451
    endloop
  endfacet
  facet normal -1.0 0.0 0.0
    outer loop
      vertex 61.6147 181.9332 8.82175
      vertex 61.6147 170.0 59.3333
      vertex 61.6147 182.2504 9.5875
    endloop
  endfacet
  facet normal -1.0 0.0 0.0
    outer loop
      vertex 61.6147 170.0 59.3333
      vertex 61.6147 181.9332 8.82175
      vertex 61.6147 181.825 8.0
    endloop
  endfacet
  facet normal 1.0 0.0 0.0
    outer loop
      vertex 172.3327 170.0 101.0
      vertex 172.3327 164.0 101.0
      vertex 172.3327 170.0 89.0
    endloop
  endfacet
  facet normal 1.0 0.0 0.0
    outer loop
      vertex 172.3327 230.0 89.0
      vertex 172.3327 236.0 101.0
      vertex 172.3327 230.0 101.0
    endloop
  endfacet
  facet normal 1.0 0.0 0.0
    outer loop
      vertex 172.3327 236.0 101.0
      vertex 172.3327 230.0 89.0
      vertex 172.3327 236.0 0.0
    endloop
  endfacet
  facet normal 1.0 -0.0 0.0
    outer loop
      vertex 172.3327 170.0 89.0
      vertex 172.3327 236.0 0.0
      vertex 172.3327 230.0 89.0
    endloop
  endfacet
  facet normal 1.0 0.0 0.0
    outer loop
      vertex 172.3327 170.0 89.0
      vertex 172.3327 164.0 0.0
      vertex 172.3327 236.0 0.0
    endloop
  endfacet
  facet normal 1.0 0.0 0.0
    outer loop
      vertex 172.3327 164.0 0.0
      vertex 172.3327 170.0 89.0
      vertex 172.3327 164.0 101.0
    endloop
  endfacet
  facet normal 0.0 0.0 -1.0
    outer loop
      vertex 61.6147 164.0 0.0
      vertex 172.3327 236.0 0.0
      vertex 172.3327 164.0 0.0
    endloop
  endfacet
  facet normal -0.0 0.0 -1.0
    outer loop
      vertex 172.3327 236.0 0.0
      vertex 61.6147 164.0 0.0
      vertex 61.6147 236.0 0.0
    endloop
  endfacet
  facet normal -0.258818 0.0 0.965926
    outer loop
      vertex 61.6147 170.0 71.3333
      vertex 172.3327 164.0 101.0
      vertex 172.3327 170.0 101.0
    endloop
  endfacet
  facet normal -0.258818 0.0 0.965926
    outer loop
      vertex 172.3327 164.0 101.0
      vertex 61.6147 170.0 71.3333
      vertex 61.6147 164.0 71.3333
    endloop
  endfacet
  facet normal 0.0 1.0 -0.0
    outer loop
      vertex 172.3327 170.0 89.0
      vertex 61.6147 170.0 71.3333
      vertex 172.3327 170.0 101.0
    endloop
  endfacet
  facet normal -0.0 1.0 0.0
    outer loop
      vertex 61.6147 170.0 71.3333
      vertex 172.3327 170.0 89.0
      vertex 61.6147 170.0 59.3333
    endloop
  endfacet
  facet normal 0.0 -1.0 0.0
    outer loop
      vertex 172.3327 164.0 0.0
      vertex 61.6147 164.0 71.3333
      vertex 61.6147 164.0 0.0
    endloop
  endfacet
  facet normal 0.0 -1.0 0.0
    outer loop
      vertex 61.6147 164.0 71.3333
      vertex 172.3327 164.0 0.0
      vertex 172.3327 164.0 101.0
    endloop
  endfacet
  facet normal -0.258818 0.0 0.965926
    outer loop
      vertex 61.6147 236.0 71.3333
      vertex 172.3327 230.0 101.0
      vertex 172.3327 236.0 101.0
    endloop
  endfacet
  facet normal -0.258818 0.0 0.965926
    outer loop
      vertex 172.3327 230.0 101.0
      vertex 61.6147 236.0 71.3333
      vertex 61.6147 230.0 71.3333
    endloop
  endfacet
  facet normal 0.0 1.0 -0.0
    outer loop
      vertex 172.3327 236.0 0.0
      vertex 61.6147 236.0 71.3333
      vertex 172.3327 236.0 101.0
    endloop
  endfacet
  facet normal 0.0 1.0 0.0
    outer loop
      vertex 61.6147 236.0 71.3333
      vertex 172.3327 236.0 0.0
      vertex 61.6147 236.0 0.0
    endloop
  endfacet
  facet normal 0.0 -1.0 0.0
    outer loop
      vertex 61.6147 230.0 71.3333
      vertex 172.3327 230.0 89.0
      vertex 172.3327 230.0 101.0
    endloop
  endfacet
  facet normal 0.0 -1.0 0.0
    outer loop
      vertex 172.3327 230.0 89.0
      vertex 61.6147 230.0 71.3333
      vertex 61.6147 230.0 59.3333
    endloop
  endfacet
  facet normal -0.258818 0.0 0.965926
    outer loop
      vertex 61.6147 230.0 59.3333
      vertex 172.3327 170.0 89.0
      vertex 172.3327 230.0 89.0
    endloop
  endfacet
  facet normal -0.258818 0.0 0.965926
    outer loop
      vertex 172.3327 170.0 89.0
      vertex 61.6147 230.0 59.3333
      vertex 61.6147 170.0 59.3333
    endloop
  endfacet
  facet normal 0.0 -0.130528 0.991445
    outer loop
      vertex 61.6147 185.8217 4.93318
      vertex 69.7147 185.0 4.825
      vertex 69.7147 185.8217 4.93318
    endloop
  endfacet
  facet normal 0.0 -0.130528 0.991445
    outer loop
      vertex 69.7147 185.0 4.825
      vertex 61.6147 185.8217 4.93318
      vertex 61.6147 185.0 4.825
    endloop
  endfacet
  facet normal 0.0 0.130536 -0.991444
    outer loop
      vertex 61.6147 184.1782 11.0668
      vertex 69.7147 185.0 11.175
      vertex 69.7147 184.1782 11.0668
    endloop
  endfacet
  facet normal 0.0 0.130536 -0.991444
    outer loop
      vertex 69.7147 185.0 11.175
      vertex 61.6147 184.1782 11.0668
      vertex 61.6147 185.0 11.175
    endloop
  endfacet
  facet normal 0.0 -0.991443 -0.130543
    outer loop
      vertex 61.6147 188.175 8.0
      vertex 69.7147 188.0668 8.82175
      vertex 61.6147 188.0668 8.82175
    endloop
  endfacet
  facet normal 0.0 -0.991443 -0.130543
    outer loop
      vertex 69.7147 188.0668 8.82175
      vertex 61.6147 188.175 8.0
      vertex 69.7147 188.175 8.0
    endloop
  endfacet
  facet normal 0.0 0.793408 -0.60869
    outer loop
      vertex 69.7147 182.2504 9.5875
      vertex 61.6147 182.7549 10.2451
      vertex 69.7147 182.7549 10.2451
    endloop
  endfacet
  facet normal 0.0 0.793408 -0.60869
    outer loop
      vertex 61.6147 182.7549 10.2451
      vertex 69.7147 182.2504 9.5875
      vertex 61.6147 182.2504 9.5875
    endloop
  endfacet
  facet normal 0.0 -0.923873 0.3827
    outer loop
      vertex 61.6147 187.7496 6.4125
      vertex 69.7147 188.0668 7.17825
      vertex 61.6147 188.0668 7.17825
    endloop
  endfacet
  facet normal 0.0 -0.923873 0.3827
    outer loop
      vertex 69.7147 188.0668 7.17825
      vertex 61.6147 187.7496 6.4125
      vertex 69.7147 187.7496 6.4125
    endloop
  endfacet
  facet normal 0.0 -0.60869 -0.793408
    outer loop
      vertex 61.6147 186.5875 10.7496
      vertex 69.7147 187.2451 10.2451
      vertex 69.7147 186.5875 10.7496
    endloop
  endfacet
  facet normal -0.0 -0.60869 -0.793408
    outer loop
      vertex 69.7147 187.2451 10.2451
      vertex 61.6147 186.5875 10.7496
      vertex 61.6147 187.2451 10.2451
    endloop
  endfacet
  facet normal 0.0 -0.382679 -0.923882
    outer loop
      vertex 61.6147 185.8217 11.0668
      vertex 69.7147 186.5875 10.7496
      vertex 69.7147 185.8217 11.0668
    endloop
  endfacet
  facet normal -0.0 -0.382679 -0.923882
    outer loop
      vertex 69.7147 186.5875 10.7496
      vertex 61.6147 185.8217 11.0668
      vertex 61.6147 186.5875 10.7496
    endloop
  endfacet
  facet normal 0.0 -0.793408 -0.60869
    outer loop
      vertex 61.6147 187.7496 9.5875
      vertex 69.7147 187.2451 10.2451
      vertex 61.6147 187.2451 10.2451
    endloop
  endfacet
  facet normal 0.0 -0.793408 -0.60869
    outer loop
      vertex 69.7147 187.2451 10.2451
      vertex 61.6147 187.7496 9.5875
      vertex 69.7147 187.7496 9.5875
    endloop
  endfacet
  facet normal -0.0 0.382711 0.923868
    outer loop
      vertex 61.6147 184.1782 4.93318
      vertex 69.7147 183.4125 5.25037
      vertex 69.7147 184.1782 4.93318
    endloop
  endfacet
  facet normal 0.0 0.382711 0.923868
    outer loop
      vertex 69.7147 183.4125 5.25037
      vertex 61.6147 184.1782 4.93318
      vertex 61.6147 183.4125 5.25037
    endloop
  endfacet
  facet normal 0.0 0.923873 -0.3827
    outer loop
      vertex 69.7147 181.9332 8.82175
      vertex 61.6147 182.2504 9.5875
      vertex 69.7147 182.2504 9.5875
    endloop
  endfacet
  facet normal 0.0 0.923873 -0.3827
    outer loop
      vertex 61.6147 182.2504 9.5875
      vertex 69.7147 181.9332 8.82175
      vertex 61.6147 181.9332 8.82175
    endloop
  endfacet
  facet normal 0.0 0.60869 -0.793408
    outer loop
      vertex 61.6147 182.7549 10.2451
      vertex 69.7147 183.4125 10.7496
      vertex 69.7147 182.7549 10.2451
    endloop
  endfacet
  facet normal 0.0 0.60869 -0.793408
    outer loop
      vertex 69.7147 183.4125 10.7496
      vertex 61.6147 182.7549 10.2451
      vertex 61.6147 183.4125 10.7496
    endloop
  endfacet
  facet normal 0.0 -0.382668 0.923886
    outer loop
      vertex 61.6147 186.5875 5.25037
      vertex 69.7147 185.8217 4.93318
      vertex 69.7147 186.5875 5.25037
    endloop
  endfacet
  facet normal 0.0 -0.382668 0.923886
    outer loop
      vertex 69.7147 185.8217 4.93318
      vertex 61.6147 186.5875 5.25037
      vertex 61.6147 185.8217 4.93318
    endloop
  endfacet
  facet normal 0.0 -0.79339 0.608713
    outer loop
      vertex 61.6147 187.2451 5.75494
      vertex 69.7147 187.7496 6.4125
      vertex 61.6147 187.7496 6.4125
    endloop
  endfacet
  facet normal 0.0 -0.79339 0.608713
    outer loop
      vertex 69.7147 187.7496 6.4125
      vertex 61.6147 187.2451 5.75494
      vertex 69.7147 187.2451 5.75494
    endloop
  endfacet
  facet normal 0.0 -0.991443 0.130543
    outer loop
      vertex 61.6147 188.0668 7.17825
      vertex 69.7147 188.175 8.0
      vertex 61.6147 188.175 8.0
    endloop
  endfacet
  facet normal 0.0 -0.991443 0.130543
    outer loop
      vertex 69.7147 188.175 8.0
      vertex 61.6147 188.0668 7.17825
      vertex 69.7147 188.0668 7.17825
    endloop
  endfacet
  facet normal 0.0 -0.130551 -0.991442
    outer loop
      vertex 61.6147 185.0 11.175
      vertex 69.7147 185.8217 11.0668
      vertex 69.7147 185.0 11.175
    endloop
  endfacet
  facet normal -0.0 -0.130551 -0.991442
    outer loop
      vertex 69.7147 185.8217 11.0668
      vertex 61.6147 185.0 11.175
      vertex 61.6147 185.8217 11.0668
    endloop
  endfacet
  facet normal 0.0 -0.923873 -0.3827
    outer loop
      vertex 61.6147 188.0668 8.82175
      vertex 69.7147 187.7496 9.5875
      vertex 61.6147 187.7496 9.5875
    endloop
  endfacet
  facet normal 0.0 -0.923873 -0.3827
    outer loop
      vertex 69.7147 187.7496 9.5875
      vertex 61.6147 188.0668 8.82175
      vertex 69.7147 188.0668 8.82175
    endloop
  endfacet
  facet normal -0.0 0.130512 0.991447
    outer loop
      vertex 61.6147 185.0 4.825
      vertex 69.7147 184.1782 4.93318
      vertex 69.7147 185.0 4.825
    endloop
  endfacet
  facet normal 0.0 0.130512 0.991447
    outer loop
      vertex 69.7147 184.1782 4.93318
      vertex 61.6147 185.0 4.825
      vertex 61.6147 184.1782 4.93318
    endloop
  endfacet
  facet normal 0.0 0.923873 0.3827
    outer loop
      vertex 69.7147 182.2504 6.4125
      vertex 61.6147 181.9332 7.17825
      vertex 69.7147 181.9332 7.17825
    endloop
  endfacet
  facet normal 0.0 0.923873 0.3827
    outer loop
      vertex 61.6147 181.9332 7.17825
      vertex 69.7147 182.2504 6.4125
      vertex 61.6147 182.2504 6.4125
    endloop
  endfacet
  facet normal 0.0 0.991443 -0.130543
    outer loop
      vertex 69.7147 181.825 8.0
      vertex 61.6147 181.9332 8.82175
      vertex 69.7147 181.9332 8.82175
    endloop
  endfacet
  facet normal 0.0 0.991443 -0.130543
    outer loop
      vertex 61.6147 181.9332 8.82175
      vertex 69.7147 181.825 8.0
      vertex 61.6147 181.825 8.0
    endloop
  endfacet
  facet normal -1.0 0.0 0.0
    outer loop
      vertex 69.7147 188.0668 7.17825
      vertex 69.7147 188.0668 8.82175
      vertex 69.7147 188.175 8.0
    endloop
  endfacet
  facet normal -1.0 0.0 0.0
    outer loop
      vertex 69.7147 187.7496 6.4125
      vertex 69.7147 188.0668 8.82175
      vertex 69.7147 188.0668 7.17825
    endloop
  endfacet
  facet normal -1.0 0.0 0.0
    outer loop
      vertex 69.7147 187.7496 6.4125
      vertex 69.7147 187.7496 9.5875
      vertex 69.7147 188.0668 8.82175
    endloop
  endfacet
  facet normal -1.0 0.0 0.0
    outer loop
      vertex 69.7147 187.2451 5.75494
      vertex 69.7147 187.7496 9.5875
      vertex 69.7147 187.7496 6.4125
    endloop
  endfacet
  facet normal -1.0 0.0 0.0
    outer loop
      vertex 69.7147 187.2451 5.75494
      vertex 69.7147 187.2451 10.2451
      vertex 69.7147 187.7496 9.5875
    endloop
  endfacet
  facet normal -1.0 0.0 0.0
    outer loop
      vertex 69.7147 186.5875 5.25037
      vertex 69.7147 187.2451 10.2451
      vertex 69.7147 187.2451 5.75494
    endloop
  endfacet
  facet normal -1.0 0.0 0.0
    outer loop
      vertex 69.7147 186.5875 5.25037
      vertex 69.7147 186.5875 10.7496
      vertex 69.7147 187.2451 10.2451
    endloop
  endfacet
  facet normal -1.0 0.0 0.0
    outer loop
      vertex 69.7147 185.8217 4.93318
      vertex 69.7147 186.5875 10.7496
      vertex 69.7147 186.5875 5.25037
    endloop
  endfacet
  facet normal -1.0 0.0 0.0
    outer loop
      vertex 69.7147 185.8217 4.93318
      vertex 69.7147 185.8217 11.0668
      vertex 69.7147 186.5875 10.7496
    endloop
  endfacet
  facet normal -1.0 0.0 0.0
    outer loop
      vertex 69.7147 185.0 4.825
      vertex 69.7147 185.8217 11.0668
      vertex 69.7147 185.8217 4.93318
    endloop
  endfacet
  facet normal -1.0 0.0 0.0
    outer loop
      vertex 69.7147 185.0 4.825
      vertex 69.7147 185.0 11.175
      vertex 69.7147 185.8217 11.0668
    endloop
  endfacet
  facet normal -1.0 0.0 0.0
    outer loop
      vertex 69.7147 184.1782 4.93318
      vertex 69.7147 185.0 11.175
      vertex 69.7147 185.0 4.825
    endloop
  endfacet
  facet normal -1.0 0.0 0.0
    outer loop
      vertex 69.7147 184.1782 4.93318
      vertex 69.7147 184.1782 11.0668
      vertex 69.7147 185.0 11.175
    endloop
  endfacet
  facet normal -1.0 0.0 0.0
    outer loop
      vertex 69.7147 183.4125 5.25037
      vertex 69.7147 184.1782 11.0668
      vertex 69.7147 184.1782 4.93318
    endloop
  endfacet
  facet normal -1.0 0.0 0.0
    outer loop
      vertex 69.7147 183.4125 5.25037
      vertex 69.7147 183.4125 10.7496
      vertex 69.7147 184.1782 11.0668
    endloop
  endfacet
  facet normal -1.0 0.0 0.0
    outer loop
      vertex 69.7147 182.7549 5.75494
      vertex 69.7147 183.4125 10.7496
      vertex 69.7147 183.4125 5.25037
    endloop
  endfacet
  facet normal -1.0 0.0 0.0
    outer loop
      vertex 69.7147 182.7549 5.75494
      vertex 69.7147 182.7549 10.2451
      vertex 69.7147 183.4125 10.7496
    endloop
  endfacet
  facet normal -1.0 0.0 0.0
    outer loop
      vertex 69.7147 182.2504 6.4125
      vertex 69.7147 182.7549 10.2451
      vertex 69.7147 182.7549 5.75494
    endloop
  endfacet
  facet normal -1.0 0.0 0.0
    outer loop
      vertex 69.7147 182.2504 6.4125
      vertex 69.7147 182.2504 9.5875
      vertex 69.7147 182.7549 10.2451
    endloop
  endfacet
  facet normal -1.0 0.0 0.0
    outer loop
      vertex 69.7147 181.9332 7.17825
      vertex 69.7147 182.2504 9.5875
      vertex 69.7147 182.2504 6.4125
    endloop
  endfacet
  facet normal -1.0 0.0 0.0
    outer loop
      vertex 69.7147 181.9332 7.17825
      vertex 69.7147 181.9332 8.82175
      vertex 69.7147 182.2504 9.5875
    endloop
  endfacet
  facet normal -1.0 0.0 -0.0
    outer loop
      vertex 69.7147 181.9332 8.82175
      vertex 69.7147 181.9332 7.17825
      vertex 69.7147 181.825 8.0
    endloop
  endfacet
  facet normal 0.0 0.382721 -0.923864
    outer loop
      vertex 61.6147 183.4125 10.7496
      vertex 69.7147 184.1782 11.0668
      vertex 69.7147 183.4125 10.7496
    endloop
  endfacet
  facet normal 0.0 0.382721 -0.923864
    outer loop
      vertex 69.7147 184.1782 11.0668
      vertex 61.6147 183.4125 10.7496
      vertex 61.6147 184.1782 11.0668
    endloop
  endfacet
  facet normal 0.0 -0.608743 0.793367
    outer loop
      vertex 61.6147 187.2451 5.75494
      vertex 69.7147 186.5875 5.25037
      vertex 69.7147 187.2451 5.75494
    endloop
  endfacet
  facet normal 0.0 -0.608743 0.793367
    outer loop
      vertex 69.7147 186.5875 5.25037
      vertex 61.6147 187.2451 5.75494
      vertex 61.6147 186.5875 5.25037
    endloop
  endfacet
  facet normal -0.0 0.608743 0.793367
    outer loop
      vertex 61.6147 183.4125 5.25037
      vertex 69.7147 182.7549 5.75494
      vertex 69.7147 183.4125 5.25037
    endloop
  endfacet
  facet normal 0.0 0.608743 0.793367
    outer loop
      vertex 69.7147 182.7549 5.75494
      vertex 61.6147 183.4125 5.25037
      vertex 61.6147 182.7549 5.75494
    endloop
  endfacet
  facet normal 0.0 0.991443 0.130543
    outer loop
      vertex 69.7147 181.9332 7.17825
      vertex 61.6147 181.825 8.0
      vertex 69.7147 181.825 8.0
    endloop
  endfacet
  facet normal 0.0 0.991443 0.130543
    outer loop
      vertex 61.6147 181.825 8.0
      vertex 69.7147 181.9332 7.17825
      vertex 61.6147 181.9332 7.17825
    endloop
  endfacet
  facet normal 0.0 0.79339 0.608713
    outer loop
      vertex 69.7147 182.7549 5.75494
      vertex 61.6147 182.2504 6.4125
      vertex 69.7147 182.2504 6.4125
    endloop
  endfacet
  facet normal 0.0 0.79339 0.608713
    outer loop
      vertex 61.6147 182.2504 6.4125
      vertex 69.7147 182.7549 5.75494
      vertex 61.6147 182.7549 5.75494
    endloop
  endfacet
  facet normal 0.0 -0.130512 0.991447
    outer loop
      vertex 61.6147 215.8218 4.93318
      vertex 69.7147 215.0 4.825
      vertex 69.7147 215.8218 4.93318
    endloop
  endfacet
  facet normal 0.0 -0.130512 0.991447
    outer loop
      vertex 69.7147 215.0 4.825
      vertex 61.6147 215.8218 4.93318
      vertex 61.6147 215.0 4.825
    endloop
  endfacet
  facet normal 0.0 0.130536 -0.991444
    outer loop
      vertex 61.6147 214.1782 11.0668
      vertex 69.7147 215.0 11.175
      vertex 69.7147 214.1782 11.0668
    endloop
  endfacet
  facet normal 0.0 0.130536 -0.991444
    outer loop
      vertex 69.7147 215.0 11.175
      vertex 61.6147 214.1782 11.0668
      vertex 61.6147 215.0 11.175
    endloop
  endfacet
  facet normal 0.0 -0.991443 -0.130543
    outer loop
      vertex 61.6147 218.175 8.0
      vertex 69.7147 218.0668 8.82175
      vertex 61.6147 218.0668 8.82175
    endloop
  endfacet
  facet normal 0.0 -0.991443 -0.130543
    outer loop
      vertex 69.7147 218.0668 8.82175
      vertex 61.6147 218.175 8.0
      vertex 69.7147 218.175 8.0
    endloop
  endfacet
  facet normal 0.0 0.793408 -0.60869
    outer loop
      vertex 69.7147 212.2504 9.5875
      vertex 61.6147 212.7549 10.2451
      vertex 69.7147 212.7549 10.2451
    endloop
  endfacet
  facet normal 0.0 0.793408 -0.60869
    outer loop
      vertex 61.6147 212.7549 10.2451
      vertex 69.7147 212.2504 9.5875
      vertex 61.6147 212.2504 9.5875
    endloop
  endfacet
  facet normal 0.0 -0.923873 0.3827
    outer loop
      vertex 61.6147 217.7496 6.4125
      vertex 69.7147 218.0668 7.17825
      vertex 61.6147 218.0668 7.17825
    endloop
  endfacet
  facet normal 0.0 -0.923873 0.3827
    outer loop
      vertex 69.7147 218.0668 7.17825
      vertex 61.6147 217.7496 6.4125
      vertex 69.7147 217.7496 6.4125
    endloop
  endfacet
  facet normal 0.0 -0.60869 -0.793408
    outer loop
      vertex 61.6147 216.5875 10.7496
      vertex 69.7147 217.2451 10.2451
      vertex 69.7147 216.5875 10.7496
    endloop
  endfacet
  facet normal -0.0 -0.60869 -0.793408
    outer loop
      vertex 69.7147 217.2451 10.2451
      vertex 61.6147 216.5875 10.7496
      vertex 61.6147 217.2451 10.2451
    endloop
  endfacet
  facet normal 0.0 -0.382721 -0.923864
    outer loop
      vertex 61.6147 215.8218 11.0668
      vertex 69.7147 216.5875 10.7496
      vertex 69.7147 215.8218 11.0668
    endloop
  endfacet
  facet normal -0.0 -0.382721 -0.923864
    outer loop
      vertex 69.7147 216.5875 10.7496
      vertex 61.6147 215.8218 11.0668
      vertex 61.6147 216.5875 10.7496
    endloop
  endfacet
  facet normal 0.0 -0.793408 -0.60869
    outer loop
      vertex 61.6147 217.7496 9.5875
      vertex 69.7147 217.2451 10.2451
      vertex 61.6147 217.2451 10.2451
    endloop
  endfacet
  facet normal 0.0 -0.793408 -0.60869
    outer loop
      vertex 69.7147 217.2451 10.2451
      vertex 61.6147 217.7496 9.5875
      vertex 69.7147 217.7496 9.5875
    endloop
  endfacet
  facet normal -0.0 0.382711 0.923868
    outer loop
      vertex 61.6147 214.1782 4.93318
      vertex 69.7147 213.4125 5.25037
      vertex 69.7147 214.1782 4.93318
    endloop
  endfacet
  facet normal 0.0 0.382711 0.923868
    outer loop
      vertex 69.7147 213.4125 5.25037
      vertex 61.6147 214.1782 4.93318
      vertex 61.6147 213.4125 5.25037
    endloop
  endfacet
  facet normal 0.0 0.923873 -0.3827
    outer loop
      vertex 69.7147 211.9332 8.82175
      vertex 61.6147 212.2504 9.5875
      vertex 69.7147 212.2504 9.5875
    endloop
  endfacet
  facet normal 0.0 0.923873 -0.3827
    outer loop
      vertex 61.6147 212.2504 9.5875
      vertex 69.7147 211.9332 8.82175
      vertex 61.6147 211.9332 8.82175
    endloop
  endfacet
  facet normal 0.0 0.60869 -0.793408
    outer loop
      vertex 61.6147 212.7549 10.2451
      vertex 69.7147 213.4125 10.7496
      vertex 69.7147 212.7549 10.2451
    endloop
  endfacet
  facet normal 0.0 0.60869 -0.793408
    outer loop
      vertex 69.7147 213.4125 10.7496
      vertex 61.6147 212.7549 10.2451
      vertex 61.6147 213.4125 10.7496
    endloop
  endfacet
  facet normal 0.0 -0.382711 0.923868
    outer loop
      vertex 61.6147 216.5875 5.25037
      vertex 69.7147 215.8218 4.93318
      vertex 69.7147 216.5875 5.25037
    endloop
  endfacet
  facet normal 0.0 -0.382711 0.923868
    outer loop
      vertex 69.7147 215.8218 4.93318
      vertex 61.6147 216.5875 5.25037
      vertex 61.6147 215.8218 4.93318
    endloop
  endfacet
  facet normal 0.0 -0.79339 0.608713
    outer loop
      vertex 61.6147 217.2451 5.75494
      vertex 69.7147 217.7496 6.4125
      vertex 61.6147 217.7496 6.4125
    endloop
  endfacet
  facet normal 0.0 -0.79339 0.608713
    outer loop
      vertex 69.7147 217.7496 6.4125
      vertex 61.6147 217.2451 5.75494
      vertex 69.7147 217.2451 5.75494
    endloop
  endfacet
  facet normal 0.0 -0.991443 0.130543
    outer loop
      vertex 61.6147 218.0668 7.17825
      vertex 69.7147 218.175 8.0
      vertex 61.6147 218.175 8.0
    endloop
  endfacet
  facet normal 0.0 -0.991443 0.130543
    outer loop
      vertex 69.7147 218.175 8.0
      vertex 61.6147 218.0668 7.17825
      vertex 69.7147 218.0668 7.17825
    endloop
  endfacet
  facet normal 0.0 -0.130536 -0.991444
    outer loop
      vertex 61.6147 215.0 11.175
      vertex 69.7147 215.8218 11.0668
      vertex 69.7147 215.0 11.175
    endloop
  endfacet
  facet normal -0.0 -0.130536 -0.991444
    outer loop
      vertex 69.7147 215.8218 11.0668
      vertex 61.6147 215.0 11.175
      vertex 61.6147 215.8218 11.0668
    endloop
  endfacet
  facet normal 0.0 -0.923873 -0.3827
    outer loop
      vertex 61.6147 218.0668 8.82175
      vertex 69.7147 217.7496 9.5875
      vertex 61.6147 217.7496 9.5875
    endloop
  endfacet
  facet normal 0.0 -0.923873 -0.3827
    outer loop
      vertex 69.7147 217.7496 9.5875
      vertex 61.6147 218.0668 8.82175
      vertex 69.7147 218.0668 8.82175
    endloop
  endfacet
  facet normal -0.0 0.130512 0.991447
    outer loop
      vertex 61.6147 215.0 4.825
      vertex 69.7147 214.1782 4.93318
      vertex 69.7147 215.0 4.825
    endloop
  endfacet
  facet normal 0.0 0.130512 0.991447
    outer loop
      vertex 69.7147 214.1782 4.93318
      vertex 61.6147 215.0 4.825
      vertex 61.6147 214.1782 4.93318
    endloop
  endfacet
  facet normal 0.0 0.923873 0.3827
    outer loop
      vertex 69.7147 212.2504 6.4125
      vertex 61.6147 211.9332 7.17825
      vertex 69.7147 211.9332 7.17825
    endloop
  endfacet
  facet normal 0.0 0.923873 0.3827
    outer loop
      vertex 61.6147 211.9332 7.17825
      vertex 69.7147 212.2504 6.4125
      vertex 61.6147 212.2504 6.4125
    endloop
  endfacet
  facet normal 0.0 0.991443 -0.130543
    outer loop
      vertex 69.7147 211.825 8.0
      vertex 61.6147 211.9332 8.82175
      vertex 69.7147 211.9332 8.82175
    endloop
  endfacet
  facet normal 0.0 0.991443 -0.130543
    outer loop
      vertex 61.6147 211.9332 8.82175
      vertex 69.7147 211.825 8.0
      vertex 61.6147 211.825 8.0
    endloop
  endfacet
  facet normal -1.0 0.0 0.0
    outer loop
      vertex 69.7147 218.0668 7.17825
      vertex 69.7147 218.0668 8.82175
      vertex 69.7147 218.175 8.0
    endloop
  endfacet
  facet normal -1.0 0.0 0.0
    outer loop
      vertex 69.7147 217.7496 6.4125
      vertex 69.7147 218.0668 8.82175
      vertex 69.7147 218.0668 7.17825
    endloop
  endfacet
  facet normal -1.0 0.0 0.0
    outer loop
      vertex 69.7147 217.7496 6.4125
      vertex 69.7147 217.7496 9.5875
      vertex 69.7147 218.0668 8.82175
    endloop
  endfacet
  facet normal -1.0 0.0 0.0
    outer loop
      vertex 69.7147 217.2451 5.75494
      vertex 69.7147 217.7496 9.5875
      vertex 69.7147 217.7496 6.4125
    endloop
  endfacet
  facet normal -1.0 0.0 0.0
    outer loop
      vertex 69.7147 217.2451 5.75494
      vertex 69.7147 217.2451 10.2451
      vertex 69.7147 217.7496 9.5875
    endloop
  endfacet
  facet normal -1.0 0.0 0.0
    outer loop
      vertex 69.7147 216.5875 5.25037
      vertex 69.7147 217.2451 10.2451
      vertex 69.7147 217.2451 5.75494
    endloop
  endfacet
  facet normal -1.0 0.0 0.0
    outer loop
      vertex 69.7147 216.5875 5.25037
      vertex 69.7147 216.5875 10.7496
      vertex 69.7147 217.2451 10.2451
    endloop
  endfacet
  facet normal -1.0 0.0 0.0
    outer loop
      vertex 69.7147 215.8218 4.93318
      vertex 69.7147 216.5875 10.7496
      vertex 69.7147 216.5875 5.25037
    endloop
  endfacet
  facet normal -1.0 0.0 0.0
    outer loop
      vertex 69.7147 215.8218 4.93318
      vertex 69.7147 215.8218 11.0668
      vertex 69.7147 216.5875 10.7496
    endloop
  endfacet
  facet normal -1.0 0.0 0.0
    outer loop
      vertex 69.7147 215.0 4.825
      vertex 69.7147 215.8218 11.0668
      vertex 69.7147 215.8218 4.93318
    endloop
  endfacet
  facet normal -1.0 0.0 0.0
    outer loop
      vertex 69.7147 215.0 4.825
      vertex 69.7147 215.0 11.175
      vertex 69.7147 215.8218 11.0668
    endloop
  endfacet
  facet normal -1.0 0.0 0.0
    outer loop
      vertex 69.7147 214.1782 4.93318
      vertex 69.7147 215.0 11.175
      vertex 69.7147 215.0 4.825
    endloop
  endfacet
  facet normal -1.0 0.0 0.0
    outer loop
      vertex 69.7147 214.1782 4.93318
      vertex 69.7147 214.1782 11.0668
      vertex 69.7147 215.0 11.175
    endloop
  endfacet
  facet normal -1.0 0.0 0.0
    outer loop
      vertex 69.7147 213.4125 5.25037
      vertex 69.7147 214.1782 11.0668
      vertex 69.7147 214.1782 4.93318
    endloop
  endfacet
  facet normal -1.0 0.0 0.0
    outer loop
      vertex 69.7147 213.4125 5.25037
      vertex 69.7147 213.4125 10.7496
      vertex 69.7147 214.1782 11.0668
    endloop
  endfacet
  facet normal -1.0 0.0 0.0
    outer loop
      vertex 69.7147 212.7549 5.75494
      vertex 69.7147 213.4125 10.7496
      vertex 69.7147 213.4125 5.25037
    endloop
  endfacet
  facet normal -1.0 0.0 0.0
    outer loop
      vertex 69.7147 212.7549 5.75494
      vertex 69.7147 212.7549 10.2451
      vertex 69.7147 213.4125 10.7496
    endloop
  endfacet
  facet normal -1.0 0.0 0.0
    outer loop
      vertex 69.7147 212.2504 6.4125
      vertex 69.7147 212.7549 10.2451
      vertex 69.7147 212.7549 5.75494
    endloop
  endfacet
  facet normal -1.0 0.0 0.0
    outer loop
      vertex 69.7147 212.2504 6.4125
      vertex 69.7147 212.2504 9.5875
      vertex 69.7147 212.7549 10.2451
    endloop
  endfacet
  facet normal -1.0 0.0 0.0
    outer loop
      vertex 69.7147 211.9332 7.17825
      vertex 69.7147 212.2504 9.5875
      vertex 69.7147 212.2504 6.4125
    endloop
  endfacet
  facet normal -1.0 0.0 0.0
    outer loop
      vertex 69.7147 211.9332 7.17825
      vertex 69.7147 211.9332 8.82175
      vertex 69.7147 212.2504 9.5875
    endloop
  endfacet
  facet normal -1.0 0.0 -0.0
    outer loop
      vertex 69.7147 211.9332 8.82175
      vertex 69.7147 211.9332 7.17825
      vertex 69.7147 211.825 8.0
    endloop
  endfacet
  facet normal 0.0 0.382721 -0.923864
    outer loop
      vertex 61.6147 213.4125 10.7496
      vertex 69.7147 214.1782 11.0668
      vertex 69.7147 213.4125 10.7496
    endloop
  endfacet
  facet normal 0.0 0.382721 -0.923864
    outer loop
      vertex 69.7147 214.1782 11.0668
      vertex 61.6147 213.4125 10.7496
      vertex 61.6147 214.1782 11.0668
    endloop
  endfacet
  facet normal 0.0 -0.608743 0.793367
    outer loop
      vertex 61.6147 217.2451 5.75494
      vertex 69.7147 216.5875 5.25037
      vertex 69.7147 217.2451 5.75494
    endloop
  endfacet
  facet normal 0.0 -0.608743 0.793367
    outer loop
      vertex 69.7147 216.5875 5.25037
      vertex 61.6147 217.2451 5.75494
      vertex 61.6147 216.5875 5.25037
    endloop
  endfacet
  facet normal -0.0 0.608743 0.793367
    outer loop
      vertex 61.6147 213.4125 5.25037
      vertex 69.7147 212.7549 5.75494
      vertex 69.7147 213.4125 5.25037
    endloop
  endfacet
  facet normal 0.0 0.608743 0.793367
    outer loop
      vertex 69.7147 212.7549 5.75494
      vertex 61.6147 213.4125 5.25037
      vertex 61.6147 212.7549 5.75494
    endloop
  endfacet
  facet normal 0.0 0.991443 0.130543
    outer loop
      vertex 69.7147 211.9332 7.17825
      vertex 61.6147 211.825 8.0
      vertex 69.7147 211.825 8.0
    endloop
  endfacet
  facet normal 0.0 0.991443 0.130543
    outer loop
      vertex 61.6147 211.825 8.0
      vertex 69.7147 211.9332 7.17825
      vertex 61.6147 211.9332 7.17825
    endloop
  endfacet
  facet normal 0.0 0.79339 0.608713
    outer loop
      vertex 69.7147 212.7549 5.75494
      vertex 61.6147 212.2504 6.4125
      vertex 69.7147 212.2504 6.4125
    endloop
  endfacet
  facet normal 0.0 0.79339 0.608713
    outer loop
      vertex 61.6147 212.2504 6.4125
      vertex 69.7147 212.7549 5.75494
      vertex 61.6147 212.7549 5.75494
    endloop
  endfacet
endsolid rail_ramp_seg2_12
solid rail_ramp_seg2_13
  facet normal -1.0 0.0 0.0
    outer loop
      vertex 178.3327 236.0 0.0
      vertex 178.3327 230.0 59.3333
      vertex 178.3327 236.0 71.3333
    endloop
  endfacet
  facet normal -1.0 0.0 0.0
    outer loop
      vertex 178.3327 218.0668 8.82175
      vertex 178.3327 236.0 0.0
      vertex 178.3327 218.175 8.0
    endloop
  endfacet
  facet normal -1.0 0.0 0.0
    outer loop
      vertex 178.3327 236.0 0.0
      vertex 178.3327 218.0668 7.17825
      vertex 178.3327 218.175 8.0
    endloop
  endfacet
  facet normal -1.0 0.0 0.0
    outer loop
      vertex 178.3327 236.0 0.0
      vertex 178.3327 217.7496 6.4125
      vertex 178.3327 218.0668 7.17825
    endloop
  endfacet
  facet normal -1.0 0.0 0.0
    outer loop
      vertex 178.3327 236.0 0.0
      vertex 178.3327 217.2451 5.75494
      vertex 178.3327 217.7496 6.4125
    endloop
  endfacet
  facet normal -1.0 0.0 0.0
    outer loop
      vertex 178.3327 236.0 0.0
      vertex 178.3327 216.5875 5.25037
      vertex 178.3327 217.2451 5.75494
    endloop
  endfacet
  facet normal -1.0 0.0 0.0
    outer loop
      vertex 178.3327 236.0 0.0
      vertex 178.3327 215.8218 4.93318
      vertex 178.3327 216.5875 5.25037
    endloop
  endfacet
  facet normal -1.0 0.0 0.0
    outer loop
      vertex 178.3327 236.0 0.0
      vertex 178.3327 215.0 4.825
      vertex 178.3327 215.8218 4.93318
    endloop
  endfacet
  facet normal -1.0 0.0 0.0
    outer loop
      vertex 178.3327 236.0 0.0
      vertex 178.3327 214.1782 4.93318
      vertex 178.3327 215.0 4.825
    endloop
  endfacet
  facet normal -1.0 0.0 0.0
    outer loop
      vertex 178.3327 211.9332 7.17825
      vertex 178.3327 188.175 8.0
      vertex 178.3327 211.825 8.0
    endloop
  endfacet
  facet normal -1.0 0.0 0.0
    outer loop
      vertex 178.3327 188.0668 7.17825
      vertex 178.3327 211.9332 7.17825
      vertex 178.3327 212.2504 6.4125
    endloop
  endfacet
  facet normal -1.0 0.0 0.0
    outer loop
      vertex 178.3327 187.7496 6.4125
      vertex 178.3327 212.2504 6.4125
      vertex 178.3327 212.7549 5.75494
    endloop
  endfacet
  facet normal -1.0 0.0 0.0
    outer loop
      vertex 178.3327 187.2451 5.75494
      vertex 178.3327 212.7549 5.75494
      vertex 178.3327 213.4125 5.25037
    endloop
  endfacet
  facet normal -1.0 0.0 0.0
    outer loop
      vertex 178.3327 186.5875 5.25037
      vertex 178.3327 213.4125 5.25037
      vertex 178.3327 214.1782 4.93318
    endloop
  endfacet
  facet normal -1.0 0.0 0.0
    outer loop
      vertex 178.3327 185.8217 4.93318
      vertex 178.3327 214.1782 4.93318
      vertex 178.3327 236.0 0.0
    endloop
  endfacet
  facet normal -1.0 0.0 0.0
    outer loop
      vertex 178.3327 211.9332 7.17825
      vertex 178.3327 188.0668 7.17825
      vertex 178.3327 188.175 8.0
    endloop
  endfacet
  facet normal -1.0 0.0 0.0
    outer loop
      vertex 178.3327 212.2504 6.4125
      vertex 178.3327 187.7496 6.4125
      vertex 178.3327 188.0668 7.17825
    endloop
  endfacet
  facet normal -1.0 0.0 0.0
    outer loop
      vertex 178.3327 212.7549 5.75494
      vertex 178.3327 187.2451 5.75494
      vertex 178.3327 187.7496 6.4125
    endloop
  endfacet
  facet normal -1.0 0.0 0.0
    outer loop
      vertex 178.3327 213.4125 5.25037
      vertex 178.3327 186.5875 5.25037
      vertex 178.3327 187.2451 5.75494
    endloop
  endfacet
  facet normal -1.0 0.0 0.0
    outer loop
      vertex 178.3327 214.1782 4.93318
      vertex 178.3327 185.8217 4.93318
      vertex 178.3327 186.5875 5.25037
    endloop
  endfacet
  facet normal -1.0 0.0 0.0
    outer loop
      vertex 178.3327 236.0 0.0
      vertex 178.3327 185.0 4.825
      vertex 178.3327 185.8217 4.93318
    endloop
  endfacet
  facet normal -1.0 0.0 0.0
    outer loop
      vertex 178.3327 164.0 0.0
      vertex 178.3327 181.825 8.0
      vertex 178.3327 181.9332 7.17825
    endloop
  endfacet
  facet normal -1.0 0.0 0.0
    outer loop
      vertex 178.3327 164.0 0.0
      vertex 178.3327 185.0 4.825
      vertex 178.3327 236.0 0.0
    endloop
  endfacet
  facet normal -1.0 0.0 0.0
    outer loop
      vertex 178.3327 164.0 0.0
      vertex 178.3327 184.1782 4.93318
      vertex 178.3327 185.0 4.825
    endloop
  endfacet
  facet normal -1.0 0.0 0.0
    outer loop
      vertex 178.3327 164.0 0.0
      vertex 178.3327 183.4125 5.25037
      vertex 178.3327 184.1782 4.93318
    endloop
  endfacet
  facet normal -1.0 0.0 0.0
    outer loop
      vertex 178.3327 164.0 0.0
      vertex 178.3327 182.7549 5.75494
      vertex 178.3327 183.4125 5.25037
    endloop
  endfacet
  facet normal -1.0 0.0 0.0
    outer loop
      vertex 178.3327 164.0 0.0
      vertex 178.3327 182.2504 6.4125
      vertex 178.3327 182.7549 5.75494
    endloop
  endfacet
  facet normal -1.0 0.0 0.0
    outer loop
      vertex 178.3327 164.0 0.0
      vertex 178.3327 181.9332 7.17825
      vertex 178.3327 182.2504 6.4125
    endloop
  endfacet
  facet normal -1.0 -0.0 0.0
    outer loop
      vertex 178.3327 181.825 8.0
      vertex 178.3327 164.0 0.0
      vertex 178.3327 170.0 59.3333
    endloop
  endfacet
  facet normal -1.0 0.0 0.0
    outer loop
      vertex 178.3327 164.0 71.3333
      vertex 178.3327 170.0 59.3333
      vertex 178.3327 164.0 0.0
    endloop
  endfacet
  facet normal -1.0 0.0 0.0
    outer loop
      vertex 178.3327 170.0 59.3333
      vertex 178.3327 164.0 71.3333
      vertex 178.3327 170.0 71.3333
    endloop
  endfacet
  facet normal -1.0 -0.0 0.0
    outer loop
      vertex 178.3327 236.0 71.3333
      vertex 178.3327 230.0 59.3333
      vertex 178.3327 230.0 71.3333
    endloop
  endfacet
  facet normal -1.0 0.0 0.0
    outer loop
      vertex 178.3327 217.7496 9.5875
      vertex 178.3327 236.0 0.0
      vertex 178.3327 218.0668 8.82175
    endloop
  endfacet
  facet normal -1.0 0.0 0.0
    outer loop
      vertex 178.3327 217.2451 10.2451
      vertex 178.3327 236.0 0.0
      vertex 178.3327 217.7496 9.5875
    endloop
  endfacet
  facet normal -1.0 0.0 0.0
    outer loop
      vertex 178.3327 236.0 0.0
      vertex 178.3327 217.2451 10.2451
      vertex 178.3327 230.0 59.3333
    endloop
  endfacet
  facet normal -1.0 0.0 0.0
    outer loop
      vertex 178.3327 216.5875 10.7496
      vertex 178.3327 230.0 59.3333
      vertex 178.3327 217.2451 10.2451
    endloop
  endfacet
  facet normal -1.0 0.0 0.0
    outer loop
      vertex 178.3327 215.8218 11.0668
      vertex 178.3327 230.0 59.3333
      vertex 178.3327 216.5875 10.7496
    endloop
  endfacet
  facet normal -1.0 0.0 0.0
    outer loop
      vertex 178.3327 215.0 11.175
      vertex 178.3327 230.0 59.3333
      vertex 178.3327 215.8218 11.0668
    endloop
  endfacet
  facet normal -1.0 0.0 0.0
    outer loop
      vertex 178.3327 214.1782 11.0668
      vertex 178.3327 230.0 59.3333
      vertex 178.3327 215.0 11.175
    endloop
  endfacet
  facet normal -1.0 0.0 0.0
    outer loop
      vertex 178.3327 213.4125 10.7496
      vertex 178.3327 230.0 59.3333
      vertex 178.3327 214.1782 11.0668
    endloop
  endfacet
  facet normal -1.0 0.0 0.0
    outer loop
      vertex 178.3327 186.5875 10.7496
      vertex 178.3327 213.4125 10.7496
      vertex 178.3327 212.7549 10.2451
    endloop
  endfacet
  facet normal -1.0 0.0 0.0
    outer loop
      vertex 178.3327 187.2451 10.2451
      vertex 178.3327 212.7549 10.2451
      vertex 178.3327 212.2504 9.5875
    endloop
  endfacet
  facet normal -1.0 0.0 0.0
    outer loop
      vertex 178.3327 187.7496 9.5875
      vertex 178.3327 212.2504 9.5875
      vertex 178.3327 211.9332 8.82175
    endloop
  endfacet
  facet normal -1.0 0.0 0.0
    outer loop
      vertex 178.3327 188.175 8.0
      vertex 178.3327 211.9332 8.82175
      vertex 178.3327 211.825 8.0
    endloop
  endfacet
  facet normal -1.0 0.0 0.0
    outer loop
      vertex 178.3327 188.0668 8.82175
      vertex 178.3327 211.9332 8.82175
      vertex 178.3327 188.175 8.0
    endloop
  endfacet
  facet normal -1.0 0.0 0.0
    outer loop
      vertex 178.3327 187.7496 9.5875
      vertex 178.3327 211.9332 8.82175
      vertex 178.3327 188.0668 8.82175
    endloop
  endfacet
  facet normal -1.0 0.0 0.0
    outer loop
      vertex 178.3327 212.2504 9.5875
      vertex 178.3327 187.7496 9.5875
      vertex 178.3327 187.2451 10.2451
    endloop
  endfacet
  facet normal -1.0 0.0 0.0
    outer loop
      vertex 178.3327 212.7549 10.2451
      vertex 178.3327 187.2451 10.2451
      vertex 178.3327 186.5875 10.7496
    endloop
  endfacet
  facet normal -1.0 0.0 0.0
    outer loop
      vertex 178.3327 213.4125 10.7496
      vertex 178.3327 186.5875 10.7496
      vertex 178.3327 230.0 59.3333
    endloop
  endfacet
  facet normal -1.0 0.0 0.0
    outer loop
      vertex 178.3327 170.0 59.3333
      vertex 178.3327 186.5875 10.7496
      vertex 178.3327 185.8217 11.0668
    endloop
  endfacet
  facet normal -1.0 0.0 0.0
    outer loop
      vertex 178.3327 170.0 59.3333
      vertex 178.3327 185.8217 11.0668
      vertex 178.3327 185.0 11.175
    endloop
  endfacet
  facet normal -1.0 0.0 0.0
    outer loop
      vertex 178.3327 170.0 59.3333
      vertex 178.3327 185.0 11.175
      vertex 178.3327 184.1782 11.0668
    endloop
  endfacet
  facet normal -1.0 0.0 0.0
    outer loop
      vertex 178.3327 170.0 59.3333
      vertex 178.3327 184.1782 11.0668
      vertex 178.3327 183.4125 10.7496
    endloop
  endfacet
  facet normal -1.0 0.0 0.0
    outer loop
      vertex 178.3327 170.0 59.3333
      vertex 178.3327 183.4125 10.7496
      vertex 178.3327 182.7549 10.2451
    endloop
  endfacet
  facet normal -1.0 0.0 0.0
    outer loop
      vertex 178.3327 186.5875 10.7496
      vertex 178.3327 170.0 59.3333
      vertex 178.3327 230.0 59.3333
    endloop
  endfacet
  facet normal -1.0 0.0 0.0
    outer loop
      vertex 178.3327 182.2504 9.5875
      vertex 178.3327 170.0 59.3333
      vertex 178.3327 182.7549 10.2451
    endloop
  endfacet
  facet normal -1.0 0.0 0.0
    outer loop
      vertex 178.3327 181.9332 8.82175
      vertex 178.3327 170.0 59.3333
      vertex 178.3327 182.2504 9.5875
    endloop
  endfacet
  facet normal -1.0 0.0 0.0
    outer loop
      vertex 178.3327 170.0 59.3333
      vertex 178.3327 181.9332 8.82175
      vertex 178.3327 181.825 8.0
    endloop
  endfacet
  facet normal 1.0 0.0 0.0
    outer loop
      vertex 289.0507 170.0 101.0
      vertex 289.0507 164.0 101.0
      vertex 289.0507 170.0 89.0
    endloop
  endfacet
  facet normal 1.0 0.0 0.0
    outer loop
      vertex 289.0507 230.0 89.0
      vertex 289.0507 236.0 101.0
      vertex 289.0507 230.0 101.0
    endloop
  endfacet
  facet normal 1.0 0.0 0.0
    outer loop
      vertex 289.0507 236.0 101.0
      vertex 289.0507 230.0 89.0
      vertex 289.0507 236.0 0.0
    endloop
  endfacet
  facet normal 1.0 -0.0 0.0
    outer loop
      vertex 289.0507 170.0 89.0
      vertex 289.0507 236.0 0.0
      vertex 289.0507 230.0 89.0
    endloop
  endfacet
  facet normal 1.0 0.0 0.0
    outer loop
      vertex 289.0507 170.0 89.0
      vertex 289.0507 164.0 0.0
      vertex 289.0507 236.0 0.0
    endloop
  endfacet
  facet normal 1.0 0.0 0.0
    outer loop
      vertex 289.0507 164.0 0.0
      vertex 289.0507 170.0 89.0
      vertex 289.0507 164.0 101.0
    endloop
  endfacet
  facet normal 0.0 0.0 -1.0
    outer loop
      vertex 178.3327 164.0 0.0
      vertex 289.0507 236.0 0.0
      vertex 289.0507 164.0 0.0
    endloop
  endfacet
  facet normal -0.0 0.0 -1.0
    outer loop
      vertex 289.0507 236.0 0.0
      vertex 178.3327 164.0 0.0
      vertex 178.3327 236.0 0.0
    endloop
  endfacet
  facet normal -0.258818 0.0 0.965926
    outer loop
      vertex 178.3327 170.0 71.3333
      vertex 289.0507 164.0 101.0
      vertex 289.0507 170.0 101.0
    endloop
  endfacet
  facet normal -0.258818 0.0 0.965926
    outer loop
      vertex 289.0507 164.0 101.0
      vertex 178.3327 170.0 71.3333
      vertex 178.3327 164.0 71.3333
    endloop
  endfacet
  facet normal 0.0 1.0 -0.0
    outer loop
      vertex 289.0507 170.0 89.0
      vertex 178.3327 170.0 71.3333
      vertex 289.0507 170.0 101.0
    endloop
  endfacet
  facet normal -0.0 1.0 0.0
    outer loop
      vertex 178.3327 170.0 71.3333
      vertex 289.0507 170.0 89.0
      vertex 178.3327 170.0 59.3333
    endloop
  endfacet
  facet normal 0.0 -1.0 0.0
    outer loop
      vertex 289.0507 164.0 0.0
      vertex 178.3327 164.0 71.3333
      vertex 178.3327 164.0 0.0
    endloop
  endfacet
  facet normal 0.0 -1.0 0.0
    outer loop
      vertex 178.3327 164.0 71.3333
      vertex 289.0507 164.0 0.0
      vertex 289.0507 164.0 101.0
    endloop
  endfacet
  facet normal -0.258818 0.0 0.965926
    outer loop
      vertex 178.3327 236.0 71.3333
      vertex 289.0507 230.0 101.0
      vertex 289.0507 236.0 101.0
    endloop
  endfacet
  facet normal -0.258818 0.0 0.965926
    outer loop
      vertex 289.0507 230.0 101.0
      vertex 178.3327 236.0 71.3333
      vertex 178.3327 230.0 71.3333
    endloop
  endfacet
  facet normal 0.0 1.0 -0.0
    outer loop
      vertex 289.0507 236.0 0.0
      vertex 178.3327 236.0 71.3333
      vertex 289.0507 236.0 101.0
    endloop
  endfacet
  facet normal 0.0 1.0 0.0
    outer loop
      vertex 178.3327 236.0 71.3333
      vertex 289.0507 236.0 0.0
      vertex 178.3327 236.0 0.0
    endloop
  endfacet
  facet normal 0.0 -1.0 0.0
    outer loop
      vertex 178.3327 230.0 71.3333
      vertex 289.0507 230.0 89.0
      vertex 289.0507 230.0 101.0
    endloop
  endfacet
  facet normal 0.0 -1.0 0.0
    outer loop
      vertex 289.0507 230.0 89.0
      vertex 178.3327 230.0 71.3333
      vertex 178.3327 230.0 59.3333
    endloop
  endfacet
  facet normal -0.258818 0.0 0.965926
    outer loop
      vertex 178.3327 230.0 59.3333
      vertex 289.0507 170.0 89.0
      vertex 289.0507 230.0 89.0
    endloop
  endfacet
  facet normal -0.258818 0.0 0.965926
    outer loop
      vertex 289.0507 170.0 89.0
      vertex 178.3327 230.0 59.3333
      vertex 178.3327 170.0 59.3333
    endloop
  endfacet
  facet normal 0.0 -0.130528 0.991445
    outer loop
      vertex 178.3327 185.8217 4.93318
      vertex 186.43269999999998 185.0 4.825
      vertex 186.43269999999998 185.8217 4.93318
    endloop
  endfacet
  facet normal 0.0 -0.130528 0.991445
    outer loop
      vertex 186.43269999999998 185.0 4.825
      vertex 178.3327 185.8217 4.93318
      vertex 178.3327 185.0 4.825
    endloop
  endfacet
  facet normal 0.0 0.130536 -0.991444
    outer loop
      vertex 178.3327 184.1782 11.0668
      vertex 186.43269999999998 185.0 11.175
      vertex 186.43269999999998 184.1782 11.0668
    endloop
  endfacet
  facet normal 0.0 0.130536 -0.991444
    outer loop
      vertex 186.43269999999998 185.0 11.175
      vertex 178.3327 184.1782 11.0668
      vertex 178.3327 185.0 11.175
    endloop
  endfacet
  facet normal 0.0 -0.991443 -0.130543
    outer loop
      vertex 178.3327 188.175 8.0
      vertex 186.43269999999998 188.0668 8.82175
      vertex 178.3327 188.0668 8.82175
    endloop
  endfacet
  facet normal 0.0 -0.991443 -0.130543
    outer loop
      vertex 186.43269999999998 188.0668 8.82175
      vertex 178.3327 188.175 8.0
      vertex 186.43269999999998 188.175 8.0
    endloop
  endfacet
  facet normal 0.0 0.793408 -0.60869
    outer loop
      vertex 186.43269999999998 182.2504 9.5875
      vertex 178.3327 182.7549 10.2451
      vertex 186.43269999999998 182.7549 10.2451
    endloop
  endfacet
  facet normal 0.0 0.793408 -0.60869
    outer loop
      vertex 178.3327 182.7549 10.2451
      vertex 186.43269999999998 182.2504 9.5875
      vertex 178.3327 182.2504 9.5875
    endloop
  endfacet
  facet normal 0.0 -0.923873 0.3827
    outer loop
      vertex 178.3327 187.7496 6.4125
      vertex 186.43269999999998 188.0668 7.17825
      vertex 178.3327 188.0668 7.17825
    endloop
  endfacet
  facet normal 0.0 -0.923873 0.3827
    outer loop
      vertex 186.43269999999998 188.0668 7.17825
      vertex 178.3327 187.7496 6.4125
      vertex 186.43269999999998 187.7496 6.4125
    endloop
  endfacet
  facet normal 0.0 -0.60869 -0.793408
    outer loop
      vertex 178.3327 186.5875 10.7496
      vertex 186.43269999999998 187.2451 10.2451
      vertex 186.43269999999998 186.5875 10.7496
    endloop
  endfacet
  facet normal -0.0 -0.60869 -0.793408
    outer loop
      vertex 186.43269999999998 187.2451 10.2451
      vertex 178.3327 186.5875 10.7496
      vertex 178.3327 187.2451 10.2451
    endloop
  endfacet
  facet normal 0.0 -0.382679 -0.923882
    outer loop
      vertex 178.3327 185.8217 11.0668
      vertex 186.43269999999998 186.5875 10.7496
      vertex 186.43269999999998 185.8217 11.0668
    endloop
  endfacet
  facet normal -0.0 -0.382679 -0.923882
    outer loop
      vertex 186.43269999999998 186.5875 10.7496
      vertex 178.3327 185.8217 11.0668
      vertex 178.3327 186.5875 10.7496
    endloop
  endfacet
  facet normal 0.0 -0.793408 -0.60869
    outer loop
      vertex 178.3327 187.7496 9.5875
      vertex 186.43269999999998 187.2451 10.2451
      vertex 178.3327 187.2451 10.2451
    endloop
  endfacet
  facet normal 0.0 -0.793408 -0.60869
    outer loop
      vertex 186.43269999999998 187.2451 10.2451
      vertex 178.3327 187.7496 9.5875
      vertex 186.43269999999998 187.7496 9.5875
    endloop
  endfacet
  facet normal -0.0 0.382711 0.923868
    outer loop
      vertex 178.3327 184.1782 4.93318
      vertex 186.43269999999998 183.4125 5.25037
      vertex 186.43269999999998 184.1782 4.93318
    endloop
  endfacet
  facet normal 0.0 0.382711 0.923868
    outer loop
      vertex 186.43269999999998 183.4125 5.25037
      vertex 178.3327 184.1782 4.93318
      vertex 178.3327 183.4125 5.25037
    endloop
  endfacet
  facet normal 0.0 0.923873 -0.3827
    outer loop
      vertex 186.43269999999998 181.9332 8.82175
      vertex 178.3327 182.2504 9.5875
      vertex 186.43269999999998 182.2504 9.5875
    endloop
  endfacet
  facet normal 0.0 0.923873 -0.3827
    outer loop
      vertex 178.3327 182.2504 9.5875
      vertex 186.43269999999998 181.9332 8.82175
      vertex 178.3327 181.9332 8.82175
    endloop
  endfacet
  facet normal 0.0 0.60869 -0.793408
    outer loop
      vertex 178.3327 182.7549 10.2451
      vertex 186.43269999999998 183.4125 10.7496
      vertex 186.43269999999998 182.7549 10.2451
    endloop
  endfacet
  facet normal 0.0 0.60869 -0.793408
    outer loop
      vertex 186.43269999999998 183.4125 10.7496
      vertex 178.3327 182.7549 10.2451
      vertex 178.3327 183.4125 10.7496
    endloop
  endfacet
  facet normal 0.0 -0.382668 0.923886
    outer loop
      vertex 178.3327 186.5875 5.25037
      vertex 186.43269999999998 185.8217 4.93318
      vertex 186.43269999999998 186.5875 5.25037
    endloop
  endfacet
  facet normal 0.0 -0.382668 0.923886
    outer loop
      vertex 186.43269999999998 185.8217 4.93318
      vertex 178.3327 186.5875 5.25037
      vertex 178.3327 185.8217 4.93318
    endloop
  endfacet
  facet normal 0.0 -0.79339 0.608713
    outer loop
      vertex 178.3327 187.2451 5.75494
      vertex 186.43269999999998 187.7496 6.4125
      vertex 178.3327 187.7496 6.4125
    endloop
  endfacet
  facet normal 0.0 -0.79339 0.608713
    outer loop
      vertex 186.43269999999998 187.7496 6.4125
      vertex 178.3327 187.2451 5.75494
      vertex 186.43269999999998 187.2451 5.75494
    endloop
  endfacet
  facet normal 0.0 -0.991443 0.130543
    outer loop
      vertex 178.3327 188.0668 7.17825
      vertex 186.43269999999998 188.175 8.0
      vertex 178.3327 188.175 8.0
    endloop
  endfacet
  facet normal 0.0 -0.991443 0.130543
    outer loop
      vertex 186.43269999999998 188.175 8.0
      vertex 178.3327 188.0668 7.17825
      vertex 186.43269999999998 188.0668 7.17825
    endloop
  endfacet
  facet normal 0.0 -0.130551 -0.991442
    outer loop
      vertex 178.3327 185.0 11.175
      vertex 186.43269999999998 185.8217 11.0668
      vertex 186.43269999999998 185.0 11.175
    endloop
  endfacet
  facet normal -0.0 -0.130551 -0.991442
    outer loop
      vertex 186.43269999999998 185.8217 11.0668
      vertex 178.3327 185.0 11.175
      vertex 178.3327 185.8217 11.0668
    endloop
  endfacet
  facet normal 0.0 -0.923873 -0.3827
    outer loop
      vertex 178.3327 188.0668 8.82175
      vertex 186.43269999999998 187.7496 9.5875
      vertex 178.3327 187.7496 9.5875
    endloop
  endfacet
  facet normal 0.0 -0.923873 -0.3827
    outer loop
      vertex 186.43269999999998 187.7496 9.5875
      vertex 178.3327 188.0668 8.82175
      vertex 186.43269999999998 188.0668 8.82175
    endloop
  endfacet
  facet normal -0.0 0.130512 0.991447
    outer loop
      vertex 178.3327 185.0 4.825
      vertex 186.43269999999998 184.1782 4.93318
      vertex 186.43269999999998 185.0 4.825
    endloop
  endfacet
  facet normal 0.0 0.130512 0.991447
    outer loop
      vertex 186.43269999999998 184.1782 4.93318
      vertex 178.3327 185.0 4.825
      vertex 178.3327 184.1782 4.93318
    endloop
  endfacet
  facet normal 0.0 0.923873 0.3827
    outer loop
      vertex 186.43269999999998 182.2504 6.4125
      vertex 178.3327 181.9332 7.17825
      vertex 186.43269999999998 181.9332 7.17825
    endloop
  endfacet
  facet normal 0.0 0.923873 0.3827
    outer loop
      vertex 178.3327 181.9332 7.17825
      vertex 186.43269999999998 182.2504 6.4125
      vertex 178.3327 182.2504 6.4125
    endloop
  endfacet
  facet normal 0.0 0.991443 -0.130543
    outer loop
      vertex 186.43269999999998 181.825 8.0
      vertex 178.3327 181.9332 8.82175
      vertex 186.43269999999998 181.9332 8.82175
    endloop
  endfacet
  facet normal 0.0 0.991443 -0.130543
    outer loop
      vertex 178.3327 181.9332 8.82175
      vertex 186.43269999999998 181.825 8.0
      vertex 178.3327 181.825 8.0
    endloop
  endfacet
  facet normal -1.0 0.0 0.0
    outer loop
      vertex 186.43269999999998 188.0668 7.17825
      vertex 186.43269999999998 188.0668 8.82175
      vertex 186.43269999999998 188.175 8.0
    endloop
  endfacet
  facet normal -1.0 0.0 0.0
    outer loop
      vertex 186.43269999999998 187.7496 6.4125
      vertex 186.43269999999998 188.0668 8.82175
      vertex 186.43269999999998 188.0668 7.17825
    endloop
  endfacet
  facet normal -1.0 0.0 0.0
    outer loop
      vertex 186.43269999999998 187.7496 6.4125
      vertex 186.43269999999998 187.7496 9.5875
      vertex 186.43269999999998 188.0668 8.82175
    endloop
  endfacet
  facet normal -1.0 0.0 0.0
    outer loop
      vertex 186.43269999999998 187.2451 5.75494
      vertex 186.43269999999998 187.7496 9.5875
      vertex 186.43269999999998 187.7496 6.4125
    endloop
  endfacet
  facet normal -1.0 0.0 0.0
    outer loop
      vertex 186.43269999999998 187.2451 5.75494
      vertex 186.43269999999998 187.2451 10.2451
      vertex 186.43269999999998 187.7496 9.5875
    endloop
  endfacet
  facet normal -1.0 0.0 0.0
    outer loop
      vertex 186.43269999999998 186.5875 5.25037
      vertex 186.43269999999998 187.2451 10.2451
      vertex 186.43269999999998 187.2451 5.75494
    endloop
  endfacet
  facet normal -1.0 0.0 0.0
    outer loop
      vertex 186.43269999999998 186.5875 5.25037
      vertex 186.43269999999998 186.5875 10.7496
      vertex 186.43269999999998 187.2451 10.2451
    endloop
  endfacet
  facet normal -1.0 0.0 0.0
    outer loop
      vertex 186.43269999999998 185.8217 4.93318
      vertex 186.43269999999998 186.5875 10.7496
      vertex 186.43269999999998 186.5875 5.25037
    endloop
  endfacet
  facet normal -1.0 0.0 0.0
    outer loop
      vertex 186.43269999999998 185.8217 4.93318
      vertex 186.43269999999998 185.8217 11.0668
      vertex 186.43269999999998 186.5875 10.7496
    endloop
  endfacet
  facet normal -1.0 0.0 0.0
    outer loop
      vertex 186.43269999999998 185.0 4.825
      vertex 186.43269999999998 185.8217 11.0668
      vertex 186.43269999999998 185.8217 4.93318
    endloop
  endfacet
  facet normal -1.0 0.0 0.0
    outer loop
      vertex 186.43269999999998 185.0 4.825
      vertex 186.43269999999998 185.0 11.175
      vertex 186.43269999999998 185.8217 11.0668
    endloop
  endfacet
  facet normal -1.0 0.0 0.0
    outer loop
      vertex 186.43269999999998 184.1782 4.93318
      vertex 186.43269999999998 185.0 11.175
      vertex 186.43269999999998 185.0 4.825
    endloop
  endfacet
  facet normal -1.0 0.0 0.0
    outer loop
      vertex 186.43269999999998 184.1782 4.93318
      vertex 186.43269999999998 184.1782 11.0668
      vertex 186.43269999999998 185.0 11.175
    endloop
  endfacet
  facet normal -1.0 0.0 0.0
    outer loop
      vertex 186.43269999999998 183.4125 5.25037
      vertex 186.43269999999998 184.1782 11.0668
      vertex 186.43269999999998 184.1782 4.93318
    endloop
  endfacet
  facet normal -1.0 0.0 0.0
    outer loop
      vertex 186.43269999999998 183.4125 5.25037
      vertex 186.43269999999998 183.4125 10.7496
      vertex 186.43269999999998 184.1782 11.0668
    endloop
  endfacet
  facet normal -1.0 0.0 0.0
    outer loop
      vertex 186.43269999999998 182.7549 5.75494
      vertex 186.43269999999998 183.4125 10.7496
      vertex 186.43269999999998 183.4125 5.25037
    endloop
  endfacet
  facet normal -1.0 0.0 0.0
    outer loop
      vertex 186.43269999999998 182.7549 5.75494
      vertex 186.43269999999998 182.7549 10.2451
      vertex 186.43269999999998 183.4125 10.7496
    endloop
  endfacet
  facet normal -1.0 0.0 0.0
    outer loop
      vertex 186.43269999999998 182.2504 6.4125
      vertex 186.43269999999998 182.7549 10.2451
      vertex 186.43269999999998 182.7549 5.75494
    endloop
  endfacet
  facet normal -1.0 0.0 0.0
    outer loop
      vertex 186.43269999999998 182.2504 6.4125
      vertex 186.43269999999998 182.2504 9.5875
      vertex 186.43269999999998 182.7549 10.2451
    endloop
  endfacet
  facet normal -1.0 0.0 0.0
    outer loop
      vertex 186.43269999999998 181.9332 7.17825
      vertex 186.43269999999998 182.2504 9.5875
      vertex 186.43269999999998 182.2504 6.4125
    endloop
  endfacet
  facet normal -1.0 0.0 0.0
    outer loop
      vertex 186.43269999999998 181.9332 7.17825
      vertex 186.43269999999998 181.9332 8.82175
      vertex 186.43269999999998 182.2504 9.5875
    endloop
  endfacet
  facet normal -1.0 0.0 -0.0
    outer loop
      vertex 186.43269999999998 181.9332 8.82175
      vertex 186.43269999999998 181.9332 7.17825
      vertex 186.43269999999998 181.825 8.0
    endloop
  endfacet
  facet normal 0.0 0.382721 -0.923864
    outer loop
      vertex 178.3327 183.4125 10.7496
      vertex 186.43269999999998 184.1782 11.0668
      vertex 186.43269999999998 183.4125 10.7496
    endloop
  endfacet
  facet normal 0.0 0.382721 -0.923864
    outer loop
      vertex 186.43269999999998 184.1782 11.0668
      vertex 178.3327 183.4125 10.7496
      vertex 178.3327 184.1782 11.0668
    endloop
  endfacet
  facet normal 0.0 -0.608743 0.793367
    outer loop
      vertex 178.3327 187.2451 5.75494
      vertex 186.43269999999998 186.5875 5.25037
      vertex 186.43269999999998 187.2451 5.75494
    endloop
  endfacet
  facet normal 0.0 -0.608743 0.793367
    outer loop
      vertex 186.43269999999998 186.5875 5.25037
      vertex 178.3327 187.2451 5.75494
      vertex 178.3327 186.5875 5.25037
    endloop
  endfacet
  facet normal -0.0 0.608743 0.793367
    outer loop
      vertex 178.3327 183.4125 5.25037
      vertex 186.43269999999998 182.7549 5.75494
      vertex 186.43269999999998 183.4125 5.25037
    endloop
  endfacet
  facet normal 0.0 0.608743 0.793367
    outer loop
      vertex 186.43269999999998 182.7549 5.75494
      vertex 178.3327 183.4125 5.25037
      vertex 178.3327 182.7549 5.75494
    endloop
  endfacet
  facet normal 0.0 0.991443 0.130543
    outer loop
      vertex 186.43269999999998 181.9332 7.17825
      vertex 178.3327 181.825 8.0
      vertex 186.43269999999998 181.825 8.0
    endloop
  endfacet
  facet normal 0.0 0.991443 0.130543
    outer loop
      vertex 178.3327 181.825 8.0
      vertex 186.43269999999998 181.9332 7.17825
      vertex 178.3327 181.9332 7.17825
    endloop
  endfacet
  facet normal 0.0 0.79339 0.608713
    outer loop
      vertex 186.43269999999998 182.7549 5.75494
      vertex 178.3327 182.2504 6.4125
      vertex 186.43269999999998 182.2504 6.4125
    endloop
  endfacet
  facet normal 0.0 0.79339 0.608713
    outer loop
      vertex 178.3327 182.2504 6.4125
      vertex 186.43269999999998 182.7549 5.75494
      vertex 178.3327 182.7549 5.75494
    endloop
  endfacet
  facet normal 0.0 -0.130512 0.991447
    outer loop
      vertex 178.3327 215.8218 4.93318
      vertex 186.43269999999998 215.0 4.825
      vertex 186.43269999999998 215.8218 4.93318
    endloop
  endfacet
  facet normal 0.0 -0.130512 0.991447
    outer loop
      vertex 186.43269999999998 215.0 4.825
      vertex 178.3327 215.8218 4.93318
      vertex 178.3327 215.0 4.825
    endloop
  endfacet
  facet normal 0.0 0.130536 -0.991444
    outer loop
      vertex 178.3327 214.1782 11.0668
      vertex 186.43269999999998 215.0 11.175
      vertex 186.43269999999998 214.1782 11.0668
    endloop
  endfacet
  facet normal 0.0 0.130536 -0.991444
    outer loop
      vertex 186.43269999999998 215.0 11.175
      vertex 178.3327 214.1782 11.0668
      vertex 178.3327 215.0 11.175
    endloop
  endfacet
  facet normal 0.0 -0.991443 -0.130543
    outer loop
      vertex 178.3327 218.175 8.0
      vertex 186.43269999999998 218.0668 8.82175
      vertex 178.3327 218.0668 8.82175
    endloop
  endfacet
  facet normal 0.0 -0.991443 -0.130543
    outer loop
      vertex 186.43269999999998 218.0668 8.82175
      vertex 178.3327 218.175 8.0
      vertex 186.43269999999998 218.175 8.0
    endloop
  endfacet
  facet normal 0.0 0.793408 -0.60869
    outer loop
      vertex 186.43269999999998 212.2504 9.5875
      vertex 178.3327 212.7549 10.2451
      vertex 186.43269999999998 212.7549 10.2451
    endloop
  endfacet
  facet normal 0.0 0.793408 -0.60869
    outer loop
      vertex 178.3327 212.7549 10.2451
      vertex 186.43269999999998 212.2504 9.5875
      vertex 178.3327 212.2504 9.5875
    endloop
  endfacet
  facet normal 0.0 -0.923873 0.3827
    outer loop
      vertex 178.3327 217.7496 6.4125
      vertex 186.43269999999998 218.0668 7.17825
      vertex 178.3327 218.0668 7.17825
    endloop
  endfacet
  facet normal 0.0 -0.923873 0.3827
    outer loop
      vertex 186.43269999999998 218.0668 7.17825
      vertex 178.3327 217.7496 6.4125
      vertex 186.43269999999998 217.7496 6.4125
    endloop
  endfacet
  facet normal 0.0 -0.60869 -0.793408
    outer loop
      vertex 178.3327 216.5875 10.7496
      vertex 186.43269999999998 217.2451 10.2451
      vertex 186.43269999999998 216.5875 10.7496
    endloop
  endfacet
  facet normal -0.0 -0.60869 -0.793408
    outer loop
      vertex 186.43269999999998 217.2451 10.2451
      vertex 178.3327 216.5875 10.7496
      vertex 178.3327 217.2451 10.2451
    endloop
  endfacet
  facet normal 0.0 -0.382721 -0.923864
    outer loop
      vertex 178.3327 215.8218 11.0668
      vertex 186.43269999999998 216.5875 10.7496
      vertex 186.43269999999998 215.8218 11.0668
    endloop
  endfacet
  facet normal -0.0 -0.382721 -0.923864
    outer loop
      vertex 186.43269999999998 216.5875 10.7496
      vertex 178.3327 215.8218 11.0668
      vertex 178.3327 216.5875 10.7496
    endloop
  endfacet
  facet normal 0.0 -0.793408 -0.60869
    outer loop
      vertex 178.3327 217.7496 9.5875
      vertex 186.43269999999998 217.2451 10.2451
      vertex 178.3327 217.2451 10.2451
    endloop
  endfacet
  facet normal 0.0 -0.793408 -0.60869
    outer loop
      vertex 186.43269999999998 217.2451 10.2451
      vertex 178.3327 217.7496 9.5875
      vertex 186.43269999999998 217.7496 9.5875
    endloop
  endfacet
  facet normal -0.0 0.382711 0.923868
    outer loop
      vertex 178.3327 214.1782 4.93318
      vertex 186.43269999999998 213.4125 5.25037
      vertex 186.43269999999998 214.1782 4.93318
    endloop
  endfacet
  facet normal 0.0 0.382711 0.923868
    outer loop
      vertex 186.43269999999998 213.4125 5.25037
      vertex 178.3327 214.1782 4.93318
      vertex 178.3327 213.4125 5.25037
    endloop
  endfacet
  facet normal 0.0 0.923873 -0.3827
    outer loop
      vertex 186.43269999999998 211.9332 8.82175
      vertex 178.3327 212.2504 9.5875
      vertex 186.43269999999998 212.2504 9.5875
    endloop
  endfacet
  facet normal 0.0 0.923873 -0.3827
    outer loop
      vertex 178.3327 212.2504 9.5875
      vertex 186.43269999999998 211.9332 8.82175
      vertex 178.3327 211.9332 8.82175
    endloop
  endfacet
  facet normal 0.0 0.60869 -0.793408
    outer loop
      vertex 178.3327 212.7549 10.2451
      vertex 186.43269999999998 213.4125 10.7496
      vertex 186.43269999999998 212.7549 10.2451
    endloop
  endfacet
  facet normal 0.0 0.60869 -0.793408
    outer loop
      vertex 186.43269999999998 213.4125 10.7496
      vertex 178.3327 212.7549 10.2451
      vertex 178.3327 213.4125 10.7496
    endloop
  endfacet
  facet normal 0.0 -0.382711 0.923868
    outer loop
      vertex 178.3327 216.5875 5.25037
      vertex 186.43269999999998 215.8218 4.93318
      vertex 186.43269999999998 216.5875 5.25037
    endloop
  endfacet
  facet normal 0.0 -0.382711 0.923868
    outer loop
      vertex 186.43269999999998 215.8218 4.93318
      vertex 178.3327 216.5875 5.25037
      vertex 178.3327 215.8218 4.93318
    endloop
  endfacet
  facet normal 0.0 -0.79339 0.608713
    outer loop
      vertex 178.3327 217.2451 5.75494
      vertex 186.43269999999998 217.7496 6.4125
      vertex 178.3327 217.7496 6.4125
    endloop
  endfacet
  facet normal 0.0 -0.79339 0.608713
    outer loop
      vertex 186.43269999999998 217.7496 6.4125
      vertex 178.3327 217.2451 5.75494
      vertex 186.43269999999998 217.2451 5.75494
    endloop
  endfacet
  facet normal 0.0 -0.991443 0.130543
    outer loop
      vertex 178.3327 218.0668 7.17825
      vertex 186.43269999999998 218.175 8.0
      vertex 178.3327 218.175 8.0
    endloop
  endfacet
  facet normal 0.0 -0.991443 0.130543
    outer loop
      vertex 186.43269999999998 218.175 8.0
      vertex 178.3327 218.0668 7.17825
      vertex 186.43269999999998 218.0668 7.17825
    endloop
  endfacet
  facet normal 0.0 -0.130536 -0.991444
    outer loop
      vertex 178.3327 215.0 11.175
      vertex 186.43269999999998 215.8218 11.0668
      vertex 186.43269999999998 215.0 11.175
    endloop
  endfacet
  facet normal -0.0 -0.130536 -0.991444
    outer loop
      vertex 186.43269999999998 215.8218 11.0668
      vertex 178.3327 215.0 11.175
      vertex 178.3327 215.8218 11.0668
    endloop
  endfacet
  facet normal 0.0 -0.923873 -0.3827
    outer loop
      vertex 178.3327 218.0668 8.82175
      vertex 186.43269999999998 217.7496 9.5875
      vertex 178.3327 217.7496 9.5875
    endloop
  endfacet
  facet normal 0.0 -0.923873 -0.3827
    outer loop
      vertex 186.43269999999998 217.7496 9.5875
      vertex 178.3327 218.0668 8.82175
      vertex 186.43269999999998 218.0668 8.82175
    endloop
  endfacet
  facet normal -0.0 0.130512 0.991447
    outer loop
      vertex 178.3327 215.0 4.825
      vertex 186.43269999999998 214.1782 4.93318
      vertex 186.43269999999998 215.0 4.825
    endloop
  endfacet
  facet normal 0.0 0.130512 0.991447
    outer loop
      vertex 186.43269999999998 214.1782 4.93318
      vertex 178.3327 215.0 4.825
      vertex 178.3327 214.1782 4.93318
    endloop
  endfacet
  facet normal 0.0 0.923873 0.3827
    outer loop
      vertex 186.43269999999998 212.2504 6.4125
      vertex 178.3327 211.9332 7.17825
      vertex 186.43269999999998 211.9332 7.17825
    endloop
  endfacet
  facet normal 0.0 0.923873 0.3827
    outer loop
      vertex 178.3327 211.9332 7.17825
      vertex 186.43269999999998 212.2504 6.4125
      vertex 178.3327 212.2504 6.4125
    endloop
  endfacet
  facet normal 0.0 0.991443 -0.130543
    outer loop
      vertex 186.43269999999998 211.825 8.0
      vertex 178.3327 211.9332 8.82175
      vertex 186.43269999999998 211.9332 8.82175
    endloop
  endfacet
  facet normal 0.0 0.991443 -0.130543
    outer loop
      vertex 178.3327 211.9332 8.82175
      vertex 186.43269999999998 211.825 8.0
      vertex 178.3327 211.825 8.0
    endloop
  endfacet
  facet normal -1.0 0.0 0.0
    outer loop
      vertex 186.43269999999998 218.0668 7.17825
      vertex 186.43269999999998 218.0668 8.82175
      vertex 186.43269999999998 218.175 8.0
    endloop
  endfacet
  facet normal -1.0 0.0 0.0
    outer loop
      vertex 186.43269999999998 217.7496 6.4125
      vertex 186.43269999999998 218.0668 8.82175
      vertex 186.43269999999998 218.0668 7.17825
    endloop
  endfacet
  facet normal -1.0 0.0 0.0
    outer loop
      vertex 186.43269999999998 217.7496 6.4125
      vertex 186.43269999999998 217.7496 9.5875
      vertex 186.43269999999998 218.0668 8.82175
    endloop
  endfacet
  facet normal -1.0 0.0 0.0
    outer loop
      vertex 186.43269999999998 217.2451 5.75494
      vertex 186.43269999999998 217.7496 9.5875
      vertex 186.43269999999998 217.7496 6.4125
    endloop
  endfacet
  facet normal -1.0 0.0 0.0
    outer loop
      vertex 186.43269999999998 217.2451 5.75494
      vertex 186.43269999999998 217.2451 10.2451
      vertex 186.43269999999998 217.7496 9.5875
    endloop
  endfacet
  facet normal -1.0 0.0 0.0
    outer loop
      vertex 186.43269999999998 216.5875 5.25037
      vertex 186.43269999999998 217.2451 10.2451
      vertex 186.43269999999998 217.2451 5.75494
    endloop
  endfacet
  facet normal -1.0 0.0 0.0
    outer loop
      vertex 186.43269999999998 216.5875 5.25037
      vertex 186.43269999999998 216.5875 10.7496
      vertex 186.43269999999998 217.2451 10.2451
    endloop
  endfacet
  facet normal -1.0 0.0 0.0
    outer loop
      vertex 186.43269999999998 215.8218 4.93318
      vertex 186.43269999999998 216.5875 10.7496
      vertex 186.43269999999998 216.5875 5.25037
    endloop
  endfacet
  facet normal -1.0 0.0 0.0
    outer loop
      vertex 186.43269999999998 215.8218 4.93318
      vertex 186.43269999999998 215.8218 11.0668
      vertex 186.43269999999998 216.5875 10.7496
    endloop
  endfacet
  facet normal -1.0 0.0 0.0
    outer loop
      vertex 186.43269999999998 215.0 4.825
      vertex 186.43269999999998 215.8218 11.0668
      vertex 186.43269999999998 215.8218 4.93318
    endloop
  endfacet
  facet normal -1.0 0.0 0.0
    outer loop
      vertex 186.43269999999998 215.0 4.825
      vertex 186.43269999999998 215.0 11.175
      vertex 186.43269999999998 215.8218 11.0668
    endloop
  endfacet
  facet normal -1.0 0.0 0.0
    outer loop
      vertex 186.43269999999998 214.1782 4.93318
      vertex 186.43269999999998 215.0 11.175
      vertex 186.43269999999998 215.0 4.825
    endloop
  endfacet
  facet normal -1.0 0.0 0.0
    outer loop
      vertex 186.43269999999998 214.1782 4.93318
      vertex 186.43269999999998 214.1782 11.0668
      vertex 186.43269999999998 215.0 11.175
    endloop
  endfacet
  facet normal -1.0 0.0 0.0
    outer loop
      vertex 186.43269999999998 213.4125 5.25037
      vertex 186.43269999999998 214.1782 11.0668
      vertex 186.43269999999998 214.1782 4.93318
    endloop
  endfacet
  facet normal -1.0 0.0 0.0
    outer loop
      vertex 186.43269999999998 213.4125 5.25037
      vertex 186.43269999999998 213.4125 10.7496
      vertex 186.43269999999998 214.1782 11.0668
    endloop
  endfacet
  facet normal -1.0 0.0 0.0
    outer loop
      vertex 186.43269999999998 212.7549 5.75494
      vertex 186.43269999999998 213.4125 10.7496
      vertex 186.43269999999998 213.4125 5.25037
    endloop
  endfacet
  facet normal -1.0 0.0 0.0
    outer loop
      vertex 186.43269999999998 212.7549 5.75494
      vertex 186.43269999999998 212.7549 10.2451
      vertex 186.43269999999998 213.4125 10.7496
    endloop
  endfacet
  facet normal -1.0 0.0 0.0
    outer loop
      vertex 186.43269999999998 212.2504 6.4125
      vertex 186.43269999999998 212.7549 10.2451
      vertex 186.43269999999998 212.7549 5.75494
    endloop
  endfacet
  facet normal -1.0 0.0 0.0
    outer loop
      vertex 186.43269999999998 212.2504 6.4125
      vertex 186.43269999999998 212.2504 9.5875
      vertex 186.43269999999998 212.7549 10.2451
    endloop
  endfacet
  facet normal -1.0 0.0 0.0
    outer loop
      vertex 186.43269999999998 211.9332 7.17825
      vertex 186.43269999999998 212.2504 9.5875
      vertex 186.43269999999998 212.2504 6.4125
    endloop
  endfacet
  facet normal -1.0 0.0 0.0
    outer loop
      vertex 186.43269999999998 211.9332 7.17825
      vertex 186.43269999999998 211.9332 8.82175
      vertex 186.43269999999998 212.2504 9.5875
    endloop
  endfacet
  facet normal -1.0 0.0 -0.0
    outer loop
      vertex 186.43269999999998 211.9332 8.82175
      vertex 186.43269999999998 211.9332 7.17825
      vertex 186.43269999999998 211.825 8.0
    endloop
  endfacet
  facet normal 0.0 0.382721 -0.923864
    outer loop
      vertex 178.3327 213.4125 10.7496
      vertex 186.43269999999998 214.1782 11.0668
      vertex 186.43269999999998 213.4125 10.7496
    endloop
  endfacet
  facet normal 0.0 0.382721 -0.923864
    outer loop
      vertex 186.43269999999998 214.1782 11.0668
      vertex 178.3327 213.4125 10.7496
      vertex 178.3327 214.1782 11.0668
    endloop
  endfacet
  facet normal 0.0 -0.608743 0.793367
    outer loop
      vertex 178.3327 217.2451 5.75494
      vertex 186.43269999999998 216.5875 5.25037
      vertex 186.43269999999998 217.2451 5.75494
    endloop
  endfacet
  facet normal 0.0 -0.608743 0.793367
    outer loop
      vertex 186.43269999999998 216.5875 5.25037
      vertex 178.3327 217.2451 5.75494
      vertex 178.3327 216.5875 5.25037
    endloop
  endfacet
  facet normal -0.0 0.608743 0.793367
    outer loop
      vertex 178.3327 213.4125 5.25037
      vertex 186.43269999999998 212.7549 5.75494
      vertex 186.43269999999998 213.4125 5.25037
    endloop
  endfacet
  facet normal 0.0 0.608743 0.793367
    outer loop
      vertex 186.43269999999998 212.7549 5.75494
      vertex 178.3327 213.4125 5.25037
      vertex 178.3327 212.7549 5.75494
    endloop
  endfacet
  facet normal 0.0 0.991443 0.130543
    outer loop
      vertex 186.43269999999998 211.9332 7.17825
      vertex 178.3327 211.825 8.0
      vertex 186.43269999999998 211.825 8.0
    endloop
  endfacet
  facet normal 0.0 0.991443 0.130543
    outer loop
      vertex 178.3327 211.825 8.0
      vertex 186.43269999999998 211.9332 7.17825
      vertex 178.3327 211.9332 7.17825
    endloop
  endfacet
  facet normal 0.0 0.79339 0.608713
    outer loop
      vertex 186.43269999999998 212.7549 5.75494
      vertex 178.3327 212.2504 6.4125
      vertex 186.43269999999998 212.2504 6.4125
    endloop
  endfacet
  facet normal 0.0 0.79339 0.608713
    outer loop
      vertex 178.3327 212.2504 6.4125
      vertex 186.43269999999998 212.7549 5.75494
      vertex 178.3327 212.7549 5.75494
    endloop
  endfacet
endsolid rail_ramp_seg2_13
