solid mcu_box_base_0
  facet normal 0.649478 0.76038 -0.0
    outer loop
      vertex 87.4142 67.4142 0.0
      vertex 87.1756 67.618 30.0
      vertex 87.4142 67.4142 30.0
    endloop
  endfacet
  facet normal 0.649478 0.76038 0.0
    outer loop
      vertex 87.1756 67.618 30.0
      vertex 87.4142 67.4142 0.0
      vertex 87.1756 67.618 0.0
    endloop
  endfacet
  facet normal -0.996917 -0.0784575 0.0
    outer loop
      vertex 8.0246229 9.68713 0.0
      vertex 8.0 10.0 30.0
      vertex 8.0 10.0 0.0
    endloop
  endfacet
  facet normal -0.996917 -0.0784575 0.0
    outer loop
      vertex 8.0 10.0 30.0
      vertex 8.0246229 9.68713 0.0
      vertex 8.0246229 9.68713 30.0
    endloop
  endfacet
  facet normal 0.996924 0.0783775 0.0
    outer loop
      vertex 88.0 66.0 30.0
      vertex 87.9754 66.3129 0.0
      vertex 87.9754 66.3129 30.0
    endloop
  endfacet
  facet normal 0.996924 0.0783775 0.0
    outer loop
      vertex 87.9754 66.3129 0.0
      vertex 88.0 66.0 30.0
      vertex 88.0 66.0 0.0
    endloop
  endfacet
  facet normal 1.0 0.0 0.0
    outer loop
      vertex 88.0 66.0 30.0
      vertex 88.0 45.0 13.5
      vertex 88.0 66.0 0.0
    endloop
  endfacet
  facet normal 1.0 0.0 0.0
    outer loop
      vertex 88.0 66.0 30.0
      vertex 88.0 31.0 13.5
      vertex 88.0 45.0 13.5
    endloop
  endfacet
  facet normal 1.0 0.0 0.0
    outer loop
      vertex 88.0 10.0 0.0
      vertex 88.0 31.0 13.5
      vertex 88.0 10.0 30.0
    endloop
  endfacet
  facet normal 1.0 -0.0 0.0
    outer loop
      vertex 88.0 10.0 30.0
      vertex 88.0 31.0 13.5
      vertex 88.0 66.0 30.0
    endloop
  endfacet
  facet normal 1.0 -0.0 0.0
    outer loop
      vertex 88.0 45.0 5.5
      vertex 88.0 66.0 0.0
      vertex 88.0 45.0 13.5
    endloop
  endfacet
  facet normal 1.0 -0.0 0.0
    outer loop
      vertex 88.0 31.0 5.5
      vertex 88.0 66.0 0.0
      vertex 88.0 45.0 5.5
    endloop
  endfacet
  facet normal 1.0 0.0 0.0
    outer loop
      vertex 88.0 31.0 5.5
      vertex 88.0 10.0 0.0
      vertex 88.0 66.0 0.0
    endloop
  endfacet
  facet normal 1.0 0.0 0.0
    outer loop
      vertex 88.0 31.0 13.5
      vertex 88.0 10.0 0.0
      vertex 88.0 31.0 5.5
    endloop
  endfacet
  facet normal -0.522499 -0.85264 0.0
    outer loop
      vertex 8.824429 8.381966 0.0
      vertex 9.09202 8.217986 30.0
      vertex 8.824429 8.381966 30.0
    endloop
  endfacet
  facet normal -0.522499 -0.85264 -0.0
    outer loop
      vertex 9.09202 8.217986 30.0
      vertex 8.824429 8.381966 0.0
      vertex 9.09202 8.217986 0.0
    endloop
  endfacet
  facet normal 0.0 -1.0 0.0
    outer loop
      vertex 10.0 8.0 0.0
      vertex 86.0 8.0 30.0
      vertex 10.0 8.0 30.0
    endloop
  endfacet
  facet normal 0.0 -1.0 -0.0
    outer loop
      vertex 86.0 8.0 30.0
      vertex 10.0 8.0 0.0
      vertex 86.0 8.0 0.0
    endloop
  endfacet
  facet normal 0.0 0.0 1.0
    outer loop
      vertex 85.5 65.5 30.0
      vertex 88.0 66.0 30.0
      vertex 87.9754 66.3129 30.0
    endloop
  endfacet
  facet normal 0.0 0.0 1.0
    outer loop
      vertex 88.0 66.0 30.0
      vertex 85.5 65.5 30.0
      vertex 88.0 10.0 30.0
    endloop
  endfacet
  facet normal 0.0 0.0 1.0
    outer loop
      vertex 85.5 65.5 30.0
      vertex 87.9754 66.3129 30.0
      vertex 87.9021 66.618 30.0
    endloop
  endfacet
  facet normal -0.0 0.0 1.0
    outer loop
      vertex 85.5 10.5 30.0
      vertex 88.0 10.0 30.0
      vertex 85.5 65.5 30.0
    endloop
  endfacet
  facet normal 0.0 0.0 1.0
    outer loop
      vertex 85.5 65.5 30.0
      vertex 87.9021 66.618 30.0
      vertex 87.782 66.908 30.0
    endloop
  endfacet
  facet normal 0.0 0.0 1.0
    outer loop
      vertex 88.0 10.0 30.0
      vertex 85.5 10.5 30.0
      vertex 87.9754 9.68713 30.0
    endloop
  endfacet
  facet normal 0.0 0.0 1.0
    outer loop
      vertex 85.5 65.5 30.0
      vertex 87.782 66.908 30.0
      vertex 87.618 67.1756 30.0
    endloop
  endfacet
  facet normal 0.0 0.0 1.0
    outer loop
      vertex 87.9754 9.68713 30.0
      vertex 85.5 10.5 30.0
      vertex 87.9021 9.381969999999999 30.0
    endloop
  endfacet
  facet normal 0.0 0.0 1.0
    outer loop
      vertex 85.5 65.5 30.0
      vertex 87.618 67.1756 30.0
      vertex 87.4142 67.4142 30.0
    endloop
  endfacet
  facet normal 0.0 0.0 1.0
    outer loop
      vertex 87.9021 9.381969999999999 30.0
      vertex 85.5 10.5 30.0
      vertex 87.782 9.09202 30.0
    endloop
  endfacet
  facet normal 0.0 0.0 1.0
    outer loop
      vertex 85.5 65.5 30.0
      vertex 87.4142 67.4142 30.0
      vertex 87.1756 67.618 30.0
    endloop
  endfacet
  facet normal 0.0 0.0 1.0
    outer loop
      vertex 87.782 9.09202 30.0
      vertex 85.5 10.5 30.0
      vertex 87.618 8.824429 30.0
    endloop
  endfacet
  facet normal 0.0 0.0 1.0
    outer loop
      vertex 85.5 65.5 30.0
      vertex 87.1756 67.618 30.0
      vertex 86.908 67.782 30.0
    endloop
  endfacet
  facet normal 0.0 0.0 1.0
    outer loop
      vertex 87.618 8.824429 30.0
      vertex 85.5 10.5 30.0
      vertex 87.4142 8.585786 30.0
    endloop
  endfacet
  facet normal 0.0 0.0 1.0
    outer loop
      vertex 85.5 65.5 30.0
      vertex 86.908 67.782 30.0
      vertex 86.618 67.90209999999999 30.0
    endloop
  endfacet
  facet normal 0.0 0.0 1.0
    outer loop
      vertex 87.4142 8.585786 30.0
      vertex 85.5 10.5 30.0
      vertex 87.1756 8.381966 30.0
    endloop
  endfacet
  facet normal 0.0 0.0 1.0
    outer loop
      vertex 85.5 65.5 30.0
      vertex 86.618 67.90209999999999 30.0
      vertex 86.3129 67.97540000000001 30.0
    endloop
  endfacet
  facet normal 0.0 0.0 1.0
    outer loop
      vertex 87.1756 8.381966 30.0
      vertex 85.5 10.5 30.0
      vertex 86.908 8.217986 30.0
    endloop
  endfacet
  facet normal 0.0 0.0 1.0
    outer loop
      vertex 85.5 65.5 30.0
      vertex 86.3129 67.97540000000001 30.0
      vertex 86.0 68.0 30.0
    endloop
  endfacet
  facet normal 0.0 0.0 1.0
    outer loop
      vertex 86.908 8.217986 30.0
      vertex 85.5 10.5 30.0
      vertex 86.618 8.0978861 30.0
    endloop
  endfacet
  facet normal 0.0 0.0 1.0
    outer loop
      vertex 86.618 8.0978861 30.0
      vertex 85.5 10.5 30.0
      vertex 86.3129 8.0246229 30.0
    endloop
  endfacet
  facet normal 0.0 0.0 1.0
    outer loop
      vertex 86.0 68.0 30.0
      vertex 10.5 65.5 30.0
      vertex 85.5 65.5 30.0
    endloop
  endfacet
  facet normal -0.0 0.0 1.0
    outer loop
      vertex 9.68713 67.97540000000001 30.0
      vertex 10.5 65.5 30.0
      vertex 10.0 68.0 30.0
    endloop
  endfacet
  facet normal -0.0 0.0 1.0
    outer loop
      vertex 10.0 68.0 30.0
      vertex 10.5 65.5 30.0
      vertex 86.0 68.0 30.0
    endloop
  endfacet
  facet normal 0.0 0.0 1.0
    outer loop
      vertex 86.3129 8.0246229 30.0
      vertex 85.5 10.5 30.0
      vertex 86.0 8.0 30.0
    endloop
  endfacet
  facet normal -0.0 0.0 1.0
    outer loop
      vertex 10.5 10.5 30.0
      vertex 86.0 8.0 30.0
      vertex 85.5 10.5 30.0
    endloop
  endfacet
  facet normal 0.0 0.0 1.0
    outer loop
      vertex 10.5 10.5 30.0
      vertex 10.0 8.0 30.0
      vertex 86.0 8.0 30.0
    endloop
  endfacet
  facet normal 0.0 0.0 1.0
    outer loop
      vertex 10.5 65.5 30.0
      vertex 8.0 66.0 30.0
      vertex 10.5 10.5 30.0
    endloop
  endfacet
  facet normal -0.0 0.0 1.0
    outer loop
      vertex 9.381969999999999 67.90209999999999 30.0
      vertex 10.5 65.5 30.0
      vertex 9.68713 67.97540000000001 30.0
    endloop
  endfacet
  facet normal 0.0 0.0 1.0
    outer loop
      vertex 8.0 10.0 30.0
      vertex 10.5 10.5 30.0
      vertex 8.0 66.0 30.0
    endloop
  endfacet
  facet normal -0.0 0.0 1.0
    outer loop
      vertex 9.09202 67.782 30.0
      vertex 10.5 65.5 30.0
      vertex 9.381969999999999 67.90209999999999 30.0
    endloop
  endfacet
  facet normal 0.0 -0.0 1.0
    outer loop
      vertex 8.0246229 9.68713 30.0
      vertex 10.5 10.5 30.0
      vertex 8.0 10.0 30.0
    endloop
  endfacet
  facet normal -0.0 0.0 1.0
    outer loop
      vertex 8.824429 67.618 30.0
      vertex 10.5 65.5 30.0
      vertex 9.09202 67.782 30.0
    endloop
  endfacet
  facet normal 0.0 0.0 1.0
    outer loop
      vertex 10.5 10.5 30.0
      vertex 9.68713 8.0246229 30.0
      vertex 10.0 8.0 30.0
    endloop
  endfacet
  facet normal -0.0 0.0 1.0
    outer loop
      vertex 8.585786 67.4142 30.0
      vertex 10.5 65.5 30.0
      vertex 8.824429 67.618 30.0
    endloop
  endfacet
  facet normal 0.0 0.0 1.0
    outer loop
      vertex 10.5 10.5 30.0
      vertex 9.381969999999999 8.0978861 30.0
      vertex 9.68713 8.0246229 30.0
    endloop
  endfacet
  facet normal -0.0 0.0 1.0
    outer loop
      vertex 8.381966 67.1756 30.0
      vertex 10.5 65.5 30.0
      vertex 8.585786 67.4142 30.0
    endloop
  endfacet
  facet normal 0.0 0.0 1.0
    outer loop
      vertex 10.5 10.5 30.0
      vertex 9.09202 8.217986 30.0
      vertex 9.381969999999999 8.0978861 30.0
    endloop
  endfacet
  facet normal -0.0 0.0 1.0
    outer loop
      vertex 8.217986 66.908 30.0
      vertex 10.5 65.5 30.0
      vertex 8.381966 67.1756 30.0
    endloop
  endfacet
  facet normal 0.0 0.0 1.0
    outer loop
      vertex 10.5 10.5 30.0
      vertex 8.824429 8.381966 30.0
      vertex 9.09202 8.217986 30.0
    endloop
  endfacet
  facet normal -0.0 0.0 1.0
    outer loop
      vertex 8.0978861 66.618 30.0
      vertex 10.5 65.5 30.0
      vertex 8.217986 66.908 30.0
    endloop
  endfacet
  facet normal 0.0 0.0 1.0
    outer loop
      vertex 10.5 10.5 30.0
      vertex 8.585786 8.585786 30.0
      vertex 8.824429 8.381966 30.0
    endloop
  endfacet
  facet normal -0.0 0.0 1.0
    outer loop
      vertex 8.0246229 66.3129 30.0
      vertex 10.5 65.5 30.0
      vertex 8.0978861 66.618 30.0
    endloop
  endfacet
  facet normal 0.0 0.0 1.0
    outer loop
      vertex 10.5 10.5 30.0
      vertex 8.381966 8.824429 30.0
      vertex 8.585786 8.585786 30.0
    endloop
  endfacet
  facet normal 0.0 0.0 1.0
    outer loop
      vertex 10.5 65.5 30.0
      vertex 8.0246229 66.3129 30.0
      vertex 8.0 66.0 30.0
    endloop
  endfacet
  facet normal 0.0 0.0 1.0
    outer loop
      vertex 10.5 10.5 30.0
      vertex 8.217986 9.09202 30.0
      vertex 8.381966 8.824429 30.0
    endloop
  endfacet
  facet normal 0.0 0.0 1.0
    outer loop
      vertex 10.5 10.5 30.0
      vertex 8.0978861 9.381969999999999 30.0
      vertex 8.217986 9.09202 30.0
    endloop
  endfacet
  facet normal 0.0 0.0 1.0
    outer loop
      vertex 10.5 10.5 30.0
      vertex 8.0246229 9.68713 30.0
      vertex 8.0978861 9.381969999999999 30.0
    endloop
  endfacet
  facet normal 0.0 1.0 -0.0
    outer loop
      vertex 86.0 68.0 0.0
      vertex 10.0 68.0 30.0
      vertex 86.0 68.0 30.0
    endloop
  endfacet
  facet normal 0.0 1.0 0.0
    outer loop
      vertex 10.0 68.0 30.0
      vertex 86.0 68.0 0.0
      vertex 10.0 68.0 0.0
    endloop
  endfacet
  facet normal -0.0784575 -0.996917 0.0
    outer loop
      vertex 9.68713 8.0246229 0.0
      vertex 10.0 8.0 30.0
      vertex 9.68713 8.0246229 30.0
    endloop
  endfacet
  facet normal -0.0784575 -0.996917 -0.0
    outer loop
      vertex 10.0 8.0 30.0
      vertex 9.68713 8.0246229 0.0
      vertex 10.0 8.0 0.0
    endloop
  endfacet
  facet normal -0.85264 -0.522499 0.0
    outer loop
      vertex 8.381966 8.824429 0.0
      vertex 8.217986 9.09202 30.0
      vertex 8.217986 9.09202 0.0
    endloop
  endfacet
  facet normal -0.85264 -0.522499 0.0
    outer loop
      vertex 8.217986 9.09202 30.0
      vertex 8.381966 8.824429 0.0
      vertex 8.381966 8.824429 30.0
    endloop
  endfacet
  facet normal 0.07845 -0.996918 0.0
    outer loop
      vertex 86.0 8.0 0.0
      vertex 86.3129 8.0246229 30.0
      vertex 86.0 8.0 30.0
    endloop
  endfacet
  facet normal 0.07845 -0.996918 0.0
    outer loop
      vertex 86.3129 8.0246229 30.0
      vertex 86.0 8.0 0.0
      vertex 86.3129 8.0246229 0.0
    endloop
  endfacet
  facet normal -1.0 0.0 0.0
    outer loop
      vertex 8.0 47.0 13.5
      vertex 8.0 66.0 0.0
      vertex 8.0 47.0 5.5
    endloop
  endfacet
  facet normal -1.0 0.0 0.0
    outer loop
      vertex 8.0 66.0 0.0
      vertex 8.0 29.0 5.5
      vertex 8.0 47.0 5.5
    endloop
  endfacet
  facet normal -1.0 -0.0 0.0
    outer loop
      vertex 8.0 29.0 5.5
      vertex 8.0 10.0 0.0
      vertex 8.0 29.0 13.5
    endloop
  endfacet
  facet normal -1.0 0.0 0.0
    outer loop
      vertex 8.0 10.0 0.0
      vertex 8.0 29.0 5.5
      vertex 8.0 66.0 0.0
    endloop
  endfacet
  facet normal -1.0 0.0 0.0
    outer loop
      vertex 8.0 66.0 0.0
      vertex 8.0 47.0 13.5
      vertex 8.0 66.0 30.0
    endloop
  endfacet
  facet normal -1.0 0.0 0.0
    outer loop
      vertex 8.0 29.0 13.5
      vertex 8.0 66.0 30.0
      vertex 8.0 47.0 13.5
    endloop
  endfacet
  facet normal -1.0 0.0 0.0
    outer loop
      vertex 8.0 29.0 13.5
      vertex 8.0 10.0 30.0
      vertex 8.0 66.0 30.0
    endloop
  endfacet
  facet normal -1.0 0.0 0.0
    outer loop
      vertex 8.0 10.0 30.0
      vertex 8.0 29.0 13.5
      vertex 8.0 10.0 0.0
    endloop
  endfacet
  facet normal -0.0 0.0 -1.0
    outer loop
      vertex 22.4483 27.2359 0.0
      vertex 14.26594 15.67907 0.0
      vertex 22.3417 27.4098 0.0
    endloop
  endfacet
  facet normal 0.0 0.0 -1.0
    outer loop
      vertex 22.216 47.7966 0.0
      vertex 15.67907 61.7341 0.0
      vertex 15.7 62.0 0.0
    endloop
  endfacet
  facet normal 0.0 0.0 -1.0
    outer loop
      vertex 14.0 15.7 0.0
      vertex 22.3417 27.4098 0.0
      vertex 14.26594 15.67907 0.0
    endloop
  endfacet
  facet normal 0.0 0.0 -1.0
    outer loop
      vertex 22.216 47.7966 0.0
      vertex 15.6168 61.4747 0.0
      vertex 15.67907 61.7341 0.0
    endloop
  endfacet
  facet normal -0.0 0.0 -1.0
    outer loop
      vertex 22.3417 27.4098 0.0
      vertex 14.0 15.7 0.0
      vertex 22.2636 27.5983 0.0
    endloop
  endfacet
  facet normal 0.0 0.0 -1.0
    outer loop
      vertex 22.216 47.7966 0.0
      vertex 15.514710000000001 61.2282 0.0
      vertex 15.6168 61.4747 0.0
    endloop
  endfacet
  facet normal 0.0 0.0 -1.0
    outer loop
      vertex 13.73406 15.67907 0.0
      vertex 22.2636 27.5983 0.0
      vertex 14.0 15.7 0.0
    endloop
  endfacet
  facet normal 0.0 0.0 -1.0
    outer loop
      vertex 22.216 47.7966 0.0
      vertex 15.37533 61.0008 0.0
      vertex 15.514710000000001 61.2282 0.0
    endloop
  endfacet
  facet normal -0.0 0.0 -1.0
    outer loop
      vertex 22.2636 27.5983 0.0
      vertex 13.73406 15.67907 0.0
      vertex 22.216 27.7966 0.0
    endloop
  endfacet
  facet normal 0.0 0.0 -1.0
    outer loop
      vertex 22.216 47.7966 0.0
      vertex 15.202079999999999 60.7979 0.0
      vertex 15.37533 61.0008 0.0
    endloop
  endfacet
  facet normal 0.0 0.0 -1.0
    outer loop
      vertex 13.47467 15.6168 0.0
      vertex 22.216 27.7966 0.0
      vertex 13.73406 15.67907 0.0
    endloop
  endfacet
  facet normal 0.0 0.0 -1.0
    outer loop
      vertex 22.216 47.7966 0.0
      vertex 14.99923 60.6247 0.0
      vertex 15.202079999999999 60.7979 0.0
    endloop
  endfacet
  facet normal -0.0 0.0 -1.0
    outer loop
      vertex 22.216 27.7966 0.0
      vertex 13.47467 15.6168 0.0
      vertex 22.2 28.0 0.0
    endloop
  endfacet
  facet normal 0.0 0.0 -1.0
    outer loop
      vertex 22.216 47.7966 0.0
      vertex 14.77178 60.4853 0.0
      vertex 14.99923 60.6247 0.0
    endloop
  endfacet
  facet normal 0.0 0.0 -1.0
    outer loop
      vertex 13.22822 15.514710000000001 0.0
      vertex 22.2 28.0 0.0
      vertex 13.47467 15.6168 0.0
    endloop
  endfacet
  facet normal 0.0 0.0 -1.0
    outer loop
      vertex 22.216 47.7966 0.0
      vertex 14.52533 60.3832 0.0
      vertex 14.77178 60.4853 0.0
    endloop
  endfacet
  facet normal -0.0 0.0 -1.0
    outer loop
      vertex 22.2 28.0 0.0
      vertex 13.22822 15.514710000000001 0.0
      vertex 22.216 28.2034 0.0
    endloop
  endfacet
  facet normal 0.0 0.0 -1.0
    outer loop
      vertex 22.216 47.7966 0.0
      vertex 14.26594 60.3209 0.0
      vertex 14.52533 60.3832 0.0
    endloop
  endfacet
  facet normal 0.0 0.0 -1.0
    outer loop
      vertex 13.00076 15.37533 0.0
      vertex 22.216 28.2034 0.0
      vertex 13.22822 15.514710000000001 0.0
    endloop
  endfacet
  facet normal 0.0 0.0 -1.0
    outer loop
      vertex 22.216 47.7966 0.0
      vertex 14.0 60.3 0.0
      vertex 14.26594 60.3209 0.0
    endloop
  endfacet
  facet normal -0.0 0.0 -1.0
    outer loop
      vertex 22.216 28.2034 0.0
      vertex 13.00076 15.37533 0.0
      vertex 22.2636 28.4017 0.0
    endloop
  endfacet
  facet normal 0.0 0.0 -1.0
    outer loop
      vertex 22.216 47.7966 0.0
      vertex 13.73406 60.3209 0.0
      vertex 14.0 60.3 0.0
    endloop
  endfacet
  facet normal -0.0 0.0 -1.0
    outer loop
      vertex 22.2636 28.4017 0.0
      vertex 13.00076 15.37533 0.0
      vertex 22.2636 47.5983 0.0
    endloop
  endfacet
  facet normal 0.0 0.0 -1.0
    outer loop
      vertex 22.216 47.7966 0.0
      vertex 13.47467 60.3832 0.0
      vertex 13.73406 60.3209 0.0
    endloop
  endfacet
  facet normal 0.0 0.0 -1.0
    outer loop
      vertex 13.00076 60.6247 0.0
      vertex 22.2636 47.5983 0.0
      vertex 13.00076 15.37533 0.0
    endloop
  endfacet
  facet normal 0.0 0.0 -1.0
    outer loop
      vertex 22.216 47.7966 0.0
      vertex 13.22822 60.4853 0.0
      vertex 13.47467 60.3832 0.0
    endloop
  endfacet
  facet normal 0.0 0.0 -1.0
    outer loop
      vertex 22.2636 47.5983 0.0
      vertex 13.00076 60.6247 0.0
      vertex 22.216 47.7966 0.0
    endloop
  endfacet
  facet normal 0.0 0.0 -1.0
    outer loop
      vertex 22.216 47.7966 0.0
      vertex 13.00076 60.6247 0.0
      vertex 13.22822 60.4853 0.0
    endloop
  endfacet
  facet normal 0.0 0.0 -1.0
    outer loop
      vertex 12.797920000000001 15.202079999999999 0.0
      vertex 13.00076 60.6247 0.0
      vertex 13.00076 15.37533 0.0
    endloop
  endfacet
  facet normal 0.0 0.0 -1.0
    outer loop
      vertex 12.797920000000001 15.202079999999999 0.0
      vertex 12.797920000000001 60.7979 0.0
      vertex 13.00076 60.6247 0.0
    endloop
  endfacet
  facet normal 0.0 0.0 -1.0
    outer loop
      vertex 12.62467 14.99923 0.0
      vertex 12.797920000000001 60.7979 0.0
      vertex 12.797920000000001 15.202079999999999 0.0
    endloop
  endfacet
  facet normal 0.0 0.0 -1.0
    outer loop
      vertex 12.62467 14.99923 0.0
      vertex 12.62467 61.0008 0.0
      vertex 12.797920000000001 60.7979 0.0
    endloop
  endfacet
  facet normal 0.0 0.0 -1.0
    outer loop
      vertex 8.0 10.0 0.0
      vertex 12.62467 14.99923 0.0
      vertex 12.485289999999999 14.77178 0.0
    endloop
  endfacet
  facet normal -0.0 0.0 -1.0
    outer loop
      vertex 12.62467 14.99923 0.0
      vertex 8.0 10.0 0.0
      vertex 12.62467 61.0008 0.0
    endloop
  endfacet
  facet normal 0.0 0.0 -1.0
    outer loop
      vertex 8.0 10.0 0.0
      vertex 12.485289999999999 14.77178 0.0
      vertex 12.3832 14.52533 0.0
    endloop
  endfacet
  facet normal 0.0 0.0 -1.0
    outer loop
      vertex 8.0 66.0 0.0
      vertex 12.62467 61.0008 0.0
      vertex 8.0 10.0 0.0
    endloop
  endfacet
  facet normal 0.0 0.0 -1.0
    outer loop
      vertex 8.0 10.0 0.0
      vertex 12.3832 14.52533 0.0
      vertex 12.32093 14.26594 0.0
    endloop
  endfacet
  facet normal 0.0 0.0 -1.0
    outer loop
      vertex 12.62467 61.0008 0.0
      vertex 8.0 66.0 0.0
      vertex 12.485289999999999 61.2282 0.0
    endloop
  endfacet
  facet normal 0.0 0.0 -1.0
    outer loop
      vertex 8.0 10.0 0.0
      vertex 12.32093 14.26594 0.0
      vertex 12.3 14.0 0.0
    endloop
  endfacet
  facet normal 0.0 0.0 -1.0
    outer loop
      vertex 12.485289999999999 61.2282 0.0
      vertex 8.0 66.0 0.0
      vertex 12.3832 61.4747 0.0
    endloop
  endfacet
  facet normal 0.0 0.0 -1.0
    outer loop
      vertex 71.2636 28.4017 0.0
      vertex 24.7364 28.4017 0.0
      vertex 71.2636 47.5983 0.0
    endloop
  endfacet
  facet normal 0.0 0.0 -1.0
    outer loop
      vertex 71.2636 47.5983 0.0
      vertex 24.784 47.7966 0.0
      vertex 24.8 48.0 0.0
    endloop
  endfacet
  facet normal 0.0 0.0 -1.0
    outer loop
      vertex 24.7364 47.5983 0.0
      vertex 71.2636 47.5983 0.0
      vertex 24.7364 28.4017 0.0
    endloop
  endfacet
  facet normal 0.0 0.0 -1.0
    outer loop
      vertex 71.2636 47.5983 0.0
      vertex 24.7364 47.5983 0.0
      vertex 24.784 47.7966 0.0
    endloop
  endfacet
  facet normal 0.0 0.0 -1.0
    outer loop
      vertex 24.6583 28.5902 0.0
      vertex 24.7364 47.5983 0.0
      vertex 24.7364 28.4017 0.0
    endloop
  endfacet
  facet normal 0.0 0.0 -1.0
    outer loop
      vertex 24.6583 28.5902 0.0
      vertex 24.6583 47.4098 0.0
      vertex 24.7364 47.5983 0.0
    endloop
  endfacet
  facet normal 0.0 0.0 -1.0
    outer loop
      vertex 24.5517 28.7641 0.0
      vertex 24.6583 47.4098 0.0
      vertex 24.6583 28.5902 0.0
    endloop
  endfacet
  facet normal 0.0 0.0 -1.0
    outer loop
      vertex 24.5517 28.7641 0.0
      vertex 24.5517 47.2359 0.0
      vertex 24.6583 47.4098 0.0
    endloop
  endfacet
  facet normal 0.0 0.0 -1.0
    outer loop
      vertex 24.4192 28.9192 0.0
      vertex 24.5517 47.2359 0.0
      vertex 24.5517 28.7641 0.0
    endloop
  endfacet
  facet normal 0.0 0.0 -1.0
    outer loop
      vertex 24.4192 28.9192 0.0
      vertex 24.4192 47.0808 0.0
      vertex 24.5517 47.2359 0.0
    endloop
  endfacet
  facet normal 0.0 0.0 -1.0
    outer loop
      vertex 24.2641 29.0517 0.0
      vertex 24.4192 47.0808 0.0
      vertex 24.4192 28.9192 0.0
    endloop
  endfacet
  facet normal 0.0 0.0 -1.0
    outer loop
      vertex 24.2641 29.0517 0.0
      vertex 24.2641 46.9483 0.0
      vertex 24.4192 47.0808 0.0
    endloop
  endfacet
  facet normal 0.0 0.0 -1.0
    outer loop
      vertex 24.0902 29.1583 0.0
      vertex 24.2641 46.9483 0.0
      vertex 24.2641 29.0517 0.0
    endloop
  endfacet
  facet normal 0.0 0.0 -1.0
    outer loop
      vertex 24.0902 29.1583 0.0
      vertex 24.0902 46.8417 0.0
      vertex 24.2641 46.9483 0.0
    endloop
  endfacet
  facet normal 0.0 0.0 -1.0
    outer loop
      vertex 23.901699999999998 29.2364 0.0
      vertex 24.0902 46.8417 0.0
      vertex 24.0902 29.1583 0.0
    endloop
  endfacet
  facet normal 0.0 0.0 -1.0
    outer loop
      vertex 23.901699999999998 29.2364 0.0
      vertex 23.901699999999998 46.7636 0.0
      vertex 24.0902 46.8417 0.0
    endloop
  endfacet
  facet normal 0.0 0.0 -1.0
    outer loop
      vertex 23.703400000000002 29.284 0.0
      vertex 23.901699999999998 46.7636 0.0
      vertex 23.901699999999998 29.2364 0.0
    endloop
  endfacet
  facet normal 0.0 0.0 -1.0
    outer loop
      vertex 23.703400000000002 29.284 0.0
      vertex 23.703400000000002 46.716 0.0
      vertex 23.901699999999998 46.7636 0.0
    endloop
  endfacet
  facet normal 0.0 0.0 -1.0
    outer loop
      vertex 23.5 29.3 0.0
      vertex 23.703400000000002 46.716 0.0
      vertex 23.703400000000002 29.284 0.0
    endloop
  endfacet
  facet normal 0.0 0.0 -1.0
    outer loop
      vertex 23.5 29.3 0.0
      vertex 23.5 46.7 0.0
      vertex 23.703400000000002 46.716 0.0
    endloop
  endfacet
  facet normal 0.0 0.0 -1.0
    outer loop
      vertex 23.296599999999998 29.284 0.0
      vertex 23.5 46.7 0.0
      vertex 23.5 29.3 0.0
    endloop
  endfacet
  facet normal 0.0 0.0 -1.0
    outer loop
      vertex 23.296599999999998 29.284 0.0
      vertex 23.296599999999998 46.716 0.0
      vertex 23.5 46.7 0.0
    endloop
  endfacet
  facet normal 0.0 0.0 -1.0
    outer loop
      vertex 23.098300000000002 29.2364 0.0
      vertex 23.296599999999998 46.716 0.0
      vertex 23.296599999999998 29.284 0.0
    endloop
  endfacet
  facet normal 0.0 0.0 -1.0
    outer loop
      vertex 23.098300000000002 29.2364 0.0
      vertex 23.098300000000002 46.7636 0.0
      vertex 23.296599999999998 46.716 0.0
    endloop
  endfacet
  facet normal 0.0 0.0 -1.0
    outer loop
      vertex 22.9098 29.1583 0.0
      vertex 23.098300000000002 46.7636 0.0
      vertex 23.098300000000002 29.2364 0.0
    endloop
  endfacet
  facet normal 0.0 0.0 -1.0
    outer loop
      vertex 22.9098 29.1583 0.0
      vertex 22.9098 46.8417 0.0
      vertex 23.098300000000002 46.7636 0.0
    endloop
  endfacet
  facet normal 0.0 0.0 -1.0
    outer loop
      vertex 22.7359 29.0517 0.0
      vertex 22.9098 46.8417 0.0
      vertex 22.9098 29.1583 0.0
    endloop
  endfacet
  facet normal 0.0 0.0 -1.0
    outer loop
      vertex 22.7359 29.0517 0.0
      vertex 22.7359 46.9483 0.0
      vertex 22.9098 46.8417 0.0
    endloop
  endfacet
  facet normal 0.0 0.0 -1.0
    outer loop
      vertex 22.5808 28.9192 0.0
      vertex 22.7359 46.9483 0.0
      vertex 22.7359 29.0517 0.0
    endloop
  endfacet
  facet normal 0.0 0.0 -1.0
    outer loop
      vertex 22.5808 28.9192 0.0
      vertex 22.5808 47.0808 0.0
      vertex 22.7359 46.9483 0.0
    endloop
  endfacet
  facet normal 0.0 0.0 -1.0
    outer loop
      vertex 22.4483 28.7641 0.0
      vertex 22.5808 47.0808 0.0
      vertex 22.5808 28.9192 0.0
    endloop
  endfacet
  facet normal 0.0 0.0 -1.0
    outer loop
      vertex 22.4483 28.7641 0.0
      vertex 22.4483 47.2359 0.0
      vertex 22.5808 47.0808 0.0
    endloop
  endfacet
  facet normal 0.0 0.0 -1.0
    outer loop
      vertex 22.3417 28.5902 0.0
      vertex 22.4483 47.2359 0.0
      vertex 22.4483 28.7641 0.0
    endloop
  endfacet
  facet normal 0.0 0.0 -1.0
    outer loop
      vertex 22.3417 28.5902 0.0
      vertex 22.3417 47.4098 0.0
      vertex 22.4483 47.2359 0.0
    endloop
  endfacet
  facet normal 0.0 0.0 -1.0
    outer loop
      vertex 22.2636 28.4017 0.0
      vertex 22.3417 47.4098 0.0
      vertex 22.3417 28.5902 0.0
    endloop
  endfacet
  facet normal 0.0 0.0 -1.0
    outer loop
      vertex 22.2636 28.4017 0.0
      vertex 22.2636 47.5983 0.0
      vertex 22.3417 47.4098 0.0
    endloop
  endfacet
  facet normal -0.0 0.0 -1.0
    outer loop
      vertex 22.5808 27.0808 0.0
      vertex 14.52533 15.6168 0.0
      vertex 22.4483 27.2359 0.0
    endloop
  endfacet
  facet normal 0.0 0.0 -1.0
    outer loop
      vertex 14.26594 15.67907 0.0
      vertex 22.4483 27.2359 0.0
      vertex 14.52533 15.6168 0.0
    endloop
  endfacet
  facet normal 0.0 0.0 -1.0
    outer loop
      vertex 14.77178 15.514710000000001 0.0
      vertex 22.7359 26.9483 0.0
      vertex 14.99923 15.37533 0.0
    endloop
  endfacet
  facet normal -0.0 0.0 -1.0
    outer loop
      vertex 22.7359 26.9483 0.0
      vertex 14.77178 15.514710000000001 0.0
      vertex 22.5808 27.0808 0.0
    endloop
  endfacet
  facet normal 0.0 0.0 -1.0
    outer loop
      vertex 82.9992 15.37533 0.0
      vertex 73.7364 28.4017 0.0
      vertex 82.9992 60.6247 0.0
    endloop
  endfacet
  facet normal 0.0 0.0 -1.0
    outer loop
      vertex 82.9992 60.6247 0.0
      vertex 73.784 47.7966 0.0
      vertex 73.8 48.0 0.0
    endloop
  endfacet
  facet normal 0.0 0.0 -1.0
    outer loop
      vertex 73.7364 47.5983 0.0
      vertex 82.9992 60.6247 0.0
      vertex 73.7364 28.4017 0.0
    endloop
  endfacet
  facet normal 0.0 0.0 -1.0
    outer loop
      vertex 82.9992 60.6247 0.0
      vertex 73.7364 47.5983 0.0
      vertex 73.784 47.7966 0.0
    endloop
  endfacet
  facet normal 0.0 0.0 -1.0
    outer loop
      vertex 73.6583 28.5902 0.0
      vertex 73.7364 47.5983 0.0
      vertex 73.7364 28.4017 0.0
    endloop
  endfacet
  facet normal 0.0 0.0 -1.0
    outer loop
      vertex 73.6583 28.5902 0.0
      vertex 73.6583 47.4098 0.0
      vertex 73.7364 47.5983 0.0
    endloop
  endfacet
  facet normal 0.0 0.0 -1.0
    outer loop
      vertex 73.5517 28.7641 0.0
      vertex 73.6583 47.4098 0.0
      vertex 73.6583 28.5902 0.0
    endloop
  endfacet
  facet normal 0.0 0.0 -1.0
    outer loop
      vertex 73.5517 28.7641 0.0
      vertex 73.5517 47.2359 0.0
      vertex 73.6583 47.4098 0.0
    endloop
  endfacet
  facet normal 0.0 0.0 -1.0
    outer loop
      vertex 73.4192 28.9192 0.0
      vertex 73.5517 47.2359 0.0
      vertex 73.5517 28.7641 0.0
    endloop
  endfacet
  facet normal 0.0 0.0 -1.0
    outer loop
      vertex 73.4192 28.9192 0.0
      vertex 73.4192 47.0808 0.0
      vertex 73.5517 47.2359 0.0
    endloop
  endfacet
  facet normal 0.0 0.0 -1.0
    outer loop
      vertex 73.2641 29.0517 0.0
      vertex 73.4192 47.0808 0.0
      vertex 73.4192 28.9192 0.0
    endloop
  endfacet
  facet normal 0.0 0.0 -1.0
    outer loop
      vertex 73.2641 29.0517 0.0
      vertex 73.2641 46.9483 0.0
      vertex 73.4192 47.0808 0.0
    endloop
  endfacet
  facet normal 0.0 0.0 -1.0
    outer loop
      vertex 73.0902 29.1583 0.0
      vertex 73.2641 46.9483 0.0
      vertex 73.2641 29.0517 0.0
    endloop
  endfacet
  facet normal 0.0 0.0 -1.0
    outer loop
      vertex 73.0902 29.1583 0.0
      vertex 73.0902 46.8417 0.0
      vertex 73.2641 46.9483 0.0
    endloop
  endfacet
  facet normal 0.0 0.0 -1.0
    outer loop
      vertex 72.9017 29.2364 0.0
      vertex 73.0902 46.8417 0.0
      vertex 73.0902 29.1583 0.0
    endloop
  endfacet
  facet normal 0.0 0.0 -1.0
    outer loop
      vertex 72.9017 29.2364 0.0
      vertex 72.9017 46.7636 0.0
      vertex 73.0902 46.8417 0.0
    endloop
  endfacet
  facet normal 0.0 0.0 -1.0
    outer loop
      vertex 72.7034 29.284 0.0
      vertex 72.9017 46.7636 0.0
      vertex 72.9017 29.2364 0.0
    endloop
  endfacet
  facet normal 0.0 0.0 -1.0
    outer loop
      vertex 72.7034 29.284 0.0
      vertex 72.7034 46.716 0.0
      vertex 72.9017 46.7636 0.0
    endloop
  endfacet
  facet normal 0.0 0.0 -1.0
    outer loop
      vertex 72.5 29.3 0.0
      vertex 72.7034 46.716 0.0
      vertex 72.7034 29.284 0.0
    endloop
  endfacet
  facet normal 0.0 0.0 -1.0
    outer loop
      vertex 72.5 29.3 0.0
      vertex 72.5 46.7 0.0
      vertex 72.7034 46.716 0.0
    endloop
  endfacet
  facet normal 0.0 0.0 -1.0
    outer loop
      vertex 72.2966 29.284 0.0
      vertex 72.5 46.7 0.0
      vertex 72.5 29.3 0.0
    endloop
  endfacet
  facet normal 0.0 0.0 -1.0
    outer loop
      vertex 72.2966 29.284 0.0
      vertex 72.2966 46.716 0.0
      vertex 72.5 46.7 0.0
    endloop
  endfacet
  facet normal 0.0 0.0 -1.0
    outer loop
      vertex 72.0983 29.2364 0.0
      vertex 72.2966 46.716 0.0
      vertex 72.2966 29.284 0.0
    endloop
  endfacet
  facet normal 0.0 0.0 -1.0
    outer loop
      vertex 72.0983 29.2364 0.0
      vertex 72.0983 46.7636 0.0
      vertex 72.2966 46.716 0.0
    endloop
  endfacet
  facet normal 0.0 0.0 -1.0
    outer loop
      vertex 71.90979999999999 29.1583 0.0
      vertex 72.0983 46.7636 0.0
      vertex 72.0983 29.2364 0.0
    endloop
  endfacet
  facet normal 0.0 0.0 -1.0
    outer loop
      vertex 71.90979999999999 29.1583 0.0
      vertex 71.90979999999999 46.8417 0.0
      vertex 72.0983 46.7636 0.0
    endloop
  endfacet
  facet normal 0.0 0.0 -1.0
    outer loop
      vertex 71.7359 29.0517 0.0
      vertex 71.90979999999999 46.8417 0.0
      vertex 71.90979999999999 29.1583 0.0
    endloop
  endfacet
  facet normal 0.0 0.0 -1.0
    outer loop
      vertex 71.7359 29.0517 0.0
      vertex 71.7359 46.9483 0.0
      vertex 71.90979999999999 46.8417 0.0
    endloop
  endfacet
  facet normal 0.0 0.0 -1.0
    outer loop
      vertex 71.58080000000001 28.9192 0.0
      vertex 71.7359 46.9483 0.0
      vertex 71.7359 29.0517 0.0
    endloop
  endfacet
  facet normal 0.0 0.0 -1.0
    outer loop
      vertex 71.58080000000001 28.9192 0.0
      vertex 71.58080000000001 47.0808 0.0
      vertex 71.7359 46.9483 0.0
    endloop
  endfacet
  facet normal 0.0 0.0 -1.0
    outer loop
      vertex 71.4483 28.7641 0.0
      vertex 71.58080000000001 47.0808 0.0
      vertex 71.58080000000001 28.9192 0.0
    endloop
  endfacet
  facet normal 0.0 0.0 -1.0
    outer loop
      vertex 71.4483 28.7641 0.0
      vertex 71.4483 47.2359 0.0
      vertex 71.58080000000001 47.0808 0.0
    endloop
  endfacet
  facet normal 0.0 0.0 -1.0
    outer loop
      vertex 71.3417 28.5902 0.0
      vertex 71.4483 47.2359 0.0
      vertex 71.4483 28.7641 0.0
    endloop
  endfacet
  facet normal 0.0 0.0 -1.0
    outer loop
      vertex 71.3417 28.5902 0.0
      vertex 71.3417 47.4098 0.0
      vertex 71.4483 47.2359 0.0
    endloop
  endfacet
  facet normal 0.0 0.0 -1.0
    outer loop
      vertex 71.2636 28.4017 0.0
      vertex 71.3417 47.4098 0.0
      vertex 71.3417 28.5902 0.0
    endloop
  endfacet
  facet normal 0.0 0.0 -1.0
    outer loop
      vertex 71.2636 28.4017 0.0
      vertex 71.2636 47.5983 0.0
      vertex 71.3417 47.4098 0.0
    endloop
  endfacet
  facet normal 0.0 0.0 -1.0
    outer loop
      vertex 24.784 28.2034 0.0
      vertex 71.21600000000001 28.2034 0.0
      vertex 24.8 28.0 0.0
    endloop
  endfacet
  facet normal 0.0 0.0 -1.0
    outer loop
      vertex 71.21600000000001 28.2034 0.0
      vertex 24.784 28.2034 0.0
      vertex 71.2636 28.4017 0.0
    endloop
  endfacet
  facet normal 0.0 0.0 -1.0
    outer loop
      vertex 24.8 28.0 0.0
      vertex 71.21600000000001 28.2034 0.0
      vertex 71.2 28.0 0.0
    endloop
  endfacet
  facet normal 0.0 0.0 -1.0
    outer loop
      vertex 24.7364 28.4017 0.0
      vertex 71.2636 28.4017 0.0
      vertex 24.784 28.2034 0.0
    endloop
  endfacet
  facet normal 0.0 0.0 -1.0
    outer loop
      vertex 83.5147 14.77178 0.0
      vertex 88.0 10.0 0.0
      vertex 83.6168 14.52533 0.0
    endloop
  endfacet
  facet normal 0.0 0.0 -1.0
    outer loop
      vertex 88.0 66.0 0.0
      vertex 83.6791 61.7341 0.0
      vertex 83.7 62.0 0.0
    endloop
  endfacet
  facet normal 0.0 0.0 -1.0
    outer loop
      vertex 83.3753 14.99923 0.0
      vertex 88.0 10.0 0.0
      vertex 83.5147 14.77178 0.0
    endloop
  endfacet
  facet normal 0.0 0.0 -1.0
    outer loop
      vertex 88.0 66.0 0.0
      vertex 83.6168 61.4747 0.0
      vertex 83.6791 61.7341 0.0
    endloop
  endfacet
  facet normal 0.0 0.0 -1.0
    outer loop
      vertex 88.0 10.0 0.0
      vertex 83.3753 14.99923 0.0
      vertex 88.0 66.0 0.0
    endloop
  endfacet
  facet normal 0.0 0.0 -1.0
    outer loop
      vertex 88.0 66.0 0.0
      vertex 83.5147 61.2282 0.0
      vertex 83.6168 61.4747 0.0
    endloop
  endfacet
  facet normal 0.0 0.0 -1.0
    outer loop
      vertex 83.3753 61.0008 0.0
      vertex 88.0 66.0 0.0
      vertex 83.3753 14.99923 0.0
    endloop
  endfacet
  facet normal 0.0 0.0 -1.0
    outer loop
      vertex 88.0 66.0 0.0
      vertex 83.3753 61.0008 0.0
      vertex 83.5147 61.2282 0.0
    endloop
  endfacet
  facet normal 0.0 0.0 -1.0
    outer loop
      vertex 83.2021 15.202079999999999 0.0
      vertex 83.3753 61.0008 0.0
      vertex 83.3753 14.99923 0.0
    endloop
  endfacet
  facet normal 0.0 0.0 -1.0
    outer loop
      vertex 83.2021 15.202079999999999 0.0
      vertex 83.2021 60.7979 0.0
      vertex 83.3753 61.0008 0.0
    endloop
  endfacet
  facet normal 0.0 0.0 -1.0
    outer loop
      vertex 82.9992 15.37533 0.0
      vertex 83.2021 60.7979 0.0
      vertex 83.2021 15.202079999999999 0.0
    endloop
  endfacet
  facet normal 0.0 0.0 -1.0
    outer loop
      vertex 82.9992 15.37533 0.0
      vertex 82.9992 60.6247 0.0
      vertex 83.2021 60.7979 0.0
    endloop
  endfacet
  facet normal 0.0 0.0 -1.0
    outer loop
      vertex 73.784 28.2034 0.0
      vertex 82.7718 15.514710000000001 0.0
      vertex 73.8 28.0 0.0
    endloop
  endfacet
  facet normal 0.0 0.0 -1.0
    outer loop
      vertex 82.7718 15.514710000000001 0.0
      vertex 73.784 28.2034 0.0
      vertex 82.9992 15.37533 0.0
    endloop
  endfacet
  facet normal 0.0 0.0 -1.0
    outer loop
      vertex 73.8 28.0 0.0
      vertex 82.7718 15.514710000000001 0.0
      vertex 82.5253 15.6168 0.0
    endloop
  endfacet
  facet normal 0.0 0.0 -1.0
    outer loop
      vertex 73.7364 28.4017 0.0
      vertex 82.9992 15.37533 0.0
      vertex 73.784 28.2034 0.0
    endloop
  endfacet
  facet normal 0.0 0.0 -1.0
    outer loop
      vertex 73.784 27.7966 0.0
      vertex 82.5253 15.6168 0.0
      vertex 82.2659 15.67907 0.0
    endloop
  endfacet
  facet normal 0.0 0.0 -1.0
    outer loop
      vertex 82.9992 60.6247 0.0
      vertex 73.8 48.0 0.0
      vertex 82.7718 60.4853 0.0
    endloop
  endfacet
  facet normal 0.0 0.0 -1.0
    outer loop
      vertex 73.7364 27.5983 0.0
      vertex 82.2659 15.67907 0.0
      vertex 82.0 15.7 0.0
    endloop
  endfacet
  facet normal 0.0 0.0 -1.0
    outer loop
      vertex 82.7718 60.4853 0.0
      vertex 73.8 48.0 0.0
      vertex 82.5253 60.3832 0.0
    endloop
  endfacet
  facet normal 0.0 0.0 -1.0
    outer loop
      vertex 73.6583 27.4098 0.0
      vertex 82.0 15.7 0.0
      vertex 81.7341 15.67907 0.0
    endloop
  endfacet
  facet normal 0.0 0.0 -1.0
    outer loop
      vertex 73.784 48.2034 0.0
      vertex 82.5253 60.3832 0.0
      vertex 73.8 48.0 0.0
    endloop
  endfacet
  facet normal 0.0 0.0 -1.0
    outer loop
      vertex 73.5517 27.2359 0.0
      vertex 81.7341 15.67907 0.0
      vertex 81.4747 15.6168 0.0
    endloop
  endfacet
  facet normal 0.0 0.0 -1.0
    outer loop
      vertex 82.5253 60.3832 0.0
      vertex 73.784 48.2034 0.0
      vertex 82.2659 60.3209 0.0
    endloop
  endfacet
  facet normal 0.0 0.0 -1.0
    outer loop
      vertex 73.4192 27.0808 0.0
      vertex 81.4747 15.6168 0.0
      vertex 81.2282 15.514710000000001 0.0
    endloop
  endfacet
  facet normal 0.0 0.0 -1.0
    outer loop
      vertex 73.7364 48.4017 0.0
      vertex 82.2659 60.3209 0.0
      vertex 73.784 48.2034 0.0
    endloop
  endfacet
  facet normal 0.0 0.0 -1.0
    outer loop
      vertex 73.2641 26.9483 0.0
      vertex 81.2282 15.514710000000001 0.0
      vertex 81.0008 15.37533 0.0
    endloop
  endfacet
  facet normal 0.0 0.0 -1.0
    outer loop
      vertex 82.2659 60.3209 0.0
      vertex 73.7364 48.4017 0.0
      vertex 82.0 60.3 0.0
    endloop
  endfacet
  facet normal 0.0 0.0 -1.0
    outer loop
      vertex 73.0902 26.8417 0.0
      vertex 81.0008 15.37533 0.0
      vertex 80.7979 15.202079999999999 0.0
    endloop
  endfacet
  facet normal 0.0 0.0 -1.0
    outer loop
      vertex 73.6583 48.5902 0.0
      vertex 82.0 60.3 0.0
      vertex 73.7364 48.4017 0.0
    endloop
  endfacet
  facet normal 0.0 0.0 -1.0
    outer loop
      vertex 72.9017 26.7636 0.0
      vertex 80.7979 15.202079999999999 0.0
      vertex 80.6247 14.99923 0.0
    endloop
  endfacet
  facet normal -0.0 0.0 -1.0
    outer loop
      vertex 82.0 60.3 0.0
      vertex 73.6583 48.5902 0.0
      vertex 81.7341 60.3209 0.0
    endloop
  endfacet
  facet normal 0.0 0.0 -1.0
    outer loop
      vertex 72.7034 26.716 0.0
      vertex 80.6247 14.99923 0.0
      vertex 80.4853 14.77178 0.0
    endloop
  endfacet
  facet normal 0.0 0.0 -1.0
    outer loop
      vertex 73.5517 48.7641 0.0
      vertex 81.7341 60.3209 0.0
      vertex 73.6583 48.5902 0.0
    endloop
  endfacet
  facet normal 0.0 0.0 -1.0
    outer loop
      vertex 72.5 26.7 0.0
      vertex 80.4853 14.77178 0.0
      vertex 80.3832 14.52533 0.0
    endloop
  endfacet
  facet normal -0.0 0.0 -1.0
    outer loop
      vertex 81.7341 60.3209 0.0
      vertex 73.5517 48.7641 0.0
      vertex 81.4747 60.3832 0.0
    endloop
  endfacet
  facet normal 0.0 0.0 -1.0
    outer loop
      vertex 72.2966 26.716 0.0
      vertex 80.3832 14.52533 0.0
      vertex 80.3209 14.26594 0.0
    endloop
  endfacet
  facet normal 0.0 0.0 -1.0
    outer loop
      vertex 73.4192 48.9192 0.0
      vertex 81.4747 60.3832 0.0
      vertex 73.5517 48.7641 0.0
    endloop
  endfacet
  facet normal 0.0 0.0 -1.0
    outer loop
      vertex 72.0983 26.7636 0.0
      vertex 80.3209 14.26594 0.0
      vertex 80.3 14.0 0.0
    endloop
  endfacet
  facet normal -0.0 0.0 -1.0
    outer loop
      vertex 81.4747 60.3832 0.0
      vertex 73.4192 48.9192 0.0
      vertex 81.2282 60.4853 0.0
    endloop
  endfacet
  facet normal 0.0 0.0 -1.0
    outer loop
      vertex 86.0 8.0 0.0
      vertex 88.0 10.0 0.0
      vertex 87.9754 9.68713 0.0
    endloop
  endfacet
  facet normal 0.0 0.0 -1.0
    outer loop
      vertex 83.6791 14.26594 0.0
      vertex 88.0 10.0 0.0
      vertex 83.7 14.0 0.0
    endloop
  endfacet
  facet normal 0.0 0.0 -1.0
    outer loop
      vertex 86.0 8.0 0.0
      vertex 87.9754 9.68713 0.0
      vertex 87.9021 9.381969999999999 0.0
    endloop
  endfacet
  facet normal 0.0 0.0 -1.0
    outer loop
      vertex 83.6168 14.52533 0.0
      vertex 88.0 10.0 0.0
      vertex 83.6791 14.26594 0.0
    endloop
  endfacet
  facet normal 0.0 0.0 -1.0
    outer loop
      vertex 86.0 8.0 0.0
      vertex 87.9021 9.381969999999999 0.0
      vertex 87.782 9.09202 0.0
    endloop
  endfacet
  facet normal 0.0 0.0 -1.0
    outer loop
      vertex 83.6791 62.2659 0.0
      vertex 88.0 66.0 0.0
      vertex 83.7 62.0 0.0
    endloop
  endfacet
  facet normal 0.0 0.0 -1.0
    outer loop
      vertex 86.0 8.0 0.0
      vertex 87.782 9.09202 0.0
      vertex 87.618 8.824429 0.0
    endloop
  endfacet
  facet normal 0.0 0.0 -1.0
    outer loop
      vertex 83.6168 62.5253 0.0
      vertex 88.0 66.0 0.0
      vertex 83.6791 62.2659 0.0
    endloop
  endfacet
  facet normal 0.0 0.0 -1.0
    outer loop
      vertex 86.0 8.0 0.0
      vertex 87.618 8.824429 0.0
      vertex 87.4142 8.585786 0.0
    endloop
  endfacet
  facet normal 0.0 0.0 -1.0
    outer loop
      vertex 83.5147 62.7718 0.0
      vertex 88.0 66.0 0.0
      vertex 83.6168 62.5253 0.0
    endloop
  endfacet
  facet normal 0.0 0.0 -1.0
    outer loop
      vertex 86.0 8.0 0.0
      vertex 87.4142 8.585786 0.0
      vertex 87.1756 8.381966 0.0
    endloop
  endfacet
  facet normal 0.0 0.0 -1.0
    outer loop
      vertex 83.3753 62.9992 0.0
      vertex 88.0 66.0 0.0
      vertex 83.5147 62.7718 0.0
    endloop
  endfacet
  facet normal 0.0 0.0 -1.0
    outer loop
      vertex 86.0 8.0 0.0
      vertex 87.1756 8.381966 0.0
      vertex 86.908 8.217986 0.0
    endloop
  endfacet
  facet normal 0.0 0.0 -1.0
    outer loop
      vertex 83.2021 63.2021 0.0
      vertex 88.0 66.0 0.0
      vertex 83.3753 62.9992 0.0
    endloop
  endfacet
  facet normal 0.0 0.0 -1.0
    outer loop
      vertex 86.0 8.0 0.0
      vertex 86.908 8.217986 0.0
      vertex 86.618 8.0978861 0.0
    endloop
  endfacet
  facet normal 0.0 -0.0 -1.0
    outer loop
      vertex 86.0 68.0 0.0
      vertex 88.0 66.0 0.0
      vertex 83.2021 63.2021 0.0
    endloop
  endfacet
  facet normal 0.0 0.0 -1.0
    outer loop
      vertex 86.0 8.0 0.0
      vertex 86.618 8.0978861 0.0
      vertex 86.3129 8.0246229 0.0
    endloop
  endfacet
  facet normal 0.0 0.0 -1.0
    outer loop
      vertex 88.0 66.0 0.0
      vertex 86.0 68.0 0.0
      vertex 87.9754 66.3129 0.0
    endloop
  endfacet
  facet normal -0.0 0.0 -1.0
    outer loop
      vertex 88.0 10.0 0.0
      vertex 86.0 8.0 0.0
      vertex 83.2021 12.797920000000001 0.0
    endloop
  endfacet
  facet normal 0.0 0.0 -1.0
    outer loop
      vertex 87.9754 66.3129 0.0
      vertex 86.0 68.0 0.0
      vertex 87.9021 66.618 0.0
    endloop
  endfacet
  facet normal 0.0 0.0 -1.0
    outer loop
      vertex 87.9021 66.618 0.0
      vertex 86.0 68.0 0.0
      vertex 87.782 66.908 0.0
    endloop
  endfacet
  facet normal 0.0 0.0 -1.0
    outer loop
      vertex 88.0 10.0 0.0
      vertex 83.6791 13.73406 0.0
      vertex 83.7 14.0 0.0
    endloop
  endfacet
  facet normal 0.0 0.0 -1.0
    outer loop
      vertex 88.0 10.0 0.0
      vertex 83.6168 13.47467 0.0
      vertex 83.6791 13.73406 0.0
    endloop
  endfacet
  facet normal 0.0 0.0 -1.0
    outer loop
      vertex 88.0 10.0 0.0
      vertex 83.5147 13.22822 0.0
      vertex 83.6168 13.47467 0.0
    endloop
  endfacet
  facet normal 0.0 0.0 -1.0
    outer loop
      vertex 88.0 10.0 0.0
      vertex 83.3753 13.00076 0.0
      vertex 83.5147 13.22822 0.0
    endloop
  endfacet
  facet normal 0.0 0.0 -1.0
    outer loop
      vertex 88.0 10.0 0.0
      vertex 83.2021 12.797920000000001 0.0
      vertex 83.3753 13.00076 0.0
    endloop
  endfacet
  facet normal 0.0 0.0 -1.0
    outer loop
      vertex 86.0 8.0 0.0
      vertex 82.9992 12.62467 0.0
      vertex 83.2021 12.797920000000001 0.0
    endloop
  endfacet
  facet normal 0.0 0.0 -1.0
    outer loop
      vertex 86.0 8.0 0.0
      vertex 82.7718 12.485289999999999 0.0
      vertex 82.9992 12.62467 0.0
    endloop
  endfacet
  facet normal 0.0 0.0 -1.0
    outer loop
      vertex 86.0 8.0 0.0
      vertex 82.5253 12.3832 0.0
      vertex 82.7718 12.485289999999999 0.0
    endloop
  endfacet
  facet normal 0.0 0.0 -1.0
    outer loop
      vertex 86.0 8.0 0.0
      vertex 82.2659 12.32093 0.0
      vertex 82.5253 12.3832 0.0
    endloop
  endfacet
  facet normal 0.0 0.0 -1.0
    outer loop
      vertex 86.0 8.0 0.0
      vertex 82.0 12.3 0.0
      vertex 82.2659 12.32093 0.0
    endloop
  endfacet
  facet normal 0.0 0.0 -1.0
    outer loop
      vertex 86.0 8.0 0.0
      vertex 81.7341 12.32093 0.0
      vertex 82.0 12.3 0.0
    endloop
  endfacet
  facet normal 0.0 0.0 -1.0
    outer loop
      vertex 86.0 8.0 0.0
      vertex 81.4747 12.3832 0.0
      vertex 81.7341 12.32093 0.0
    endloop
  endfacet
  facet normal 0.0 0.0 -1.0
    outer loop
      vertex 86.0 8.0 0.0
      vertex 81.2282 12.485289999999999 0.0
      vertex 81.4747 12.3832 0.0
    endloop
  endfacet
  facet normal 0.0 0.0 -1.0
    outer loop
      vertex 86.0 8.0 0.0
      vertex 81.0008 12.62467 0.0
      vertex 81.2282 12.485289999999999 0.0
    endloop
  endfacet
  facet normal 0.0 0.0 -1.0
    outer loop
      vertex 14.99923 12.62467 0.0
      vertex 81.0008 12.62467 0.0
      vertex 86.0 8.0 0.0
    endloop
  endfacet
  facet normal 0.0 0.0 -1.0
    outer loop
      vertex 73.2641 49.0517 0.0
      vertex 81.2282 60.4853 0.0
      vertex 73.4192 48.9192 0.0
    endloop
  endfacet
  facet normal 0.0 0.0 -1.0
    outer loop
      vertex 71.90979999999999 26.8417 0.0
      vertex 80.3 14.0 0.0
      vertex 80.3209 13.73406 0.0
    endloop
  endfacet
  facet normal 0.0 0.0 -1.0
    outer loop
      vertex 71.7359 26.9483 0.0
      vertex 80.3209 13.73406 0.0
      vertex 80.3832 13.47467 0.0
    endloop
  endfacet
  facet normal 0.0 0.0 -1.0
    outer loop
      vertex 15.6168 13.47467 0.0
      vertex 80.3832 13.47467 0.0
      vertex 80.4853 13.22822 0.0
    endloop
  endfacet
  facet normal 0.0 0.0 -1.0
    outer loop
      vertex 82.5253 15.6168 0.0
      vertex 73.784 27.7966 0.0
      vertex 73.8 28.0 0.0
    endloop
  endfacet
  facet normal 0.0 0.0 -1.0
    outer loop
      vertex 82.2659 15.67907 0.0
      vertex 73.7364 27.5983 0.0
      vertex 73.784 27.7966 0.0
    endloop
  endfacet
  facet normal 0.0 0.0 -1.0
    outer loop
      vertex 82.0 15.7 0.0
      vertex 73.6583 27.4098 0.0
      vertex 73.7364 27.5983 0.0
    endloop
  endfacet
  facet normal 0.0 0.0 -1.0
    outer loop
      vertex 81.7341 15.67907 0.0
      vertex 73.5517 27.2359 0.0
      vertex 73.6583 27.4098 0.0
    endloop
  endfacet
  facet normal 0.0 0.0 -1.0
    outer loop
      vertex 81.4747 15.6168 0.0
      vertex 73.4192 27.0808 0.0
      vertex 73.5517 27.2359 0.0
    endloop
  endfacet
  facet normal 0.0 0.0 -1.0
    outer loop
      vertex 81.2282 15.514710000000001 0.0
      vertex 73.2641 26.9483 0.0
      vertex 73.4192 27.0808 0.0
    endloop
  endfacet
  facet normal 0.0 0.0 -1.0
    outer loop
      vertex 81.0008 15.37533 0.0
      vertex 73.0902 26.8417 0.0
      vertex 73.2641 26.9483 0.0
    endloop
  endfacet
  facet normal 0.0 0.0 -1.0
    outer loop
      vertex 80.7979 15.202079999999999 0.0
      vertex 72.9017 26.7636 0.0
      vertex 73.0902 26.8417 0.0
    endloop
  endfacet
  facet normal 0.0 0.0 -1.0
    outer loop
      vertex 80.6247 14.99923 0.0
      vertex 72.7034 26.716 0.0
      vertex 72.9017 26.7636 0.0
    endloop
  endfacet
  facet normal 0.0 0.0 -1.0
    outer loop
      vertex 80.4853 14.77178 0.0
      vertex 72.5 26.7 0.0
      vertex 72.7034 26.716 0.0
    endloop
  endfacet
  facet normal 0.0 0.0 -1.0
    outer loop
      vertex 80.3832 14.52533 0.0
      vertex 72.2966 26.716 0.0
      vertex 72.5 26.7 0.0
    endloop
  endfacet
  facet normal 0.0 0.0 -1.0
    outer loop
      vertex 80.3209 14.26594 0.0
      vertex 72.0983 26.7636 0.0
      vertex 72.2966 26.716 0.0
    endloop
  endfacet
  facet normal 0.0 0.0 -1.0
    outer loop
      vertex 15.514710000000001 13.22822 0.0
      vertex 80.4853 13.22822 0.0
      vertex 80.6247 13.00076 0.0
    endloop
  endfacet
  facet normal 0.0 0.0 -1.0
    outer loop
      vertex 80.3 14.0 0.0
      vertex 71.90979999999999 26.8417 0.0
      vertex 72.0983 26.7636 0.0
    endloop
  endfacet
  facet normal 0.0 0.0 -1.0
    outer loop
      vertex 80.3209 13.73406 0.0
      vertex 71.7359 26.9483 0.0
      vertex 71.90979999999999 26.8417 0.0
    endloop
  endfacet
  facet normal 0.0 0.0 -1.0
    outer loop
      vertex 80.3832 13.47467 0.0
      vertex 71.58080000000001 27.0808 0.0
      vertex 71.7359 26.9483 0.0
    endloop
  endfacet
  facet normal 0.0 0.0 -1.0
    outer loop
      vertex 80.3832 13.47467 0.0
      vertex 24.4192 27.0808 0.0
      vertex 71.58080000000001 27.0808 0.0
    endloop
  endfacet
  facet normal 0.0 0.0 -1.0
    outer loop
      vertex 71.2636 47.5983 0.0
      vertex 24.8 48.0 0.0
      vertex 71.21600000000001 47.7966 0.0
    endloop
  endfacet
  facet normal 0.0 0.0 -1.0
    outer loop
      vertex 71.21600000000001 27.7966 0.0
      vertex 24.8 28.0 0.0
      vertex 71.2 28.0 0.0
    endloop
  endfacet
  facet normal 0.0 0.0 -1.0
    outer loop
      vertex 24.784 27.7966 0.0
      vertex 71.21600000000001 27.7966 0.0
      vertex 71.2636 27.5983 0.0
    endloop
  endfacet
  facet normal 0.0 0.0 -1.0
    outer loop
      vertex 24.7364 27.5983 0.0
      vertex 71.2636 27.5983 0.0
      vertex 71.3417 27.4098 0.0
    endloop
  endfacet
  facet normal 0.0 0.0 -1.0
    outer loop
      vertex 24.6583 27.4098 0.0
      vertex 71.3417 27.4098 0.0
      vertex 71.4483 27.2359 0.0
    endloop
  endfacet
  facet normal 0.0 0.0 -1.0
    outer loop
      vertex 71.58080000000001 27.0808 0.0
      vertex 24.4192 27.0808 0.0
      vertex 71.4483 27.2359 0.0
    endloop
  endfacet
  facet normal 0.0 0.0 -1.0
    outer loop
      vertex 15.37533 13.00076 0.0
      vertex 80.6247 13.00076 0.0
      vertex 80.7979 12.797920000000001 0.0
    endloop
  endfacet
  facet normal 0.0 0.0 -1.0
    outer loop
      vertex 81.0008 12.62467 0.0
      vertex 14.99923 12.62467 0.0
      vertex 80.7979 12.797920000000001 0.0
    endloop
  endfacet
  facet normal 0.0 0.0 -1.0
    outer loop
      vertex 71.21600000000001 27.7966 0.0
      vertex 24.784 27.7966 0.0
      vertex 24.8 28.0 0.0
    endloop
  endfacet
  facet normal 0.0 0.0 -1.0
    outer loop
      vertex 71.2636 27.5983 0.0
      vertex 24.7364 27.5983 0.0
      vertex 24.784 27.7966 0.0
    endloop
  endfacet
  facet normal 0.0 0.0 -1.0
    outer loop
      vertex 71.3417 27.4098 0.0
      vertex 24.6583 27.4098 0.0
      vertex 24.7364 27.5983 0.0
    endloop
  endfacet
  facet normal 0.0 0.0 -1.0
    outer loop
      vertex 71.4483 27.2359 0.0
      vertex 24.5517 27.2359 0.0
      vertex 24.6583 27.4098 0.0
    endloop
  endfacet
  facet normal -0.0 0.0 -1.0
    outer loop
      vertex 71.4483 27.2359 0.0
      vertex 24.4192 27.0808 0.0
      vertex 24.5517 27.2359 0.0
    endloop
  endfacet
  facet normal 0.0 0.0 -1.0
    outer loop
      vertex 80.3832 13.47467 0.0
      vertex 15.6168 13.47467 0.0
      vertex 24.4192 27.0808 0.0
    endloop
  endfacet
  facet normal 0.0 0.0 -1.0
    outer loop
      vertex 24.4192 27.0808 0.0
      vertex 15.6168 13.47467 0.0
      vertex 24.2641 26.9483 0.0
    endloop
  endfacet
  facet normal 0.0 -0.0 -1.0
    outer loop
      vertex 15.67907 13.73406 0.0
      vertex 24.2641 26.9483 0.0
      vertex 15.6168 13.47467 0.0
    endloop
  endfacet
  facet normal 0.0 0.0 -1.0
    outer loop
      vertex 24.2641 26.9483 0.0
      vertex 15.67907 13.73406 0.0
      vertex 24.0902 26.8417 0.0
    endloop
  endfacet
  facet normal 0.0 -0.0 -1.0
    outer loop
      vertex 15.7 14.0 0.0
      vertex 24.0902 26.8417 0.0
      vertex 15.67907 13.73406 0.0
    endloop
  endfacet
  facet normal 0.0 0.0 -1.0
    outer loop
      vertex 24.0902 26.8417 0.0
      vertex 15.7 14.0 0.0
      vertex 23.901699999999998 26.7636 0.0
    endloop
  endfacet
  facet normal 0.0 0.0 -1.0
    outer loop
      vertex 15.67907 14.26594 0.0
      vertex 23.901699999999998 26.7636 0.0
      vertex 15.7 14.0 0.0
    endloop
  endfacet
  facet normal 0.0 0.0 -1.0
    outer loop
      vertex 14.52533 15.6168 0.0
      vertex 22.5808 27.0808 0.0
      vertex 14.77178 15.514710000000001 0.0
    endloop
  endfacet
  facet normal -0.0 0.0 -1.0
    outer loop
      vertex 22.9098 26.8417 0.0
      vertex 14.99923 15.37533 0.0
      vertex 22.7359 26.9483 0.0
    endloop
  endfacet
  facet normal 0.0 0.0 -1.0
    outer loop
      vertex 14.99923 15.37533 0.0
      vertex 22.9098 26.8417 0.0
      vertex 15.202079999999999 15.202079999999999 0.0
    endloop
  endfacet
  facet normal -0.0 0.0 -1.0
    outer loop
      vertex 23.098300000000002 26.7636 0.0
      vertex 15.202079999999999 15.202079999999999 0.0
      vertex 22.9098 26.8417 0.0
    endloop
  endfacet
  facet normal 0.0 0.0 -1.0
    outer loop
      vertex 15.202079999999999 15.202079999999999 0.0
      vertex 23.098300000000002 26.7636 0.0
      vertex 15.37533 14.99923 0.0
    endloop
  endfacet
  facet normal -0.0 0.0 -1.0
    outer loop
      vertex 23.296599999999998 26.716 0.0
      vertex 15.37533 14.99923 0.0
      vertex 23.098300000000002 26.7636 0.0
    endloop
  endfacet
  facet normal 0.0 0.0 -1.0
    outer loop
      vertex 15.37533 14.99923 0.0
      vertex 23.296599999999998 26.716 0.0
      vertex 15.514710000000001 14.77178 0.0
    endloop
  endfacet
  facet normal -0.0 0.0 -1.0
    outer loop
      vertex 23.5 26.7 0.0
      vertex 15.514710000000001 14.77178 0.0
      vertex 23.296599999999998 26.716 0.0
    endloop
  endfacet
  facet normal 0.0 0.0 -1.0
    outer loop
      vertex 15.514710000000001 14.77178 0.0
      vertex 23.5 26.7 0.0
      vertex 15.6168 14.52533 0.0
    endloop
  endfacet
  facet normal 0.0 0.0 -1.0
    outer loop
      vertex 23.901699999999998 26.7636 0.0
      vertex 15.67907 14.26594 0.0
      vertex 23.703400000000002 26.716 0.0
    endloop
  endfacet
  facet normal 0.0 0.0 -1.0
    outer loop
      vertex 23.703400000000002 26.716 0.0
      vertex 15.6168 14.52533 0.0
      vertex 23.5 26.7 0.0
    endloop
  endfacet
  facet normal 0.0 0.0 -1.0
    outer loop
      vertex 15.6168 14.52533 0.0
      vertex 23.703400000000002 26.716 0.0
      vertex 15.67907 14.26594 0.0
    endloop
  endfacet
  facet normal 0.0 0.0 -1.0
    outer loop
      vertex 80.4853 13.22822 0.0
      vertex 15.514710000000001 13.22822 0.0
      vertex 15.6168 13.47467 0.0
    endloop
  endfacet
  facet normal 0.0 0.0 -1.0
    outer loop
      vertex 80.6247 13.00076 0.0
      vertex 15.37533 13.00076 0.0
      vertex 15.514710000000001 13.22822 0.0
    endloop
  endfacet
  facet normal 0.0 0.0 -1.0
    outer loop
      vertex 80.7979 12.797920000000001 0.0
      vertex 15.202079999999999 12.797920000000001 0.0
      vertex 15.37533 13.00076 0.0
    endloop
  endfacet
  facet normal -0.0 0.0 -1.0
    outer loop
      vertex 80.7979 12.797920000000001 0.0
      vertex 14.99923 12.62467 0.0
      vertex 15.202079999999999 12.797920000000001 0.0
    endloop
  endfacet
  facet normal 0.0 0.0 -1.0
    outer loop
      vertex 10.0 8.0 0.0
      vertex 14.99923 12.62467 0.0
      vertex 86.0 8.0 0.0
    endloop
  endfacet
  facet normal 0.0 0.0 -1.0
    outer loop
      vertex 14.99923 12.62467 0.0
      vertex 10.0 8.0 0.0
      vertex 14.77178 12.485289999999999 0.0
    endloop
  endfacet
  facet normal 0.0 0.0 -1.0
    outer loop
      vertex 14.77178 12.485289999999999 0.0
      vertex 10.0 8.0 0.0
      vertex 14.52533 12.3832 0.0
    endloop
  endfacet
  facet normal 0.0 0.0 -1.0
    outer loop
      vertex 14.52533 12.3832 0.0
      vertex 10.0 8.0 0.0
      vertex 14.26594 12.32093 0.0
    endloop
  endfacet
  facet normal -0.0 0.0 -1.0
    outer loop
      vertex 12.32093 13.73406 0.0
      vertex 8.0 10.0 0.0
      vertex 12.3 14.0 0.0
    endloop
  endfacet
  facet normal -0.0 0.0 -1.0
    outer loop
      vertex 12.3832 13.47467 0.0
      vertex 8.0 10.0 0.0
      vertex 12.32093 13.73406 0.0
    endloop
  endfacet
  facet normal -0.0 0.0 -1.0
    outer loop
      vertex 12.485289999999999 13.22822 0.0
      vertex 8.0 10.0 0.0
      vertex 12.3832 13.47467 0.0
    endloop
  endfacet
  facet normal -0.0 0.0 -1.0
    outer loop
      vertex 12.62467 13.00076 0.0
      vertex 8.0 10.0 0.0
      vertex 12.485289999999999 13.22822 0.0
    endloop
  endfacet
  facet normal -0.0 0.0 -1.0
    outer loop
      vertex 12.797920000000001 12.797920000000001 0.0
      vertex 8.0 10.0 0.0
      vertex 12.62467 13.00076 0.0
    endloop
  endfacet
  facet normal 0.0 0.0 -1.0
    outer loop
      vertex 8.0 10.0 0.0
      vertex 12.797920000000001 12.797920000000001 0.0
      vertex 10.0 8.0 0.0
    endloop
  endfacet
  facet normal -0.0 0.0 -1.0
    outer loop
      vertex 13.00076 12.62467 0.0
      vertex 10.0 8.0 0.0
      vertex 12.797920000000001 12.797920000000001 0.0
    endloop
  endfacet
  facet normal -0.0 0.0 -1.0
    outer loop
      vertex 13.22822 12.485289999999999 0.0
      vertex 10.0 8.0 0.0
      vertex 13.00076 12.62467 0.0
    endloop
  endfacet
  facet normal -0.0 0.0 -1.0
    outer loop
      vertex 13.47467 12.3832 0.0
      vertex 10.0 8.0 0.0
      vertex 13.22822 12.485289999999999 0.0
    endloop
  endfacet
  facet normal -0.0 0.0 -1.0
    outer loop
      vertex 13.73406 12.32093 0.0
      vertex 10.0 8.0 0.0
      vertex 13.47467 12.3832 0.0
    endloop
  endfacet
  facet normal -0.0 0.0 -1.0
    outer loop
      vertex 14.0 12.3 0.0
      vertex 10.0 8.0 0.0
      vertex 13.73406 12.32093 0.0
    endloop
  endfacet
  facet normal 0.0 0.0 -1.0
    outer loop
      vertex 14.26594 12.32093 0.0
      vertex 10.0 8.0 0.0
      vertex 14.0 12.3 0.0
    endloop
  endfacet
  facet normal 0.0 0.0 -1.0
    outer loop
      vertex 87.618 67.1756 0.0
      vertex 86.0 68.0 0.0
      vertex 87.4142 67.4142 0.0
    endloop
  endfacet
  facet normal 0.0 0.0 -1.0
    outer loop
      vertex 87.4142 67.4142 0.0
      vertex 86.0 68.0 0.0
      vertex 87.1756 67.618 0.0
    endloop
  endfacet
  facet normal 0.0 0.0 -1.0
    outer loop
      vertex 87.1756 67.618 0.0
      vertex 86.0 68.0 0.0
      vertex 86.908 67.782 0.0
    endloop
  endfacet
  facet normal 0.0 0.0 -1.0
    outer loop
      vertex 86.908 67.782 0.0
      vertex 86.0 68.0 0.0
      vertex 86.618 67.90209999999999 0.0
    endloop
  endfacet
  facet normal 0.0 0.0 -1.0
    outer loop
      vertex 86.618 67.90209999999999 0.0
      vertex 86.0 68.0 0.0
      vertex 86.3129 67.97540000000001 0.0
    endloop
  endfacet
  facet normal 0.0 0.0 -1.0
    outer loop
      vertex 87.782 66.908 0.0
      vertex 86.0 68.0 0.0
      vertex 87.618 67.1756 0.0
    endloop
  endfacet
  facet normal 0.0 0.0 -1.0
    outer loop
      vertex 82.9992 63.3753 0.0
      vertex 86.0 68.0 0.0
      vertex 83.2021 63.2021 0.0
    endloop
  endfacet
  facet normal 0.0 0.0 -1.0
    outer loop
      vertex 82.7718 63.5147 0.0
      vertex 86.0 68.0 0.0
      vertex 82.9992 63.3753 0.0
    endloop
  endfacet
  facet normal 0.0 0.0 -1.0
    outer loop
      vertex 82.5253 63.6168 0.0
      vertex 86.0 68.0 0.0
      vertex 82.7718 63.5147 0.0
    endloop
  endfacet
  facet normal 0.0 0.0 -1.0
    outer loop
      vertex 82.2659 63.6791 0.0
      vertex 86.0 68.0 0.0
      vertex 82.5253 63.6168 0.0
    endloop
  endfacet
  facet normal 0.0 0.0 -1.0
    outer loop
      vertex 82.0 63.7 0.0
      vertex 86.0 68.0 0.0
      vertex 82.2659 63.6791 0.0
    endloop
  endfacet
  facet normal 0.0 0.0 -1.0
    outer loop
      vertex 81.7341 63.6791 0.0
      vertex 86.0 68.0 0.0
      vertex 82.0 63.7 0.0
    endloop
  endfacet
  facet normal 0.0 0.0 -1.0
    outer loop
      vertex 81.4747 63.6168 0.0
      vertex 86.0 68.0 0.0
      vertex 81.7341 63.6791 0.0
    endloop
  endfacet
  facet normal 0.0 0.0 -1.0
    outer loop
      vertex 81.2282 63.5147 0.0
      vertex 86.0 68.0 0.0
      vertex 81.4747 63.6168 0.0
    endloop
  endfacet
  facet normal 0.0 0.0 -1.0
    outer loop
      vertex 81.0008 63.3753 0.0
      vertex 86.0 68.0 0.0
      vertex 81.2282 63.5147 0.0
    endloop
  endfacet
  facet normal 0.0 0.0 -1.0
    outer loop
      vertex 14.99923 63.3753 0.0
      vertex 81.0008 63.3753 0.0
      vertex 80.7979 63.2021 0.0
    endloop
  endfacet
  facet normal -0.0 0.0 -1.0
    outer loop
      vertex 81.2282 60.4853 0.0
      vertex 73.2641 49.0517 0.0
      vertex 81.0008 60.6247 0.0
    endloop
  endfacet
  facet normal 0.0 0.0 -1.0
    outer loop
      vertex 73.0902 49.1583 0.0
      vertex 81.0008 60.6247 0.0
      vertex 73.2641 49.0517 0.0
    endloop
  endfacet
  facet normal -0.0 0.0 -1.0
    outer loop
      vertex 81.0008 60.6247 0.0
      vertex 73.0902 49.1583 0.0
      vertex 80.7979 60.7979 0.0
    endloop
  endfacet
  facet normal 0.0 0.0 -1.0
    outer loop
      vertex 72.9017 49.2364 0.0
      vertex 80.7979 60.7979 0.0
      vertex 73.0902 49.1583 0.0
    endloop
  endfacet
  facet normal -0.0 0.0 -1.0
    outer loop
      vertex 80.7979 60.7979 0.0
      vertex 72.9017 49.2364 0.0
      vertex 80.6247 61.0008 0.0
    endloop
  endfacet
  facet normal 0.0 0.0 -1.0
    outer loop
      vertex 72.7034 49.284 0.0
      vertex 80.6247 61.0008 0.0
      vertex 72.9017 49.2364 0.0
    endloop
  endfacet
  facet normal -0.0 0.0 -1.0
    outer loop
      vertex 80.6247 61.0008 0.0
      vertex 72.7034 49.284 0.0
      vertex 80.4853 61.2282 0.0
    endloop
  endfacet
  facet normal 0.0 0.0 -1.0
    outer loop
      vertex 72.5 49.3 0.0
      vertex 80.4853 61.2282 0.0
      vertex 72.7034 49.284 0.0
    endloop
  endfacet
  facet normal -0.0 0.0 -1.0
    outer loop
      vertex 80.4853 61.2282 0.0
      vertex 72.5 49.3 0.0
      vertex 80.3832 61.4747 0.0
    endloop
  endfacet
  facet normal 0.0 0.0 -1.0
    outer loop
      vertex 72.2966 49.284 0.0
      vertex 80.3832 61.4747 0.0
      vertex 72.5 49.3 0.0
    endloop
  endfacet
  facet normal -0.0 0.0 -1.0
    outer loop
      vertex 80.3832 61.4747 0.0
      vertex 72.2966 49.284 0.0
      vertex 80.3209 61.7341 0.0
    endloop
  endfacet
  facet normal 0.0 0.0 -1.0
    outer loop
      vertex 72.0983 49.2364 0.0
      vertex 80.3209 61.7341 0.0
      vertex 72.2966 49.284 0.0
    endloop
  endfacet
  facet normal -0.0 0.0 -1.0
    outer loop
      vertex 80.3209 61.7341 0.0
      vertex 72.0983 49.2364 0.0
      vertex 80.3 62.0 0.0
    endloop
  endfacet
  facet normal 0.0 0.0 -1.0
    outer loop
      vertex 71.90979999999999 49.1583 0.0
      vertex 80.3 62.0 0.0
      vertex 72.0983 49.2364 0.0
    endloop
  endfacet
  facet normal -0.0 0.0 -1.0
    outer loop
      vertex 80.3 62.0 0.0
      vertex 71.90979999999999 49.1583 0.0
      vertex 80.3209 62.2659 0.0
    endloop
  endfacet
  facet normal 0.0 0.0 -1.0
    outer loop
      vertex 71.7359 49.0517 0.0
      vertex 80.3209 62.2659 0.0
      vertex 71.90979999999999 49.1583 0.0
    endloop
  endfacet
  facet normal -0.0 0.0 -1.0
    outer loop
      vertex 80.3209 62.2659 0.0
      vertex 71.7359 49.0517 0.0
      vertex 80.3832 62.5253 0.0
    endloop
  endfacet
  facet normal 0.0 0.0 -1.0
    outer loop
      vertex 71.58080000000001 48.9192 0.0
      vertex 80.3832 62.5253 0.0
      vertex 71.7359 49.0517 0.0
    endloop
  endfacet
  facet normal 0.0 0.0 -1.0
    outer loop
      vertex 24.4192 48.9192 0.0
      vertex 80.3832 62.5253 0.0
      vertex 71.58080000000001 48.9192 0.0
    endloop
  endfacet
  facet normal 0.0 0.0 -1.0
    outer loop
      vertex 15.6168 62.5253 0.0
      vertex 80.3832 62.5253 0.0
      vertex 24.4192 48.9192 0.0
    endloop
  endfacet
  facet normal 0.0 0.0 -1.0
    outer loop
      vertex 24.4192 48.9192 0.0
      vertex 71.58080000000001 48.9192 0.0
      vertex 71.4483 48.7641 0.0
    endloop
  endfacet
  facet normal 0.0 0.0 -1.0
    outer loop
      vertex 71.21600000000001 47.7966 0.0
      vertex 24.8 48.0 0.0
      vertex 71.2 48.0 0.0
    endloop
  endfacet
  facet normal 0.0 0.0 -1.0
    outer loop
      vertex 71.2 48.0 0.0
      vertex 24.8 48.0 0.0
      vertex 71.21600000000001 48.2034 0.0
    endloop
  endfacet
  facet normal 0.0 0.0 -1.0
    outer loop
      vertex 24.784 48.2034 0.0
      vertex 71.21600000000001 48.2034 0.0
      vertex 24.8 48.0 0.0
    endloop
  endfacet
  facet normal 0.0 0.0 -1.0
    outer loop
      vertex 71.21600000000001 48.2034 0.0
      vertex 24.784 48.2034 0.0
      vertex 71.2636 48.4017 0.0
    endloop
  endfacet
  facet normal 0.0 0.0 -1.0
    outer loop
      vertex 24.7364 48.4017 0.0
      vertex 71.2636 48.4017 0.0
      vertex 24.784 48.2034 0.0
    endloop
  endfacet
  facet normal 0.0 0.0 -1.0
    outer loop
      vertex 71.2636 48.4017 0.0
      vertex 24.7364 48.4017 0.0
      vertex 71.3417 48.5902 0.0
    endloop
  endfacet
  facet normal 0.0 0.0 -1.0
    outer loop
      vertex 24.6583 48.5902 0.0
      vertex 71.3417 48.5902 0.0
      vertex 24.7364 48.4017 0.0
    endloop
  endfacet
  facet normal 0.0 0.0 -1.0
    outer loop
      vertex 71.3417 48.5902 0.0
      vertex 24.6583 48.5902 0.0
      vertex 71.4483 48.7641 0.0
    endloop
  endfacet
  facet normal 0.0 0.0 -1.0
    outer loop
      vertex 24.5517 48.7641 0.0
      vertex 71.4483 48.7641 0.0
      vertex 24.6583 48.5902 0.0
    endloop
  endfacet
  facet normal 0.0 0.0 -1.0
    outer loop
      vertex 24.4192 48.9192 0.0
      vertex 71.4483 48.7641 0.0
      vertex 24.5517 48.7641 0.0
    endloop
  endfacet
  facet normal 0.0 0.0 -1.0
    outer loop
      vertex 80.3832 62.5253 0.0
      vertex 15.6168 62.5253 0.0
      vertex 80.4853 62.7718 0.0
    endloop
  endfacet
  facet normal 0.0 0.0 -1.0
    outer loop
      vertex 15.514710000000001 62.7718 0.0
      vertex 80.4853 62.7718 0.0
      vertex 15.6168 62.5253 0.0
    endloop
  endfacet
  facet normal 0.0 0.0 -1.0
    outer loop
      vertex 80.4853 62.7718 0.0
      vertex 15.514710000000001 62.7718 0.0
      vertex 80.6247 62.9992 0.0
    endloop
  endfacet
  facet normal 0.0 0.0 -1.0
    outer loop
      vertex 15.6168 62.5253 0.0
      vertex 24.4192 48.9192 0.0
      vertex 24.2641 49.0517 0.0
    endloop
  endfacet
  facet normal 0.0 0.0 -1.0
    outer loop
      vertex 15.67907 62.2659 0.0
      vertex 24.2641 49.0517 0.0
      vertex 24.0902 49.1583 0.0
    endloop
  endfacet
  facet normal 0.0 0.0 -1.0
    outer loop
      vertex 15.7 62.0 0.0
      vertex 24.0902 49.1583 0.0
      vertex 23.901699999999998 49.2364 0.0
    endloop
  endfacet
  facet normal 0.0 0.0 -1.0
    outer loop
      vertex 15.7 62.0 0.0
      vertex 23.901699999999998 49.2364 0.0
      vertex 23.703400000000002 49.284 0.0
    endloop
  endfacet
  facet normal 0.0 0.0 -1.0
    outer loop
      vertex 15.7 62.0 0.0
      vertex 23.703400000000002 49.284 0.0
      vertex 23.5 49.3 0.0
    endloop
  endfacet
  facet normal 0.0 0.0 -1.0
    outer loop
      vertex 15.7 62.0 0.0
      vertex 23.5 49.3 0.0
      vertex 23.296599999999998 49.284 0.0
    endloop
  endfacet
  facet normal 0.0 0.0 -1.0
    outer loop
      vertex 15.7 62.0 0.0
      vertex 23.296599999999998 49.284 0.0
      vertex 23.098300000000002 49.2364 0.0
    endloop
  endfacet
  facet normal 0.0 0.0 -1.0
    outer loop
      vertex 22.216 47.7966 0.0
      vertex 15.7 62.0 0.0
      vertex 22.2 48.0 0.0
    endloop
  endfacet
  facet normal 0.0 0.0 -1.0
    outer loop
      vertex 22.2 48.0 0.0
      vertex 15.7 62.0 0.0
      vertex 22.216 48.2034 0.0
    endloop
  endfacet
  facet normal 0.0 0.0 -1.0
    outer loop
      vertex 15.7 62.0 0.0
      vertex 22.2636 48.4017 0.0
      vertex 22.216 48.2034 0.0
    endloop
  endfacet
  facet normal 0.0 0.0 -1.0
    outer loop
      vertex 15.7 62.0 0.0
      vertex 22.3417 48.5902 0.0
      vertex 22.2636 48.4017 0.0
    endloop
  endfacet
  facet normal 0.0 0.0 -1.0
    outer loop
      vertex 15.7 62.0 0.0
      vertex 22.4483 48.7641 0.0
      vertex 22.3417 48.5902 0.0
    endloop
  endfacet
  facet normal 0.0 0.0 -1.0
    outer loop
      vertex 15.7 62.0 0.0
      vertex 22.5808 48.9192 0.0
      vertex 22.4483 48.7641 0.0
    endloop
  endfacet
  facet normal 0.0 0.0 -1.0
    outer loop
      vertex 15.7 62.0 0.0
      vertex 22.7359 49.0517 0.0
      vertex 22.5808 48.9192 0.0
    endloop
  endfacet
  facet normal 0.0 0.0 -1.0
    outer loop
      vertex 15.7 62.0 0.0
      vertex 22.9098 49.1583 0.0
      vertex 22.7359 49.0517 0.0
    endloop
  endfacet
  facet normal 0.0 0.0 -1.0
    outer loop
      vertex 15.7 62.0 0.0
      vertex 23.098300000000002 49.2364 0.0
      vertex 22.9098 49.1583 0.0
    endloop
  endfacet
  facet normal 0.0 0.0 -1.0
    outer loop
      vertex 24.0902 49.1583 0.0
      vertex 15.7 62.0 0.0
      vertex 15.67907 62.2659 0.0
    endloop
  endfacet
  facet normal 0.0 0.0 -1.0
    outer loop
      vertex 24.2641 49.0517 0.0
      vertex 15.67907 62.2659 0.0
      vertex 15.6168 62.5253 0.0
    endloop
  endfacet
  facet normal 0.0 0.0 -1.0
    outer loop
      vertex 15.37533 62.9992 0.0
      vertex 80.6247 62.9992 0.0
      vertex 15.514710000000001 62.7718 0.0
    endloop
  endfacet
  facet normal 0.0 0.0 -1.0
    outer loop
      vertex 80.6247 62.9992 0.0
      vertex 15.37533 62.9992 0.0
      vertex 80.7979 63.2021 0.0
    endloop
  endfacet
  facet normal 0.0 0.0 -1.0
    outer loop
      vertex 15.202079999999999 63.2021 0.0
      vertex 80.7979 63.2021 0.0
      vertex 15.37533 62.9992 0.0
    endloop
  endfacet
  facet normal 0.0 0.0 -1.0
    outer loop
      vertex 14.99923 63.3753 0.0
      vertex 80.7979 63.2021 0.0
      vertex 15.202079999999999 63.2021 0.0
    endloop
  endfacet
  facet normal 0.0 0.0 -1.0
    outer loop
      vertex 81.0008 63.3753 0.0
      vertex 14.99923 63.3753 0.0
      vertex 86.0 68.0 0.0
    endloop
  endfacet
  facet normal 0.0 0.0 -1.0
    outer loop
      vertex 10.0 68.0 0.0
      vertex 14.99923 63.3753 0.0
      vertex 14.77178 63.5147 0.0
    endloop
  endfacet
  facet normal 0.0 0.0 -1.0
    outer loop
      vertex 10.0 68.0 0.0
      vertex 14.77178 63.5147 0.0
      vertex 14.52533 63.6168 0.0
    endloop
  endfacet
  facet normal 0.0 0.0 -1.0
    outer loop
      vertex 10.0 68.0 0.0
      vertex 14.52533 63.6168 0.0
      vertex 14.26594 63.6791 0.0
    endloop
  endfacet
  facet normal 0.0 0.0 -1.0
    outer loop
      vertex 10.0 68.0 0.0
      vertex 14.26594 63.6791 0.0
      vertex 14.0 63.7 0.0
    endloop
  endfacet
  facet normal 0.0 0.0 -1.0
    outer loop
      vertex 14.99923 63.3753 0.0
      vertex 10.0 68.0 0.0
      vertex 86.0 68.0 0.0
    endloop
  endfacet
  facet normal 0.0 0.0 -1.0
    outer loop
      vertex 13.73406 63.6791 0.0
      vertex 10.0 68.0 0.0
      vertex 14.0 63.7 0.0
    endloop
  endfacet
  facet normal 0.0 0.0 -1.0
    outer loop
      vertex 13.47467 63.6168 0.0
      vertex 10.0 68.0 0.0
      vertex 13.73406 63.6791 0.0
    endloop
  endfacet
  facet normal 0.0 0.0 -1.0
    outer loop
      vertex 13.22822 63.5147 0.0
      vertex 10.0 68.0 0.0
      vertex 13.47467 63.6168 0.0
    endloop
  endfacet
  facet normal 0.0 0.0 -1.0
    outer loop
      vertex 13.00076 63.3753 0.0
      vertex 10.0 68.0 0.0
      vertex 13.22822 63.5147 0.0
    endloop
  endfacet
  facet normal 0.0 0.0 -1.0
    outer loop
      vertex 12.797920000000001 63.2021 0.0
      vertex 10.0 68.0 0.0
      vertex 13.00076 63.3753 0.0
    endloop
  endfacet
  facet normal 0.0 0.0 -1.0
    outer loop
      vertex 8.0 66.0 0.0
      vertex 12.797920000000001 63.2021 0.0
      vertex 12.62467 62.9992 0.0
    endloop
  endfacet
  facet normal 0.0 0.0 -1.0
    outer loop
      vertex 8.0 66.0 0.0
      vertex 12.62467 62.9992 0.0
      vertex 12.485289999999999 62.7718 0.0
    endloop
  endfacet
  facet normal 0.0 0.0 -1.0
    outer loop
      vertex 8.0 66.0 0.0
      vertex 12.485289999999999 62.7718 0.0
      vertex 12.3832 62.5253 0.0
    endloop
  endfacet
  facet normal 0.0 0.0 -1.0
    outer loop
      vertex 8.0 66.0 0.0
      vertex 12.3832 62.5253 0.0
      vertex 12.32093 62.2659 0.0
    endloop
  endfacet
  facet normal 0.0 0.0 -1.0
    outer loop
      vertex 8.0 66.0 0.0
      vertex 12.32093 62.2659 0.0
      vertex 12.3 62.0 0.0
    endloop
  endfacet
  facet normal 0.0 0.0 -1.0
    outer loop
      vertex 12.3832 61.4747 0.0
      vertex 8.0 66.0 0.0
      vertex 12.32093 61.7341 0.0
    endloop
  endfacet
  facet normal 0.0 0.0 -1.0
    outer loop
      vertex 8.0 10.0 0.0
      vertex 10.0 8.0 0.0
      vertex 9.68713 8.0246229 0.0
    endloop
  endfacet
  facet normal 0.0 0.0 -1.0
    outer loop
      vertex 12.32093 61.7341 0.0
      vertex 8.0 66.0 0.0
      vertex 12.3 62.0 0.0
    endloop
  endfacet
  facet normal 0.0 0.0 -1.0
    outer loop
      vertex 8.0 10.0 0.0
      vertex 9.68713 8.0246229 0.0
      vertex 9.381969999999999 8.0978861 0.0
    endloop
  endfacet
  facet normal 0.0 0.0 -1.0
    outer loop
      vertex 12.797920000000001 63.2021 0.0
      vertex 8.0 66.0 0.0
      vertex 10.0 68.0 0.0
    endloop
  endfacet
  facet normal 0.0 0.0 -1.0
    outer loop
      vertex 8.0 10.0 0.0
      vertex 9.381969999999999 8.0978861 0.0
      vertex 9.09202 8.217986 0.0
    endloop
  endfacet
  facet normal 0.0 0.0 -1.0
    outer loop
      vertex 10.0 68.0 0.0
      vertex 8.0 66.0 0.0
      vertex 9.68713 67.97540000000001 0.0
    endloop
  endfacet
  facet normal 0.0 0.0 -1.0
    outer loop
      vertex 8.0 10.0 0.0
      vertex 9.09202 8.217986 0.0
      vertex 8.824429 8.381966 0.0
    endloop
  endfacet
  facet normal 0.0 0.0 -1.0
    outer loop
      vertex 9.68713 67.97540000000001 0.0
      vertex 8.0 66.0 0.0
      vertex 9.381969999999999 67.90209999999999 0.0
    endloop
  endfacet
  facet normal 0.0 0.0 -1.0
    outer loop
      vertex 8.0 10.0 0.0
      vertex 8.824429 8.381966 0.0
      vertex 8.585786 8.585786 0.0
    endloop
  endfacet
  facet normal 0.0 0.0 -1.0
    outer loop
      vertex 9.381969999999999 67.90209999999999 0.0
      vertex 8.0 66.0 0.0
      vertex 9.09202 67.782 0.0
    endloop
  endfacet
  facet normal 0.0 0.0 -1.0
    outer loop
      vertex 8.0 10.0 0.0
      vertex 8.585786 8.585786 0.0
      vertex 8.381966 8.824429 0.0
    endloop
  endfacet
  facet normal 0.0 0.0 -1.0
    outer loop
      vertex 9.09202 67.782 0.0
      vertex 8.0 66.0 0.0
      vertex 8.824429 67.618 0.0
    endloop
  endfacet
  facet normal 0.0 0.0 -1.0
    outer loop
      vertex 8.0 10.0 0.0
      vertex 8.381966 8.824429 0.0
      vertex 8.217986 9.09202 0.0
    endloop
  endfacet
  facet normal 0.0 0.0 -1.0
    outer loop
      vertex 8.824429 67.618 0.0
      vertex 8.0 66.0 0.0
      vertex 8.585786 67.4142 0.0
    endloop
  endfacet
  facet normal 0.0 0.0 -1.0
    outer loop
      vertex 8.0 10.0 0.0
      vertex 8.217986 9.09202 0.0
      vertex 8.0978861 9.381969999999999 0.0
    endloop
  endfacet
  facet normal 0.0 0.0 -1.0
    outer loop
      vertex 8.585786 67.4142 0.0
      vertex 8.0 66.0 0.0
      vertex 8.381966 67.1756 0.0
    endloop
  endfacet
  facet normal 0.0 0.0 -1.0
    outer loop
      vertex 8.0 10.0 0.0
      vertex 8.0978861 9.381969999999999 0.0
      vertex 8.0246229 9.68713 0.0
    endloop
  endfacet
  facet normal 0.0 0.0 -1.0
    outer loop
      vertex 8.381966 67.1756 0.0
      vertex 8.0 66.0 0.0
      vertex 8.217986 66.908 0.0
    endloop
  endfacet
  facet normal 0.0 0.0 -1.0
    outer loop
      vertex 8.217986 66.908 0.0
      vertex 8.0 66.0 0.0
      vertex 8.0978861 66.618 0.0
    endloop
  endfacet
  facet normal 0.0 0.0 -1.0
    outer loop
      vertex 8.0978861 66.618 0.0
      vertex 8.0 66.0 0.0
      vertex 8.0246229 66.3129 0.0
    endloop
  endfacet
  facet normal -0.996918 0.07845 0.0
    outer loop
      vertex 8.0 66.0 0.0
      vertex 8.0246229 66.3129 30.0
      vertex 8.0246229 66.3129 0.0
    endloop
  endfacet
  facet normal -0.996918 0.07845 0.0
    outer loop
      vertex 8.0246229 66.3129 30.0
      vertex 8.0 66.0 0.0
      vertex 8.0 66.0 30.0
    endloop
  endfacet
  facet normal -0.522545 0.852612 0.0
    outer loop
      vertex 9.09202 67.782 0.0
      vertex 8.824429 67.618 30.0
      vertex 9.09202 67.782 30.0
    endloop
  endfacet
  facet normal -0.522545 0.852612 0.0
    outer loop
      vertex 8.824429 67.618 30.0
      vertex 9.09202 67.782 0.0
      vertex 8.824429 67.618 0.0
    endloop
  endfacet
  facet normal 0.233602 0.972332 -0.0
    outer loop
      vertex 86.618 67.90209999999999 0.0
      vertex 86.3129 67.97540000000001 30.0
      vertex 86.618 67.90209999999999 30.0
    endloop
  endfacet
  facet normal 0.233602 0.972332 0.0
    outer loop
      vertex 86.3129 67.97540000000001 30.0
      vertex 86.618 67.90209999999999 0.0
      vertex 86.3129 67.97540000000001 0.0
    endloop
  endfacet
  facet normal 0.972343 -0.233559 0.0
    outer loop
      vertex 87.9021 9.381969999999999 30.0
      vertex 87.9754 9.68713 0.0
      vertex 87.9754 9.68713 30.0
    endloop
  endfacet
  facet normal 0.972343 -0.233559 0.0
    outer loop
      vertex 87.9754 9.68713 0.0
      vertex 87.9021 9.381969999999999 30.0
      vertex 87.9021 9.381969999999999 0.0
    endloop
  endfacet
  facet normal 0.996923 -0.078385 0.0
    outer loop
      vertex 87.9754 9.68713 30.0
      vertex 88.0 10.0 0.0
      vertex 88.0 10.0 30.0
    endloop
  endfacet
  facet normal 0.996923 -0.078385 0.0
    outer loop
      vertex 88.0 10.0 0.0
      vertex 87.9754 9.68713 30.0
      vertex 87.9754 9.68713 0.0
    endloop
  endfacet
  facet normal -0.233448 -0.972369 0.0
    outer loop
      vertex 9.381969999999999 8.0978861 0.0
      vertex 9.68713 8.0246229 30.0
      vertex 9.381969999999999 8.0978861 30.0
    endloop
  endfacet
  facet normal -0.233448 -0.972369 -0.0
    outer loop
      vertex 9.68713 8.0246229 30.0
      vertex 9.381969999999999 8.0978861 0.0
      vertex 9.68713 8.0246229 0.0
    endloop
  endfacet
  facet normal 0.382624 -0.923904 0.0
    outer loop
      vertex 86.618 8.0978861 0.0
      vertex 86.908 8.217986 30.0
      vertex 86.618 8.0978861 30.0
    endloop
  endfacet
  facet normal 0.382624 -0.923904 0.0
    outer loop
      vertex 86.908 8.217986 30.0
      vertex 86.618 8.0978861 0.0
      vertex 86.908 8.217986 0.0
    endloop
  endfacet
  facet normal -0.852648 0.522486 0.0
    outer loop
      vertex 8.217986 66.908 0.0
      vertex 8.381966 67.1756 30.0
      vertex 8.381966 67.1756 0.0
    endloop
  endfacet
  facet normal -0.852648 0.522486 0.0
    outer loop
      vertex 8.381966 67.1756 30.0
      vertex 8.217986 66.908 0.0
      vertex 8.217986 66.908 30.0
    endloop
  endfacet
  facet normal -0.923904 0.382624 0.0
    outer loop
      vertex 8.0978861 66.618 0.0
      vertex 8.217986 66.908 30.0
      vertex 8.217986 66.908 0.0
    endloop
  endfacet
  facet normal -0.923904 0.382624 0.0
    outer loop
      vertex 8.217986 66.908 30.0
      vertex 8.0978861 66.618 0.0
      vertex 8.0978861 66.618 30.0
    endloop
  endfacet
  facet normal -0.233559 0.972343 0.0
    outer loop
      vertex 9.68713 67.97540000000001 0.0
      vertex 9.381969999999999 67.90209999999999 30.0
      vertex 9.68713 67.97540000000001 30.0
    endloop
  endfacet
  facet normal -0.233559 0.972343 0.0
    outer loop
      vertex 9.381969999999999 67.90209999999999 30.0
      vertex 9.68713 67.97540000000001 0.0
      vertex 9.381969999999999 67.90209999999999 0.0
    endloop
  endfacet
  facet normal -0.078385 0.996923 0.0
    outer loop
      vertex 10.0 68.0 0.0
      vertex 9.68713 67.97540000000001 30.0
      vertex 10.0 68.0 30.0
    endloop
  endfacet
  facet normal -0.078385 0.996923 0.0
    outer loop
      vertex 9.68713 67.97540000000001 30.0
      vertex 10.0 68.0 0.0
      vertex 9.68713 67.97540000000001 0.0
    endloop
  endfacet
  facet normal -0.38268 0.923881 0.0
    outer loop
      vertex 9.381969999999999 67.90209999999999 0.0
      vertex 9.09202 67.782 30.0
      vertex 9.381969999999999 67.90209999999999 30.0
    endloop
  endfacet
  facet normal -0.38268 0.923881 0.0
    outer loop
      vertex 9.09202 67.782 30.0
      vertex 9.381969999999999 67.90209999999999 0.0
      vertex 9.09202 67.782 0.0
    endloop
  endfacet
  facet normal 0.852612 -0.522545 0.0
    outer loop
      vertex 87.618 8.824429 30.0
      vertex 87.782 9.09202 0.0
      vertex 87.782 9.09202 30.0
    endloop
  endfacet
  facet normal 0.852612 -0.522545 0.0
    outer loop
      vertex 87.782 9.09202 0.0
      vertex 87.618 8.824429 30.0
      vertex 87.618 8.824429 0.0
    endloop
  endfacet
  facet normal 0.923881 -0.38268 0.0
    outer loop
      vertex 87.782 9.09202 30.0
      vertex 87.9021 9.381969999999999 0.0
      vertex 87.9021 9.381969999999999 30.0
    endloop
  endfacet
  facet normal 0.923881 -0.38268 0.0
    outer loop
      vertex 87.9021 9.381969999999999 0.0
      vertex 87.782 9.09202 30.0
      vertex 87.782 9.09202 0.0
    endloop
  endfacet
  facet normal -0.38268 -0.923881 0.0
    outer loop
      vertex 9.09202 8.217986 0.0
      vertex 9.381969999999999 8.0978861 30.0
      vertex 9.09202 8.217986 30.0
    endloop
  endfacet
  facet normal -0.38268 -0.923881 -0.0
    outer loop
      vertex 9.381969999999999 8.0978861 30.0
      vertex 9.09202 8.217986 0.0
      vertex 9.381969999999999 8.0978861 0.0
    endloop
  endfacet
  facet normal -0.972369 -0.233448 0.0
    outer loop
      vertex 8.0978861 9.381969999999999 0.0
      vertex 8.0246229 9.68713 30.0
      vertex 8.0246229 9.68713 0.0
    endloop
  endfacet
  facet normal -0.972369 -0.233448 0.0
    outer loop
      vertex 8.0246229 9.68713 30.0
      vertex 8.0978861 9.381969999999999 0.0
      vertex 8.0978861 9.381969999999999 30.0
    endloop
  endfacet
  facet normal -0.760407 -0.649447 0.0
    outer loop
      vertex 8.585786 8.585786 0.0
      vertex 8.381966 8.824429 30.0
      vertex 8.381966 8.824429 0.0
    endloop
  endfacet
  facet normal -0.760407 -0.649447 0.0
    outer loop
      vertex 8.381966 8.824429 30.0
      vertex 8.585786 8.585786 0.0
      vertex 8.585786 8.585786 30.0
    endloop
  endfacet
  facet normal 0.522486 -0.852648 0.0
    outer loop
      vertex 86.908 8.217986 0.0
      vertex 87.1756 8.381966 30.0
      vertex 86.908 8.217986 30.0
    endloop
  endfacet
  facet normal 0.522486 -0.852648 0.0
    outer loop
      vertex 87.1756 8.381966 30.0
      vertex 86.908 8.217986 0.0
      vertex 87.1756 8.381966 0.0
    endloop
  endfacet
  facet normal 0.233491 -0.972359 0.0
    outer loop
      vertex 86.3129 8.0246229 0.0
      vertex 86.618 8.0978861 30.0
      vertex 86.3129 8.0246229 30.0
    endloop
  endfacet
  facet normal 0.233491 -0.972359 0.0
    outer loop
      vertex 86.618 8.0978861 30.0
      vertex 86.3129 8.0246229 0.0
      vertex 86.618 8.0978861 0.0
    endloop
  endfacet
  facet normal -0.972359 0.233491 0.0
    outer loop
      vertex 8.0246229 66.3129 0.0
      vertex 8.0978861 66.618 30.0
      vertex 8.0978861 66.618 0.0
    endloop
  endfacet
  facet normal -0.972359 0.233491 0.0
    outer loop
      vertex 8.0978861 66.618 30.0
      vertex 8.0246229 66.3129 0.0
      vertex 8.0246229 66.3129 30.0
    endloop
  endfacet
  facet normal -0.760349 0.649515 0.0
    outer loop
      vertex 8.381966 67.1756 0.0
      vertex 8.585786 67.4142 30.0
      vertex 8.585786 67.4142 0.0
    endloop
  endfacet
  facet normal -0.760349 0.649515 0.0
    outer loop
      vertex 8.585786 67.4142 30.0
      vertex 8.381966 67.1756 0.0
      vertex 8.381966 67.1756 30.0
    endloop
  endfacet
  facet normal -0.649411 0.760438 0.0
    outer loop
      vertex 8.824429 67.618 0.0
      vertex 8.585786 67.4142 30.0
      vertex 8.824429 67.618 30.0
    endloop
  endfacet
  facet normal -0.649411 0.760438 0.0
    outer loop
      vertex 8.585786 67.4142 30.0
      vertex 8.824429 67.618 0.0
      vertex 8.585786 67.4142 0.0
    endloop
  endfacet
  facet normal 0.0783775 0.996924 -0.0
    outer loop
      vertex 86.3129 67.97540000000001 0.0
      vertex 86.0 68.0 30.0
      vertex 86.3129 67.97540000000001 30.0
    endloop
  endfacet
  facet normal 0.0783775 0.996924 0.0
    outer loop
      vertex 86.0 68.0 30.0
      vertex 86.3129 67.97540000000001 0.0
      vertex 86.0 68.0 0.0
    endloop
  endfacet
  facet normal 0.85262 0.522532 0.0
    outer loop
      vertex 87.782 66.908 30.0
      vertex 87.618 67.1756 0.0
      vertex 87.618 67.1756 30.0
    endloop
  endfacet
  facet normal 0.85262 0.522532 0.0
    outer loop
      vertex 87.618 67.1756 0.0
      vertex 87.782 66.908 30.0
      vertex 87.782 66.908 0.0
    endloop
  endfacet
  facet normal 0.760438 -0.649411 0.0
    outer loop
      vertex 87.4142 8.585786 30.0
      vertex 87.618 8.824429 0.0
      vertex 87.618 8.824429 30.0
    endloop
  endfacet
  facet normal 0.760438 -0.649411 0.0
    outer loop
      vertex 87.618 8.824429 0.0
      vertex 87.4142 8.585786 30.0
      vertex 87.4142 8.585786 0.0
    endloop
  endfacet
  facet normal 0.649515 -0.760349 0.0
    outer loop
      vertex 87.1756 8.381966 0.0
      vertex 87.4142 8.585786 30.0
      vertex 87.1756 8.381966 30.0
    endloop
  endfacet
  facet normal 0.649515 -0.760349 0.0
    outer loop
      vertex 87.4142 8.585786 30.0
      vertex 87.1756 8.381966 0.0
      vertex 87.4142 8.585786 0.0
    endloop
  endfacet
  facet normal -0.923881 -0.38268 0.0
    outer loop
      vertex 8.217986 9.09202 0.0
      vertex 8.0978861 9.381969999999999 30.0
      vertex 8.0978861 9.381969999999999 0.0
    endloop
  endfacet
  facet normal -0.923881 -0.38268 0.0
    outer loop
      vertex 8.0978861 9.381969999999999 30.0
      vertex 8.217986 9.09202 0.0
      vertex 8.217986 9.09202 30.0
    endloop
  endfacet
  facet normal -0.649447 -0.760407 0.0
    outer loop
      vertex 8.585786 8.585786 0.0
      vertex 8.824429 8.381966 30.0
      vertex 8.585786 8.585786 30.0
    endloop
  endfacet
  facet normal -0.649447 -0.760407 -0.0
    outer loop
      vertex 8.824429 8.381966 30.0
      vertex 8.585786 8.585786 0.0
      vertex 8.824429 8.381966 0.0
    endloop
  endfacet
  facet normal 0.382624 0.923904 -0.0
    outer loop
      vertex 86.908 67.782 0.0
      vertex 86.618 67.90209999999999 30.0
      vertex 86.908 67.782 30.0
    endloop
  endfacet
  facet normal 0.382624 0.923904 0.0
    outer loop
      vertex 86.618 67.90209999999999 30.0
      vertex 86.908 67.782 0.0
      vertex 86.618 67.90209999999999 0.0
    endloop
  endfacet
  facet normal 0.76038 0.649478 0.0
    outer loop
      vertex 87.618 67.1756 30.0
      vertex 87.4142 67.4142 0.0
      vertex 87.4142 67.4142 30.0
    endloop
  endfacet
  facet normal 0.76038 0.649478 0.0
    outer loop
      vertex 87.4142 67.4142 0.0
      vertex 87.618 67.1756 30.0
      vertex 87.618 67.1756 0.0
    endloop
  endfacet
  facet normal 0.923904 0.382624 0.0
    outer loop
      vertex 87.9021 66.618 30.0
      vertex 87.782 66.908 0.0
      vertex 87.782 66.908 30.0
    endloop
  endfacet
  facet normal 0.923904 0.382624 0.0
    outer loop
      vertex 87.782 66.908 0.0
      vertex 87.9021 66.618 30.0
      vertex 87.9021 66.618 0.0
    endloop
  endfacet
  facet normal 0.972332 0.233602 0.0
    outer loop
      vertex 87.9754 66.3129 30.0
      vertex 87.9021 66.618 0.0
      vertex 87.9021 66.618 30.0
    endloop
  endfacet
  facet normal 0.972332 0.233602 0.0
    outer loop
      vertex 87.9021 66.618 0.0
      vertex 87.9754 66.3129 30.0
      vertex 87.9754 66.3129 0.0
    endloop
  endfacet
  facet normal 0.522532 0.85262 -0.0
    outer loop
      vertex 87.1756 67.618 0.0
      vertex 86.908 67.782 30.0
      vertex 87.1756 67.618 30.0
    endloop
  endfacet
  facet normal 0.522532 0.85262 0.0
    outer loop
      vertex 86.908 67.782 30.0
      vertex 87.1756 67.618 0.0
      vertex 86.908 67.782 0.0
    endloop
  endfacet
  facet normal 1.0 0.0 0.0
    outer loop
      vertex 10.5 65.5 30.0
      vertex 10.5 63.9204 27.0
      vertex 10.5 65.5 2.5
    endloop
  endfacet
  facet normal 1.0 0.0 0.0
    outer loop
      vertex 10.5 65.5 30.0
      vertex 10.5 60.0796 27.0
      vertex 10.5 63.9204 27.0
    endloop
  endfacet
  facet normal 1.0 0.0 0.0
    outer loop
      vertex 10.5 60.0796 27.0
      vertex 10.5 47.0 13.5
      vertex 10.5 60.0796 2.5
    endloop
  endfacet
  facet normal 1.0 0.0 0.0
    outer loop
      vertex 10.5 60.0796 27.0
      vertex 10.5 29.0 13.5
      vertex 10.5 47.0 13.5
    endloop
  endfacet
  facet normal 1.0 0.0 0.0
    outer loop
      vertex 10.5 15.92044 27.0
      vertex 10.5 60.0796 27.0
      vertex 10.5 65.5 30.0
    endloop
  endfacet
  facet normal 1.0 0.0 0.0
    outer loop
      vertex 10.5 15.92044 2.5
      vertex 10.5 29.0 13.5
      vertex 10.5 15.92044 27.0
    endloop
  endfacet
  facet normal 1.0 0.0 0.0
    outer loop
      vertex 10.5 60.0796 27.0
      vertex 10.5 15.92044 27.0
      vertex 10.5 29.0 13.5
    endloop
  endfacet
  facet normal 1.0 -0.0 0.0
    outer loop
      vertex 10.5 10.5 30.0
      vertex 10.5 15.92044 27.0
      vertex 10.5 65.5 30.0
    endloop
  endfacet
  facet normal 1.0 0.0 0.0
    outer loop
      vertex 10.5 15.92044 27.0
      vertex 10.5 10.5 30.0
      vertex 10.5 12.07956 27.0
    endloop
  endfacet
  facet normal 1.0 0.0 0.0
    outer loop
      vertex 10.5 10.5 2.5
      vertex 10.5 12.07956 27.0
      vertex 10.5 10.5 30.0
    endloop
  endfacet
  facet normal 1.0 0.0 0.0
    outer loop
      vertex 10.5 12.07956 27.0
      vertex 10.5 10.5 2.5
      vertex 10.5 12.07956 2.5
    endloop
  endfacet
  facet normal 1.0 0.0 0.0
    outer loop
      vertex 10.5 65.5 2.5
      vertex 10.5 63.9204 27.0
      vertex 10.5 63.9204 2.5
    endloop
  endfacet
  facet normal 1.0 -0.0 0.0
    outer loop
      vertex 10.5 47.0 5.5
      vertex 10.5 60.0796 2.5
      vertex 10.5 47.0 13.5
    endloop
  endfacet
  facet normal 1.0 -0.0 0.0
    outer loop
      vertex 10.5 29.0 5.5
      vertex 10.5 60.0796 2.5
      vertex 10.5 47.0 5.5
    endloop
  endfacet
  facet normal 1.0 0.0 0.0
    outer loop
      vertex 10.5 29.0 5.5
      vertex 10.5 15.92044 2.5
      vertex 10.5 60.0796 2.5
    endloop
  endfacet
  facet normal 1.0 0.0 0.0
    outer loop
      vertex 10.5 29.0 13.5
      vertex 10.5 15.92044 2.5
      vertex 10.5 29.0 5.5
    endloop
  endfacet
  facet normal -1.0 0.0 0.0
    outer loop
      vertex 85.5 12.07956 2.5
      vertex 85.5 10.5 2.5
      vertex 85.5 12.07956 27.0
    endloop
  endfacet
  facet normal -1.0 0.0 0.0
    outer loop
      vertex 85.5 45.0 13.5
      vertex 85.5 60.0796 2.5
      vertex 85.5 45.0 5.5
    endloop
  endfacet
  facet normal -1.0 0.0 0.0
    outer loop
      vertex 85.5 60.0796 2.5
      vertex 85.5 31.0 5.5
      vertex 85.5 45.0 5.5
    endloop
  endfacet
  facet normal -1.0 -0.0 0.0
    outer loop
      vertex 85.5 31.0 5.5
      vertex 85.5 15.92044 2.5
      vertex 85.5 31.0 13.5
    endloop
  endfacet
  facet normal -1.0 0.0 0.0
    outer loop
      vertex 85.5 15.92044 2.5
      vertex 85.5 31.0 5.5
      vertex 85.5 60.0796 2.5
    endloop
  endfacet
  facet normal -1.0 0.0 0.0
    outer loop
      vertex 85.5 63.9204 27.0
      vertex 85.5 65.5 2.5
      vertex 85.5 63.9204 2.5
    endloop
  endfacet
  facet normal -1.0 0.0 0.0
    outer loop
      vertex 85.5 65.5 2.5
      vertex 85.5 63.9204 27.0
      vertex 85.5 65.5 30.0
    endloop
  endfacet
  facet normal -1.0 0.0 0.0
    outer loop
      vertex 85.5 60.0796 27.0
      vertex 85.5 65.5 30.0
      vertex 85.5 63.9204 27.0
    endloop
  endfacet
  facet normal -1.0 0.0 0.0
    outer loop
      vertex 85.5 60.0796 2.5
      vertex 85.5 45.0 13.5
      vertex 85.5 60.0796 27.0
    endloop
  endfacet
  facet normal -1.0 0.0 0.0
    outer loop
      vertex 85.5 31.0 13.5
      vertex 85.5 60.0796 27.0
      vertex 85.5 45.0 13.5
    endloop
  endfacet
  facet normal -1.0 0.0 0.0
    outer loop
      vertex 85.5 15.92044 27.0
      vertex 85.5 60.0796 27.0
      vertex 85.5 31.0 13.5
    endloop
  endfacet
  facet normal -1.0 0.0 0.0
    outer loop
      vertex 85.5 15.92044 27.0
      vertex 85.5 31.0 13.5
      vertex 85.5 15.92044 2.5
    endloop
  endfacet
  facet normal -1.0 0.0 0.0
    outer loop
      vertex 85.5 60.0796 27.0
      vertex 85.5 15.92044 27.0
      vertex 85.5 65.5 30.0
    endloop
  endfacet
  facet normal -1.0 0.0 0.0
    outer loop
      vertex 85.5 10.5 30.0
      vertex 85.5 15.92044 27.0
      vertex 85.5 12.07956 27.0
    endloop
  endfacet
  facet normal -1.0 0.0 0.0
    outer loop
      vertex 85.5 15.92044 27.0
      vertex 85.5 10.5 30.0
      vertex 85.5 65.5 30.0
    endloop
  endfacet
  facet normal -1.0 0.0 0.0
    outer loop
      vertex 85.5 10.5 30.0
      vertex 85.5 12.07956 27.0
      vertex 85.5 10.5 2.5
    endloop
  endfacet
  facet normal 0.0 -1.0 0.0
    outer loop
      vertex 15.92044 65.5 2.5
      vertex 80.0796 65.5 27.0
      vertex 15.92044 65.5 27.0
    endloop
  endfacet
  facet normal 0.0 -1.0 -0.0
    outer loop
      vertex 80.0796 65.5 27.0
      vertex 15.92044 65.5 2.5
      vertex 80.0796 65.5 2.5
    endloop
  endfacet
  facet normal 0.0 -1.0 0.0
    outer loop
      vertex 15.92044 65.5 27.0
      vertex 10.5 65.5 30.0
      vertex 12.07956 65.5 27.0
    endloop
  endfacet
  facet normal 0.0 -1.0 0.0
    outer loop
      vertex 10.5 65.5 2.5
      vertex 12.07956 65.5 27.0
      vertex 10.5 65.5 30.0
    endloop
  endfacet
  facet normal 0.0 -1.0 -0.0
    outer loop
      vertex 12.07956 65.5 27.0
      vertex 10.5 65.5 2.5
      vertex 12.07956 65.5 2.5
    endloop
  endfacet
  facet normal 0.0 -1.0 0.0
    outer loop
      vertex 10.5 65.5 30.0
      vertex 15.92044 65.5 27.0
      vertex 85.5 65.5 30.0
    endloop
  endfacet
  facet normal 0.0 -1.0 0.0
    outer loop
      vertex 80.0796 65.5 27.0
      vertex 85.5 65.5 30.0
      vertex 15.92044 65.5 27.0
    endloop
  endfacet
  facet normal 0.0 -1.0 0.0
    outer loop
      vertex 83.9204 65.5 27.0
      vertex 85.5 65.5 30.0
      vertex 80.0796 65.5 27.0
    endloop
  endfacet
  facet normal 0.0 -1.0 0.0
    outer loop
      vertex 85.5 65.5 2.5
      vertex 83.9204 65.5 27.0
      vertex 83.9204 65.5 2.5
    endloop
  endfacet
  facet normal 0.0 -1.0 0.0
    outer loop
      vertex 83.9204 65.5 27.0
      vertex 85.5 65.5 2.5
      vertex 85.5 65.5 30.0
    endloop
  endfacet
  facet normal 0.0 0.0 1.0
    outer loop
      vertex 11.648859999999999 10.76393 2.5
      vertex 10.5 10.5 2.5
      vertex 12.07956 10.5 2.5
    endloop
  endfacet
  facet normal 0.0 0.0 1.0
    outer loop
      vertex 11.17157 11.17157 2.5
      vertex 10.5 10.5 2.5
      vertex 11.648859999999999 10.76393 2.5
    endloop
  endfacet
  facet normal 0.0 0.0 1.0
    outer loop
      vertex 10.76393 11.648859999999999 2.5
      vertex 10.5 10.5 2.5
      vertex 11.17157 11.17157 2.5
    endloop
  endfacet
  facet normal 0.0 0.0 1.0
    outer loop
      vertex 10.5 10.5 2.5
      vertex 10.76393 11.648859999999999 2.5
      vertex 10.5 12.07956 2.5
    endloop
  endfacet
  facet normal 0.0 0.0 1.0
    outer loop
      vertex 85.5 65.5 2.5
      vertex 85.2361 64.3511 2.5
      vertex 85.5 63.9204 2.5
    endloop
  endfacet
  facet normal 0.0 0.0 1.0
    outer loop
      vertex 85.5 65.5 2.5
      vertex 84.8284 64.8284 2.5
      vertex 85.2361 64.3511 2.5
    endloop
  endfacet
  facet normal 0.0 0.0 1.0
    outer loop
      vertex 85.5 65.5 2.5
      vertex 84.3511 65.2361 2.5
      vertex 84.8284 64.8284 2.5
    endloop
  endfacet
  facet normal 0.0 -0.0 1.0
    outer loop
      vertex 84.3511 65.2361 2.5
      vertex 85.5 65.5 2.5
      vertex 83.9204 65.5 2.5
    endloop
  endfacet
  facet normal -0.0 0.0 1.0
    outer loop
      vertex 10.5 65.5 2.5
      vertex 11.648859999999999 65.2361 2.5
      vertex 12.07956 65.5 2.5
    endloop
  endfacet
  facet normal 0.0 0.0 1.0
    outer loop
      vertex 10.5 65.5 2.5
      vertex 11.17157 64.8284 2.5
      vertex 11.648859999999999 65.2361 2.5
    endloop
  endfacet
  facet normal 0.0 0.0 1.0
    outer loop
      vertex 10.5 65.5 2.5
      vertex 10.76393 64.3511 2.5
      vertex 11.17157 64.8284 2.5
    endloop
  endfacet
  facet normal 0.0 0.0 1.0
    outer loop
      vertex 10.76393 64.3511 2.5
      vertex 10.5 65.5 2.5
      vertex 10.5 63.9204 2.5
    endloop
  endfacet
  facet normal -0.0 0.0 1.0
    outer loop
      vertex 85.2361 11.648859999999999 2.5
      vertex 85.5 10.5 2.5
      vertex 85.5 12.07956 2.5
    endloop
  endfacet
  facet normal -0.0 0.0 1.0
    outer loop
      vertex 84.8284 11.17157 2.5
      vertex 85.5 10.5 2.5
      vertex 85.2361 11.648859999999999 2.5
    endloop
  endfacet
  facet normal -0.0 0.0 1.0
    outer loop
      vertex 84.3511 10.76393 2.5
      vertex 85.5 10.5 2.5
      vertex 84.8284 11.17157 2.5
    endloop
  endfacet
  facet normal 0.0 0.0 1.0
    outer loop
      vertex 85.5 10.5 2.5
      vertex 84.3511 10.76393 2.5
      vertex 83.9204 10.5 2.5
    endloop
  endfacet
  facet normal 0.0 0.0 1.0
    outer loop
      vertex 21.378700000000002 50.1213 2.5
      vertex 15.23607 58.1958 2.5
      vertex 21.0729 49.7634 2.5
    endloop
  endfacet
  facet normal 0.0 0.0 1.0
    outer loop
      vertex 20.5369 28.4693 2.5
      vertex 17.95075 14.62574 2.5
      vertex 18.0 14.0 2.5
    endloop
  endfacet
  facet normal -0.0 0.0 1.0
    outer loop
      vertex 14.62574 58.0492 2.5
      vertex 21.0729 49.7634 2.5
      vertex 15.23607 58.1958 2.5
    endloop
  endfacet
  facet normal 0.0 0.0 1.0
    outer loop
      vertex 20.5369 28.4693 2.5
      vertex 17.80423 15.23607 2.5
      vertex 17.95075 14.62574 2.5
    endloop
  endfacet
  facet normal 0.0 0.0 1.0
    outer loop
      vertex 21.0729 49.7634 2.5
      vertex 14.62574 58.0492 2.5
      vertex 20.826999999999998 49.362 2.5
    endloop
  endfacet
  facet normal 0.0 0.0 1.0
    outer loop
      vertex 20.5369 28.4693 2.5
      vertex 17.564030000000002 15.81596 2.5
      vertex 17.80423 15.23607 2.5
    endloop
  endfacet
  facet normal 0.0 0.0 1.0
    outer loop
      vertex 20.826999999999998 49.362 2.5
      vertex 14.62574 58.0492 2.5
      vertex 20.6468 48.9271 2.5
    endloop
  endfacet
  facet normal 0.0 0.0 1.0
    outer loop
      vertex 20.5369 28.4693 2.5
      vertex 17.236069999999998 16.35114 2.5
      vertex 17.564030000000002 15.81596 2.5
    endloop
  endfacet
  facet normal -0.0 0.0 1.0
    outer loop
      vertex 14.0 58.0 2.5
      vertex 20.6468 48.9271 2.5
      vertex 14.62574 58.0492 2.5
    endloop
  endfacet
  facet normal 0.0 0.0 1.0
    outer loop
      vertex 20.5369 28.4693 2.5
      vertex 16.82843 16.82843 2.5
      vertex 17.236069999999998 16.35114 2.5
    endloop
  endfacet
  facet normal 0.0 0.0 1.0
    outer loop
      vertex 20.6468 48.9271 2.5
      vertex 14.0 58.0 2.5
      vertex 20.5369 48.4693 2.5
    endloop
  endfacet
  facet normal 0.0 0.0 1.0
    outer loop
      vertex 20.5369 28.4693 2.5
      vertex 16.35114 17.236069999999998 2.5
      vertex 16.82843 16.82843 2.5
    endloop
  endfacet
  facet normal 0.0 0.0 1.0
    outer loop
      vertex 13.37426 58.0492 2.5
      vertex 20.5369 48.4693 2.5
      vertex 14.0 58.0 2.5
    endloop
  endfacet
  facet normal 0.0 0.0 1.0
    outer loop
      vertex 20.5369 28.4693 2.5
      vertex 15.81596 17.564030000000002 2.5
      vertex 16.35114 17.236069999999998 2.5
    endloop
  endfacet
  facet normal 0.0 0.0 1.0
    outer loop
      vertex 20.5369 48.4693 2.5
      vertex 13.37426 58.0492 2.5
      vertex 20.5 48.0 2.5
    endloop
  endfacet
  facet normal 0.0 0.0 1.0
    outer loop
      vertex 20.5369 28.4693 2.5
      vertex 15.23607 17.80423 2.5
      vertex 15.81596 17.564030000000002 2.5
    endloop
  endfacet
  facet normal 0.0 0.0 1.0
    outer loop
      vertex 12.76393 58.1958 2.5
      vertex 20.5 48.0 2.5
      vertex 13.37426 58.0492 2.5
    endloop
  endfacet
  facet normal 0.0 0.0 1.0
    outer loop
      vertex 20.5369 28.4693 2.5
      vertex 14.62574 17.95075 2.5
      vertex 15.23607 17.80423 2.5
    endloop
  endfacet
  facet normal 0.0 0.0 1.0
    outer loop
      vertex 20.5 48.0 2.5
      vertex 12.76393 58.1958 2.5
      vertex 20.5369 47.5307 2.5
    endloop
  endfacet
  facet normal 0.0 0.0 1.0
    outer loop
      vertex 20.5369 28.4693 2.5
      vertex 14.0 18.0 2.5
      vertex 14.62574 17.95075 2.5
    endloop
  endfacet
  facet normal 0.0 0.0 1.0
    outer loop
      vertex 12.18404 58.436 2.5
      vertex 20.5369 47.5307 2.5
      vertex 12.76393 58.1958 2.5
    endloop
  endfacet
  facet normal 0.0 0.0 1.0
    outer loop
      vertex 20.5369 28.4693 2.5
      vertex 13.37426 17.95075 2.5
      vertex 14.0 18.0 2.5
    endloop
  endfacet
  facet normal 0.0 0.0 1.0
    outer loop
      vertex 11.648859999999999 58.7639 2.5
      vertex 20.5369 47.5307 2.5
      vertex 12.18404 58.436 2.5
    endloop
  endfacet
  facet normal 0.0 0.0 1.0
    outer loop
      vertex 20.5369 28.4693 2.5
      vertex 12.76393 17.80423 2.5
      vertex 13.37426 17.95075 2.5
    endloop
  endfacet
  facet normal 0.0 0.0 1.0
    outer loop
      vertex 20.5369 47.5307 2.5
      vertex 11.648859999999999 58.7639 2.5
      vertex 20.5369 28.4693 2.5
    endloop
  endfacet
  facet normal 0.0 0.0 1.0
    outer loop
      vertex 20.5369 28.4693 2.5
      vertex 12.18404 17.564030000000002 2.5
      vertex 12.76393 17.80423 2.5
    endloop
  endfacet
  facet normal 0.0 0.0 1.0
    outer loop
      vertex 11.648859999999999 17.236069999999998 2.5
      vertex 20.5369 28.4693 2.5
      vertex 11.648859999999999 58.7639 2.5
    endloop
  endfacet
  facet normal 0.0 0.0 1.0
    outer loop
      vertex 20.5369 28.4693 2.5
      vertex 11.648859999999999 17.236069999999998 2.5
      vertex 12.18404 17.564030000000002 2.5
    endloop
  endfacet
  facet normal 0.0 0.0 1.0
    outer loop
      vertex 11.17157 59.1716 2.5
      vertex 11.648859999999999 17.236069999999998 2.5
      vertex 11.648859999999999 58.7639 2.5
    endloop
  endfacet
  facet normal 0.0 0.0 1.0
    outer loop
      vertex 11.17157 59.1716 2.5
      vertex 11.17157 16.82843 2.5
      vertex 11.648859999999999 17.236069999999998 2.5
    endloop
  endfacet
  facet normal 0.0 0.0 1.0
    outer loop
      vertex 10.76393 59.6489 2.5
      vertex 11.17157 16.82843 2.5
      vertex 11.17157 59.1716 2.5
    endloop
  endfacet
  facet normal 0.0 0.0 1.0
    outer loop
      vertex 10.76393 59.6489 2.5
      vertex 10.76393 16.35114 2.5
      vertex 11.17157 16.82843 2.5
    endloop
  endfacet
  facet normal 0.0 0.0 1.0
    outer loop
      vertex 10.5 60.0796 2.5
      vertex 10.76393 16.35114 2.5
      vertex 10.76393 59.6489 2.5
    endloop
  endfacet
  facet normal 0.0 0.0 1.0
    outer loop
      vertex 10.76393 16.35114 2.5
      vertex 10.5 60.0796 2.5
      vertex 10.5 15.92044 2.5
    endloop
  endfacet
  facet normal 0.0 0.0 1.0
    outer loop
      vertex 69.6468 47.0729 2.5
      vertex 26.3532 47.0729 2.5
      vertex 69.6468 28.9271 2.5
    endloop
  endfacet
  facet normal 0.0 0.0 1.0
    outer loop
      vertex 69.6468 28.9271 2.5
      vertex 26.4631 28.4693 2.5
      vertex 26.5 28.0 2.5
    endloop
  endfacet
  facet normal 0.0 0.0 1.0
    outer loop
      vertex 26.3532 28.9271 2.5
      vertex 69.6468 28.9271 2.5
      vertex 26.3532 47.0729 2.5
    endloop
  endfacet
  facet normal 0.0 0.0 1.0
    outer loop
      vertex 69.6468 28.9271 2.5
      vertex 26.3532 28.9271 2.5
      vertex 26.4631 28.4693 2.5
    endloop
  endfacet
  facet normal -0.0 0.0 1.0
    outer loop
      vertex 26.173 46.638 2.5
      vertex 26.3532 28.9271 2.5
      vertex 26.3532 47.0729 2.5
    endloop
  endfacet
  facet normal 0.0 0.0 1.0
    outer loop
      vertex 26.173 46.638 2.5
      vertex 26.173 29.362 2.5
      vertex 26.3532 28.9271 2.5
    endloop
  endfacet
  facet normal -0.0 0.0 1.0
    outer loop
      vertex 25.9271 46.2366 2.5
      vertex 26.173 29.362 2.5
      vertex 26.173 46.638 2.5
    endloop
  endfacet
  facet normal 0.0 0.0 1.0
    outer loop
      vertex 25.9271 46.2366 2.5
      vertex 25.9271 29.7634 2.5
      vertex 26.173 29.362 2.5
    endloop
  endfacet
  facet normal -0.0 0.0 1.0
    outer loop
      vertex 25.6213 45.8787 2.5
      vertex 25.9271 29.7634 2.5
      vertex 25.9271 46.2366 2.5
    endloop
  endfacet
  facet normal 0.0 0.0 1.0
    outer loop
      vertex 25.6213 45.8787 2.5
      vertex 25.6213 30.1213 2.5
      vertex 25.9271 29.7634 2.5
    endloop
  endfacet
  facet normal -0.0 0.0 1.0
    outer loop
      vertex 25.2634 45.5729 2.5
      vertex 25.6213 30.1213 2.5
      vertex 25.6213 45.8787 2.5
    endloop
  endfacet
  facet normal 0.0 0.0 1.0
    outer loop
      vertex 25.2634 45.5729 2.5
      vertex 25.2634 30.4271 2.5
      vertex 25.6213 30.1213 2.5
    endloop
  endfacet
  facet normal -0.0 0.0 1.0
    outer loop
      vertex 24.862 45.327 2.5
      vertex 25.2634 30.4271 2.5
      vertex 25.2634 45.5729 2.5
    endloop
  endfacet
  facet normal 0.0 0.0 1.0
    outer loop
      vertex 24.862 45.327 2.5
      vertex 24.862 30.673 2.5
      vertex 25.2634 30.4271 2.5
    endloop
  endfacet
  facet normal -0.0 0.0 1.0
    outer loop
      vertex 24.4271 45.1468 2.5
      vertex 24.862 30.673 2.5
      vertex 24.862 45.327 2.5
    endloop
  endfacet
  facet normal 0.0 0.0 1.0
    outer loop
      vertex 24.4271 45.1468 2.5
      vertex 24.4271 30.8532 2.5
      vertex 24.862 30.673 2.5
    endloop
  endfacet
  facet normal -0.0 0.0 1.0
    outer loop
      vertex 23.9693 45.0369 2.5
      vertex 24.4271 30.8532 2.5
      vertex 24.4271 45.1468 2.5
    endloop
  endfacet
  facet normal 0.0 0.0 1.0
    outer loop
      vertex 23.9693 45.0369 2.5
      vertex 23.9693 30.9631 2.5
      vertex 24.4271 30.8532 2.5
    endloop
  endfacet
  facet normal -0.0 0.0 1.0
    outer loop
      vertex 23.5 45.0 2.5
      vertex 23.9693 30.9631 2.5
      vertex 23.9693 45.0369 2.5
    endloop
  endfacet
  facet normal 0.0 0.0 1.0
    outer loop
      vertex 23.5 45.0 2.5
      vertex 23.5 31.0 2.5
      vertex 23.9693 30.9631 2.5
    endloop
  endfacet
  facet normal 0.0 0.0 1.0
    outer loop
      vertex 23.0307 45.0369 2.5
      vertex 23.5 31.0 2.5
      vertex 23.5 45.0 2.5
    endloop
  endfacet
  facet normal 0.0 0.0 1.0
    outer loop
      vertex 23.0307 45.0369 2.5
      vertex 23.0307 30.9631 2.5
      vertex 23.5 31.0 2.5
    endloop
  endfacet
  facet normal 0.0 0.0 1.0
    outer loop
      vertex 22.5729 45.1468 2.5
      vertex 23.0307 30.9631 2.5
      vertex 23.0307 45.0369 2.5
    endloop
  endfacet
  facet normal 0.0 0.0 1.0
    outer loop
      vertex 22.5729 45.1468 2.5
      vertex 22.5729 30.8532 2.5
      vertex 23.0307 30.9631 2.5
    endloop
  endfacet
  facet normal 0.0 0.0 1.0
    outer loop
      vertex 22.137999999999998 45.327 2.5
      vertex 22.5729 30.8532 2.5
      vertex 22.5729 45.1468 2.5
    endloop
  endfacet
  facet normal 0.0 0.0 1.0
    outer loop
      vertex 22.137999999999998 45.327 2.5
      vertex 22.137999999999998 30.673 2.5
      vertex 22.5729 30.8532 2.5
    endloop
  endfacet
  facet normal 0.0 0.0 1.0
    outer loop
      vertex 21.7366 45.5729 2.5
      vertex 22.137999999999998 30.673 2.5
      vertex 22.137999999999998 45.327 2.5
    endloop
  endfacet
  facet normal 0.0 0.0 1.0
    outer loop
      vertex 21.7366 45.5729 2.5
      vertex 21.7366 30.4271 2.5
      vertex 22.137999999999998 30.673 2.5
    endloop
  endfacet
  facet normal 0.0 0.0 1.0
    outer loop
      vertex 21.378700000000002 45.8787 2.5
      vertex 21.7366 30.4271 2.5
      vertex 21.7366 45.5729 2.5
    endloop
  endfacet
  facet normal 0.0 0.0 1.0
    outer loop
      vertex 21.378700000000002 45.8787 2.5
      vertex 21.378700000000002 30.1213 2.5
      vertex 21.7366 30.4271 2.5
    endloop
  endfacet
  facet normal 0.0 0.0 1.0
    outer loop
      vertex 21.0729 46.2366 2.5
      vertex 21.378700000000002 30.1213 2.5
      vertex 21.378700000000002 45.8787 2.5
    endloop
  endfacet
  facet normal 0.0 0.0 1.0
    outer loop
      vertex 21.0729 46.2366 2.5
      vertex 21.0729 29.7634 2.5
      vertex 21.378700000000002 30.1213 2.5
    endloop
  endfacet
  facet normal 0.0 0.0 1.0
    outer loop
      vertex 20.826999999999998 46.638 2.5
      vertex 21.0729 29.7634 2.5
      vertex 21.0729 46.2366 2.5
    endloop
  endfacet
  facet normal 0.0 0.0 1.0
    outer loop
      vertex 20.826999999999998 46.638 2.5
      vertex 20.826999999999998 29.362 2.5
      vertex 21.0729 29.7634 2.5
    endloop
  endfacet
  facet normal 0.0 0.0 1.0
    outer loop
      vertex 20.6468 47.0729 2.5
      vertex 20.826999999999998 29.362 2.5
      vertex 20.826999999999998 46.638 2.5
    endloop
  endfacet
  facet normal 0.0 0.0 1.0
    outer loop
      vertex 20.6468 47.0729 2.5
      vertex 20.6468 28.9271 2.5
      vertex 20.826999999999998 29.362 2.5
    endloop
  endfacet
  facet normal 0.0 0.0 1.0
    outer loop
      vertex 20.5369 47.5307 2.5
      vertex 20.6468 28.9271 2.5
      vertex 20.6468 47.0729 2.5
    endloop
  endfacet
  facet normal 0.0 0.0 1.0
    outer loop
      vertex 20.5369 47.5307 2.5
      vertex 20.5369 28.4693 2.5
      vertex 20.6468 28.9271 2.5
    endloop
  endfacet
  facet normal -0.0 0.0 1.0
    outer loop
      vertex 15.81596 58.436 2.5
      vertex 21.7366 50.4271 2.5
      vertex 16.35114 58.7639 2.5
    endloop
  endfacet
  facet normal 0.0 0.0 1.0
    outer loop
      vertex 21.7366 50.4271 2.5
      vertex 15.81596 58.436 2.5
      vertex 21.378700000000002 50.1213 2.5
    endloop
  endfacet
  facet normal 0.0 0.0 1.0
    outer loop
      vertex 84.3511 58.7639 2.5
      vertex 75.3532 47.0729 2.5
      vertex 84.3511 17.236069999999998 2.5
    endloop
  endfacet
  facet normal 0.0 0.0 1.0
    outer loop
      vertex 84.3511 17.236069999999998 2.5
      vertex 75.4631 28.4693 2.5
      vertex 75.5 28.0 2.5
    endloop
  endfacet
  facet normal -0.0 0.0 1.0
    outer loop
      vertex 75.3532 28.9271 2.5
      vertex 84.3511 17.236069999999998 2.5
      vertex 75.3532 47.0729 2.5
    endloop
  endfacet
  facet normal 0.0 0.0 1.0
    outer loop
      vertex 84.3511 17.236069999999998 2.5
      vertex 75.3532 28.9271 2.5
      vertex 75.4631 28.4693 2.5
    endloop
  endfacet
  facet normal -0.0 0.0 1.0
    outer loop
      vertex 75.173 46.638 2.5
      vertex 75.3532 28.9271 2.5
      vertex 75.3532 47.0729 2.5
    endloop
  endfacet
  facet normal 0.0 0.0 1.0
    outer loop
      vertex 75.173 46.638 2.5
      vertex 75.173 29.362 2.5
      vertex 75.3532 28.9271 2.5
    endloop
  endfacet
  facet normal -0.0 0.0 1.0
    outer loop
      vertex 74.927 46.2366 2.5
      vertex 75.173 29.362 2.5
      vertex 75.173 46.638 2.5
    endloop
  endfacet
  facet normal 0.0 0.0 1.0
    outer loop
      vertex 74.927 46.2366 2.5
      vertex 74.927 29.7634 2.5
      vertex 75.173 29.362 2.5
    endloop
  endfacet
  facet normal -0.0 0.0 1.0
    outer loop
      vertex 74.6213 45.8787 2.5
      vertex 74.927 29.7634 2.5
      vertex 74.927 46.2366 2.5
    endloop
  endfacet
  facet normal 0.0 0.0 1.0
    outer loop
      vertex 74.6213 45.8787 2.5
      vertex 74.6213 30.1213 2.5
      vertex 74.927 29.7634 2.5
    endloop
  endfacet
  facet normal -0.0 0.0 1.0
    outer loop
      vertex 74.2634 45.5729 2.5
      vertex 74.6213 30.1213 2.5
      vertex 74.6213 45.8787 2.5
    endloop
  endfacet
  facet normal 0.0 0.0 1.0
    outer loop
      vertex 74.2634 45.5729 2.5
      vertex 74.2634 30.4271 2.5
      vertex 74.6213 30.1213 2.5
    endloop
  endfacet
  facet normal -0.0 0.0 1.0
    outer loop
      vertex 73.862 45.327 2.5
      vertex 74.2634 30.4271 2.5
      vertex 74.2634 45.5729 2.5
    endloop
  endfacet
  facet normal 0.0 0.0 1.0
    outer loop
      vertex 73.862 45.327 2.5
      vertex 73.862 30.673 2.5
      vertex 74.2634 30.4271 2.5
    endloop
  endfacet
  facet normal -0.0 0.0 1.0
    outer loop
      vertex 73.427 45.1468 2.5
      vertex 73.862 30.673 2.5
      vertex 73.862 45.327 2.5
    endloop
  endfacet
  facet normal 0.0 0.0 1.0
    outer loop
      vertex 73.427 45.1468 2.5
      vertex 73.427 30.8532 2.5
      vertex 73.862 30.673 2.5
    endloop
  endfacet
  facet normal -0.0 0.0 1.0
    outer loop
      vertex 72.9693 45.0369 2.5
      vertex 73.427 30.8532 2.5
      vertex 73.427 45.1468 2.5
    endloop
  endfacet
  facet normal 0.0 0.0 1.0
    outer loop
      vertex 72.9693 45.0369 2.5
      vertex 72.9693 30.9631 2.5
      vertex 73.427 30.8532 2.5
    endloop
  endfacet
  facet normal -0.0 0.0 1.0
    outer loop
      vertex 72.5 45.0 2.5
      vertex 72.9693 30.9631 2.5
      vertex 72.9693 45.0369 2.5
    endloop
  endfacet
  facet normal 0.0 0.0 1.0
    outer loop
      vertex 72.5 45.0 2.5
      vertex 72.5 31.0 2.5
      vertex 72.9693 30.9631 2.5
    endloop
  endfacet
  facet normal 0.0 0.0 1.0
    outer loop
      vertex 72.0307 45.0369 2.5
      vertex 72.5 31.0 2.5
      vertex 72.5 45.0 2.5
    endloop
  endfacet
  facet normal 0.0 0.0 1.0
    outer loop
      vertex 72.0307 45.0369 2.5
      vertex 72.0307 30.9631 2.5
      vertex 72.5 31.0 2.5
    endloop
  endfacet
  facet normal 0.0 0.0 1.0
    outer loop
      vertex 71.5729 45.1468 2.5
      vertex 72.0307 30.9631 2.5
      vertex 72.0307 45.0369 2.5
    endloop
  endfacet
  facet normal 0.0 0.0 1.0
    outer loop
      vertex 71.5729 45.1468 2.5
      vertex 71.5729 30.8532 2.5
      vertex 72.0307 30.9631 2.5
    endloop
  endfacet
  facet normal 0.0 0.0 1.0
    outer loop
      vertex 71.138 45.327 2.5
      vertex 71.5729 30.8532 2.5
      vertex 71.5729 45.1468 2.5
    endloop
  endfacet
  facet normal 0.0 0.0 1.0
    outer loop
      vertex 71.138 45.327 2.5
      vertex 71.138 30.673 2.5
      vertex 71.5729 30.8532 2.5
    endloop
  endfacet
  facet normal 0.0 0.0 1.0
    outer loop
      vertex 70.73660000000001 45.5729 2.5
      vertex 71.138 30.673 2.5
      vertex 71.138 45.327 2.5
    endloop
  endfacet
  facet normal 0.0 0.0 1.0
    outer loop
      vertex 70.73660000000001 45.5729 2.5
      vertex 70.73660000000001 30.4271 2.5
      vertex 71.138 30.673 2.5
    endloop
  endfacet
  facet normal 0.0 0.0 1.0
    outer loop
      vertex 70.37870000000001 45.8787 2.5
      vertex 70.73660000000001 30.4271 2.5
      vertex 70.73660000000001 45.5729 2.5
    endloop
  endfacet
  facet normal 0.0 0.0 1.0
    outer loop
      vertex 70.37870000000001 45.8787 2.5
      vertex 70.37870000000001 30.1213 2.5
      vertex 70.73660000000001 30.4271 2.5
    endloop
  endfacet
  facet normal 0.0 0.0 1.0
    outer loop
      vertex 70.0729 46.2366 2.5
      vertex 70.37870000000001 30.1213 2.5
      vertex 70.37870000000001 45.8787 2.5
    endloop
  endfacet
  facet normal 0.0 0.0 1.0
    outer loop
      vertex 70.0729 46.2366 2.5
      vertex 70.0729 29.7634 2.5
      vertex 70.37870000000001 30.1213 2.5
    endloop
  endfacet
  facet normal 0.0 0.0 1.0
    outer loop
      vertex 69.827 46.638 2.5
      vertex 70.0729 29.7634 2.5
      vertex 70.0729 46.2366 2.5
    endloop
  endfacet
  facet normal 0.0 0.0 1.0
    outer loop
      vertex 69.827 46.638 2.5
      vertex 69.827 29.362 2.5
      vertex 70.0729 29.7634 2.5
    endloop
  endfacet
  facet normal 0.0 0.0 1.0
    outer loop
      vertex 69.6468 47.0729 2.5
      vertex 69.827 29.362 2.5
      vertex 69.827 46.638 2.5
    endloop
  endfacet
  facet normal 0.0 0.0 1.0
    outer loop
      vertex 69.6468 47.0729 2.5
      vertex 69.6468 28.9271 2.5
      vertex 69.827 29.362 2.5
    endloop
  endfacet
  facet normal 0.0 0.0 1.0
    outer loop
      vertex 26.4631 47.5307 2.5
      vertex 69.5369 47.5307 2.5
      vertex 26.5 48.0 2.5
    endloop
  endfacet
  facet normal 0.0 0.0 1.0
    outer loop
      vertex 69.5369 47.5307 2.5
      vertex 26.4631 47.5307 2.5
      vertex 69.6468 47.0729 2.5
    endloop
  endfacet
  facet normal -0.0 0.0 1.0
    outer loop
      vertex 26.5 48.0 2.5
      vertex 69.5369 47.5307 2.5
      vertex 69.5 48.0 2.5
    endloop
  endfacet
  facet normal 0.0 0.0 1.0
    outer loop
      vertex 26.3532 47.0729 2.5
      vertex 69.6468 47.0729 2.5
      vertex 26.4631 47.5307 2.5
    endloop
  endfacet
  facet normal -0.0 0.0 1.0
    outer loop
      vertex 74.2634 25.5729 2.5
      vertex 80.184 17.564030000000002 2.5
      vertex 74.6213 25.8787 2.5
    endloop
  endfacet
  facet normal 0.0 0.0 1.0
    outer loop
      vertex 70.73660000000001 50.4271 2.5
      vertex 78.0 62.0 2.5
      vertex 78.0492 62.6257 2.5
    endloop
  endfacet
  facet normal 0.0 0.0 1.0
    outer loop
      vertex 78.0492 61.3743 2.5
      vertex 75.4631 48.4693 2.5
      vertex 75.5 48.0 2.5
    endloop
  endfacet
  facet normal 0.0 0.0 1.0
    outer loop
      vertex 78.0492 61.3743 2.5
      vertex 75.3532 48.9271 2.5
      vertex 75.4631 48.4693 2.5
    endloop
  endfacet
  facet normal 0.0 0.0 1.0
    outer loop
      vertex 78.0492 61.3743 2.5
      vertex 75.173 49.362 2.5
      vertex 75.3532 48.9271 2.5
    endloop
  endfacet
  facet normal 0.0 0.0 1.0
    outer loop
      vertex 78.0492 61.3743 2.5
      vertex 74.927 49.7634 2.5
      vertex 75.173 49.362 2.5
    endloop
  endfacet
  facet normal 0.0 0.0 1.0
    outer loop
      vertex 70.37870000000001 50.1213 2.5
      vertex 78.0492 62.6257 2.5
      vertex 78.1958 63.2361 2.5
    endloop
  endfacet
  facet normal 0.0 0.0 1.0
    outer loop
      vertex 78.0492 61.3743 2.5
      vertex 74.6213 50.1213 2.5
      vertex 74.927 49.7634 2.5
    endloop
  endfacet
  facet normal 0.0 0.0 1.0
    outer loop
      vertex 78.0492 61.3743 2.5
      vertex 74.2634 50.4271 2.5
      vertex 74.6213 50.1213 2.5
    endloop
  endfacet
  facet normal 0.0 0.0 1.0
    outer loop
      vertex 78.0492 61.3743 2.5
      vertex 73.862 50.673 2.5
      vertex 74.2634 50.4271 2.5
    endloop
  endfacet
  facet normal 0.0 0.0 1.0
    outer loop
      vertex 78.0492 61.3743 2.5
      vertex 73.427 50.8532 2.5
      vertex 73.862 50.673 2.5
    endloop
  endfacet
  facet normal 0.0 0.0 1.0
    outer loop
      vertex 78.0492 61.3743 2.5
      vertex 72.9693 50.9631 2.5
      vertex 73.427 50.8532 2.5
    endloop
  endfacet
  facet normal 0.0 0.0 1.0
    outer loop
      vertex 17.80423 63.2361 2.5
      vertex 78.1958 63.2361 2.5
      vertex 78.436 63.816 2.5
    endloop
  endfacet
  facet normal 0.0 0.0 1.0
    outer loop
      vertex 78.0492 61.3743 2.5
      vertex 72.5 51.0 2.5
      vertex 72.9693 50.9631 2.5
    endloop
  endfacet
  facet normal 0.0 0.0 1.0
    outer loop
      vertex 78.0492 61.3743 2.5
      vertex 72.0307 50.9631 2.5
      vertex 72.5 51.0 2.5
    endloop
  endfacet
  facet normal 0.0 0.0 1.0
    outer loop
      vertex 78.0492 61.3743 2.5
      vertex 71.5729 50.8532 2.5
      vertex 72.0307 50.9631 2.5
    endloop
  endfacet
  facet normal 0.0 0.0 1.0
    outer loop
      vertex 78.0 62.0 2.5
      vertex 71.138 50.673 2.5
      vertex 71.5729 50.8532 2.5
    endloop
  endfacet
  facet normal 0.0 0.0 1.0
    outer loop
      vertex 78.0 62.0 2.5
      vertex 70.73660000000001 50.4271 2.5
      vertex 71.138 50.673 2.5
    endloop
  endfacet
  facet normal 0.0 0.0 1.0
    outer loop
      vertex 78.0492 62.6257 2.5
      vertex 70.37870000000001 50.1213 2.5
      vertex 70.73660000000001 50.4271 2.5
    endloop
  endfacet
  facet normal 0.0 0.0 1.0
    outer loop
      vertex 78.1958 63.2361 2.5
      vertex 25.6213 50.1213 2.5
      vertex 70.37870000000001 50.1213 2.5
    endloop
  endfacet
  facet normal 0.0 0.0 1.0
    outer loop
      vertex 70.37870000000001 50.1213 2.5
      vertex 25.6213 50.1213 2.5
      vertex 70.0729 49.7634 2.5
    endloop
  endfacet
  facet normal 0.0 0.0 1.0
    outer loop
      vertex 69.6468 28.9271 2.5
      vertex 26.5 28.0 2.5
      vertex 69.5369 28.4693 2.5
    endloop
  endfacet
  facet normal 0.0 0.0 1.0
    outer loop
      vertex 69.5369 48.4693 2.5
      vertex 26.5 48.0 2.5
      vertex 69.5 48.0 2.5
    endloop
  endfacet
  facet normal 0.0 0.0 1.0
    outer loop
      vertex 26.4631 48.4693 2.5
      vertex 69.5369 48.4693 2.5
      vertex 69.6468 48.9271 2.5
    endloop
  endfacet
  facet normal 0.0 0.0 1.0
    outer loop
      vertex 26.3532 48.9271 2.5
      vertex 69.6468 48.9271 2.5
      vertex 69.827 49.362 2.5
    endloop
  endfacet
  facet normal 0.0 -0.0 1.0
    outer loop
      vertex 25.9271 49.7634 2.5
      vertex 70.0729 49.7634 2.5
      vertex 25.6213 50.1213 2.5
    endloop
  endfacet
  facet normal 0.0 0.0 1.0
    outer loop
      vertex 17.564030000000002 63.816 2.5
      vertex 78.436 63.816 2.5
      vertex 78.7639 64.3511 2.5
    endloop
  endfacet
  facet normal 0.0 0.0 1.0
    outer loop
      vertex 17.236069999999998 64.3511 2.5
      vertex 78.7639 64.3511 2.5
      vertex 79.1716 64.8284 2.5
    endloop
  endfacet
  facet normal 0.0 0.0 1.0
    outer loop
      vertex 16.82843 64.8284 2.5
      vertex 79.1716 64.8284 2.5
      vertex 79.6489 65.2361 2.5
    endloop
  endfacet
  facet normal 0.0 0.0 1.0
    outer loop
      vertex 16.35114 65.2361 2.5
      vertex 79.6489 65.2361 2.5
      vertex 80.0796 65.5 2.5
    endloop
  endfacet
  facet normal 0.0 0.0 1.0
    outer loop
      vertex 69.5369 48.4693 2.5
      vertex 26.4631 48.4693 2.5
      vertex 26.5 48.0 2.5
    endloop
  endfacet
  facet normal 0.0 0.0 1.0
    outer loop
      vertex 69.6468 48.9271 2.5
      vertex 26.3532 48.9271 2.5
      vertex 26.4631 48.4693 2.5
    endloop
  endfacet
  facet normal 0.0 0.0 1.0
    outer loop
      vertex 69.827 49.362 2.5
      vertex 26.173 49.362 2.5
      vertex 26.3532 48.9271 2.5
    endloop
  endfacet
  facet normal 0.0 0.0 1.0
    outer loop
      vertex 69.827 49.362 2.5
      vertex 25.9271 49.7634 2.5
      vertex 26.173 49.362 2.5
    endloop
  endfacet
  facet normal 0.0 0.0 1.0
    outer loop
      vertex 70.0729 49.7634 2.5
      vertex 25.9271 49.7634 2.5
      vertex 69.827 49.362 2.5
    endloop
  endfacet
  facet normal 0.0 0.0 1.0
    outer loop
      vertex 78.1958 63.2361 2.5
      vertex 17.80423 63.2361 2.5
      vertex 25.6213 50.1213 2.5
    endloop
  endfacet
  facet normal -0.0 -0.0 1.0
    outer loop
      vertex 17.95075 62.6257 2.5
      vertex 25.6213 50.1213 2.5
      vertex 17.80423 63.2361 2.5
    endloop
  endfacet
  facet normal 0.0 0.0 1.0
    outer loop
      vertex 25.6213 50.1213 2.5
      vertex 17.95075 62.6257 2.5
      vertex 25.2634 50.4271 2.5
    endloop
  endfacet
  facet normal -0.0 -0.0 1.0
    outer loop
      vertex 18.0 62.0 2.5
      vertex 25.2634 50.4271 2.5
      vertex 17.95075 62.6257 2.5
    endloop
  endfacet
  facet normal 0.0 0.0 1.0
    outer loop
      vertex 25.2634 50.4271 2.5
      vertex 18.0 62.0 2.5
      vertex 24.862 50.673 2.5
    endloop
  endfacet
  facet normal -0.0 0.0 1.0
    outer loop
      vertex 17.95075 61.3743 2.5
      vertex 24.4271 50.8532 2.5
      vertex 18.0 62.0 2.5
    endloop
  endfacet
  facet normal 0.0 0.0 1.0
    outer loop
      vertex 24.4271 50.8532 2.5
      vertex 17.95075 61.3743 2.5
      vertex 23.9693 50.9631 2.5
    endloop
  endfacet
  facet normal -0.0 0.0 1.0
    outer loop
      vertex 15.23607 58.1958 2.5
      vertex 21.378700000000002 50.1213 2.5
      vertex 15.81596 58.436 2.5
    endloop
  endfacet
  facet normal 0.0 0.0 1.0
    outer loop
      vertex 22.137999999999998 50.673 2.5
      vertex 16.35114 58.7639 2.5
      vertex 21.7366 50.4271 2.5
    endloop
  endfacet
  facet normal -0.0 0.0 1.0
    outer loop
      vertex 16.35114 58.7639 2.5
      vertex 22.137999999999998 50.673 2.5
      vertex 16.82843 59.1716 2.5
    endloop
  endfacet
  facet normal 0.0 0.0 1.0
    outer loop
      vertex 22.5729 50.8532 2.5
      vertex 16.82843 59.1716 2.5
      vertex 22.137999999999998 50.673 2.5
    endloop
  endfacet
  facet normal -0.0 0.0 1.0
    outer loop
      vertex 16.82843 59.1716 2.5
      vertex 22.5729 50.8532 2.5
      vertex 17.236069999999998 59.6489 2.5
    endloop
  endfacet
  facet normal 0.0 0.0 1.0
    outer loop
      vertex 23.0307 50.9631 2.5
      vertex 17.236069999999998 59.6489 2.5
      vertex 22.5729 50.8532 2.5
    endloop
  endfacet
  facet normal -0.0 0.0 1.0
    outer loop
      vertex 17.236069999999998 59.6489 2.5
      vertex 23.0307 50.9631 2.5
      vertex 17.564030000000002 60.184 2.5
    endloop
  endfacet
  facet normal 0.0 0.0 1.0
    outer loop
      vertex 23.5 51.0 2.5
      vertex 17.564030000000002 60.184 2.5
      vertex 23.0307 50.9631 2.5
    endloop
  endfacet
  facet normal -0.0 0.0 1.0
    outer loop
      vertex 17.564030000000002 60.184 2.5
      vertex 23.5 51.0 2.5
      vertex 17.80423 60.7639 2.5
    endloop
  endfacet
  facet normal -0.0 0.0 1.0
    outer loop
      vertex 17.80423 60.7639 2.5
      vertex 23.9693 50.9631 2.5
      vertex 17.95075 61.3743 2.5
    endloop
  endfacet
  facet normal 0.0 0.0 1.0
    outer loop
      vertex 23.9693 50.9631 2.5
      vertex 17.80423 60.7639 2.5
      vertex 23.5 51.0 2.5
    endloop
  endfacet
  facet normal 0.0 0.0 1.0
    outer loop
      vertex 24.862 50.673 2.5
      vertex 18.0 62.0 2.5
      vertex 24.4271 50.8532 2.5
    endloop
  endfacet
  facet normal 0.0 0.0 1.0
    outer loop
      vertex 78.436 63.816 2.5
      vertex 17.564030000000002 63.816 2.5
      vertex 17.80423 63.2361 2.5
    endloop
  endfacet
  facet normal 0.0 0.0 1.0
    outer loop
      vertex 78.7639 64.3511 2.5
      vertex 17.236069999999998 64.3511 2.5
      vertex 17.564030000000002 63.816 2.5
    endloop
  endfacet
  facet normal 0.0 0.0 1.0
    outer loop
      vertex 79.1716 64.8284 2.5
      vertex 16.82843 64.8284 2.5
      vertex 17.236069999999998 64.3511 2.5
    endloop
  endfacet
  facet normal 0.0 0.0 1.0
    outer loop
      vertex 79.6489 65.2361 2.5
      vertex 16.35114 65.2361 2.5
      vertex 16.82843 64.8284 2.5
    endloop
  endfacet
  facet normal 0.0 -0.0 1.0
    outer loop
      vertex 16.35114 65.2361 2.5
      vertex 80.0796 65.5 2.5
      vertex 15.92044 65.5 2.5
    endloop
  endfacet
  facet normal -0.0 0.0 1.0
    outer loop
      vertex 85.2361 59.6489 2.5
      vertex 85.5 15.92044 2.5
      vertex 85.5 60.0796 2.5
    endloop
  endfacet
  facet normal 0.0 0.0 1.0
    outer loop
      vertex 85.2361 59.6489 2.5
      vertex 85.2361 16.35114 2.5
      vertex 85.5 15.92044 2.5
    endloop
  endfacet
  facet normal -0.0 0.0 1.0
    outer loop
      vertex 84.8284 59.1716 2.5
      vertex 85.2361 16.35114 2.5
      vertex 85.2361 59.6489 2.5
    endloop
  endfacet
  facet normal 0.0 0.0 1.0
    outer loop
      vertex 84.8284 59.1716 2.5
      vertex 84.8284 16.82843 2.5
      vertex 85.2361 16.35114 2.5
    endloop
  endfacet
  facet normal -0.0 0.0 1.0
    outer loop
      vertex 84.3511 58.7639 2.5
      vertex 84.8284 16.82843 2.5
      vertex 84.8284 59.1716 2.5
    endloop
  endfacet
  facet normal 0.0 0.0 1.0
    outer loop
      vertex 84.3511 58.7639 2.5
      vertex 84.3511 17.236069999999998 2.5
      vertex 84.8284 16.82843 2.5
    endloop
  endfacet
  facet normal -0.0 0.0 1.0
    outer loop
      vertex 83.2361 58.1958 2.5
      vertex 75.4631 47.5307 2.5
      vertex 83.816 58.436 2.5
    endloop
  endfacet
  facet normal 0.0 0.0 1.0
    outer loop
      vertex 75.3532 47.0729 2.5
      vertex 83.816 58.436 2.5
      vertex 75.4631 47.5307 2.5
    endloop
  endfacet
  facet normal 0.0 0.0 1.0
    outer loop
      vertex 75.4631 47.5307 2.5
      vertex 83.2361 58.1958 2.5
      vertex 75.5 48.0 2.5
    endloop
  endfacet
  facet normal -0.0 0.0 1.0
    outer loop
      vertex 83.816 58.436 2.5
      vertex 75.3532 47.0729 2.5
      vertex 84.3511 58.7639 2.5
    endloop
  endfacet
  facet normal 0.0 0.0 1.0
    outer loop
      vertex 75.5 48.0 2.5
      vertex 83.2361 58.1958 2.5
      vertex 82.6257 58.0492 2.5
    endloop
  endfacet
  facet normal 0.0 0.0 1.0
    outer loop
      vertex 84.3511 17.236069999999998 2.5
      vertex 75.5 28.0 2.5
      vertex 83.816 17.564030000000002 2.5
    endloop
  endfacet
  facet normal 0.0 0.0 1.0
    outer loop
      vertex 75.5 48.0 2.5
      vertex 82.6257 58.0492 2.5
      vertex 82.0 58.0 2.5
    endloop
  endfacet
  facet normal 0.0 0.0 1.0
    outer loop
      vertex 83.816 17.564030000000002 2.5
      vertex 75.5 28.0 2.5
      vertex 83.2361 17.80423 2.5
    endloop
  endfacet
  facet normal 0.0 0.0 1.0
    outer loop
      vertex 75.5 48.0 2.5
      vertex 82.0 58.0 2.5
      vertex 81.3743 58.0492 2.5
    endloop
  endfacet
  facet normal 0.0 0.0 1.0
    outer loop
      vertex 83.2361 17.80423 2.5
      vertex 75.5 28.0 2.5
      vertex 82.6257 17.95075 2.5
    endloop
  endfacet
  facet normal 0.0 0.0 1.0
    outer loop
      vertex 75.5 48.0 2.5
      vertex 81.3743 58.0492 2.5
      vertex 80.7639 58.1958 2.5
    endloop
  endfacet
  facet normal -0.0 0.0 1.0
    outer loop
      vertex 75.4631 27.5307 2.5
      vertex 82.6257 17.95075 2.5
      vertex 75.5 28.0 2.5
    endloop
  endfacet
  facet normal 0.0 0.0 1.0
    outer loop
      vertex 75.5 48.0 2.5
      vertex 80.7639 58.1958 2.5
      vertex 80.184 58.436 2.5
    endloop
  endfacet
  facet normal 0.0 0.0 1.0
    outer loop
      vertex 82.6257 17.95075 2.5
      vertex 75.4631 27.5307 2.5
      vertex 82.0 18.0 2.5
    endloop
  endfacet
  facet normal 0.0 0.0 1.0
    outer loop
      vertex 75.5 48.0 2.5
      vertex 80.184 58.436 2.5
      vertex 79.6489 58.7639 2.5
    endloop
  endfacet
  facet normal -0.0 0.0 1.0
    outer loop
      vertex 75.3532 27.0729 2.5
      vertex 82.0 18.0 2.5
      vertex 75.4631 27.5307 2.5
    endloop
  endfacet
  facet normal 0.0 0.0 1.0
    outer loop
      vertex 75.5 48.0 2.5
      vertex 79.6489 58.7639 2.5
      vertex 79.1716 59.1716 2.5
    endloop
  endfacet
  facet normal 0.0 0.0 1.0
    outer loop
      vertex 82.0 18.0 2.5
      vertex 75.3532 27.0729 2.5
      vertex 81.3743 17.95075 2.5
    endloop
  endfacet
  facet normal 0.0 0.0 1.0
    outer loop
      vertex 75.5 48.0 2.5
      vertex 79.1716 59.1716 2.5
      vertex 78.7639 59.6489 2.5
    endloop
  endfacet
  facet normal -0.0 0.0 1.0
    outer loop
      vertex 75.173 26.638 2.5
      vertex 81.3743 17.95075 2.5
      vertex 75.3532 27.0729 2.5
    endloop
  endfacet
  facet normal 0.0 0.0 1.0
    outer loop
      vertex 75.5 48.0 2.5
      vertex 78.7639 59.6489 2.5
      vertex 78.436 60.184 2.5
    endloop
  endfacet
  facet normal -0.0 0.0 1.0
    outer loop
      vertex 74.927 26.2366 2.5
      vertex 81.3743 17.95075 2.5
      vertex 75.173 26.638 2.5
    endloop
  endfacet
  facet normal 0.0 0.0 1.0
    outer loop
      vertex 75.5 48.0 2.5
      vertex 78.436 60.184 2.5
      vertex 78.1958 60.7639 2.5
    endloop
  endfacet
  facet normal 0.0 0.0 1.0
    outer loop
      vertex 81.3743 17.95075 2.5
      vertex 74.927 26.2366 2.5
      vertex 80.7639 17.80423 2.5
    endloop
  endfacet
  facet normal 0.0 0.0 1.0
    outer loop
      vertex 75.5 48.0 2.5
      vertex 78.1958 60.7639 2.5
      vertex 78.0492 61.3743 2.5
    endloop
  endfacet
  facet normal -0.0 0.0 1.0
    outer loop
      vertex 74.6213 25.8787 2.5
      vertex 80.7639 17.80423 2.5
      vertex 74.927 26.2366 2.5
    endloop
  endfacet
  facet normal 0.0 0.0 1.0
    outer loop
      vertex 71.5729 50.8532 2.5
      vertex 78.0492 61.3743 2.5
      vertex 78.0 62.0 2.5
    endloop
  endfacet
  facet normal 0.0 0.0 1.0
    outer loop
      vertex 80.7639 17.80423 2.5
      vertex 74.6213 25.8787 2.5
      vertex 80.184 17.564030000000002 2.5
    endloop
  endfacet
  facet normal 0.0 0.0 1.0
    outer loop
      vertex 80.184 17.564030000000002 2.5
      vertex 74.2634 25.5729 2.5
      vertex 79.6489 17.236069999999998 2.5
    endloop
  endfacet
  facet normal -0.0 0.0 1.0
    outer loop
      vertex 73.862 25.327 2.5
      vertex 79.6489 17.236069999999998 2.5
      vertex 74.2634 25.5729 2.5
    endloop
  endfacet
  facet normal 0.0 0.0 1.0
    outer loop
      vertex 79.6489 17.236069999999998 2.5
      vertex 73.862 25.327 2.5
      vertex 79.1716 16.82843 2.5
    endloop
  endfacet
  facet normal -0.0 0.0 1.0
    outer loop
      vertex 73.427 25.1468 2.5
      vertex 79.1716 16.82843 2.5
      vertex 73.862 25.327 2.5
    endloop
  endfacet
  facet normal 0.0 0.0 1.0
    outer loop
      vertex 79.1716 16.82843 2.5
      vertex 73.427 25.1468 2.5
      vertex 78.7639 16.35114 2.5
    endloop
  endfacet
  facet normal -0.0 0.0 1.0
    outer loop
      vertex 72.9693 25.0369 2.5
      vertex 78.7639 16.35114 2.5
      vertex 73.427 25.1468 2.5
    endloop
  endfacet
  facet normal 0.0 0.0 1.0
    outer loop
      vertex 78.7639 16.35114 2.5
      vertex 72.9693 25.0369 2.5
      vertex 78.436 15.81596 2.5
    endloop
  endfacet
  facet normal -0.0 0.0 1.0
    outer loop
      vertex 72.5 25.0 2.5
      vertex 78.436 15.81596 2.5
      vertex 72.9693 25.0369 2.5
    endloop
  endfacet
  facet normal 0.0 0.0 1.0
    outer loop
      vertex 78.436 15.81596 2.5
      vertex 72.5 25.0 2.5
      vertex 78.1958 15.23607 2.5
    endloop
  endfacet
  facet normal 0.0 0.0 1.0
    outer loop
      vertex 72.0307 25.0369 2.5
      vertex 78.1958 15.23607 2.5
      vertex 72.5 25.0 2.5
    endloop
  endfacet
  facet normal 0.0 0.0 1.0
    outer loop
      vertex 78.1958 15.23607 2.5
      vertex 72.0307 25.0369 2.5
      vertex 78.0492 14.62574 2.5
    endloop
  endfacet
  facet normal 0.0 0.0 1.0
    outer loop
      vertex 71.5729 25.1468 2.5
      vertex 78.0492 14.62574 2.5
      vertex 72.0307 25.0369 2.5
    endloop
  endfacet
  facet normal 0.0 0.0 1.0
    outer loop
      vertex 78.0492 14.62574 2.5
      vertex 71.5729 25.1468 2.5
      vertex 78.0 14.0 2.5
    endloop
  endfacet
  facet normal 0.0 0.0 1.0
    outer loop
      vertex 71.138 25.327 2.5
      vertex 78.0 14.0 2.5
      vertex 71.5729 25.1468 2.5
    endloop
  endfacet
  facet normal 0.0 0.0 1.0
    outer loop
      vertex 70.73660000000001 25.5729 2.5
      vertex 78.0 14.0 2.5
      vertex 71.138 25.327 2.5
    endloop
  endfacet
  facet normal 0.0 0.0 1.0
    outer loop
      vertex 78.0 14.0 2.5
      vertex 70.73660000000001 25.5729 2.5
      vertex 78.0492 13.37426 2.5
    endloop
  endfacet
  facet normal 0.0 0.0 1.0
    outer loop
      vertex 70.37870000000001 25.8787 2.5
      vertex 78.0492 13.37426 2.5
      vertex 70.73660000000001 25.5729 2.5
    endloop
  endfacet
  facet normal 0.0 0.0 1.0
    outer loop
      vertex 78.0492 13.37426 2.5
      vertex 70.37870000000001 25.8787 2.5
      vertex 78.1958 12.76393 2.5
    endloop
  endfacet
  facet normal -0.0 0.0 1.0
    outer loop
      vertex 25.6213 25.8787 2.5
      vertex 78.1958 12.76393 2.5
      vertex 70.37870000000001 25.8787 2.5
    endloop
  endfacet
  facet normal 0.0 0.0 1.0
    outer loop
      vertex 25.6213 25.8787 2.5
      vertex 70.37870000000001 25.8787 2.5
      vertex 70.0729 26.2366 2.5
    endloop
  endfacet
  facet normal 0.0 0.0 1.0
    outer loop
      vertex 25.9271 26.2366 2.5
      vertex 70.0729 26.2366 2.5
      vertex 69.827 26.638 2.5
    endloop
  endfacet
  facet normal 0.0 0.0 1.0
    outer loop
      vertex 69.5369 28.4693 2.5
      vertex 26.5 28.0 2.5
      vertex 69.5 28.0 2.5
    endloop
  endfacet
  facet normal 0.0 0.0 1.0
    outer loop
      vertex 69.5 28.0 2.5
      vertex 26.5 28.0 2.5
      vertex 69.5369 27.5307 2.5
    endloop
  endfacet
  facet normal 0.0 0.0 1.0
    outer loop
      vertex 26.4631 27.5307 2.5
      vertex 69.5369 27.5307 2.5
      vertex 26.5 28.0 2.5
    endloop
  endfacet
  facet normal 0.0 0.0 1.0
    outer loop
      vertex 69.5369 27.5307 2.5
      vertex 26.4631 27.5307 2.5
      vertex 69.6468 27.0729 2.5
    endloop
  endfacet
  facet normal 0.0 0.0 1.0
    outer loop
      vertex 26.3532 27.0729 2.5
      vertex 69.6468 27.0729 2.5
      vertex 26.4631 27.5307 2.5
    endloop
  endfacet
  facet normal 0.0 0.0 1.0
    outer loop
      vertex 69.6468 27.0729 2.5
      vertex 26.3532 27.0729 2.5
      vertex 69.827 26.638 2.5
    endloop
  endfacet
  facet normal 0.0 0.0 1.0
    outer loop
      vertex 26.173 26.638 2.5
      vertex 69.827 26.638 2.5
      vertex 26.3532 27.0729 2.5
    endloop
  endfacet
  facet normal 0.0 0.0 1.0
    outer loop
      vertex 25.9271 26.2366 2.5
      vertex 69.827 26.638 2.5
      vertex 26.173 26.638 2.5
    endloop
  endfacet
  facet normal 0.0 0.0 1.0
    outer loop
      vertex 70.0729 26.2366 2.5
      vertex 25.9271 26.2366 2.5
      vertex 25.6213 25.8787 2.5
    endloop
  endfacet
  facet normal 0.0 0.0 1.0
    outer loop
      vertex 17.80423 12.76393 2.5
      vertex 78.1958 12.76393 2.5
      vertex 25.6213 25.8787 2.5
    endloop
  endfacet
  facet normal 0.0 0.0 1.0
    outer loop
      vertex 78.1958 12.76393 2.5
      vertex 17.80423 12.76393 2.5
      vertex 78.436 12.18404 2.5
    endloop
  endfacet
  facet normal 0.0 0.0 1.0
    outer loop
      vertex 17.564030000000002 12.18404 2.5
      vertex 78.436 12.18404 2.5
      vertex 17.80423 12.76393 2.5
    endloop
  endfacet
  facet normal 0.0 0.0 1.0
    outer loop
      vertex 78.436 12.18404 2.5
      vertex 17.564030000000002 12.18404 2.5
      vertex 78.7639 11.648859999999999 2.5
    endloop
  endfacet
  facet normal 0.0 0.0 1.0
    outer loop
      vertex 17.236069999999998 11.648859999999999 2.5
      vertex 78.7639 11.648859999999999 2.5
      vertex 17.564030000000002 12.18404 2.5
    endloop
  endfacet
  facet normal 0.0 0.0 1.0
    outer loop
      vertex 17.95075 13.37426 2.5
      vertex 25.6213 25.8787 2.5
      vertex 25.2634 25.5729 2.5
    endloop
  endfacet
  facet normal 0.0 0.0 1.0
    outer loop
      vertex 18.0 14.0 2.5
      vertex 25.2634 25.5729 2.5
      vertex 24.862 25.327 2.5
    endloop
  endfacet
  facet normal 0.0 0.0 1.0
    outer loop
      vertex 18.0 14.0 2.5
      vertex 24.862 25.327 2.5
      vertex 24.4271 25.1468 2.5
    endloop
  endfacet
  facet normal 0.0 0.0 1.0
    outer loop
      vertex 18.0 14.0 2.5
      vertex 24.4271 25.1468 2.5
      vertex 23.9693 25.0369 2.5
    endloop
  endfacet
  facet normal 0.0 0.0 1.0
    outer loop
      vertex 18.0 14.0 2.5
      vertex 23.9693 25.0369 2.5
      vertex 23.5 25.0 2.5
    endloop
  endfacet
  facet normal 0.0 0.0 1.0
    outer loop
      vertex 18.0 14.0 2.5
      vertex 23.5 25.0 2.5
      vertex 23.0307 25.0369 2.5
    endloop
  endfacet
  facet normal 0.0 0.0 1.0
    outer loop
      vertex 18.0 14.0 2.5
      vertex 23.0307 25.0369 2.5
      vertex 22.5729 25.1468 2.5
    endloop
  endfacet
  facet normal 0.0 0.0 1.0
    outer loop
      vertex 20.5369 28.4693 2.5
      vertex 18.0 14.0 2.5
      vertex 20.5 28.0 2.5
    endloop
  endfacet
  facet normal 0.0 0.0 1.0
    outer loop
      vertex 18.0 14.0 2.5
      vertex 20.5369 27.5307 2.5
      vertex 20.5 28.0 2.5
    endloop
  endfacet
  facet normal 0.0 0.0 1.0
    outer loop
      vertex 18.0 14.0 2.5
      vertex 20.6468 27.0729 2.5
      vertex 20.5369 27.5307 2.5
    endloop
  endfacet
  facet normal 0.0 0.0 1.0
    outer loop
      vertex 18.0 14.0 2.5
      vertex 20.826999999999998 26.638 2.5
      vertex 20.6468 27.0729 2.5
    endloop
  endfacet
  facet normal 0.0 0.0 1.0
    outer loop
      vertex 18.0 14.0 2.5
      vertex 21.0729 26.2366 2.5
      vertex 20.826999999999998 26.638 2.5
    endloop
  endfacet
  facet normal 0.0 0.0 1.0
    outer loop
      vertex 18.0 14.0 2.5
      vertex 21.378700000000002 25.8787 2.5
      vertex 21.0729 26.2366 2.5
    endloop
  endfacet
  facet normal 0.0 0.0 1.0
    outer loop
      vertex 18.0 14.0 2.5
      vertex 21.7366 25.5729 2.5
      vertex 21.378700000000002 25.8787 2.5
    endloop
  endfacet
  facet normal 0.0 0.0 1.0
    outer loop
      vertex 18.0 14.0 2.5
      vertex 22.137999999999998 25.327 2.5
      vertex 21.7366 25.5729 2.5
    endloop
  endfacet
  facet normal 0.0 0.0 1.0
    outer loop
      vertex 18.0 14.0 2.5
      vertex 22.5729 25.1468 2.5
      vertex 22.137999999999998 25.327 2.5
    endloop
  endfacet
  facet normal 0.0 0.0 1.0
    outer loop
      vertex 25.2634 25.5729 2.5
      vertex 18.0 14.0 2.5
      vertex 17.95075 13.37426 2.5
    endloop
  endfacet
  facet normal 0.0 0.0 1.0
    outer loop
      vertex 25.6213 25.8787 2.5
      vertex 17.95075 13.37426 2.5
      vertex 17.80423 12.76393 2.5
    endloop
  endfacet
  facet normal 0.0 0.0 1.0
    outer loop
      vertex 78.7639 11.648859999999999 2.5
      vertex 17.236069999999998 11.648859999999999 2.5
      vertex 79.1716 11.17157 2.5
    endloop
  endfacet
  facet normal 0.0 0.0 1.0
    outer loop
      vertex 16.82843 11.17157 2.5
      vertex 79.1716 11.17157 2.5
      vertex 17.236069999999998 11.648859999999999 2.5
    endloop
  endfacet
  facet normal 0.0 0.0 1.0
    outer loop
      vertex 79.1716 11.17157 2.5
      vertex 16.82843 11.17157 2.5
      vertex 79.6489 10.76393 2.5
    endloop
  endfacet
  facet normal 0.0 0.0 1.0
    outer loop
      vertex 16.35114 10.76393 2.5
      vertex 79.6489 10.76393 2.5
      vertex 16.82843 11.17157 2.5
    endloop
  endfacet
  facet normal 0.0 0.0 1.0
    outer loop
      vertex 79.6489 10.76393 2.5
      vertex 16.35114 10.76393 2.5
      vertex 80.0796 10.5 2.5
    endloop
  endfacet
  facet normal 0.0 0.0 1.0
    outer loop
      vertex 80.0796 10.5 2.5
      vertex 16.35114 10.76393 2.5
      vertex 15.92044 10.5 2.5
    endloop
  endfacet
  facet normal 0.0 1.0 -0.0
    outer loop
      vertex 80.0796 10.5 2.5
      vertex 15.92044 10.5 27.0
      vertex 80.0796 10.5 27.0
    endloop
  endfacet
  facet normal 0.0 1.0 0.0
    outer loop
      vertex 15.92044 10.5 27.0
      vertex 80.0796 10.5 2.5
      vertex 15.92044 10.5 2.5
    endloop
  endfacet
  facet normal 0.0 1.0 0.0
    outer loop
      vertex 80.0796 10.5 27.0
      vertex 85.5 10.5 30.0
      vertex 83.9204 10.5 27.0
    endloop
  endfacet
  facet normal 0.0 1.0 -0.0
    outer loop
      vertex 85.5 10.5 2.5
      vertex 83.9204 10.5 27.0
      vertex 85.5 10.5 30.0
    endloop
  endfacet
  facet normal 0.0 1.0 0.0
    outer loop
      vertex 83.9204 10.5 27.0
      vertex 85.5 10.5 2.5
      vertex 83.9204 10.5 2.5
    endloop
  endfacet
  facet normal 0.0 1.0 0.0
    outer loop
      vertex 85.5 10.5 30.0
      vertex 80.0796 10.5 27.0
      vertex 10.5 10.5 30.0
    endloop
  endfacet
  facet normal 0.0 1.0 -0.0
    outer loop
      vertex 15.92044 10.5 27.0
      vertex 10.5 10.5 30.0
      vertex 80.0796 10.5 27.0
    endloop
  endfacet
  facet normal 0.0 1.0 -0.0
    outer loop
      vertex 12.07956 10.5 27.0
      vertex 10.5 10.5 30.0
      vertex 15.92044 10.5 27.0
    endloop
  endfacet
  facet normal 0.0 1.0 0.0
    outer loop
      vertex 10.5 10.5 2.5
      vertex 12.07956 10.5 27.0
      vertex 12.07956 10.5 2.5
    endloop
  endfacet
  facet normal 0.0 1.0 0.0
    outer loop
      vertex 12.07956 10.5 27.0
      vertex 10.5 10.5 2.5
      vertex 10.5 10.5 30.0
    endloop
  endfacet
  facet normal 0.996923 0.0783858 0.0
    outer loop
      vertex 26.5 28.0 6.5
      vertex 26.4631 28.4693 2.5
      vertex 26.4631 28.4693 6.5
    endloop
  endfacet
  facet normal 0.996923 0.0783858 0.0
    outer loop
      vertex 26.4631 28.4693 2.5
      vertex 26.5 28.0 6.5
      vertex 26.5 28.0 2.5
    endloop
  endfacet
  facet normal -0.0783858 0.996923 0.0
    outer loop
      vertex 23.5 31.0 2.5
      vertex 23.0307 30.9631 6.5
      vertex 23.5 31.0 6.5
    endloop
  endfacet
  facet normal -0.0783858 0.996923 0.0
    outer loop
      vertex 23.0307 30.9631 6.5
      vertex 23.5 31.0 2.5
      vertex 23.0307 30.9631 2.5
    endloop
  endfacet
  facet normal 0.649601 0.760275 -0.0
    outer loop
      vertex 25.6213 30.1213 2.5
      vertex 25.2634 30.4271 6.5
      vertex 25.6213 30.1213 6.5
    endloop
  endfacet
  facet normal 0.649601 0.760275 0.0
    outer loop
      vertex 25.2634 30.4271 6.5
      vertex 25.6213 30.1213 2.5
      vertex 25.2634 30.4271 2.5
    endloop
  endfacet
  facet normal -0.760275 0.649601 0.0
    outer loop
      vertex 21.0729 29.7634 2.5
      vertex 21.378700000000002 30.1213 6.5
      vertex 21.378700000000002 30.1213 2.5
    endloop
  endfacet
  facet normal -0.760275 0.649601 0.0
    outer loop
      vertex 21.378700000000002 30.1213 6.5
      vertex 21.0729 29.7634 2.5
      vertex 21.0729 29.7634 6.5
    endloop
  endfacet
  facet normal -0.38279 0.923836 0.0
    outer loop
      vertex 22.5729 30.8532 2.5
      vertex 22.137999999999998 30.673 6.5
      vertex 22.5729 30.8532 6.5
    endloop
  endfacet
  facet normal -0.38279 0.923836 0.0
    outer loop
      vertex 22.137999999999998 30.673 6.5
      vertex 22.5729 30.8532 2.5
      vertex 22.137999999999998 30.673 2.5
    endloop
  endfacet
  facet normal 0.852714 -0.522378 0.0
    outer loop
      vertex 25.9271 26.2366 6.5
      vertex 26.173 26.638 2.5
      vertex 26.173 26.638 6.5
    endloop
  endfacet
  facet normal 0.852714 -0.522378 0.0
    outer loop
      vertex 26.173 26.638 2.5
      vertex 25.9271 26.2366 6.5
      vertex 25.9271 26.2366 2.5
    endloop
  endfacet
  facet normal 0.923836 0.38279 0.0
    outer loop
      vertex 26.3532 28.9271 6.5
      vertex 26.173 29.362 2.5
      vertex 26.173 29.362 6.5
    endloop
  endfacet
  facet normal 0.923836 0.38279 0.0
    outer loop
      vertex 26.173 29.362 2.5
      vertex 26.3532 28.9271 6.5
      vertex 26.3532 28.9271 2.5
    endloop
  endfacet
  facet normal 0.972374 0.233429 0.0
    outer loop
      vertex 26.4631 28.4693 6.5
      vertex 26.3532 28.9271 2.5
      vertex 26.3532 28.9271 6.5
    endloop
  endfacet
  facet normal 0.972374 0.233429 0.0
    outer loop
      vertex 26.3532 28.9271 2.5
      vertex 26.4631 28.4693 6.5
      vertex 26.4631 28.4693 2.5
    endloop
  endfacet
  facet normal 0.852714 0.522378 0.0
    outer loop
      vertex 26.173 29.362 6.5
      vertex 25.9271 29.7634 2.5
      vertex 25.9271 29.7634 6.5
    endloop
  endfacet
  facet normal 0.852714 0.522378 0.0
    outer loop
      vertex 25.9271 29.7634 2.5
      vertex 26.173 29.362 6.5
      vertex 26.173 29.362 2.5
    endloop
  endfacet
  facet normal 0.38279 0.923836 -0.0
    outer loop
      vertex 24.862 30.673 2.5
      vertex 24.4271 30.8532 6.5
      vertex 24.862 30.673 6.5
    endloop
  endfacet
  facet normal 0.38279 0.923836 0.0
    outer loop
      vertex 24.4271 30.8532 6.5
      vertex 24.862 30.673 2.5
      vertex 24.4271 30.8532 2.5
    endloop
  endfacet
  facet normal 0.522378 0.852714 -0.0
    outer loop
      vertex 25.2634 30.4271 2.5
      vertex 24.862 30.673 6.5
      vertex 25.2634 30.4271 6.5
    endloop
  endfacet
  facet normal 0.522378 0.852714 0.0
    outer loop
      vertex 24.862 30.673 6.5
      vertex 25.2634 30.4271 2.5
      vertex 24.862 30.673 2.5
    endloop
  endfacet
  facet normal -0.923836 0.38279 0.0
    outer loop
      vertex 20.6468 28.9271 2.5
      vertex 20.826999999999998 29.362 6.5
      vertex 20.826999999999998 29.362 2.5
    endloop
  endfacet
  facet normal -0.923836 0.38279 0.0
    outer loop
      vertex 20.826999999999998 29.362 6.5
      vertex 20.6468 28.9271 2.5
      vertex 20.6468 28.9271 6.5
    endloop
  endfacet
  facet normal -0.852714 0.522378 0.0
    outer loop
      vertex 20.826999999999998 29.362 2.5
      vertex 21.0729 29.7634 6.5
      vertex 21.0729 29.7634 2.5
    endloop
  endfacet
  facet normal -0.852714 0.522378 0.0
    outer loop
      vertex 21.0729 29.7634 6.5
      vertex 20.826999999999998 29.362 2.5
      vertex 20.826999999999998 29.362 6.5
    endloop
  endfacet
  facet normal 0.0 0.0 1.0
    outer loop
      vertex 24.8 28.0 6.5
      vertex 26.5 28.0 6.5
      vertex 26.4631 28.4693 6.5
    endloop
  endfacet
  facet normal 0.0 0.0 1.0
    outer loop
      vertex 24.784 28.2034 6.5
      vertex 26.4631 28.4693 6.5
      vertex 26.3532 28.9271 6.5
    endloop
  endfacet
  facet normal 0.0 0.0 1.0
    outer loop
      vertex 26.5 28.0 6.5
      vertex 24.8 28.0 6.5
      vertex 26.4631 27.5307 6.5
    endloop
  endfacet
  facet normal 0.0 0.0 1.0
    outer loop
      vertex 24.7364 28.4017 6.5
      vertex 26.3532 28.9271 6.5
      vertex 26.173 29.362 6.5
    endloop
  endfacet
  facet normal -0.0 0.0 1.0
    outer loop
      vertex 24.784 27.7966 6.5
      vertex 26.4631 27.5307 6.5
      vertex 24.8 28.0 6.5
    endloop
  endfacet
  facet normal 0.0 0.0 1.0
    outer loop
      vertex 24.6583 28.5902 6.5
      vertex 26.173 29.362 6.5
      vertex 25.9271 29.7634 6.5
    endloop
  endfacet
  facet normal 0.0 0.0 1.0
    outer loop
      vertex 26.4631 27.5307 6.5
      vertex 24.784 27.7966 6.5
      vertex 26.3532 27.0729 6.5
    endloop
  endfacet
  facet normal 0.0 0.0 1.0
    outer loop
      vertex 24.5517 28.7641 6.5
      vertex 25.9271 29.7634 6.5
      vertex 25.6213 30.1213 6.5
    endloop
  endfacet
  facet normal -0.0 0.0 1.0
    outer loop
      vertex 24.7364 27.5983 6.5
      vertex 26.3532 27.0729 6.5
      vertex 24.784 27.7966 6.5
    endloop
  endfacet
  facet normal 0.0 0.0 1.0
    outer loop
      vertex 24.4192 28.9192 6.5
      vertex 25.6213 30.1213 6.5
      vertex 25.2634 30.4271 6.5
    endloop
  endfacet
  facet normal 0.0 0.0 1.0
    outer loop
      vertex 26.3532 27.0729 6.5
      vertex 24.7364 27.5983 6.5
      vertex 26.173 26.638 6.5
    endloop
  endfacet
  facet normal 0.0 0.0 1.0
    outer loop
      vertex 24.2641 29.0517 6.5
      vertex 25.2634 30.4271 6.5
      vertex 24.862 30.673 6.5
    endloop
  endfacet
  facet normal -0.0 0.0 1.0
    outer loop
      vertex 24.6583 27.4098 6.5
      vertex 26.173 26.638 6.5
      vertex 24.7364 27.5983 6.5
    endloop
  endfacet
  facet normal 0.0 0.0 1.0
    outer loop
      vertex 26.173 26.638 6.5
      vertex 24.6583 27.4098 6.5
      vertex 25.9271 26.2366 6.5
    endloop
  endfacet
  facet normal 0.0 0.0 1.0
    outer loop
      vertex 26.4631 28.4693 6.5
      vertex 24.784 28.2034 6.5
      vertex 24.8 28.0 6.5
    endloop
  endfacet
  facet normal 0.0 0.0 1.0
    outer loop
      vertex 26.3532 28.9271 6.5
      vertex 24.7364 28.4017 6.5
      vertex 24.784 28.2034 6.5
    endloop
  endfacet
  facet normal 0.0 0.0 1.0
    outer loop
      vertex 26.173 29.362 6.5
      vertex 24.6583 28.5902 6.5
      vertex 24.7364 28.4017 6.5
    endloop
  endfacet
  facet normal 0.0 0.0 1.0
    outer loop
      vertex 25.9271 29.7634 6.5
      vertex 24.5517 28.7641 6.5
      vertex 24.6583 28.5902 6.5
    endloop
  endfacet
  facet normal 0.0 0.0 1.0
    outer loop
      vertex 24.0902 29.1583 6.5
      vertex 24.862 30.673 6.5
      vertex 24.4271 30.8532 6.5
    endloop
  endfacet
  facet normal 0.0 0.0 1.0
    outer loop
      vertex 25.6213 30.1213 6.5
      vertex 24.4192 28.9192 6.5
      vertex 24.5517 28.7641 6.5
    endloop
  endfacet
  facet normal 0.0 0.0 1.0
    outer loop
      vertex 25.2634 30.4271 6.5
      vertex 24.2641 29.0517 6.5
      vertex 24.4192 28.9192 6.5
    endloop
  endfacet
  facet normal 0.0 0.0 1.0
    outer loop
      vertex 24.862 30.673 6.5
      vertex 24.0902 29.1583 6.5
      vertex 24.2641 29.0517 6.5
    endloop
  endfacet
  facet normal 0.0 0.0 1.0
    outer loop
      vertex 23.901699999999998 29.2364 6.5
      vertex 24.4271 30.8532 6.5
      vertex 23.9693 30.9631 6.5
    endloop
  endfacet
  facet normal 0.0 0.0 1.0
    outer loop
      vertex 24.4271 30.8532 6.5
      vertex 23.901699999999998 29.2364 6.5
      vertex 24.0902 29.1583 6.5
    endloop
  endfacet
  facet normal 0.0 0.0 1.0
    outer loop
      vertex 23.9693 30.9631 6.5
      vertex 23.703400000000002 29.284 6.5
      vertex 23.901699999999998 29.2364 6.5
    endloop
  endfacet
  facet normal 0.0 0.0 1.0
    outer loop
      vertex 23.5 31.0 6.5
      vertex 23.703400000000002 29.284 6.5
      vertex 23.9693 30.9631 6.5
    endloop
  endfacet
  facet normal 0.0 0.0 1.0
    outer loop
      vertex 23.5 31.0 6.5
      vertex 23.5 29.3 6.5
      vertex 23.703400000000002 29.284 6.5
    endloop
  endfacet
  facet normal 0.0 0.0 1.0
    outer loop
      vertex 23.5 31.0 6.5
      vertex 23.296599999999998 29.284 6.5
      vertex 23.5 29.3 6.5
    endloop
  endfacet
  facet normal -0.0 0.0 1.0
    outer loop
      vertex 23.0307 30.9631 6.5
      vertex 23.296599999999998 29.284 6.5
      vertex 23.5 31.0 6.5
    endloop
  endfacet
  facet normal 0.0 0.0 1.0
    outer loop
      vertex 23.296599999999998 29.284 6.5
      vertex 23.0307 30.9631 6.5
      vertex 23.098300000000002 29.2364 6.5
    endloop
  endfacet
  facet normal -0.0 0.0 1.0
    outer loop
      vertex 22.5729 30.8532 6.5
      vertex 23.098300000000002 29.2364 6.5
      vertex 23.0307 30.9631 6.5
    endloop
  endfacet
  facet normal 0.0 0.0 1.0
    outer loop
      vertex 23.098300000000002 29.2364 6.5
      vertex 22.5729 30.8532 6.5
      vertex 22.9098 29.1583 6.5
    endloop
  endfacet
  facet normal -0.0 0.0 1.0
    outer loop
      vertex 22.137999999999998 30.673 6.5
      vertex 22.9098 29.1583 6.5
      vertex 22.5729 30.8532 6.5
    endloop
  endfacet
  facet normal 0.0 0.0 1.0
    outer loop
      vertex 22.9098 29.1583 6.5
      vertex 22.137999999999998 30.673 6.5
      vertex 22.7359 29.0517 6.5
    endloop
  endfacet
  facet normal -0.0 0.0 1.0
    outer loop
      vertex 21.7366 30.4271 6.5
      vertex 22.7359 29.0517 6.5
      vertex 22.137999999999998 30.673 6.5
    endloop
  endfacet
  facet normal 0.0 0.0 1.0
    outer loop
      vertex 22.7359 29.0517 6.5
      vertex 21.7366 30.4271 6.5
      vertex 22.5808 28.9192 6.5
    endloop
  endfacet
  facet normal -0.0 0.0 1.0
    outer loop
      vertex 21.378700000000002 30.1213 6.5
      vertex 22.5808 28.9192 6.5
      vertex 21.7366 30.4271 6.5
    endloop
  endfacet
  facet normal 0.0 0.0 1.0
    outer loop
      vertex 22.5808 28.9192 6.5
      vertex 21.378700000000002 30.1213 6.5
      vertex 22.4483 28.7641 6.5
    endloop
  endfacet
  facet normal 0.0 0.0 1.0
    outer loop
      vertex 22.4483 28.7641 6.5
      vertex 21.0729 29.7634 6.5
      vertex 22.3417 28.5902 6.5
    endloop
  endfacet
  facet normal -0.0 0.0 1.0
    outer loop
      vertex 21.0729 29.7634 6.5
      vertex 22.4483 28.7641 6.5
      vertex 21.378700000000002 30.1213 6.5
    endloop
  endfacet
  facet normal -0.0 0.0 1.0
    outer loop
      vertex 24.5517 27.2359 6.5
      vertex 25.9271 26.2366 6.5
      vertex 24.6583 27.4098 6.5
    endloop
  endfacet
  facet normal 0.0 0.0 1.0
    outer loop
      vertex 25.9271 26.2366 6.5
      vertex 24.5517 27.2359 6.5
      vertex 25.6213 25.8787 6.5
    endloop
  endfacet
  facet normal -0.0 0.0 1.0
    outer loop
      vertex 24.4192 27.0808 6.5
      vertex 25.6213 25.8787 6.5
      vertex 24.5517 27.2359 6.5
    endloop
  endfacet
  facet normal 0.0 0.0 1.0
    outer loop
      vertex 25.6213 25.8787 6.5
      vertex 24.4192 27.0808 6.5
      vertex 25.2634 25.5729 6.5
    endloop
  endfacet
  facet normal -0.0 0.0 1.0
    outer loop
      vertex 24.2641 26.9483 6.5
      vertex 25.2634 25.5729 6.5
      vertex 24.4192 27.0808 6.5
    endloop
  endfacet
  facet normal 0.0 0.0 1.0
    outer loop
      vertex 25.2634 25.5729 6.5
      vertex 24.2641 26.9483 6.5
      vertex 24.862 25.327 6.5
    endloop
  endfacet
  facet normal -0.0 0.0 1.0
    outer loop
      vertex 24.0902 26.8417 6.5
      vertex 24.862 25.327 6.5
      vertex 24.2641 26.9483 6.5
    endloop
  endfacet
  facet normal 0.0 0.0 1.0
    outer loop
      vertex 24.862 25.327 6.5
      vertex 24.0902 26.8417 6.5
      vertex 24.4271 25.1468 6.5
    endloop
  endfacet
  facet normal -0.0 0.0 1.0
    outer loop
      vertex 23.901699999999998 26.7636 6.5
      vertex 24.4271 25.1468 6.5
      vertex 24.0902 26.8417 6.5
    endloop
  endfacet
  facet normal 0.0 0.0 1.0
    outer loop
      vertex 24.4271 25.1468 6.5
      vertex 23.901699999999998 26.7636 6.5
      vertex 23.9693 25.0369 6.5
    endloop
  endfacet
  facet normal -0.0 0.0 1.0
    outer loop
      vertex 23.703400000000002 26.716 6.5
      vertex 23.9693 25.0369 6.5
      vertex 23.901699999999998 26.7636 6.5
    endloop
  endfacet
  facet normal -0.0 0.0 1.0
    outer loop
      vertex 23.5 26.7 6.5
      vertex 23.9693 25.0369 6.5
      vertex 23.703400000000002 26.716 6.5
    endloop
  endfacet
  facet normal 0.0 0.0 1.0
    outer loop
      vertex 23.5 26.7 6.5
      vertex 23.5 25.0 6.5
      vertex 23.9693 25.0369 6.5
    endloop
  endfacet
  facet normal 0.0 0.0 1.0
    outer loop
      vertex 23.296599999999998 26.716 6.5
      vertex 23.5 25.0 6.5
      vertex 23.5 26.7 6.5
    endloop
  endfacet
  facet normal 0.0 0.0 1.0
    outer loop
      vertex 23.0307 25.0369 6.5
      vertex 23.296599999999998 26.716 6.5
      vertex 23.098300000000002 26.7636 6.5
    endloop
  endfacet
  facet normal 0.0 0.0 1.0
    outer loop
      vertex 23.296599999999998 26.716 6.5
      vertex 23.0307 25.0369 6.5
      vertex 23.5 25.0 6.5
    endloop
  endfacet
  facet normal 0.0 0.0 1.0
    outer loop
      vertex 22.5729 25.1468 6.5
      vertex 23.098300000000002 26.7636 6.5
      vertex 22.9098 26.8417 6.5
    endloop
  endfacet
  facet normal 0.0 0.0 1.0
    outer loop
      vertex 22.137999999999998 25.327 6.5
      vertex 22.9098 26.8417 6.5
      vertex 22.7359 26.9483 6.5
    endloop
  endfacet
  facet normal 0.0 0.0 1.0
    outer loop
      vertex 21.7366 25.5729 6.5
      vertex 22.7359 26.9483 6.5
      vertex 22.5808 27.0808 6.5
    endloop
  endfacet
  facet normal 0.0 0.0 1.0
    outer loop
      vertex 23.098300000000002 26.7636 6.5
      vertex 22.5729 25.1468 6.5
      vertex 23.0307 25.0369 6.5
    endloop
  endfacet
  facet normal 0.0 0.0 1.0
    outer loop
      vertex 21.378700000000002 25.8787 6.5
      vertex 22.5808 27.0808 6.5
      vertex 22.4483 27.2359 6.5
    endloop
  endfacet
  facet normal 0.0 0.0 1.0
    outer loop
      vertex 21.0729 26.2366 6.5
      vertex 22.4483 27.2359 6.5
      vertex 22.3417 27.4098 6.5
    endloop
  endfacet
  facet normal 0.0 0.0 1.0
    outer loop
      vertex 20.826999999999998 26.638 6.5
      vertex 22.3417 27.4098 6.5
      vertex 22.2636 27.5983 6.5
    endloop
  endfacet
  facet normal 0.0 0.0 1.0
    outer loop
      vertex 20.6468 27.0729 6.5
      vertex 22.2636 27.5983 6.5
      vertex 22.216 27.7966 6.5
    endloop
  endfacet
  facet normal 0.0 0.0 1.0
    outer loop
      vertex 22.9098 26.8417 6.5
      vertex 22.137999999999998 25.327 6.5
      vertex 22.5729 25.1468 6.5
    endloop
  endfacet
  facet normal 0.0 0.0 1.0
    outer loop
      vertex 20.5369 27.5307 6.5
      vertex 22.216 27.7966 6.5
      vertex 22.2 28.0 6.5
    endloop
  endfacet
  facet normal -0.0 0.0 1.0
    outer loop
      vertex 20.826999999999998 29.362 6.5
      vertex 22.3417 28.5902 6.5
      vertex 21.0729 29.7634 6.5
    endloop
  endfacet
  facet normal 0.0 0.0 1.0
    outer loop
      vertex 22.3417 28.5902 6.5
      vertex 20.826999999999998 29.362 6.5
      vertex 22.2636 28.4017 6.5
    endloop
  endfacet
  facet normal 0.0 0.0 1.0
    outer loop
      vertex 22.7359 26.9483 6.5
      vertex 21.7366 25.5729 6.5
      vertex 22.137999999999998 25.327 6.5
    endloop
  endfacet
  facet normal -0.0 0.0 1.0
    outer loop
      vertex 20.6468 28.9271 6.5
      vertex 22.2636 28.4017 6.5
      vertex 20.826999999999998 29.362 6.5
    endloop
  endfacet
  facet normal 0.0 0.0 1.0
    outer loop
      vertex 22.5808 27.0808 6.5
      vertex 21.378700000000002 25.8787 6.5
      vertex 21.7366 25.5729 6.5
    endloop
  endfacet
  facet normal 0.0 0.0 1.0
    outer loop
      vertex 22.2636 28.4017 6.5
      vertex 20.6468 28.9271 6.5
      vertex 22.216 28.2034 6.5
    endloop
  endfacet
  facet normal 0.0 0.0 1.0
    outer loop
      vertex 22.4483 27.2359 6.5
      vertex 21.0729 26.2366 6.5
      vertex 21.378700000000002 25.8787 6.5
    endloop
  endfacet
  facet normal -0.0 0.0 1.0
    outer loop
      vertex 20.5369 28.4693 6.5
      vertex 22.216 28.2034 6.5
      vertex 20.6468 28.9271 6.5
    endloop
  endfacet
  facet normal 0.0 0.0 1.0
    outer loop
      vertex 22.3417 27.4098 6.5
      vertex 20.826999999999998 26.638 6.5
      vertex 21.0729 26.2366 6.5
    endloop
  endfacet
  facet normal 0.0 0.0 1.0
    outer loop
      vertex 22.216 28.2034 6.5
      vertex 20.5369 28.4693 6.5
      vertex 22.2 28.0 6.5
    endloop
  endfacet
  facet normal 0.0 0.0 1.0
    outer loop
      vertex 22.2636 27.5983 6.5
      vertex 20.6468 27.0729 6.5
      vertex 20.826999999999998 26.638 6.5
    endloop
  endfacet
  facet normal 0.0 0.0 1.0
    outer loop
      vertex 20.5 28.0 6.5
      vertex 22.2 28.0 6.5
      vertex 20.5369 28.4693 6.5
    endloop
  endfacet
  facet normal 0.0 0.0 1.0
    outer loop
      vertex 22.216 27.7966 6.5
      vertex 20.5369 27.5307 6.5
      vertex 20.6468 27.0729 6.5
    endloop
  endfacet
  facet normal 0.0 0.0 1.0
    outer loop
      vertex 22.2 28.0 6.5
      vertex 20.5 28.0 6.5
      vertex 20.5369 27.5307 6.5
    endloop
  endfacet
  facet normal -0.522378 0.852714 0.0
    outer loop
      vertex 22.137999999999998 30.673 2.5
      vertex 21.7366 30.4271 6.5
      vertex 22.137999999999998 30.673 6.5
    endloop
  endfacet
  facet normal -0.522378 0.852714 0.0
    outer loop
      vertex 21.7366 30.4271 6.5
      vertex 22.137999999999998 30.673 2.5
      vertex 21.7366 30.4271 2.5
    endloop
  endfacet
  facet normal -0.233429 0.972374 0.0
    outer loop
      vertex 23.0307 30.9631 2.5
      vertex 22.5729 30.8532 6.5
      vertex 23.0307 30.9631 6.5
    endloop
  endfacet
  facet normal -0.233429 0.972374 0.0
    outer loop
      vertex 22.5729 30.8532 6.5
      vertex 23.0307 30.9631 2.5
      vertex 22.5729 30.8532 2.5
    endloop
  endfacet
  facet normal 0.233429 -0.972374 0.0
    outer loop
      vertex 23.9693 25.0369 2.5
      vertex 24.4271 25.1468 6.5
      vertex 23.9693 25.0369 6.5
    endloop
  endfacet
  facet normal 0.233429 -0.972374 0.0
    outer loop
      vertex 24.4271 25.1468 6.5
      vertex 23.9693 25.0369 2.5
      vertex 24.4271 25.1468 2.5
    endloop
  endfacet
  facet normal 0.522378 -0.852714 0.0
    outer loop
      vertex 24.862 25.327 2.5
      vertex 25.2634 25.5729 6.5
      vertex 24.862 25.327 6.5
    endloop
  endfacet
  facet normal 0.522378 -0.852714 0.0
    outer loop
      vertex 25.2634 25.5729 6.5
      vertex 24.862 25.327 2.5
      vertex 25.2634 25.5729 2.5
    endloop
  endfacet
  facet normal -0.522378 -0.852714 0.0
    outer loop
      vertex 21.7366 25.5729 2.5
      vertex 22.137999999999998 25.327 6.5
      vertex 21.7366 25.5729 6.5
    endloop
  endfacet
  facet normal -0.522378 -0.852714 -0.0
    outer loop
      vertex 22.137999999999998 25.327 6.5
      vertex 21.7366 25.5729 2.5
      vertex 22.137999999999998 25.327 2.5
    endloop
  endfacet
  facet normal -0.852714 -0.522378 0.0
    outer loop
      vertex 21.0729 26.2366 2.5
      vertex 20.826999999999998 26.638 6.5
      vertex 20.826999999999998 26.638 2.5
    endloop
  endfacet
  facet normal -0.852714 -0.522378 0.0
    outer loop
      vertex 20.826999999999998 26.638 6.5
      vertex 21.0729 26.2366 2.5
      vertex 21.0729 26.2366 6.5
    endloop
  endfacet
  facet normal -0.972374 -0.233429 0.0
    outer loop
      vertex 20.6468 27.0729 2.5
      vertex 20.5369 27.5307 6.5
      vertex 20.5369 27.5307 2.5
    endloop
  endfacet
  facet normal -0.972374 -0.233429 0.0
    outer loop
      vertex 20.5369 27.5307 6.5
      vertex 20.6468 27.0729 2.5
      vertex 20.6468 27.0729 6.5
    endloop
  endfacet
  facet normal 0.760275 0.649601 0.0
    outer loop
      vertex 25.9271 29.7634 6.5
      vertex 25.6213 30.1213 2.5
      vertex 25.6213 30.1213 6.5
    endloop
  endfacet
  facet normal 0.760275 0.649601 0.0
    outer loop
      vertex 25.6213 30.1213 2.5
      vertex 25.9271 29.7634 6.5
      vertex 25.9271 29.7634 2.5
    endloop
  endfacet
  facet normal 0.233429 0.972374 -0.0
    outer loop
      vertex 24.4271 30.8532 2.5
      vertex 23.9693 30.9631 6.5
      vertex 24.4271 30.8532 6.5
    endloop
  endfacet
  facet normal 0.233429 0.972374 0.0
    outer loop
      vertex 23.9693 30.9631 6.5
      vertex 24.4271 30.8532 2.5
      vertex 23.9693 30.9631 2.5
    endloop
  endfacet
  facet normal 0.0783858 0.996923 -0.0
    outer loop
      vertex 23.9693 30.9631 2.5
      vertex 23.5 31.0 6.5
      vertex 23.9693 30.9631 6.5
    endloop
  endfacet
  facet normal 0.0783858 0.996923 0.0
    outer loop
      vertex 23.5 31.0 6.5
      vertex 23.9693 30.9631 2.5
      vertex 23.5 31.0 2.5
    endloop
  endfacet
  facet normal -0.972374 0.233429 0.0
    outer loop
      vertex 20.5369 28.4693 2.5
      vertex 20.6468 28.9271 6.5
      vertex 20.6468 28.9271 2.5
    endloop
  endfacet
  facet normal -0.972374 0.233429 0.0
    outer loop
      vertex 20.6468 28.9271 6.5
      vertex 20.5369 28.4693 2.5
      vertex 20.5369 28.4693 6.5
    endloop
  endfacet
  facet normal -0.996923 0.0783858 0.0
    outer loop
      vertex 20.5 28.0 2.5
      vertex 20.5369 28.4693 6.5
      vertex 20.5369 28.4693 2.5
    endloop
  endfacet
  facet normal -0.996923 0.0783858 0.0
    outer loop
      vertex 20.5369 28.4693 6.5
      vertex 20.5 28.0 2.5
      vertex 20.5 28.0 6.5
    endloop
  endfacet
  facet normal -0.996923 -0.0783858 0.0
    outer loop
      vertex 20.5369 27.5307 2.5
      vertex 20.5 28.0 6.5
      vertex 20.5 28.0 2.5
    endloop
  endfacet
  facet normal -0.996923 -0.0783858 0.0
    outer loop
      vertex 20.5 28.0 6.5
      vertex 20.5369 27.5307 2.5
      vertex 20.5369 27.5307 6.5
    endloop
  endfacet
  facet normal -0.649601 0.760275 0.0
    outer loop
      vertex 21.7366 30.4271 2.5
      vertex 21.378700000000002 30.1213 6.5
      vertex 21.7366 30.4271 6.5
    endloop
  endfacet
  facet normal -0.649601 0.760275 0.0
    outer loop
      vertex 21.378700000000002 30.1213 6.5
      vertex 21.7366 30.4271 2.5
      vertex 21.378700000000002 30.1213 2.5
    endloop
  endfacet
  facet normal 0.996923 -0.0783858 0.0
    outer loop
      vertex 26.4631 27.5307 6.5
      vertex 26.5 28.0 2.5
      vertex 26.5 28.0 6.5
    endloop
  endfacet
  facet normal 0.996923 -0.0783858 0.0
    outer loop
      vertex 26.5 28.0 2.5
      vertex 26.4631 27.5307 6.5
      vertex 26.4631 27.5307 2.5
    endloop
  endfacet
  facet normal 0.38279 -0.923836 0.0
    outer loop
      vertex 24.4271 25.1468 2.5
      vertex 24.862 25.327 6.5
      vertex 24.4271 25.1468 6.5
    endloop
  endfacet
  facet normal 0.38279 -0.923836 0.0
    outer loop
      vertex 24.862 25.327 6.5
      vertex 24.4271 25.1468 2.5
      vertex 24.862 25.327 2.5
    endloop
  endfacet
  facet normal 0.649601 -0.760275 0.0
    outer loop
      vertex 25.2634 25.5729 2.5
      vertex 25.6213 25.8787 6.5
      vertex 25.2634 25.5729 6.5
    endloop
  endfacet
  facet normal 0.649601 -0.760275 0.0
    outer loop
      vertex 25.6213 25.8787 6.5
      vertex 25.2634 25.5729 2.5
      vertex 25.6213 25.8787 2.5
    endloop
  endfacet
  facet normal 0.923836 -0.38279 0.0
    outer loop
      vertex 26.173 26.638 6.5
      vertex 26.3532 27.0729 2.5
      vertex 26.3532 27.0729 6.5
    endloop
  endfacet
  facet normal 0.923836 -0.38279 0.0
    outer loop
      vertex 26.3532 27.0729 2.5
      vertex 26.173 26.638 6.5
      vertex 26.173 26.638 2.5
    endloop
  endfacet
  facet normal 0.972374 -0.233429 0.0
    outer loop
      vertex 26.3532 27.0729 6.5
      vertex 26.4631 27.5307 2.5
      vertex 26.4631 27.5307 6.5
    endloop
  endfacet
  facet normal 0.972374 -0.233429 0.0
    outer loop
      vertex 26.4631 27.5307 2.5
      vertex 26.3532 27.0729 6.5
      vertex 26.3532 27.0729 2.5
    endloop
  endfacet
  facet normal -0.38279 -0.923836 0.0
    outer loop
      vertex 22.137999999999998 25.327 2.5
      vertex 22.5729 25.1468 6.5
      vertex 22.137999999999998 25.327 6.5
    endloop
  endfacet
  facet normal -0.38279 -0.923836 -0.0
    outer loop
      vertex 22.5729 25.1468 6.5
      vertex 22.137999999999998 25.327 2.5
      vertex 22.5729 25.1468 2.5
    endloop
  endfacet
  facet normal -0.233429 -0.972374 0.0
    outer loop
      vertex 22.5729 25.1468 2.5
      vertex 23.0307 25.0369 6.5
      vertex 22.5729 25.1468 6.5
    endloop
  endfacet
  facet normal -0.233429 -0.972374 -0.0
    outer loop
      vertex 23.0307 25.0369 6.5
      vertex 22.5729 25.1468 2.5
      vertex 23.0307 25.0369 2.5
    endloop
  endfacet
  facet normal 0.0783858 -0.996923 0.0
    outer loop
      vertex 23.5 25.0 2.5
      vertex 23.9693 25.0369 6.5
      vertex 23.5 25.0 6.5
    endloop
  endfacet
  facet normal 0.0783858 -0.996923 0.0
    outer loop
      vertex 23.9693 25.0369 6.5
      vertex 23.5 25.0 2.5
      vertex 23.9693 25.0369 2.5
    endloop
  endfacet
  facet normal -0.760275 -0.649601 0.0
    outer loop
      vertex 21.378700000000002 25.8787 2.5
      vertex 21.0729 26.2366 6.5
      vertex 21.0729 26.2366 2.5
    endloop
  endfacet
  facet normal -0.760275 -0.649601 0.0
    outer loop
      vertex 21.0729 26.2366 6.5
      vertex 21.378700000000002 25.8787 2.5
      vertex 21.378700000000002 25.8787 6.5
    endloop
  endfacet
  facet normal -0.923836 -0.38279 0.0
    outer loop
      vertex 20.826999999999998 26.638 2.5
      vertex 20.6468 27.0729 6.5
      vertex 20.6468 27.0729 2.5
    endloop
  endfacet
  facet normal -0.923836 -0.38279 0.0
    outer loop
      vertex 20.6468 27.0729 6.5
      vertex 20.826999999999998 26.638 2.5
      vertex 20.826999999999998 26.638 6.5
    endloop
  endfacet
  facet normal 0.760275 -0.649601 0.0
    outer loop
      vertex 25.6213 25.8787 6.5
      vertex 25.9271 26.2366 2.5
      vertex 25.9271 26.2366 6.5
    endloop
  endfacet
  facet normal 0.760275 -0.649601 0.0
    outer loop
      vertex 25.9271 26.2366 2.5
      vertex 25.6213 25.8787 6.5
      vertex 25.6213 25.8787 2.5
    endloop
  endfacet
  facet normal -0.0783858 -0.996923 0.0
    outer loop
      vertex 23.0307 25.0369 2.5
      vertex 23.5 25.0 6.5
      vertex 23.0307 25.0369 6.5
    endloop
  endfacet
  facet normal -0.0783858 -0.996923 -0.0
    outer loop
      vertex 23.5 25.0 6.5
      vertex 23.0307 25.0369 2.5
      vertex 23.5 25.0 2.5
    endloop
  endfacet
  facet normal -0.649601 -0.760275 0.0
    outer loop
      vertex 21.378700000000002 25.8787 2.5
      vertex 21.7366 25.5729 6.5
      vertex 21.378700000000002 25.8787 6.5
    endloop
  endfacet
  facet normal -0.649601 -0.760275 -0.0
    outer loop
      vertex 21.7366 25.5729 6.5
      vertex 21.378700000000002 25.8787 2.5
      vertex 21.7366 25.5729 2.5
    endloop
  endfacet
  facet normal 0.996923 0.0783858 0.0
    outer loop
      vertex 26.5 48.0 6.5
      vertex 26.4631 48.4693 2.5
      vertex 26.4631 48.4693 6.5
    endloop
  endfacet
  facet normal 0.996923 0.0783858 0.0
    outer loop
      vertex 26.4631 48.4693 2.5
      vertex 26.5 48.0 6.5
      vertex 26.5 48.0 2.5
    endloop
  endfacet
  facet normal -0.0783858 0.996923 0.0
    outer loop
      vertex 23.5 51.0 2.5
      vertex 23.0307 50.9631 6.5
      vertex 23.5 51.0 6.5
    endloop
  endfacet
  facet normal -0.0783858 0.996923 0.0
    outer loop
      vertex 23.0307 50.9631 6.5
      vertex 23.5 51.0 2.5
      vertex 23.0307 50.9631 2.5
    endloop
  endfacet
  facet normal 0.0783858 -0.996923 0.0
    outer loop
      vertex 23.5 45.0 2.5
      vertex 23.9693 45.0369 6.5
      vertex 23.5 45.0 6.5
    endloop
  endfacet
  facet normal 0.0783858 -0.996923 0.0
    outer loop
      vertex 23.9693 45.0369 6.5
      vertex 23.5 45.0 2.5
      vertex 23.9693 45.0369 2.5
    endloop
  endfacet
  facet normal -0.649601 -0.760275 0.0
    outer loop
      vertex 21.378700000000002 45.8787 2.5
      vertex 21.7366 45.5729 6.5
      vertex 21.378700000000002 45.8787 6.5
    endloop
  endfacet
  facet normal -0.649601 -0.760275 -0.0
    outer loop
      vertex 21.7366 45.5729 6.5
      vertex 21.378700000000002 45.8787 2.5
      vertex 21.7366 45.5729 2.5
    endloop
  endfacet
  facet normal 0.649601 0.760275 -0.0
    outer loop
      vertex 25.6213 50.1213 2.5
      vertex 25.2634 50.4271 6.5
      vertex 25.6213 50.1213 6.5
    endloop
  endfacet
  facet normal 0.649601 0.760275 0.0
    outer loop
      vertex 25.2634 50.4271 6.5
      vertex 25.6213 50.1213 2.5
      vertex 25.2634 50.4271 2.5
    endloop
  endfacet
  facet normal -0.760275 0.649601 0.0
    outer loop
      vertex 21.0729 49.7634 2.5
      vertex 21.378700000000002 50.1213 6.5
      vertex 21.378700000000002 50.1213 2.5
    endloop
  endfacet
  facet normal -0.760275 0.649601 0.0
    outer loop
      vertex 21.378700000000002 50.1213 6.5
      vertex 21.0729 49.7634 2.5
      vertex 21.0729 49.7634 6.5
    endloop
  endfacet
  facet normal -0.38279 0.923836 0.0
    outer loop
      vertex 22.5729 50.8532 2.5
      vertex 22.137999999999998 50.673 6.5
      vertex 22.5729 50.8532 6.5
    endloop
  endfacet
  facet normal -0.38279 0.923836 0.0
    outer loop
      vertex 22.137999999999998 50.673 6.5
      vertex 22.5729 50.8532 2.5
      vertex 22.137999999999998 50.673 2.5
    endloop
  endfacet
  facet normal 0.923836 0.38279 0.0
    outer loop
      vertex 26.3532 48.9271 6.5
      vertex 26.173 49.362 2.5
      vertex 26.173 49.362 6.5
    endloop
  endfacet
  facet normal 0.923836 0.38279 0.0
    outer loop
      vertex 26.173 49.362 2.5
      vertex 26.3532 48.9271 6.5
      vertex 26.3532 48.9271 2.5
    endloop
  endfacet
  facet normal 0.972374 0.233429 0.0
    outer loop
      vertex 26.4631 48.4693 6.5
      vertex 26.3532 48.9271 2.5
      vertex 26.3532 48.9271 6.5
    endloop
  endfacet
  facet normal 0.972374 0.233429 0.0
    outer loop
      vertex 26.3532 48.9271 2.5
      vertex 26.4631 48.4693 6.5
      vertex 26.4631 48.4693 2.5
    endloop
  endfacet
  facet normal 0.852714 0.522378 0.0
    outer loop
      vertex 26.173 49.362 6.5
      vertex 25.9271 49.7634 2.5
      vertex 25.9271 49.7634 6.5
    endloop
  endfacet
  facet normal 0.852714 0.522378 0.0
    outer loop
      vertex 25.9271 49.7634 2.5
      vertex 26.173 49.362 6.5
      vertex 26.173 49.362 2.5
    endloop
  endfacet
  facet normal 0.38279 0.923836 -0.0
    outer loop
      vertex 24.862 50.673 2.5
      vertex 24.4271 50.8532 6.5
      vertex 24.862 50.673 6.5
    endloop
  endfacet
  facet normal 0.38279 0.923836 0.0
    outer loop
      vertex 24.4271 50.8532 6.5
      vertex 24.862 50.673 2.5
      vertex 24.4271 50.8532 2.5
    endloop
  endfacet
  facet normal 0.522378 0.852714 -0.0
    outer loop
      vertex 25.2634 50.4271 2.5
      vertex 24.862 50.673 6.5
      vertex 25.2634 50.4271 6.5
    endloop
  endfacet
  facet normal 0.522378 0.852714 0.0
    outer loop
      vertex 24.862 50.673 6.5
      vertex 25.2634 50.4271 2.5
      vertex 24.862 50.673 2.5
    endloop
  endfacet
  facet normal -0.923836 0.38279 0.0
    outer loop
      vertex 20.6468 48.9271 2.5
      vertex 20.826999999999998 49.362 6.5
      vertex 20.826999999999998 49.362 2.5
    endloop
  endfacet
  facet normal -0.923836 0.38279 0.0
    outer loop
      vertex 20.826999999999998 49.362 6.5
      vertex 20.6468 48.9271 2.5
      vertex 20.6468 48.9271 6.5
    endloop
  endfacet
  facet normal -0.852714 0.522378 0.0
    outer loop
      vertex 20.826999999999998 49.362 2.5
      vertex 21.0729 49.7634 6.5
      vertex 21.0729 49.7634 2.5
    endloop
  endfacet
  facet normal -0.852714 0.522378 0.0
    outer loop
      vertex 21.0729 49.7634 6.5
      vertex 20.826999999999998 49.362 2.5
      vertex 20.826999999999998 49.362 6.5
    endloop
  endfacet
  facet normal -0.522378 0.852714 0.0
    outer loop
      vertex 22.137999999999998 50.673 2.5
      vertex 21.7366 50.4271 6.5
      vertex 22.137999999999998 50.673 6.5
    endloop
  endfacet
  facet normal -0.522378 0.852714 0.0
    outer loop
      vertex 21.7366 50.4271 6.5
      vertex 22.137999999999998 50.673 2.5
      vertex 21.7366 50.4271 2.5
    endloop
  endfacet
  facet normal -0.233429 0.972374 0.0
    outer loop
      vertex 23.0307 50.9631 2.5
      vertex 22.5729 50.8532 6.5
      vertex 23.0307 50.9631 6.5
    endloop
  endfacet
  facet normal -0.233429 0.972374 0.0
    outer loop
      vertex 22.5729 50.8532 6.5
      vertex 23.0307 50.9631 2.5
      vertex 22.5729 50.8532 2.5
    endloop
  endfacet
  facet normal 0.233429 -0.972374 0.0
    outer loop
      vertex 23.9693 45.0369 2.5
      vertex 24.4271 45.1468 6.5
      vertex 23.9693 45.0369 6.5
    endloop
  endfacet
  facet normal 0.233429 -0.972374 0.0
    outer loop
      vertex 24.4271 45.1468 6.5
      vertex 23.9693 45.0369 2.5
      vertex 24.4271 45.1468 2.5
    endloop
  endfacet
  facet normal 0.522378 -0.852714 0.0
    outer loop
      vertex 24.862 45.327 2.5
      vertex 25.2634 45.5729 6.5
      vertex 24.862 45.327 6.5
    endloop
  endfacet
  facet normal 0.522378 -0.852714 0.0
    outer loop
      vertex 25.2634 45.5729 6.5
      vertex 24.862 45.327 2.5
      vertex 25.2634 45.5729 2.5
    endloop
  endfacet
  facet normal -0.522378 -0.852714 0.0
    outer loop
      vertex 21.7366 45.5729 2.5
      vertex 22.137999999999998 45.327 6.5
      vertex 21.7366 45.5729 6.5
    endloop
  endfacet
  facet normal -0.522378 -0.852714 -0.0
    outer loop
      vertex 22.137999999999998 45.327 6.5
      vertex 21.7366 45.5729 2.5
      vertex 22.137999999999998 45.327 2.5
    endloop
  endfacet
  facet normal -0.852714 -0.522378 0.0
    outer loop
      vertex 21.0729 46.2366 2.5
      vertex 20.826999999999998 46.638 6.5
      vertex 20.826999999999998 46.638 2.5
    endloop
  endfacet
  facet normal -0.852714 -0.522378 0.0
    outer loop
      vertex 20.826999999999998 46.638 6.5
      vertex 21.0729 46.2366 2.5
      vertex 21.0729 46.2366 6.5
    endloop
  endfacet
  facet normal -0.972374 -0.233429 0.0
    outer loop
      vertex 20.6468 47.0729 2.5
      vertex 20.5369 47.5307 6.5
      vertex 20.5369 47.5307 2.5
    endloop
  endfacet
  facet normal -0.972374 -0.233429 0.0
    outer loop
      vertex 20.5369 47.5307 6.5
      vertex 20.6468 47.0729 2.5
      vertex 20.6468 47.0729 6.5
    endloop
  endfacet
  facet normal 0.760275 0.649601 0.0
    outer loop
      vertex 25.9271 49.7634 6.5
      vertex 25.6213 50.1213 2.5
      vertex 25.6213 50.1213 6.5
    endloop
  endfacet
  facet normal 0.760275 0.649601 0.0
    outer loop
      vertex 25.6213 50.1213 2.5
      vertex 25.9271 49.7634 6.5
      vertex 25.9271 49.7634 2.5
    endloop
  endfacet
  facet normal 0.233429 0.972374 -0.0
    outer loop
      vertex 24.4271 50.8532 2.5
      vertex 23.9693 50.9631 6.5
      vertex 24.4271 50.8532 6.5
    endloop
  endfacet
  facet normal 0.233429 0.972374 0.0
    outer loop
      vertex 23.9693 50.9631 6.5
      vertex 24.4271 50.8532 2.5
      vertex 23.9693 50.9631 2.5
    endloop
  endfacet
  facet normal 0.0783858 0.996923 -0.0
    outer loop
      vertex 23.9693 50.9631 2.5
      vertex 23.5 51.0 6.5
      vertex 23.9693 50.9631 6.5
    endloop
  endfacet
  facet normal 0.0783858 0.996923 0.0
    outer loop
      vertex 23.5 51.0 6.5
      vertex 23.9693 50.9631 2.5
      vertex 23.5 51.0 2.5
    endloop
  endfacet
  facet normal -0.972374 0.233429 0.0
    outer loop
      vertex 20.5369 48.4693 2.5
      vertex 20.6468 48.9271 6.5
      vertex 20.6468 48.9271 2.5
    endloop
  endfacet
  facet normal -0.972374 0.233429 0.0
    outer loop
      vertex 20.6468 48.9271 6.5
      vertex 20.5369 48.4693 2.5
      vertex 20.5369 48.4693 6.5
    endloop
  endfacet
  facet normal -0.996923 0.0783858 0.0
    outer loop
      vertex 20.5 48.0 2.5
      vertex 20.5369 48.4693 6.5
      vertex 20.5369 48.4693 2.5
    endloop
  endfacet
  facet normal -0.996923 0.0783858 0.0
    outer loop
      vertex 20.5369 48.4693 6.5
      vertex 20.5 48.0 2.5
      vertex 20.5 48.0 6.5
    endloop
  endfacet
  facet normal -0.996923 -0.0783858 0.0
    outer loop
      vertex 20.5369 47.5307 2.5
      vertex 20.5 48.0 6.5
      vertex 20.5 48.0 2.5
    endloop
  endfacet
  facet normal -0.996923 -0.0783858 0.0
    outer loop
      vertex 20.5 48.0 6.5
      vertex 20.5369 47.5307 2.5
      vertex 20.5369 47.5307 6.5
    endloop
  endfacet
  facet normal -0.649601 0.760275 0.0
    outer loop
      vertex 21.7366 50.4271 2.5
      vertex 21.378700000000002 50.1213 6.5
      vertex 21.7366 50.4271 6.5
    endloop
  endfacet
  facet normal -0.649601 0.760275 0.0
    outer loop
      vertex 21.378700000000002 50.1213 6.5
      vertex 21.7366 50.4271 2.5
      vertex 21.378700000000002 50.1213 2.5
    endloop
  endfacet
  facet normal 0.996923 -0.0783858 0.0
    outer loop
      vertex 26.4631 47.5307 6.5
      vertex 26.5 48.0 2.5
      vertex 26.5 48.0 6.5
    endloop
  endfacet
  facet normal 0.996923 -0.0783858 0.0
    outer loop
      vertex 26.5 48.0 2.5
      vertex 26.4631 47.5307 6.5
      vertex 26.4631 47.5307 2.5
    endloop
  endfacet
  facet normal 0.38279 -0.923836 0.0
    outer loop
      vertex 24.4271 45.1468 2.5
      vertex 24.862 45.327 6.5
      vertex 24.4271 45.1468 6.5
    endloop
  endfacet
  facet normal 0.38279 -0.923836 0.0
    outer loop
      vertex 24.862 45.327 6.5
      vertex 24.4271 45.1468 2.5
      vertex 24.862 45.327 2.5
    endloop
  endfacet
  facet normal 0.649601 -0.760275 0.0
    outer loop
      vertex 25.2634 45.5729 2.5
      vertex 25.6213 45.8787 6.5
      vertex 25.2634 45.5729 6.5
    endloop
  endfacet
  facet normal 0.649601 -0.760275 0.0
    outer loop
      vertex 25.6213 45.8787 6.5
      vertex 25.2634 45.5729 2.5
      vertex 25.6213 45.8787 2.5
    endloop
  endfacet
  facet normal 0.923836 -0.38279 0.0
    outer loop
      vertex 26.173 46.638 6.5
      vertex 26.3532 47.0729 2.5
      vertex 26.3532 47.0729 6.5
    endloop
  endfacet
  facet normal 0.923836 -0.38279 0.0
    outer loop
      vertex 26.3532 47.0729 2.5
      vertex 26.173 46.638 6.5
      vertex 26.173 46.638 2.5
    endloop
  endfacet
  facet normal 0.852714 -0.522378 0.0
    outer loop
      vertex 25.9271 46.2366 6.5
      vertex 26.173 46.638 2.5
      vertex 26.173 46.638 6.5
    endloop
  endfacet
  facet normal 0.852714 -0.522378 0.0
    outer loop
      vertex 26.173 46.638 2.5
      vertex 25.9271 46.2366 6.5
      vertex 25.9271 46.2366 2.5
    endloop
  endfacet
  facet normal 0.972374 -0.233429 0.0
    outer loop
      vertex 26.3532 47.0729 6.5
      vertex 26.4631 47.5307 2.5
      vertex 26.4631 47.5307 6.5
    endloop
  endfacet
  facet normal 0.972374 -0.233429 0.0
    outer loop
      vertex 26.4631 47.5307 2.5
      vertex 26.3532 47.0729 6.5
      vertex 26.3532 47.0729 2.5
    endloop
  endfacet
  facet normal -0.38279 -0.923836 0.0
    outer loop
      vertex 22.137999999999998 45.327 2.5
      vertex 22.5729 45.1468 6.5
      vertex 22.137999999999998 45.327 6.5
    endloop
  endfacet
  facet normal -0.38279 -0.923836 -0.0
    outer loop
      vertex 22.5729 45.1468 6.5
      vertex 22.137999999999998 45.327 2.5
      vertex 22.5729 45.1468 2.5
    endloop
  endfacet
  facet normal -0.233429 -0.972374 0.0
    outer loop
      vertex 22.5729 45.1468 2.5
      vertex 23.0307 45.0369 6.5
      vertex 22.5729 45.1468 6.5
    endloop
  endfacet
  facet normal -0.233429 -0.972374 -0.0
    outer loop
      vertex 23.0307 45.0369 6.5
      vertex 22.5729 45.1468 2.5
      vertex 23.0307 45.0369 2.5
    endloop
  endfacet
  facet normal -0.760275 -0.649601 0.0
    outer loop
      vertex 21.378700000000002 45.8787 2.5
      vertex 21.0729 46.2366 6.5
      vertex 21.0729 46.2366 2.5
    endloop
  endfacet
  facet normal -0.760275 -0.649601 0.0
    outer loop
      vertex 21.0729 46.2366 6.5
      vertex 21.378700000000002 45.8787 2.5
      vertex 21.378700000000002 45.8787 6.5
    endloop
  endfacet
  facet normal -0.923836 -0.38279 0.0
    outer loop
      vertex 20.826999999999998 46.638 2.5
      vertex 20.6468 47.0729 6.5
      vertex 20.6468 47.0729 2.5
    endloop
  endfacet
  facet normal -0.923836 -0.38279 0.0
    outer loop
      vertex 20.6468 47.0729 6.5
      vertex 20.826999999999998 46.638 2.5
      vertex 20.826999999999998 46.638 6.5
    endloop
  endfacet
  facet normal 0.0 0.0 1.0
    outer loop
      vertex 24.8 48.0 6.5
      vertex 26.5 48.0 6.5
      vertex 26.4631 48.4693 6.5
    endloop
  endfacet
  facet normal 0.0 0.0 1.0
    outer loop
      vertex 24.784 48.2034 6.5
      vertex 26.4631 48.4693 6.5
      vertex 26.3532 48.9271 6.5
    endloop
  endfacet
  facet normal 0.0 0.0 1.0
    outer loop
      vertex 26.5 48.0 6.5
      vertex 24.8 48.0 6.5
      vertex 26.4631 47.5307 6.5
    endloop
  endfacet
  facet normal 0.0 0.0 1.0
    outer loop
      vertex 24.7364 48.4017 6.5
      vertex 26.3532 48.9271 6.5
      vertex 26.173 49.362 6.5
    endloop
  endfacet
  facet normal -0.0 0.0 1.0
    outer loop
      vertex 24.784 47.7966 6.5
      vertex 26.4631 47.5307 6.5
      vertex 24.8 48.0 6.5
    endloop
  endfacet
  facet normal 0.0 0.0 1.0
    outer loop
      vertex 24.6583 48.5902 6.5
      vertex 26.173 49.362 6.5
      vertex 25.9271 49.7634 6.5
    endloop
  endfacet
  facet normal 0.0 0.0 1.0
    outer loop
      vertex 26.4631 47.5307 6.5
      vertex 24.784 47.7966 6.5
      vertex 26.3532 47.0729 6.5
    endloop
  endfacet
  facet normal 0.0 0.0 1.0
    outer loop
      vertex 24.5517 48.7641 6.5
      vertex 25.9271 49.7634 6.5
      vertex 25.6213 50.1213 6.5
    endloop
  endfacet
  facet normal -0.0 0.0 1.0
    outer loop
      vertex 24.7364 47.5983 6.5
      vertex 26.3532 47.0729 6.5
      vertex 24.784 47.7966 6.5
    endloop
  endfacet
  facet normal 0.0 0.0 1.0
    outer loop
      vertex 24.4192 48.9192 6.5
      vertex 25.6213 50.1213 6.5
      vertex 25.2634 50.4271 6.5
    endloop
  endfacet
  facet normal 0.0 0.0 1.0
    outer loop
      vertex 26.3532 47.0729 6.5
      vertex 24.7364 47.5983 6.5
      vertex 26.173 46.638 6.5
    endloop
  endfacet
  facet normal 0.0 0.0 1.0
    outer loop
      vertex 24.2641 49.0517 6.5
      vertex 25.2634 50.4271 6.5
      vertex 24.862 50.673 6.5
    endloop
  endfacet
  facet normal -0.0 0.0 1.0
    outer loop
      vertex 24.6583 47.4098 6.5
      vertex 26.173 46.638 6.5
      vertex 24.7364 47.5983 6.5
    endloop
  endfacet
  facet normal 0.0 0.0 1.0
    outer loop
      vertex 26.173 46.638 6.5
      vertex 24.6583 47.4098 6.5
      vertex 25.9271 46.2366 6.5
    endloop
  endfacet
  facet normal 0.0 0.0 1.0
    outer loop
      vertex 26.4631 48.4693 6.5
      vertex 24.784 48.2034 6.5
      vertex 24.8 48.0 6.5
    endloop
  endfacet
  facet normal 0.0 0.0 1.0
    outer loop
      vertex 26.3532 48.9271 6.5
      vertex 24.7364 48.4017 6.5
      vertex 24.784 48.2034 6.5
    endloop
  endfacet
  facet normal 0.0 0.0 1.0
    outer loop
      vertex 26.173 49.362 6.5
      vertex 24.6583 48.5902 6.5
      vertex 24.7364 48.4017 6.5
    endloop
  endfacet
  facet normal 0.0 0.0 1.0
    outer loop
      vertex 25.9271 49.7634 6.5
      vertex 24.5517 48.7641 6.5
      vertex 24.6583 48.5902 6.5
    endloop
  endfacet
  facet normal 0.0 0.0 1.0
    outer loop
      vertex 24.0902 49.1583 6.5
      vertex 24.862 50.673 6.5
      vertex 24.4271 50.8532 6.5
    endloop
  endfacet
  facet normal 0.0 0.0 1.0
    outer loop
      vertex 25.6213 50.1213 6.5
      vertex 24.4192 48.9192 6.5
      vertex 24.5517 48.7641 6.5
    endloop
  endfacet
  facet normal 0.0 0.0 1.0
    outer loop
      vertex 25.2634 50.4271 6.5
      vertex 24.2641 49.0517 6.5
      vertex 24.4192 48.9192 6.5
    endloop
  endfacet
  facet normal 0.0 0.0 1.0
    outer loop
      vertex 24.862 50.673 6.5
      vertex 24.0902 49.1583 6.5
      vertex 24.2641 49.0517 6.5
    endloop
  endfacet
  facet normal 0.0 0.0 1.0
    outer loop
      vertex 23.901699999999998 49.2364 6.5
      vertex 24.4271 50.8532 6.5
      vertex 23.9693 50.9631 6.5
    endloop
  endfacet
  facet normal 0.0 0.0 1.0
    outer loop
      vertex 24.4271 50.8532 6.5
      vertex 23.901699999999998 49.2364 6.5
      vertex 24.0902 49.1583 6.5
    endloop
  endfacet
  facet normal 0.0 0.0 1.0
    outer loop
      vertex 23.9693 50.9631 6.5
      vertex 23.703400000000002 49.284 6.5
      vertex 23.901699999999998 49.2364 6.5
    endloop
  endfacet
  facet normal 0.0 0.0 1.0
    outer loop
      vertex 23.5 51.0 6.5
      vertex 23.703400000000002 49.284 6.5
      vertex 23.9693 50.9631 6.5
    endloop
  endfacet
  facet normal 0.0 0.0 1.0
    outer loop
      vertex 23.5 51.0 6.5
      vertex 23.5 49.3 6.5
      vertex 23.703400000000002 49.284 6.5
    endloop
  endfacet
  facet normal 0.0 0.0 1.0
    outer loop
      vertex 23.5 51.0 6.5
      vertex 23.296599999999998 49.284 6.5
      vertex 23.5 49.3 6.5
    endloop
  endfacet
  facet normal -0.0 0.0 1.0
    outer loop
      vertex 23.0307 50.9631 6.5
      vertex 23.296599999999998 49.284 6.5
      vertex 23.5 51.0 6.5
    endloop
  endfacet
  facet normal 0.0 0.0 1.0
    outer loop
      vertex 23.296599999999998 49.284 6.5
      vertex 23.0307 50.9631 6.5
      vertex 23.098300000000002 49.2364 6.5
    endloop
  endfacet
  facet normal -0.0 0.0 1.0
    outer loop
      vertex 22.5729 50.8532 6.5
      vertex 23.098300000000002 49.2364 6.5
      vertex 23.0307 50.9631 6.5
    endloop
  endfacet
  facet normal 0.0 0.0 1.0
    outer loop
      vertex 23.098300000000002 49.2364 6.5
      vertex 22.5729 50.8532 6.5
      vertex 22.9098 49.1583 6.5
    endloop
  endfacet
  facet normal -0.0 0.0 1.0
    outer loop
      vertex 22.137999999999998 50.673 6.5
      vertex 22.9098 49.1583 6.5
      vertex 22.5729 50.8532 6.5
    endloop
  endfacet
  facet normal 0.0 0.0 1.0
    outer loop
      vertex 22.9098 49.1583 6.5
      vertex 22.137999999999998 50.673 6.5
      vertex 22.7359 49.0517 6.5
    endloop
  endfacet
  facet normal -0.0 0.0 1.0
    outer loop
      vertex 21.7366 50.4271 6.5
      vertex 22.7359 49.0517 6.5
      vertex 22.137999999999998 50.673 6.5
    endloop
  endfacet
  facet normal 0.0 0.0 1.0
    outer loop
      vertex 22.7359 49.0517 6.5
      vertex 21.7366 50.4271 6.5
      vertex 22.5808 48.9192 6.5
    endloop
  endfacet
  facet normal -0.0 0.0 1.0
    outer loop
      vertex 21.378700000000002 50.1213 6.5
      vertex 22.5808 48.9192 6.5
      vertex 21.7366 50.4271 6.5
    endloop
  endfacet
  facet normal 0.0 0.0 1.0
    outer loop
      vertex 22.5808 48.9192 6.5
      vertex 21.378700000000002 50.1213 6.5
      vertex 22.4483 48.7641 6.5
    endloop
  endfacet
  facet normal 0.0 0.0 1.0
    outer loop
      vertex 22.4483 48.7641 6.5
      vertex 21.0729 49.7634 6.5
      vertex 22.3417 48.5902 6.5
    endloop
  endfacet
  facet normal -0.0 0.0 1.0
    outer loop
      vertex 21.0729 49.7634 6.5
      vertex 22.4483 48.7641 6.5
      vertex 21.378700000000002 50.1213 6.5
    endloop
  endfacet
  facet normal -0.0 0.0 1.0
    outer loop
      vertex 24.5517 47.2359 6.5
      vertex 25.9271 46.2366 6.5
      vertex 24.6583 47.4098 6.5
    endloop
  endfacet
  facet normal 0.0 0.0 1.0
    outer loop
      vertex 25.9271 46.2366 6.5
      vertex 24.5517 47.2359 6.5
      vertex 25.6213 45.8787 6.5
    endloop
  endfacet
  facet normal -0.0 0.0 1.0
    outer loop
      vertex 24.4192 47.0808 6.5
      vertex 25.6213 45.8787 6.5
      vertex 24.5517 47.2359 6.5
    endloop
  endfacet
  facet normal 0.0 0.0 1.0
    outer loop
      vertex 25.6213 45.8787 6.5
      vertex 24.4192 47.0808 6.5
      vertex 25.2634 45.5729 6.5
    endloop
  endfacet
  facet normal -0.0 0.0 1.0
    outer loop
      vertex 24.2641 46.9483 6.5
      vertex 25.2634 45.5729 6.5
      vertex 24.4192 47.0808 6.5
    endloop
  endfacet
  facet normal 0.0 0.0 1.0
    outer loop
      vertex 25.2634 45.5729 6.5
      vertex 24.2641 46.9483 6.5
      vertex 24.862 45.327 6.5
    endloop
  endfacet
  facet normal -0.0 0.0 1.0
    outer loop
      vertex 24.0902 46.8417 6.5
      vertex 24.862 45.327 6.5
      vertex 24.2641 46.9483 6.5
    endloop
  endfacet
  facet normal 0.0 0.0 1.0
    outer loop
      vertex 24.862 45.327 6.5
      vertex 24.0902 46.8417 6.5
      vertex 24.4271 45.1468 6.5
    endloop
  endfacet
  facet normal -0.0 0.0 1.0
    outer loop
      vertex 23.901699999999998 46.7636 6.5
      vertex 24.4271 45.1468 6.5
      vertex 24.0902 46.8417 6.5
    endloop
  endfacet
  facet normal 0.0 0.0 1.0
    outer loop
      vertex 24.4271 45.1468 6.5
      vertex 23.901699999999998 46.7636 6.5
      vertex 23.9693 45.0369 6.5
    endloop
  endfacet
  facet normal -0.0 0.0 1.0
    outer loop
      vertex 23.703400000000002 46.716 6.5
      vertex 23.9693 45.0369 6.5
      vertex 23.901699999999998 46.7636 6.5
    endloop
  endfacet
  facet normal -0.0 0.0 1.0
    outer loop
      vertex 23.5 46.7 6.5
      vertex 23.9693 45.0369 6.5
      vertex 23.703400000000002 46.716 6.5
    endloop
  endfacet
  facet normal 0.0 0.0 1.0
    outer loop
      vertex 23.5 46.7 6.5
      vertex 23.5 45.0 6.5
      vertex 23.9693 45.0369 6.5
    endloop
  endfacet
  facet normal 0.0 0.0 1.0
    outer loop
      vertex 23.296599999999998 46.716 6.5
      vertex 23.5 45.0 6.5
      vertex 23.5 46.7 6.5
    endloop
  endfacet
  facet normal 0.0 0.0 1.0
    outer loop
      vertex 23.0307 45.0369 6.5
      vertex 23.296599999999998 46.716 6.5
      vertex 23.098300000000002 46.7636 6.5
    endloop
  endfacet
  facet normal 0.0 0.0 1.0
    outer loop
      vertex 23.296599999999998 46.716 6.5
      vertex 23.0307 45.0369 6.5
      vertex 23.5 45.0 6.5
    endloop
  endfacet
  facet normal 0.0 0.0 1.0
    outer loop
      vertex 22.5729 45.1468 6.5
      vertex 23.098300000000002 46.7636 6.5
      vertex 22.9098 46.8417 6.5
    endloop
  endfacet
  facet normal 0.0 0.0 1.0
    outer loop
      vertex 22.137999999999998 45.327 6.5
      vertex 22.9098 46.8417 6.5
      vertex 22.7359 46.9483 6.5
    endloop
  endfacet
  facet normal 0.0 0.0 1.0
    outer loop
      vertex 21.7366 45.5729 6.5
      vertex 22.7359 46.9483 6.5
      vertex 22.5808 47.0808 6.5
    endloop
  endfacet
  facet normal 0.0 0.0 1.0
    outer loop
      vertex 23.098300000000002 46.7636 6.5
      vertex 22.5729 45.1468 6.5
      vertex 23.0307 45.0369 6.5
    endloop
  endfacet
  facet normal 0.0 0.0 1.0
    outer loop
      vertex 21.378700000000002 45.8787 6.5
      vertex 22.5808 47.0808 6.5
      vertex 22.4483 47.2359 6.5
    endloop
  endfacet
  facet normal 0.0 0.0 1.0
    outer loop
      vertex 21.0729 46.2366 6.5
      vertex 22.4483 47.2359 6.5
      vertex 22.3417 47.4098 6.5
    endloop
  endfacet
  facet normal 0.0 0.0 1.0
    outer loop
      vertex 20.826999999999998 46.638 6.5
      vertex 22.3417 47.4098 6.5
      vertex 22.2636 47.5983 6.5
    endloop
  endfacet
  facet normal 0.0 0.0 1.0
    outer loop
      vertex 20.6468 47.0729 6.5
      vertex 22.2636 47.5983 6.5
      vertex 22.216 47.7966 6.5
    endloop
  endfacet
  facet normal 0.0 0.0 1.0
    outer loop
      vertex 22.9098 46.8417 6.5
      vertex 22.137999999999998 45.327 6.5
      vertex 22.5729 45.1468 6.5
    endloop
  endfacet
  facet normal 0.0 0.0 1.0
    outer loop
      vertex 20.5369 47.5307 6.5
      vertex 22.216 47.7966 6.5
      vertex 22.2 48.0 6.5
    endloop
  endfacet
  facet normal -0.0 0.0 1.0
    outer loop
      vertex 20.826999999999998 49.362 6.5
      vertex 22.3417 48.5902 6.5
      vertex 21.0729 49.7634 6.5
    endloop
  endfacet
  facet normal 0.0 0.0 1.0
    outer loop
      vertex 22.3417 48.5902 6.5
      vertex 20.826999999999998 49.362 6.5
      vertex 22.2636 48.4017 6.5
    endloop
  endfacet
  facet normal 0.0 0.0 1.0
    outer loop
      vertex 22.7359 46.9483 6.5
      vertex 21.7366 45.5729 6.5
      vertex 22.137999999999998 45.327 6.5
    endloop
  endfacet
  facet normal -0.0 0.0 1.0
    outer loop
      vertex 20.6468 48.9271 6.5
      vertex 22.2636 48.4017 6.5
      vertex 20.826999999999998 49.362 6.5
    endloop
  endfacet
  facet normal 0.0 0.0 1.0
    outer loop
      vertex 22.5808 47.0808 6.5
      vertex 21.378700000000002 45.8787 6.5
      vertex 21.7366 45.5729 6.5
    endloop
  endfacet
  facet normal 0.0 0.0 1.0
    outer loop
      vertex 22.2636 48.4017 6.5
      vertex 20.6468 48.9271 6.5
      vertex 22.216 48.2034 6.5
    endloop
  endfacet
  facet normal 0.0 0.0 1.0
    outer loop
      vertex 22.4483 47.2359 6.5
      vertex 21.0729 46.2366 6.5
      vertex 21.378700000000002 45.8787 6.5
    endloop
  endfacet
  facet normal -0.0 0.0 1.0
    outer loop
      vertex 20.5369 48.4693 6.5
      vertex 22.216 48.2034 6.5
      vertex 20.6468 48.9271 6.5
    endloop
  endfacet
  facet normal 0.0 0.0 1.0
    outer loop
      vertex 22.3417 47.4098 6.5
      vertex 20.826999999999998 46.638 6.5
      vertex 21.0729 46.2366 6.5
    endloop
  endfacet
  facet normal 0.0 0.0 1.0
    outer loop
      vertex 22.216 48.2034 6.5
      vertex 20.5369 48.4693 6.5
      vertex 22.2 48.0 6.5
    endloop
  endfacet
  facet normal 0.0 0.0 1.0
    outer loop
      vertex 22.2636 47.5983 6.5
      vertex 20.6468 47.0729 6.5
      vertex 20.826999999999998 46.638 6.5
    endloop
  endfacet
  facet normal 0.0 0.0 1.0
    outer loop
      vertex 20.5 48.0 6.5
      vertex 22.2 48.0 6.5
      vertex 20.5369 48.4693 6.5
    endloop
  endfacet
  facet normal 0.0 0.0 1.0
    outer loop
      vertex 22.216 47.7966 6.5
      vertex 20.5369 47.5307 6.5
      vertex 20.6468 47.0729 6.5
    endloop
  endfacet
  facet normal 0.0 0.0 1.0
    outer loop
      vertex 22.2 48.0 6.5
      vertex 20.5 48.0 6.5
      vertex 20.5369 47.5307 6.5
    endloop
  endfacet
  facet normal 0.760275 -0.649601 0.0
    outer loop
      vertex 25.6213 45.8787 6.5
      vertex 25.9271 46.2366 2.5
      vertex 25.9271 46.2366 6.5
    endloop
  endfacet
  facet normal 0.760275 -0.649601 0.0
    outer loop
      vertex 25.9271 46.2366 2.5
      vertex 25.6213 45.8787 6.5
      vertex 25.6213 45.8787 2.5
    endloop
  endfacet
  facet normal -0.0783858 -0.996923 0.0
    outer loop
      vertex 23.0307 45.0369 2.5
      vertex 23.5 45.0 6.5
      vertex 23.0307 45.0369 6.5
    endloop
  endfacet
  facet normal -0.0783858 -0.996923 -0.0
    outer loop
      vertex 23.5 45.0 6.5
      vertex 23.0307 45.0369 2.5
      vertex 23.5 45.0 2.5
    endloop
  endfacet
  facet normal 0.996923 0.0783858 0.0
    outer loop
      vertex 75.5 28.0 6.5
      vertex 75.4631 28.4693 2.5
      vertex 75.4631 28.4693 6.5
    endloop
  endfacet
  facet normal 0.996923 0.0783858 0.0
    outer loop
      vertex 75.4631 28.4693 2.5
      vertex 75.5 28.0 6.5
      vertex 75.5 28.0 2.5
    endloop
  endfacet
  facet normal -0.0783858 0.996923 0.0
    outer loop
      vertex 72.5 31.0 2.5
      vertex 72.0307 30.9631 6.5
      vertex 72.5 31.0 6.5
    endloop
  endfacet
  facet normal -0.0783858 0.996923 0.0
    outer loop
      vertex 72.0307 30.9631 6.5
      vertex 72.5 31.0 2.5
      vertex 72.0307 30.9631 2.5
    endloop
  endfacet
  facet normal -0.649601 -0.760275 0.0
    outer loop
      vertex 70.37870000000001 25.8787 2.5
      vertex 70.73660000000001 25.5729 6.5
      vertex 70.37870000000001 25.8787 6.5
    endloop
  endfacet
  facet normal -0.649601 -0.760275 -0.0
    outer loop
      vertex 70.73660000000001 25.5729 6.5
      vertex 70.37870000000001 25.8787 2.5
      vertex 70.73660000000001 25.5729 2.5
    endloop
  endfacet
  facet normal 0.649601 0.760275 -0.0
    outer loop
      vertex 74.6213 30.1213 2.5
      vertex 74.2634 30.4271 6.5
      vertex 74.6213 30.1213 6.5
    endloop
  endfacet
  facet normal 0.649601 0.760275 0.0
    outer loop
      vertex 74.2634 30.4271 6.5
      vertex 74.6213 30.1213 2.5
      vertex 74.2634 30.4271 2.5
    endloop
  endfacet
  facet normal -0.760275 0.649601 0.0
    outer loop
      vertex 70.0729 29.7634 2.5
      vertex 70.37870000000001 30.1213 6.5
      vertex 70.37870000000001 30.1213 2.5
    endloop
  endfacet
  facet normal -0.760275 0.649601 0.0
    outer loop
      vertex 70.37870000000001 30.1213 6.5
      vertex 70.0729 29.7634 2.5
      vertex 70.0729 29.7634 6.5
    endloop
  endfacet
  facet normal -0.38279 0.923836 0.0
    outer loop
      vertex 71.5729 30.8532 2.5
      vertex 71.138 30.673 6.5
      vertex 71.5729 30.8532 6.5
    endloop
  endfacet
  facet normal -0.38279 0.923836 0.0
    outer loop
      vertex 71.138 30.673 6.5
      vertex 71.5729 30.8532 2.5
      vertex 71.138 30.673 2.5
    endloop
  endfacet
  facet normal 0.85262 -0.522532 0.0
    outer loop
      vertex 74.927 26.2366 6.5
      vertex 75.173 26.638 2.5
      vertex 75.173 26.638 6.5
    endloop
  endfacet
  facet normal 0.85262 -0.522532 0.0
    outer loop
      vertex 75.173 26.638 2.5
      vertex 74.927 26.2366 6.5
      vertex 74.927 26.2366 2.5
    endloop
  endfacet
  facet normal 0.923836 0.38279 0.0
    outer loop
      vertex 75.3532 28.9271 6.5
      vertex 75.173 29.362 2.5
      vertex 75.173 29.362 6.5
    endloop
  endfacet
  facet normal 0.923836 0.38279 0.0
    outer loop
      vertex 75.173 29.362 2.5
      vertex 75.3532 28.9271 6.5
      vertex 75.3532 28.9271 2.5
    endloop
  endfacet
  facet normal 0.972374 0.233429 0.0
    outer loop
      vertex 75.4631 28.4693 6.5
      vertex 75.3532 28.9271 2.5
      vertex 75.3532 28.9271 6.5
    endloop
  endfacet
  facet normal 0.972374 0.233429 0.0
    outer loop
      vertex 75.3532 28.9271 2.5
      vertex 75.4631 28.4693 6.5
      vertex 75.4631 28.4693 2.5
    endloop
  endfacet
  facet normal 0.85262 0.522532 0.0
    outer loop
      vertex 75.173 29.362 6.5
      vertex 74.927 29.7634 2.5
      vertex 74.927 29.7634 6.5
    endloop
  endfacet
  facet normal 0.85262 0.522532 0.0
    outer loop
      vertex 74.927 29.7634 2.5
      vertex 75.173 29.362 6.5
      vertex 75.173 29.362 2.5
    endloop
  endfacet
  facet normal 0.382714 0.923867 -0.0
    outer loop
      vertex 73.862 30.673 2.5
      vertex 73.427 30.8532 6.5
      vertex 73.862 30.673 6.5
    endloop
  endfacet
  facet normal 0.382714 0.923867 0.0
    outer loop
      vertex 73.427 30.8532 6.5
      vertex 73.862 30.673 2.5
      vertex 73.427 30.8532 2.5
    endloop
  endfacet
  facet normal 0.522378 0.852714 -0.0
    outer loop
      vertex 74.2634 30.4271 2.5
      vertex 73.862 30.673 6.5
      vertex 74.2634 30.4271 6.5
    endloop
  endfacet
  facet normal 0.522378 0.852714 0.0
    outer loop
      vertex 73.862 30.673 6.5
      vertex 74.2634 30.4271 2.5
      vertex 73.862 30.673 2.5
    endloop
  endfacet
  facet normal -0.923836 0.38279 0.0
    outer loop
      vertex 69.6468 28.9271 2.5
      vertex 69.827 29.362 6.5
      vertex 69.827 29.362 2.5
    endloop
  endfacet
  facet normal -0.923836 0.38279 0.0
    outer loop
      vertex 69.827 29.362 6.5
      vertex 69.6468 28.9271 2.5
      vertex 69.6468 28.9271 6.5
    endloop
  endfacet
  facet normal -0.852714 0.522378 0.0
    outer loop
      vertex 69.827 29.362 2.5
      vertex 70.0729 29.7634 6.5
      vertex 70.0729 29.7634 2.5
    endloop
  endfacet
  facet normal -0.852714 0.522378 0.0
    outer loop
      vertex 70.0729 29.7634 6.5
      vertex 69.827 29.362 2.5
      vertex 69.827 29.362 6.5
    endloop
  endfacet
  facet normal -0.522378 0.852714 0.0
    outer loop
      vertex 71.138 30.673 2.5
      vertex 70.73660000000001 30.4271 6.5
      vertex 71.138 30.673 6.5
    endloop
  endfacet
  facet normal -0.522378 0.852714 0.0
    outer loop
      vertex 70.73660000000001 30.4271 6.5
      vertex 71.138 30.673 2.5
      vertex 70.73660000000001 30.4271 2.5
    endloop
  endfacet
  facet normal -0.233429 0.972374 0.0
    outer loop
      vertex 72.0307 30.9631 2.5
      vertex 71.5729 30.8532 6.5
      vertex 72.0307 30.9631 6.5
    endloop
  endfacet
  facet normal -0.233429 0.972374 0.0
    outer loop
      vertex 71.5729 30.8532 6.5
      vertex 72.0307 30.9631 2.5
      vertex 71.5729 30.8532 2.5
    endloop
  endfacet
  facet normal 0.233477 -0.972362 0.0
    outer loop
      vertex 72.9693 25.0369 2.5
      vertex 73.427 25.1468 6.5
      vertex 72.9693 25.0369 6.5
    endloop
  endfacet
  facet normal 0.233477 -0.972362 0.0
    outer loop
      vertex 73.427 25.1468 6.5
      vertex 72.9693 25.0369 2.5
      vertex 73.427 25.1468 2.5
    endloop
  endfacet
  facet normal 0.522378 -0.852714 0.0
    outer loop
      vertex 73.862 25.327 2.5
      vertex 74.2634 25.5729 6.5
      vertex 73.862 25.327 6.5
    endloop
  endfacet
  facet normal 0.522378 -0.852714 0.0
    outer loop
      vertex 74.2634 25.5729 6.5
      vertex 73.862 25.327 2.5
      vertex 74.2634 25.5729 2.5
    endloop
  endfacet
  facet normal -0.522378 -0.852714 0.0
    outer loop
      vertex 70.73660000000001 25.5729 2.5
      vertex 71.138 25.327 6.5
      vertex 70.73660000000001 25.5729 6.5
    endloop
  endfacet
  facet normal -0.522378 -0.852714 -0.0
    outer loop
      vertex 71.138 25.327 6.5
      vertex 70.73660000000001 25.5729 2.5
      vertex 71.138 25.327 2.5
    endloop
  endfacet
  facet normal -0.852714 -0.522378 0.0
    outer loop
      vertex 70.0729 26.2366 2.5
      vertex 69.827 26.638 6.5
      vertex 69.827 26.638 2.5
    endloop
  endfacet
  facet normal -0.852714 -0.522378 0.0
    outer loop
      vertex 69.827 26.638 6.5
      vertex 70.0729 26.2366 2.5
      vertex 70.0729 26.2366 6.5
    endloop
  endfacet
  facet normal -0.972374 -0.233429 0.0
    outer loop
      vertex 69.6468 27.0729 2.5
      vertex 69.5369 27.5307 6.5
      vertex 69.5369 27.5307 2.5
    endloop
  endfacet
  facet normal -0.972374 -0.233429 0.0
    outer loop
      vertex 69.5369 27.5307 6.5
      vertex 69.6468 27.0729 2.5
      vertex 69.6468 27.0729 6.5
    endloop
  endfacet
  facet normal 0.76038 0.649478 0.0
    outer loop
      vertex 74.927 29.7634 6.5
      vertex 74.6213 30.1213 2.5
      vertex 74.6213 30.1213 6.5
    endloop
  endfacet
  facet normal 0.76038 0.649478 0.0
    outer loop
      vertex 74.6213 30.1213 2.5
      vertex 74.927 29.7634 6.5
      vertex 74.927 29.7634 2.5
    endloop
  endfacet
  facet normal 0.233477 0.972362 -0.0
    outer loop
      vertex 73.427 30.8532 2.5
      vertex 72.9693 30.9631 6.5
      vertex 73.427 30.8532 6.5
    endloop
  endfacet
  facet normal 0.233477 0.972362 0.0
    outer loop
      vertex 72.9693 30.9631 6.5
      vertex 73.427 30.8532 2.5
      vertex 72.9693 30.9631 2.5
    endloop
  endfacet
  facet normal 0.0783858 0.996923 -0.0
    outer loop
      vertex 72.9693 30.9631 2.5
      vertex 72.5 31.0 6.5
      vertex 72.9693 30.9631 6.5
    endloop
  endfacet
  facet normal 0.0783858 0.996923 0.0
    outer loop
      vertex 72.5 31.0 6.5
      vertex 72.9693 30.9631 2.5
      vertex 72.5 31.0 2.5
    endloop
  endfacet
  facet normal -0.972374 0.233429 0.0
    outer loop
      vertex 69.5369 28.4693 2.5
      vertex 69.6468 28.9271 6.5
      vertex 69.6468 28.9271 2.5
    endloop
  endfacet
  facet normal -0.972374 0.233429 0.0
    outer loop
      vertex 69.6468 28.9271 6.5
      vertex 69.5369 28.4693 2.5
      vertex 69.5369 28.4693 6.5
    endloop
  endfacet
  facet normal -0.996923 0.0783858 0.0
    outer loop
      vertex 69.5 28.0 2.5
      vertex 69.5369 28.4693 6.5
      vertex 69.5369 28.4693 2.5
    endloop
  endfacet
  facet normal -0.996923 0.0783858 0.0
    outer loop
      vertex 69.5369 28.4693 6.5
      vertex 69.5 28.0 2.5
      vertex 69.5 28.0 6.5
    endloop
  endfacet
  facet normal -0.996923 -0.0783858 0.0
    outer loop
      vertex 69.5369 27.5307 2.5
      vertex 69.5 28.0 6.5
      vertex 69.5 28.0 2.5
    endloop
  endfacet
  facet normal -0.996923 -0.0783858 0.0
    outer loop
      vertex 69.5 28.0 6.5
      vertex 69.5369 27.5307 2.5
      vertex 69.5369 27.5307 6.5
    endloop
  endfacet
  facet normal -0.649601 0.760275 0.0
    outer loop
      vertex 70.73660000000001 30.4271 2.5
      vertex 70.37870000000001 30.1213 6.5
      vertex 70.73660000000001 30.4271 6.5
    endloop
  endfacet
  facet normal -0.649601 0.760275 0.0
    outer loop
      vertex 70.37870000000001 30.1213 6.5
      vertex 70.73660000000001 30.4271 2.5
      vertex 70.37870000000001 30.1213 2.5
    endloop
  endfacet
  facet normal 0.996923 -0.0783858 0.0
    outer loop
      vertex 75.4631 27.5307 6.5
      vertex 75.5 28.0 2.5
      vertex 75.5 28.0 6.5
    endloop
  endfacet
  facet normal 0.996923 -0.0783858 0.0
    outer loop
      vertex 75.5 28.0 2.5
      vertex 75.4631 27.5307 6.5
      vertex 75.4631 27.5307 2.5
    endloop
  endfacet
  facet normal 0.382714 -0.923867 0.0
    outer loop
      vertex 73.427 25.1468 2.5
      vertex 73.862 25.327 6.5
      vertex 73.427 25.1468 6.5
    endloop
  endfacet
  facet normal 0.382714 -0.923867 0.0
    outer loop
      vertex 73.862 25.327 6.5
      vertex 73.427 25.1468 2.5
      vertex 73.862 25.327 2.5
    endloop
  endfacet
  facet normal 0.649601 -0.760275 0.0
    outer loop
      vertex 74.2634 25.5729 2.5
      vertex 74.6213 25.8787 6.5
      vertex 74.2634 25.5729 6.5
    endloop
  endfacet
  facet normal 0.649601 -0.760275 0.0
    outer loop
      vertex 74.6213 25.8787 6.5
      vertex 74.2634 25.5729 2.5
      vertex 74.6213 25.8787 2.5
    endloop
  endfacet
  facet normal 0.923836 -0.38279 0.0
    outer loop
      vertex 75.173 26.638 6.5
      vertex 75.3532 27.0729 2.5
      vertex 75.3532 27.0729 6.5
    endloop
  endfacet
  facet normal 0.923836 -0.38279 0.0
    outer loop
      vertex 75.3532 27.0729 2.5
      vertex 75.173 26.638 6.5
      vertex 75.173 26.638 2.5
    endloop
  endfacet
  facet normal 0.972374 -0.233429 0.0
    outer loop
      vertex 75.3532 27.0729 6.5
      vertex 75.4631 27.5307 2.5
      vertex 75.4631 27.5307 6.5
    endloop
  endfacet
  facet normal 0.972374 -0.233429 0.0
    outer loop
      vertex 75.4631 27.5307 2.5
      vertex 75.3532 27.0729 6.5
      vertex 75.3532 27.0729 2.5
    endloop
  endfacet
  facet normal -0.38279 -0.923836 0.0
    outer loop
      vertex 71.138 25.327 2.5
      vertex 71.5729 25.1468 6.5
      vertex 71.138 25.327 6.5
    endloop
  endfacet
  facet normal -0.38279 -0.923836 -0.0
    outer loop
      vertex 71.5729 25.1468 6.5
      vertex 71.138 25.327 2.5
      vertex 71.5729 25.1468 2.5
    endloop
  endfacet
  facet normal -0.233429 -0.972374 0.0
    outer loop
      vertex 71.5729 25.1468 2.5
      vertex 72.0307 25.0369 6.5
      vertex 71.5729 25.1468 6.5
    endloop
  endfacet
  facet normal -0.233429 -0.972374 -0.0
    outer loop
      vertex 72.0307 25.0369 6.5
      vertex 71.5729 25.1468 2.5
      vertex 72.0307 25.0369 2.5
    endloop
  endfacet
  facet normal 0.0783858 -0.996923 0.0
    outer loop
      vertex 72.5 25.0 2.5
      vertex 72.9693 25.0369 6.5
      vertex 72.5 25.0 6.5
    endloop
  endfacet
  facet normal 0.0783858 -0.996923 0.0
    outer loop
      vertex 72.9693 25.0369 6.5
      vertex 72.5 25.0 2.5
      vertex 72.9693 25.0369 2.5
    endloop
  endfacet
  facet normal -0.760275 -0.649601 0.0
    outer loop
      vertex 70.37870000000001 25.8787 2.5
      vertex 70.0729 26.2366 6.5
      vertex 70.0729 26.2366 2.5
    endloop
  endfacet
  facet normal -0.760275 -0.649601 0.0
    outer loop
      vertex 70.0729 26.2366 6.5
      vertex 70.37870000000001 25.8787 2.5
      vertex 70.37870000000001 25.8787 6.5
    endloop
  endfacet
  facet normal -0.923836 -0.38279 0.0
    outer loop
      vertex 69.827 26.638 2.5
      vertex 69.6468 27.0729 6.5
      vertex 69.6468 27.0729 2.5
    endloop
  endfacet
  facet normal -0.923836 -0.38279 0.0
    outer loop
      vertex 69.6468 27.0729 6.5
      vertex 69.827 26.638 2.5
      vertex 69.827 26.638 6.5
    endloop
  endfacet
  facet normal 0.0 0.0 1.0
    outer loop
      vertex 73.8 28.0 6.5
      vertex 75.5 28.0 6.5
      vertex 75.4631 28.4693 6.5
    endloop
  endfacet
  facet normal 0.0 0.0 1.0
    outer loop
      vertex 73.784 28.2034 6.5
      vertex 75.4631 28.4693 6.5
      vertex 75.3532 28.9271 6.5
    endloop
  endfacet
  facet normal 0.0 0.0 1.0
    outer loop
      vertex 75.5 28.0 6.5
      vertex 73.8 28.0 6.5
      vertex 75.4631 27.5307 6.5
    endloop
  endfacet
  facet normal 0.0 0.0 1.0
    outer loop
      vertex 73.7364 28.4017 6.5
      vertex 75.3532 28.9271 6.5
      vertex 75.173 29.362 6.5
    endloop
  endfacet
  facet normal -0.0 0.0 1.0
    outer loop
      vertex 73.784 27.7966 6.5
      vertex 75.4631 27.5307 6.5
      vertex 73.8 28.0 6.5
    endloop
  endfacet
  facet normal 0.0 0.0 1.0
    outer loop
      vertex 73.6583 28.5902 6.5
      vertex 75.173 29.362 6.5
      vertex 74.927 29.7634 6.5
    endloop
  endfacet
  facet normal 0.0 0.0 1.0
    outer loop
      vertex 75.4631 27.5307 6.5
      vertex 73.784 27.7966 6.5
      vertex 75.3532 27.0729 6.5
    endloop
  endfacet
  facet normal 0.0 0.0 1.0
    outer loop
      vertex 73.5517 28.7641 6.5
      vertex 74.927 29.7634 6.5
      vertex 74.6213 30.1213 6.5
    endloop
  endfacet
  facet normal -0.0 0.0 1.0
    outer loop
      vertex 73.7364 27.5983 6.5
      vertex 75.3532 27.0729 6.5
      vertex 73.784 27.7966 6.5
    endloop
  endfacet
  facet normal 0.0 0.0 1.0
    outer loop
      vertex 73.4192 28.9192 6.5
      vertex 74.6213 30.1213 6.5
      vertex 74.2634 30.4271 6.5
    endloop
  endfacet
  facet normal 0.0 0.0 1.0
    outer loop
      vertex 75.3532 27.0729 6.5
      vertex 73.7364 27.5983 6.5
      vertex 75.173 26.638 6.5
    endloop
  endfacet
  facet normal 0.0 0.0 1.0
    outer loop
      vertex 73.2641 29.0517 6.5
      vertex 74.2634 30.4271 6.5
      vertex 73.862 30.673 6.5
    endloop
  endfacet
  facet normal -0.0 0.0 1.0
    outer loop
      vertex 73.6583 27.4098 6.5
      vertex 75.173 26.638 6.5
      vertex 73.7364 27.5983 6.5
    endloop
  endfacet
  facet normal 0.0 0.0 1.0
    outer loop
      vertex 75.173 26.638 6.5
      vertex 73.6583 27.4098 6.5
      vertex 74.927 26.2366 6.5
    endloop
  endfacet
  facet normal 0.0 0.0 1.0
    outer loop
      vertex 75.4631 28.4693 6.5
      vertex 73.784 28.2034 6.5
      vertex 73.8 28.0 6.5
    endloop
  endfacet
  facet normal 0.0 0.0 1.0
    outer loop
      vertex 75.3532 28.9271 6.5
      vertex 73.7364 28.4017 6.5
      vertex 73.784 28.2034 6.5
    endloop
  endfacet
  facet normal 0.0 0.0 1.0
    outer loop
      vertex 75.173 29.362 6.5
      vertex 73.6583 28.5902 6.5
      vertex 73.7364 28.4017 6.5
    endloop
  endfacet
  facet normal 0.0 0.0 1.0
    outer loop
      vertex 74.927 29.7634 6.5
      vertex 73.5517 28.7641 6.5
      vertex 73.6583 28.5902 6.5
    endloop
  endfacet
  facet normal 0.0 0.0 1.0
    outer loop
      vertex 73.0902 29.1583 6.5
      vertex 73.862 30.673 6.5
      vertex 73.427 30.8532 6.5
    endloop
  endfacet
  facet normal 0.0 0.0 1.0
    outer loop
      vertex 74.6213 30.1213 6.5
      vertex 73.4192 28.9192 6.5
      vertex 73.5517 28.7641 6.5
    endloop
  endfacet
  facet normal 0.0 0.0 1.0
    outer loop
      vertex 74.2634 30.4271 6.5
      vertex 73.2641 29.0517 6.5
      vertex 73.4192 28.9192 6.5
    endloop
  endfacet
  facet normal 0.0 0.0 1.0
    outer loop
      vertex 73.862 30.673 6.5
      vertex 73.0902 29.1583 6.5
      vertex 73.2641 29.0517 6.5
    endloop
  endfacet
  facet normal 0.0 0.0 1.0
    outer loop
      vertex 72.9017 29.2364 6.5
      vertex 73.427 30.8532 6.5
      vertex 72.9693 30.9631 6.5
    endloop
  endfacet
  facet normal 0.0 0.0 1.0
    outer loop
      vertex 73.427 30.8532 6.5
      vertex 72.9017 29.2364 6.5
      vertex 73.0902 29.1583 6.5
    endloop
  endfacet
  facet normal 0.0 0.0 1.0
    outer loop
      vertex 72.9693 30.9631 6.5
      vertex 72.7034 29.284 6.5
      vertex 72.9017 29.2364 6.5
    endloop
  endfacet
  facet normal 0.0 0.0 1.0
    outer loop
      vertex 72.5 31.0 6.5
      vertex 72.7034 29.284 6.5
      vertex 72.9693 30.9631 6.5
    endloop
  endfacet
  facet normal 0.0 0.0 1.0
    outer loop
      vertex 72.5 31.0 6.5
      vertex 72.5 29.3 6.5
      vertex 72.7034 29.284 6.5
    endloop
  endfacet
  facet normal 0.0 0.0 1.0
    outer loop
      vertex 72.5 31.0 6.5
      vertex 72.2966 29.284 6.5
      vertex 72.5 29.3 6.5
    endloop
  endfacet
  facet normal -0.0 0.0 1.0
    outer loop
      vertex 72.0307 30.9631 6.5
      vertex 72.2966 29.284 6.5
      vertex 72.5 31.0 6.5
    endloop
  endfacet
  facet normal 0.0 0.0 1.0
    outer loop
      vertex 72.2966 29.284 6.5
      vertex 72.0307 30.9631 6.5
      vertex 72.0983 29.2364 6.5
    endloop
  endfacet
  facet normal -0.0 0.0 1.0
    outer loop
      vertex 71.5729 30.8532 6.5
      vertex 72.0983 29.2364 6.5
      vertex 72.0307 30.9631 6.5
    endloop
  endfacet
  facet normal 0.0 0.0 1.0
    outer loop
      vertex 72.0983 29.2364 6.5
      vertex 71.5729 30.8532 6.5
      vertex 71.90979999999999 29.1583 6.5
    endloop
  endfacet
  facet normal -0.0 0.0 1.0
    outer loop
      vertex 71.138 30.673 6.5
      vertex 71.90979999999999 29.1583 6.5
      vertex 71.5729 30.8532 6.5
    endloop
  endfacet
  facet normal 0.0 0.0 1.0
    outer loop
      vertex 71.90979999999999 29.1583 6.5
      vertex 71.138 30.673 6.5
      vertex 71.7359 29.0517 6.5
    endloop
  endfacet
  facet normal -0.0 0.0 1.0
    outer loop
      vertex 70.73660000000001 30.4271 6.5
      vertex 71.7359 29.0517 6.5
      vertex 71.138 30.673 6.5
    endloop
  endfacet
  facet normal 0.0 0.0 1.0
    outer loop
      vertex 71.7359 29.0517 6.5
      vertex 70.73660000000001 30.4271 6.5
      vertex 71.58080000000001 28.9192 6.5
    endloop
  endfacet
  facet normal -0.0 0.0 1.0
    outer loop
      vertex 70.37870000000001 30.1213 6.5
      vertex 71.58080000000001 28.9192 6.5
      vertex 70.73660000000001 30.4271 6.5
    endloop
  endfacet
  facet normal 0.0 0.0 1.0
    outer loop
      vertex 71.58080000000001 28.9192 6.5
      vertex 70.37870000000001 30.1213 6.5
      vertex 71.4483 28.7641 6.5
    endloop
  endfacet
  facet normal 0.0 0.0 1.0
    outer loop
      vertex 71.4483 28.7641 6.5
      vertex 70.0729 29.7634 6.5
      vertex 71.3417 28.5902 6.5
    endloop
  endfacet
  facet normal -0.0 0.0 1.0
    outer loop
      vertex 70.0729 29.7634 6.5
      vertex 71.4483 28.7641 6.5
      vertex 70.37870000000001 30.1213 6.5
    endloop
  endfacet
  facet normal -0.0 0.0 1.0
    outer loop
      vertex 73.5517 27.2359 6.5
      vertex 74.927 26.2366 6.5
      vertex 73.6583 27.4098 6.5
    endloop
  endfacet
  facet normal 0.0 0.0 1.0
    outer loop
      vertex 74.927 26.2366 6.5
      vertex 73.5517 27.2359 6.5
      vertex 74.6213 25.8787 6.5
    endloop
  endfacet
  facet normal -0.0 0.0 1.0
    outer loop
      vertex 73.4192 27.0808 6.5
      vertex 74.6213 25.8787 6.5
      vertex 73.5517 27.2359 6.5
    endloop
  endfacet
  facet normal 0.0 0.0 1.0
    outer loop
      vertex 74.6213 25.8787 6.5
      vertex 73.4192 27.0808 6.5
      vertex 74.2634 25.5729 6.5
    endloop
  endfacet
  facet normal -0.0 0.0 1.0
    outer loop
      vertex 73.2641 26.9483 6.5
      vertex 74.2634 25.5729 6.5
      vertex 73.4192 27.0808 6.5
    endloop
  endfacet
  facet normal 0.0 0.0 1.0
    outer loop
      vertex 74.2634 25.5729 6.5
      vertex 73.2641 26.9483 6.5
      vertex 73.862 25.327 6.5
    endloop
  endfacet
  facet normal -0.0 0.0 1.0
    outer loop
      vertex 73.0902 26.8417 6.5
      vertex 73.862 25.327 6.5
      vertex 73.2641 26.9483 6.5
    endloop
  endfacet
  facet normal 0.0 0.0 1.0
    outer loop
      vertex 73.862 25.327 6.5
      vertex 73.0902 26.8417 6.5
      vertex 73.427 25.1468 6.5
    endloop
  endfacet
  facet normal -0.0 0.0 1.0
    outer loop
      vertex 72.9017 26.7636 6.5
      vertex 73.427 25.1468 6.5
      vertex 73.0902 26.8417 6.5
    endloop
  endfacet
  facet normal 0.0 0.0 1.0
    outer loop
      vertex 73.427 25.1468 6.5
      vertex 72.9017 26.7636 6.5
      vertex 72.9693 25.0369 6.5
    endloop
  endfacet
  facet normal -0.0 0.0 1.0
    outer loop
      vertex 72.7034 26.716 6.5
      vertex 72.9693 25.0369 6.5
      vertex 72.9017 26.7636 6.5
    endloop
  endfacet
  facet normal -0.0 0.0 1.0
    outer loop
      vertex 72.5 26.7 6.5
      vertex 72.9693 25.0369 6.5
      vertex 72.7034 26.716 6.5
    endloop
  endfacet
  facet normal 0.0 0.0 1.0
    outer loop
      vertex 72.5 26.7 6.5
      vertex 72.5 25.0 6.5
      vertex 72.9693 25.0369 6.5
    endloop
  endfacet
  facet normal 0.0 0.0 1.0
    outer loop
      vertex 72.2966 26.716 6.5
      vertex 72.5 25.0 6.5
      vertex 72.5 26.7 6.5
    endloop
  endfacet
  facet normal 0.0 0.0 1.0
    outer loop
      vertex 72.0307 25.0369 6.5
      vertex 72.2966 26.716 6.5
      vertex 72.0983 26.7636 6.5
    endloop
  endfacet
  facet normal 0.0 0.0 1.0
    outer loop
      vertex 72.2966 26.716 6.5
      vertex 72.0307 25.0369 6.5
      vertex 72.5 25.0 6.5
    endloop
  endfacet
  facet normal 0.0 0.0 1.0
    outer loop
      vertex 71.5729 25.1468 6.5
      vertex 72.0983 26.7636 6.5
      vertex 71.90979999999999 26.8417 6.5
    endloop
  endfacet
  facet normal 0.0 0.0 1.0
    outer loop
      vertex 71.138 25.327 6.5
      vertex 71.90979999999999 26.8417 6.5
      vertex 71.7359 26.9483 6.5
    endloop
  endfacet
  facet normal 0.0 0.0 1.0
    outer loop
      vertex 70.73660000000001 25.5729 6.5
      vertex 71.7359 26.9483 6.5
      vertex 71.58080000000001 27.0808 6.5
    endloop
  endfacet
  facet normal 0.0 0.0 1.0
    outer loop
      vertex 72.0983 26.7636 6.5
      vertex 71.5729 25.1468 6.5
      vertex 72.0307 25.0369 6.5
    endloop
  endfacet
  facet normal 0.0 0.0 1.0
    outer loop
      vertex 70.37870000000001 25.8787 6.5
      vertex 71.58080000000001 27.0808 6.5
      vertex 71.4483 27.2359 6.5
    endloop
  endfacet
  facet normal 0.0 0.0 1.0
    outer loop
      vertex 70.0729 26.2366 6.5
      vertex 71.4483 27.2359 6.5
      vertex 71.3417 27.4098 6.5
    endloop
  endfacet
  facet normal 0.0 0.0 1.0
    outer loop
      vertex 69.827 26.638 6.5
      vertex 71.3417 27.4098 6.5
      vertex 71.2636 27.5983 6.5
    endloop
  endfacet
  facet normal 0.0 0.0 1.0
    outer loop
      vertex 69.6468 27.0729 6.5
      vertex 71.2636 27.5983 6.5
      vertex 71.21600000000001 27.7966 6.5
    endloop
  endfacet
  facet normal 0.0 0.0 1.0
    outer loop
      vertex 71.90979999999999 26.8417 6.5
      vertex 71.138 25.327 6.5
      vertex 71.5729 25.1468 6.5
    endloop
  endfacet
  facet normal 0.0 0.0 1.0
    outer loop
      vertex 69.5369 27.5307 6.5
      vertex 71.21600000000001 27.7966 6.5
      vertex 71.2 28.0 6.5
    endloop
  endfacet
  facet normal -0.0 0.0 1.0
    outer loop
      vertex 69.827 29.362 6.5
      vertex 71.3417 28.5902 6.5
      vertex 70.0729 29.7634 6.5
    endloop
  endfacet
  facet normal 0.0 0.0 1.0
    outer loop
      vertex 71.3417 28.5902 6.5
      vertex 69.827 29.362 6.5
      vertex 71.2636 28.4017 6.5
    endloop
  endfacet
  facet normal 0.0 0.0 1.0
    outer loop
      vertex 71.7359 26.9483 6.5
      vertex 70.73660000000001 25.5729 6.5
      vertex 71.138 25.327 6.5
    endloop
  endfacet
  facet normal -0.0 0.0 1.0
    outer loop
      vertex 69.6468 28.9271 6.5
      vertex 71.2636 28.4017 6.5
      vertex 69.827 29.362 6.5
    endloop
  endfacet
  facet normal 0.0 0.0 1.0
    outer loop
      vertex 71.58080000000001 27.0808 6.5
      vertex 70.37870000000001 25.8787 6.5
      vertex 70.73660000000001 25.5729 6.5
    endloop
  endfacet
  facet normal 0.0 0.0 1.0
    outer loop
      vertex 71.2636 28.4017 6.5
      vertex 69.6468 28.9271 6.5
      vertex 71.21600000000001 28.2034 6.5
    endloop
  endfacet
  facet normal 0.0 0.0 1.0
    outer loop
      vertex 71.4483 27.2359 6.5
      vertex 70.0729 26.2366 6.5
      vertex 70.37870000000001 25.8787 6.5
    endloop
  endfacet
  facet normal -0.0 0.0 1.0
    outer loop
      vertex 69.5369 28.4693 6.5
      vertex 71.21600000000001 28.2034 6.5
      vertex 69.6468 28.9271 6.5
    endloop
  endfacet
  facet normal 0.0 0.0 1.0
    outer loop
      vertex 71.3417 27.4098 6.5
      vertex 69.827 26.638 6.5
      vertex 70.0729 26.2366 6.5
    endloop
  endfacet
  facet normal 0.0 0.0 1.0
    outer loop
      vertex 71.21600000000001 28.2034 6.5
      vertex 69.5369 28.4693 6.5
      vertex 71.2 28.0 6.5
    endloop
  endfacet
  facet normal 0.0 0.0 1.0
    outer loop
      vertex 71.2636 27.5983 6.5
      vertex 69.6468 27.0729 6.5
      vertex 69.827 26.638 6.5
    endloop
  endfacet
  facet normal 0.0 0.0 1.0
    outer loop
      vertex 69.5 28.0 6.5
      vertex 71.2 28.0 6.5
      vertex 69.5369 28.4693 6.5
    endloop
  endfacet
  facet normal 0.0 0.0 1.0
    outer loop
      vertex 71.21600000000001 27.7966 6.5
      vertex 69.5369 27.5307 6.5
      vertex 69.6468 27.0729 6.5
    endloop
  endfacet
  facet normal 0.0 0.0 1.0
    outer loop
      vertex 71.2 28.0 6.5
      vertex 69.5 28.0 6.5
      vertex 69.5369 27.5307 6.5
    endloop
  endfacet
  facet normal 0.76038 -0.649478 0.0
    outer loop
      vertex 74.6213 25.8787 6.5
      vertex 74.927 26.2366 2.5
      vertex 74.927 26.2366 6.5
    endloop
  endfacet
  facet normal 0.76038 -0.649478 0.0
    outer loop
      vertex 74.927 26.2366 2.5
      vertex 74.6213 25.8787 6.5
      vertex 74.6213 25.8787 2.5
    endloop
  endfacet
  facet normal -0.0783858 -0.996923 0.0
    outer loop
      vertex 72.0307 25.0369 2.5
      vertex 72.5 25.0 6.5
      vertex 72.0307 25.0369 6.5
    endloop
  endfacet
  facet normal -0.0783858 -0.996923 -0.0
    outer loop
      vertex 72.5 25.0 6.5
      vertex 72.0307 25.0369 2.5
      vertex 72.5 25.0 2.5
    endloop
  endfacet
  facet normal 0.996923 0.0783858 0.0
    outer loop
      vertex 75.5 48.0 6.5
      vertex 75.4631 48.4693 2.5
      vertex 75.4631 48.4693 6.5
    endloop
  endfacet
  facet normal 0.996923 0.0783858 0.0
    outer loop
      vertex 75.4631 48.4693 2.5
      vertex 75.5 48.0 6.5
      vertex 75.5 48.0 2.5
    endloop
  endfacet
  facet normal -0.0783858 0.996923 0.0
    outer loop
      vertex 72.5 51.0 2.5
      vertex 72.0307 50.9631 6.5
      vertex 72.5 51.0 6.5
    endloop
  endfacet
  facet normal -0.0783858 0.996923 0.0
    outer loop
      vertex 72.0307 50.9631 6.5
      vertex 72.5 51.0 2.5
      vertex 72.0307 50.9631 2.5
    endloop
  endfacet
  facet normal 0.649601 0.760275 -0.0
    outer loop
      vertex 74.6213 50.1213 2.5
      vertex 74.2634 50.4271 6.5
      vertex 74.6213 50.1213 6.5
    endloop
  endfacet
  facet normal 0.649601 0.760275 0.0
    outer loop
      vertex 74.2634 50.4271 6.5
      vertex 74.6213 50.1213 2.5
      vertex 74.2634 50.4271 2.5
    endloop
  endfacet
  facet normal -0.760275 0.649601 0.0
    outer loop
      vertex 70.0729 49.7634 2.5
      vertex 70.37870000000001 50.1213 6.5
      vertex 70.37870000000001 50.1213 2.5
    endloop
  endfacet
  facet normal -0.760275 0.649601 0.0
    outer loop
      vertex 70.37870000000001 50.1213 6.5
      vertex 70.0729 49.7634 2.5
      vertex 70.0729 49.7634 6.5
    endloop
  endfacet
  facet normal -0.38279 0.923836 0.0
    outer loop
      vertex 71.5729 50.8532 2.5
      vertex 71.138 50.673 6.5
      vertex 71.5729 50.8532 6.5
    endloop
  endfacet
  facet normal -0.38279 0.923836 0.0
    outer loop
      vertex 71.138 50.673 6.5
      vertex 71.5729 50.8532 2.5
      vertex 71.138 50.673 2.5
    endloop
  endfacet
  facet normal 0.923836 0.38279 0.0
    outer loop
      vertex 75.3532 48.9271 6.5
      vertex 75.173 49.362 2.5
      vertex 75.173 49.362 6.5
    endloop
  endfacet
  facet normal 0.923836 0.38279 0.0
    outer loop
      vertex 75.173 49.362 2.5
      vertex 75.3532 48.9271 6.5
      vertex 75.3532 48.9271 2.5
    endloop
  endfacet
  facet normal 0.972374 0.233429 0.0
    outer loop
      vertex 75.4631 48.4693 6.5
      vertex 75.3532 48.9271 2.5
      vertex 75.3532 48.9271 6.5
    endloop
  endfacet
  facet normal 0.972374 0.233429 0.0
    outer loop
      vertex 75.3532 48.9271 2.5
      vertex 75.4631 48.4693 6.5
      vertex 75.4631 48.4693 2.5
    endloop
  endfacet
  facet normal 0.85262 0.522532 0.0
    outer loop
      vertex 75.173 49.362 6.5
      vertex 74.927 49.7634 2.5
      vertex 74.927 49.7634 6.5
    endloop
  endfacet
  facet normal 0.85262 0.522532 0.0
    outer loop
      vertex 74.927 49.7634 2.5
      vertex 75.173 49.362 6.5
      vertex 75.173 49.362 2.5
    endloop
  endfacet
  facet normal 0.382714 0.923867 -0.0
    outer loop
      vertex 73.862 50.673 2.5
      vertex 73.427 50.8532 6.5
      vertex 73.862 50.673 6.5
    endloop
  endfacet
  facet normal 0.382714 0.923867 0.0
    outer loop
      vertex 73.427 50.8532 6.5
      vertex 73.862 50.673 2.5
      vertex 73.427 50.8532 2.5
    endloop
  endfacet
  facet normal 0.522378 0.852714 -0.0
    outer loop
      vertex 74.2634 50.4271 2.5
      vertex 73.862 50.673 6.5
      vertex 74.2634 50.4271 6.5
    endloop
  endfacet
  facet normal 0.522378 0.852714 0.0
    outer loop
      vertex 73.862 50.673 6.5
      vertex 74.2634 50.4271 2.5
      vertex 73.862 50.673 2.5
    endloop
  endfacet
  facet normal -0.923836 0.38279 0.0
    outer loop
      vertex 69.6468 48.9271 2.5
      vertex 69.827 49.362 6.5
      vertex 69.827 49.362 2.5
    endloop
  endfacet
  facet normal -0.923836 0.38279 0.0
    outer loop
      vertex 69.827 49.362 6.5
      vertex 69.6468 48.9271 2.5
      vertex 69.6468 48.9271 6.5
    endloop
  endfacet
  facet normal -0.852714 0.522378 0.0
    outer loop
      vertex 69.827 49.362 2.5
      vertex 70.0729 49.7634 6.5
      vertex 70.0729 49.7634 2.5
    endloop
  endfacet
  facet normal -0.852714 0.522378 0.0
    outer loop
      vertex 70.0729 49.7634 6.5
      vertex 69.827 49.362 2.5
      vertex 69.827 49.362 6.5
    endloop
  endfacet
  facet normal -0.522378 0.852714 0.0
    outer loop
      vertex 71.138 50.673 2.5
      vertex 70.73660000000001 50.4271 6.5
      vertex 71.138 50.673 6.5
    endloop
  endfacet
  facet normal -0.522378 0.852714 0.0
    outer loop
      vertex 70.73660000000001 50.4271 6.5
      vertex 71.138 50.673 2.5
      vertex 70.73660000000001 50.4271 2.5
    endloop
  endfacet
  facet normal -0.233429 0.972374 0.0
    outer loop
      vertex 72.0307 50.9631 2.5
      vertex 71.5729 50.8532 6.5
      vertex 72.0307 50.9631 6.5
    endloop
  endfacet
  facet normal -0.233429 0.972374 0.0
    outer loop
      vertex 71.5729 50.8532 6.5
      vertex 72.0307 50.9631 2.5
      vertex 71.5729 50.8532 2.5
    endloop
  endfacet
  facet normal 0.233477 -0.972362 0.0
    outer loop
      vertex 72.9693 45.0369 2.5
      vertex 73.427 45.1468 6.5
      vertex 72.9693 45.0369 6.5
    endloop
  endfacet
  facet normal 0.233477 -0.972362 0.0
    outer loop
      vertex 73.427 45.1468 6.5
      vertex 72.9693 45.0369 2.5
      vertex 73.427 45.1468 2.5
    endloop
  endfacet
  facet normal 0.76038 -0.649478 0.0
    outer loop
      vertex 74.6213 45.8787 6.5
      vertex 74.927 46.2366 2.5
      vertex 74.927 46.2366 6.5
    endloop
  endfacet
  facet normal 0.76038 -0.649478 0.0
    outer loop
      vertex 74.927 46.2366 2.5
      vertex 74.6213 45.8787 6.5
      vertex 74.6213 45.8787 2.5
    endloop
  endfacet
  facet normal 0.522378 -0.852714 0.0
    outer loop
      vertex 73.862 45.327 2.5
      vertex 74.2634 45.5729 6.5
      vertex 73.862 45.327 6.5
    endloop
  endfacet
  facet normal 0.522378 -0.852714 0.0
    outer loop
      vertex 74.2634 45.5729 6.5
      vertex 73.862 45.327 2.5
      vertex 74.2634 45.5729 2.5
    endloop
  endfacet
  facet normal -0.522378 -0.852714 0.0
    outer loop
      vertex 70.73660000000001 45.5729 2.5
      vertex 71.138 45.327 6.5
      vertex 70.73660000000001 45.5729 6.5
    endloop
  endfacet
  facet normal -0.522378 -0.852714 -0.0
    outer loop
      vertex 71.138 45.327 6.5
      vertex 70.73660000000001 45.5729 2.5
      vertex 71.138 45.327 2.5
    endloop
  endfacet
  facet normal -0.233429 -0.972374 0.0
    outer loop
      vertex 71.5729 45.1468 2.5
      vertex 72.0307 45.0369 6.5
      vertex 71.5729 45.1468 6.5
    endloop
  endfacet
  facet normal -0.233429 -0.972374 -0.0
    outer loop
      vertex 72.0307 45.0369 6.5
      vertex 71.5729 45.1468 2.5
      vertex 72.0307 45.0369 2.5
    endloop
  endfacet
  facet normal -0.852714 -0.522378 0.0
    outer loop
      vertex 70.0729 46.2366 2.5
      vertex 69.827 46.638 6.5
      vertex 69.827 46.638 2.5
    endloop
  endfacet
  facet normal -0.852714 -0.522378 0.0
    outer loop
      vertex 69.827 46.638 6.5
      vertex 70.0729 46.2366 2.5
      vertex 70.0729 46.2366 6.5
    endloop
  endfacet
  facet normal -0.760275 -0.649601 0.0
    outer loop
      vertex 70.37870000000001 45.8787 2.5
      vertex 70.0729 46.2366 6.5
      vertex 70.0729 46.2366 2.5
    endloop
  endfacet
  facet normal -0.760275 -0.649601 0.0
    outer loop
      vertex 70.0729 46.2366 6.5
      vertex 70.37870000000001 45.8787 2.5
      vertex 70.37870000000001 45.8787 6.5
    endloop
  endfacet
  facet normal -0.972374 -0.233429 0.0
    outer loop
      vertex 69.6468 47.0729 2.5
      vertex 69.5369 47.5307 6.5
      vertex 69.5369 47.5307 2.5
    endloop
  endfacet
  facet normal -0.972374 -0.233429 0.0
    outer loop
      vertex 69.5369 47.5307 6.5
      vertex 69.6468 47.0729 2.5
      vertex 69.6468 47.0729 6.5
    endloop
  endfacet
  facet normal 0.0783858 0.996923 -0.0
    outer loop
      vertex 72.9693 50.9631 2.5
      vertex 72.5 51.0 6.5
      vertex 72.9693 50.9631 6.5
    endloop
  endfacet
  facet normal 0.0783858 0.996923 0.0
    outer loop
      vertex 72.5 51.0 6.5
      vertex 72.9693 50.9631 2.5
      vertex 72.5 51.0 2.5
    endloop
  endfacet
  facet normal -0.972374 0.233429 0.0
    outer loop
      vertex 69.5369 48.4693 2.5
      vertex 69.6468 48.9271 6.5
      vertex 69.6468 48.9271 2.5
    endloop
  endfacet
  facet normal -0.972374 0.233429 0.0
    outer loop
      vertex 69.6468 48.9271 6.5
      vertex 69.5369 48.4693 2.5
      vertex 69.5369 48.4693 6.5
    endloop
  endfacet
  facet normal -0.996923 0.0783858 0.0
    outer loop
      vertex 69.5 48.0 2.5
      vertex 69.5369 48.4693 6.5
      vertex 69.5369 48.4693 2.5
    endloop
  endfacet
  facet normal -0.996923 0.0783858 0.0
    outer loop
      vertex 69.5369 48.4693 6.5
      vertex 69.5 48.0 2.5
      vertex 69.5 48.0 6.5
    endloop
  endfacet
  facet normal -0.996923 -0.0783858 0.0
    outer loop
      vertex 69.5369 47.5307 2.5
      vertex 69.5 48.0 6.5
      vertex 69.5 48.0 2.5
    endloop
  endfacet
  facet normal -0.996923 -0.0783858 0.0
    outer loop
      vertex 69.5 48.0 6.5
      vertex 69.5369 47.5307 2.5
      vertex 69.5369 47.5307 6.5
    endloop
  endfacet
  facet normal -0.649601 0.760275 0.0
    outer loop
      vertex 70.73660000000001 50.4271 2.5
      vertex 70.37870000000001 50.1213 6.5
      vertex 70.73660000000001 50.4271 6.5
    endloop
  endfacet
  facet normal -0.649601 0.760275 0.0
    outer loop
      vertex 70.37870000000001 50.1213 6.5
      vertex 70.73660000000001 50.4271 2.5
      vertex 70.37870000000001 50.1213 2.5
    endloop
  endfacet
  facet normal 0.382714 -0.923867 0.0
    outer loop
      vertex 73.427 45.1468 2.5
      vertex 73.862 45.327 6.5
      vertex 73.427 45.1468 6.5
    endloop
  endfacet
  facet normal 0.382714 -0.923867 0.0
    outer loop
      vertex 73.862 45.327 6.5
      vertex 73.427 45.1468 2.5
      vertex 73.862 45.327 2.5
    endloop
  endfacet
  facet normal 0.649601 -0.760275 0.0
    outer loop
      vertex 74.2634 45.5729 2.5
      vertex 74.6213 45.8787 6.5
      vertex 74.2634 45.5729 6.5
    endloop
  endfacet
  facet normal 0.649601 -0.760275 0.0
    outer loop
      vertex 74.6213 45.8787 6.5
      vertex 74.2634 45.5729 2.5
      vertex 74.6213 45.8787 2.5
    endloop
  endfacet
  facet normal 0.923836 -0.38279 0.0
    outer loop
      vertex 75.173 46.638 6.5
      vertex 75.3532 47.0729 2.5
      vertex 75.3532 47.0729 6.5
    endloop
  endfacet
  facet normal 0.923836 -0.38279 0.0
    outer loop
      vertex 75.3532 47.0729 2.5
      vertex 75.173 46.638 6.5
      vertex 75.173 46.638 2.5
    endloop
  endfacet
  facet normal 0.85262 -0.522532 0.0
    outer loop
      vertex 74.927 46.2366 6.5
      vertex 75.173 46.638 2.5
      vertex 75.173 46.638 6.5
    endloop
  endfacet
  facet normal 0.85262 -0.522532 0.0
    outer loop
      vertex 75.173 46.638 2.5
      vertex 74.927 46.2366 6.5
      vertex 74.927 46.2366 2.5
    endloop
  endfacet
  facet normal 0.972374 -0.233429 0.0
    outer loop
      vertex 75.3532 47.0729 6.5
      vertex 75.4631 47.5307 2.5
      vertex 75.4631 47.5307 6.5
    endloop
  endfacet
  facet normal 0.972374 -0.233429 0.0
    outer loop
      vertex 75.4631 47.5307 2.5
      vertex 75.3532 47.0729 6.5
      vertex 75.3532 47.0729 2.5
    endloop
  endfacet
  facet normal -0.38279 -0.923836 0.0
    outer loop
      vertex 71.138 45.327 2.5
      vertex 71.5729 45.1468 6.5
      vertex 71.138 45.327 6.5
    endloop
  endfacet
  facet normal -0.38279 -0.923836 -0.0
    outer loop
      vertex 71.5729 45.1468 6.5
      vertex 71.138 45.327 2.5
      vertex 71.5729 45.1468 2.5
    endloop
  endfacet
  facet normal 0.0783858 -0.996923 0.0
    outer loop
      vertex 72.5 45.0 2.5
      vertex 72.9693 45.0369 6.5
      vertex 72.5 45.0 6.5
    endloop
  endfacet
  facet normal 0.0783858 -0.996923 0.0
    outer loop
      vertex 72.9693 45.0369 6.5
      vertex 72.5 45.0 2.5
      vertex 72.9693 45.0369 2.5
    endloop
  endfacet
  facet normal -0.649601 -0.760275 0.0
    outer loop
      vertex 70.37870000000001 45.8787 2.5
      vertex 70.73660000000001 45.5729 6.5
      vertex 70.37870000000001 45.8787 6.5
    endloop
  endfacet
  facet normal -0.649601 -0.760275 -0.0
    outer loop
      vertex 70.73660000000001 45.5729 6.5
      vertex 70.37870000000001 45.8787 2.5
      vertex 70.73660000000001 45.5729 2.5
    endloop
  endfacet
  facet normal -0.923836 -0.38279 0.0
    outer loop
      vertex 69.827 46.638 2.5
      vertex 69.6468 47.0729 6.5
      vertex 69.6468 47.0729 2.5
    endloop
  endfacet
  facet normal -0.923836 -0.38279 0.0
    outer loop
      vertex 69.6468 47.0729 6.5
      vertex 69.827 46.638 2.5
      vertex 69.827 46.638 6.5
    endloop
  endfacet
  facet normal 0.76038 0.649478 0.0
    outer loop
      vertex 74.927 49.7634 6.5
      vertex 74.6213 50.1213 2.5
      vertex 74.6213 50.1213 6.5
    endloop
  endfacet
  facet normal 0.76038 0.649478 0.0
    outer loop
      vertex 74.6213 50.1213 2.5
      vertex 74.927 49.7634 6.5
      vertex 74.927 49.7634 2.5
    endloop
  endfacet
  facet normal 0.233477 0.972362 -0.0
    outer loop
      vertex 73.427 50.8532 2.5
      vertex 72.9693 50.9631 6.5
      vertex 73.427 50.8532 6.5
    endloop
  endfacet
  facet normal 0.233477 0.972362 0.0
    outer loop
      vertex 72.9693 50.9631 6.5
      vertex 73.427 50.8532 2.5
      vertex 72.9693 50.9631 2.5
    endloop
  endfacet
  facet normal 0.0 0.0 1.0
    outer loop
      vertex 73.8 48.0 6.5
      vertex 75.5 48.0 6.5
      vertex 75.4631 48.4693 6.5
    endloop
  endfacet
  facet normal 0.0 0.0 1.0
    outer loop
      vertex 73.784 48.2034 6.5
      vertex 75.4631 48.4693 6.5
      vertex 75.3532 48.9271 6.5
    endloop
  endfacet
  facet normal 0.0 0.0 1.0
    outer loop
      vertex 75.5 48.0 6.5
      vertex 73.8 48.0 6.5
      vertex 75.4631 47.5307 6.5
    endloop
  endfacet
  facet normal 0.0 0.0 1.0
    outer loop
      vertex 73.7364 48.4017 6.5
      vertex 75.3532 48.9271 6.5
      vertex 75.173 49.362 6.5
    endloop
  endfacet
  facet normal -0.0 0.0 1.0
    outer loop
      vertex 73.784 47.7966 6.5
      vertex 75.4631 47.5307 6.5
      vertex 73.8 48.0 6.5
    endloop
  endfacet
  facet normal 0.0 0.0 1.0
    outer loop
      vertex 73.6583 48.5902 6.5
      vertex 75.173 49.362 6.5
      vertex 74.927 49.7634 6.5
    endloop
  endfacet
  facet normal 0.0 0.0 1.0
    outer loop
      vertex 75.4631 47.5307 6.5
      vertex 73.784 47.7966 6.5
      vertex 75.3532 47.0729 6.5
    endloop
  endfacet
  facet normal 0.0 0.0 1.0
    outer loop
      vertex 73.5517 48.7641 6.5
      vertex 74.927 49.7634 6.5
      vertex 74.6213 50.1213 6.5
    endloop
  endfacet
  facet normal -0.0 0.0 1.0
    outer loop
      vertex 73.7364 47.5983 6.5
      vertex 75.3532 47.0729 6.5
      vertex 73.784 47.7966 6.5
    endloop
  endfacet
  facet normal 0.0 0.0 1.0
    outer loop
      vertex 73.4192 48.9192 6.5
      vertex 74.6213 50.1213 6.5
      vertex 74.2634 50.4271 6.5
    endloop
  endfacet
  facet normal 0.0 0.0 1.0
    outer loop
      vertex 75.3532 47.0729 6.5
      vertex 73.7364 47.5983 6.5
      vertex 75.173 46.638 6.5
    endloop
  endfacet
  facet normal 0.0 0.0 1.0
    outer loop
      vertex 73.2641 49.0517 6.5
      vertex 74.2634 50.4271 6.5
      vertex 73.862 50.673 6.5
    endloop
  endfacet
  facet normal -0.0 0.0 1.0
    outer loop
      vertex 73.6583 47.4098 6.5
      vertex 75.173 46.638 6.5
      vertex 73.7364 47.5983 6.5
    endloop
  endfacet
  facet normal 0.0 0.0 1.0
    outer loop
      vertex 75.173 46.638 6.5
      vertex 73.6583 47.4098 6.5
      vertex 74.927 46.2366 6.5
    endloop
  endfacet
  facet normal 0.0 0.0 1.0
    outer loop
      vertex 75.4631 48.4693 6.5
      vertex 73.784 48.2034 6.5
      vertex 73.8 48.0 6.5
    endloop
  endfacet
  facet normal 0.0 0.0 1.0
    outer loop
      vertex 75.3532 48.9271 6.5
      vertex 73.7364 48.4017 6.5
      vertex 73.784 48.2034 6.5
    endloop
  endfacet
  facet normal 0.0 0.0 1.0
    outer loop
      vertex 75.173 49.362 6.5
      vertex 73.6583 48.5902 6.5
      vertex 73.7364 48.4017 6.5
    endloop
  endfacet
  facet normal 0.0 0.0 1.0
    outer loop
      vertex 74.927 49.7634 6.5
      vertex 73.5517 48.7641 6.5
      vertex 73.6583 48.5902 6.5
    endloop
  endfacet
  facet normal 0.0 0.0 1.0
    outer loop
      vertex 73.0902 49.1583 6.5
      vertex 73.862 50.673 6.5
      vertex 73.427 50.8532 6.5
    endloop
  endfacet
  facet normal 0.0 0.0 1.0
    outer loop
      vertex 74.6213 50.1213 6.5
      vertex 73.4192 48.9192 6.5
      vertex 73.5517 48.7641 6.5
    endloop
  endfacet
  facet normal 0.0 0.0 1.0
    outer loop
      vertex 74.2634 50.4271 6.5
      vertex 73.2641 49.0517 6.5
      vertex 73.4192 48.9192 6.5
    endloop
  endfacet
  facet normal 0.0 0.0 1.0
    outer loop
      vertex 73.862 50.673 6.5
      vertex 73.0902 49.1583 6.5
      vertex 73.2641 49.0517 6.5
    endloop
  endfacet
  facet normal 0.0 0.0 1.0
    outer loop
      vertex 72.9017 49.2364 6.5
      vertex 73.427 50.8532 6.5
      vertex 72.9693 50.9631 6.5
    endloop
  endfacet
  facet normal 0.0 0.0 1.0
    outer loop
      vertex 73.427 50.8532 6.5
      vertex 72.9017 49.2364 6.5
      vertex 73.0902 49.1583 6.5
    endloop
  endfacet
  facet normal 0.0 0.0 1.0
    outer loop
      vertex 72.9693 50.9631 6.5
      vertex 72.7034 49.284 6.5
      vertex 72.9017 49.2364 6.5
    endloop
  endfacet
  facet normal 0.0 0.0 1.0
    outer loop
      vertex 72.5 51.0 6.5
      vertex 72.7034 49.284 6.5
      vertex 72.9693 50.9631 6.5
    endloop
  endfacet
  facet normal 0.0 0.0 1.0
    outer loop
      vertex 72.5 51.0 6.5
      vertex 72.5 49.3 6.5
      vertex 72.7034 49.284 6.5
    endloop
  endfacet
  facet normal 0.0 0.0 1.0
    outer loop
      vertex 72.5 51.0 6.5
      vertex 72.2966 49.284 6.5
      vertex 72.5 49.3 6.5
    endloop
  endfacet
  facet normal -0.0 0.0 1.0
    outer loop
      vertex 72.0307 50.9631 6.5
      vertex 72.2966 49.284 6.5
      vertex 72.5 51.0 6.5
    endloop
  endfacet
  facet normal 0.0 0.0 1.0
    outer loop
      vertex 72.2966 49.284 6.5
      vertex 72.0307 50.9631 6.5
      vertex 72.0983 49.2364 6.5
    endloop
  endfacet
  facet normal -0.0 0.0 1.0
    outer loop
      vertex 71.5729 50.8532 6.5
      vertex 72.0983 49.2364 6.5
      vertex 72.0307 50.9631 6.5
    endloop
  endfacet
  facet normal 0.0 0.0 1.0
    outer loop
      vertex 72.0983 49.2364 6.5
      vertex 71.5729 50.8532 6.5
      vertex 71.90979999999999 49.1583 6.5
    endloop
  endfacet
  facet normal -0.0 0.0 1.0
    outer loop
      vertex 71.138 50.673 6.5
      vertex 71.90979999999999 49.1583 6.5
      vertex 71.5729 50.8532 6.5
    endloop
  endfacet
  facet normal 0.0 0.0 1.0
    outer loop
      vertex 71.90979999999999 49.1583 6.5
      vertex 71.138 50.673 6.5
      vertex 71.7359 49.0517 6.5
    endloop
  endfacet
  facet normal -0.0 0.0 1.0
    outer loop
      vertex 70.73660000000001 50.4271 6.5
      vertex 71.7359 49.0517 6.5
      vertex 71.138 50.673 6.5
    endloop
  endfacet
  facet normal 0.0 0.0 1.0
    outer loop
      vertex 71.7359 49.0517 6.5
      vertex 70.73660000000001 50.4271 6.5
      vertex 71.58080000000001 48.9192 6.5
    endloop
  endfacet
  facet normal -0.0 0.0 1.0
    outer loop
      vertex 70.37870000000001 50.1213 6.5
      vertex 71.58080000000001 48.9192 6.5
      vertex 70.73660000000001 50.4271 6.5
    endloop
  endfacet
  facet normal 0.0 0.0 1.0
    outer loop
      vertex 71.58080000000001 48.9192 6.5
      vertex 70.37870000000001 50.1213 6.5
      vertex 71.4483 48.7641 6.5
    endloop
  endfacet
  facet normal 0.0 0.0 1.0
    outer loop
      vertex 71.4483 48.7641 6.5
      vertex 70.0729 49.7634 6.5
      vertex 71.3417 48.5902 6.5
    endloop
  endfacet
  facet normal -0.0 0.0 1.0
    outer loop
      vertex 70.0729 49.7634 6.5
      vertex 71.4483 48.7641 6.5
      vertex 70.37870000000001 50.1213 6.5
    endloop
  endfacet
  facet normal -0.0 0.0 1.0
    outer loop
      vertex 73.5517 47.2359 6.5
      vertex 74.927 46.2366 6.5
      vertex 73.6583 47.4098 6.5
    endloop
  endfacet
  facet normal 0.0 0.0 1.0
    outer loop
      vertex 74.927 46.2366 6.5
      vertex 73.5517 47.2359 6.5
      vertex 74.6213 45.8787 6.5
    endloop
  endfacet
  facet normal -0.0 0.0 1.0
    outer loop
      vertex 73.4192 47.0808 6.5
      vertex 74.6213 45.8787 6.5
      vertex 73.5517 47.2359 6.5
    endloop
  endfacet
  facet normal 0.0 0.0 1.0
    outer loop
      vertex 74.6213 45.8787 6.5
      vertex 73.4192 47.0808 6.5
      vertex 74.2634 45.5729 6.5
    endloop
  endfacet
  facet normal -0.0 0.0 1.0
    outer loop
      vertex 73.2641 46.9483 6.5
      vertex 74.2634 45.5729 6.5
      vertex 73.4192 47.0808 6.5
    endloop
  endfacet
  facet normal 0.0 0.0 1.0
    outer loop
      vertex 74.2634 45.5729 6.5
      vertex 73.2641 46.9483 6.5
      vertex 73.862 45.327 6.5
    endloop
  endfacet
  facet normal -0.0 0.0 1.0
    outer loop
      vertex 73.0902 46.8417 6.5
      vertex 73.862 45.327 6.5
      vertex 73.2641 46.9483 6.5
    endloop
  endfacet
  facet normal 0.0 0.0 1.0
    outer loop
      vertex 73.862 45.327 6.5
      vertex 73.0902 46.8417 6.5
      vertex 73.427 45.1468 6.5
    endloop
  endfacet
  facet normal -0.0 0.0 1.0
    outer loop
      vertex 72.9017 46.7636 6.5
      vertex 73.427 45.1468 6.5
      vertex 73.0902 46.8417 6.5
    endloop
  endfacet
  facet normal 0.0 0.0 1.0
    outer loop
      vertex 73.427 45.1468 6.5
      vertex 72.9017 46.7636 6.5
      vertex 72.9693 45.0369 6.5
    endloop
  endfacet
  facet normal -0.0 0.0 1.0
    outer loop
      vertex 72.7034 46.716 6.5
      vertex 72.9693 45.0369 6.5
      vertex 72.9017 46.7636 6.5
    endloop
  endfacet
  facet normal -0.0 0.0 1.0
    outer loop
      vertex 72.5 46.7 6.5
      vertex 72.9693 45.0369 6.5
      vertex 72.7034 46.716 6.5
    endloop
  endfacet
  facet normal 0.0 0.0 1.0
    outer loop
      vertex 72.5 46.7 6.5
      vertex 72.5 45.0 6.5
      vertex 72.9693 45.0369 6.5
    endloop
  endfacet
  facet normal 0.0 0.0 1.0
    outer loop
      vertex 72.2966 46.716 6.5
      vertex 72.5 45.0 6.5
      vertex 72.5 46.7 6.5
    endloop
  endfacet
  facet normal 0.0 0.0 1.0
    outer loop
      vertex 72.0307 45.0369 6.5
      vertex 72.2966 46.716 6.5
      vertex 72.0983 46.7636 6.5
    endloop
  endfacet
  facet normal 0.0 0.0 1.0
    outer loop
      vertex 72.2966 46.716 6.5
      vertex 72.0307 45.0369 6.5
      vertex 72.5 45.0 6.5
    endloop
  endfacet
  facet normal 0.0 0.0 1.0
    outer loop
      vertex 71.5729 45.1468 6.5
      vertex 72.0983 46.7636 6.5
      vertex 71.90979999999999 46.8417 6.5
    endloop
  endfacet
  facet normal 0.0 0.0 1.0
    outer loop
      vertex 71.138 45.327 6.5
      vertex 71.90979999999999 46.8417 6.5
      vertex 71.7359 46.9483 6.5
    endloop
  endfacet
  facet normal 0.0 0.0 1.0
    outer loop
      vertex 70.73660000000001 45.5729 6.5
      vertex 71.7359 46.9483 6.5
      vertex 71.58080000000001 47.0808 6.5
    endloop
  endfacet
  facet normal 0.0 0.0 1.0
    outer loop
      vertex 72.0983 46.7636 6.5
      vertex 71.5729 45.1468 6.5
      vertex 72.0307 45.0369 6.5
    endloop
  endfacet
  facet normal 0.0 0.0 1.0
    outer loop
      vertex 70.37870000000001 45.8787 6.5
      vertex 71.58080000000001 47.0808 6.5
      vertex 71.4483 47.2359 6.5
    endloop
  endfacet
  facet normal 0.0 0.0 1.0
    outer loop
      vertex 70.0729 46.2366 6.5
      vertex 71.4483 47.2359 6.5
      vertex 71.3417 47.4098 6.5
    endloop
  endfacet
  facet normal 0.0 0.0 1.0
    outer loop
      vertex 69.827 46.638 6.5
      vertex 71.3417 47.4098 6.5
      vertex 71.2636 47.5983 6.5
    endloop
  endfacet
  facet normal 0.0 0.0 1.0
    outer loop
      vertex 69.6468 47.0729 6.5
      vertex 71.2636 47.5983 6.5
      vertex 71.21600000000001 47.7966 6.5
    endloop
  endfacet
  facet normal 0.0 0.0 1.0
    outer loop
      vertex 71.90979999999999 46.8417 6.5
      vertex 71.138 45.327 6.5
      vertex 71.5729 45.1468 6.5
    endloop
  endfacet
  facet normal 0.0 0.0 1.0
    outer loop
      vertex 69.5369 47.5307 6.5
      vertex 71.21600000000001 47.7966 6.5
      vertex 71.2 48.0 6.5
    endloop
  endfacet
  facet normal -0.0 0.0 1.0
    outer loop
      vertex 69.827 49.362 6.5
      vertex 71.3417 48.5902 6.5
      vertex 70.0729 49.7634 6.5
    endloop
  endfacet
  facet normal 0.0 0.0 1.0
    outer loop
      vertex 71.3417 48.5902 6.5
      vertex 69.827 49.362 6.5
      vertex 71.2636 48.4017 6.5
    endloop
  endfacet
  facet normal 0.0 0.0 1.0
    outer loop
      vertex 71.7359 46.9483 6.5
      vertex 70.73660000000001 45.5729 6.5
      vertex 71.138 45.327 6.5
    endloop
  endfacet
  facet normal -0.0 0.0 1.0
    outer loop
      vertex 69.6468 48.9271 6.5
      vertex 71.2636 48.4017 6.5
      vertex 69.827 49.362 6.5
    endloop
  endfacet
  facet normal 0.0 0.0 1.0
    outer loop
      vertex 71.58080000000001 47.0808 6.5
      vertex 70.37870000000001 45.8787 6.5
      vertex 70.73660000000001 45.5729 6.5
    endloop
  endfacet
  facet normal 0.0 0.0 1.0
    outer loop
      vertex 71.2636 48.4017 6.5
      vertex 69.6468 48.9271 6.5
      vertex 71.21600000000001 48.2034 6.5
    endloop
  endfacet
  facet normal 0.0 0.0 1.0
    outer loop
      vertex 71.4483 47.2359 6.5
      vertex 70.0729 46.2366 6.5
      vertex 70.37870000000001 45.8787 6.5
    endloop
  endfacet
  facet normal -0.0 0.0 1.0
    outer loop
      vertex 69.5369 48.4693 6.5
      vertex 71.21600000000001 48.2034 6.5
      vertex 69.6468 48.9271 6.5
    endloop
  endfacet
  facet normal 0.0 0.0 1.0
    outer loop
      vertex 71.3417 47.4098 6.5
      vertex 69.827 46.638 6.5
      vertex 70.0729 46.2366 6.5
    endloop
  endfacet
  facet normal 0.0 0.0 1.0
    outer loop
      vertex 71.21600000000001 48.2034 6.5
      vertex 69.5369 48.4693 6.5
      vertex 71.2 48.0 6.5
    endloop
  endfacet
  facet normal 0.0 0.0 1.0
    outer loop
      vertex 71.2636 47.5983 6.5
      vertex 69.6468 47.0729 6.5
      vertex 69.827 46.638 6.5
    endloop
  endfacet
  facet normal 0.0 0.0 1.0
    outer loop
      vertex 69.5 48.0 6.5
      vertex 71.2 48.0 6.5
      vertex 69.5369 48.4693 6.5
    endloop
  endfacet
  facet normal 0.0 0.0 1.0
    outer loop
      vertex 71.21600000000001 47.7966 6.5
      vertex 69.5369 47.5307 6.5
      vertex 69.6468 47.0729 6.5
    endloop
  endfacet
  facet normal 0.0 0.0 1.0
    outer loop
      vertex 71.2 48.0 6.5
      vertex 69.5 48.0 6.5
      vertex 69.5369 47.5307 6.5
    endloop
  endfacet
  facet normal 0.996923 -0.0783858 0.0
    outer loop
      vertex 75.4631 47.5307 6.5
      vertex 75.5 48.0 2.5
      vertex 75.5 48.0 6.5
    endloop
  endfacet
  facet normal 0.996923 -0.0783858 0.0
    outer loop
      vertex 75.5 48.0 2.5
      vertex 75.4631 47.5307 6.5
      vertex 75.4631 47.5307 2.5
    endloop
  endfacet
  facet normal -0.0783858 -0.996923 0.0
    outer loop
      vertex 72.0307 45.0369 2.5
      vertex 72.5 45.0 6.5
      vertex 72.0307 45.0369 6.5
    endloop
  endfacet
  facet normal -0.0783858 -0.996923 -0.0
    outer loop
      vertex 72.5 45.0 6.5
      vertex 72.0307 45.0369 2.5
      vertex 72.5 45.0 2.5
    endloop
  endfacet
  facet normal 0.996917 0.0784642 0.0
    outer loop
      vertex 18.0 14.0 27.0
      vertex 17.95075 14.62574 2.5
      vertex 17.95075 14.62574 27.0
    endloop
  endfacet
  facet normal 0.996917 0.0784642 0.0
    outer loop
      vertex 17.95075 14.62574 2.5
      vertex 18.0 14.0 27.0
      vertex 18.0 14.0 2.5
    endloop
  endfacet
  facet normal -0.0784642 0.996917 0.0
    outer loop
      vertex 14.0 18.0 2.5
      vertex 13.37426 17.95075 27.0
      vertex 14.0 18.0 27.0
    endloop
  endfacet
  facet normal -0.0784642 0.996917 0.0
    outer loop
      vertex 13.37426 17.95075 27.0
      vertex 14.0 18.0 2.5
      vertex 13.37426 17.95075 2.5
    endloop
  endfacet
  facet normal 0.649444 0.760409 -0.0
    outer loop
      vertex 16.82843 16.82843 2.5
      vertex 16.35114 17.236069999999998 27.0
      vertex 16.82843 16.82843 27.0
    endloop
  endfacet
  facet normal 0.649444 0.760409 0.0
    outer loop
      vertex 16.35114 17.236069999999998 27.0
      vertex 16.82843 16.82843 2.5
      vertex 16.35114 17.236069999999998 2.5
    endloop
  endfacet
  facet normal -0.760409 0.649444 0.0
    outer loop
      vertex 10.76393 16.35114 2.5
      vertex 11.17157 16.82843 27.0
      vertex 11.17157 16.82843 2.5
    endloop
  endfacet
  facet normal -0.760409 0.649444 0.0
    outer loop
      vertex 11.17157 16.82843 27.0
      vertex 10.76393 16.35114 2.5
      vertex 10.76393 16.35114 27.0
    endloop
  endfacet
  facet normal -0.5225 0.852639 0.0
    outer loop
      vertex 12.18404 17.564030000000002 2.5
      vertex 11.648859999999999 17.236069999999998 27.0
      vertex 12.18404 17.564030000000002 27.0
    endloop
  endfacet
  facet normal -0.5225 0.852639 0.0
    outer loop
      vertex 11.648859999999999 17.236069999999998 27.0
      vertex 12.18404 17.564030000000002 2.5
      vertex 11.648859999999999 17.236069999999998 2.5
    endloop
  endfacet
  facet normal 0.852639 0.5225 0.0
    outer loop
      vertex 17.564030000000002 15.81596 27.0
      vertex 17.236069999999998 16.35114 2.5
      vertex 17.236069999999998 16.35114 27.0
    endloop
  endfacet
  facet normal 0.852639 0.5225 0.0
    outer loop
      vertex 17.236069999999998 16.35114 2.5
      vertex 17.564030000000002 15.81596 27.0
      vertex 17.564030000000002 15.81596 2.5
    endloop
  endfacet
  facet normal 0.972373 0.233434 0.0
    outer loop
      vertex 17.95075 14.62574 27.0
      vertex 17.80423 15.23607 2.5
      vertex 17.80423 15.23607 27.0
    endloop
  endfacet
  facet normal 0.972373 0.233434 0.0
    outer loop
      vertex 17.80423 15.23607 2.5
      vertex 17.95075 14.62574 27.0
      vertex 17.95075 14.62574 2.5
    endloop
  endfacet
  facet normal 0.760409 0.649444 0.0
    outer loop
      vertex 17.236069999999998 16.35114 27.0
      vertex 16.82843 16.82843 2.5
      vertex 16.82843 16.82843 27.0
    endloop
  endfacet
  facet normal 0.760409 0.649444 0.0
    outer loop
      vertex 16.82843 16.82843 2.5
      vertex 17.236069999999998 16.35114 27.0
      vertex 17.236069999999998 16.35114 2.5
    endloop
  endfacet
  facet normal 0.382686 0.923879 -0.0
    outer loop
      vertex 15.81596 17.564030000000002 2.5
      vertex 15.23607 17.80423 27.0
      vertex 15.81596 17.564030000000002 27.0
    endloop
  endfacet
  facet normal 0.382686 0.923879 0.0
    outer loop
      vertex 15.23607 17.80423 27.0
      vertex 15.81596 17.564030000000002 2.5
      vertex 15.23607 17.80423 2.5
    endloop
  endfacet
  facet normal 0.5225 0.852639 -0.0
    outer loop
      vertex 16.35114 17.236069999999998 2.5
      vertex 15.81596 17.564030000000002 27.0
      vertex 16.35114 17.236069999999998 27.0
    endloop
  endfacet
  facet normal 0.5225 0.852639 0.0
    outer loop
      vertex 15.81596 17.564030000000002 27.0
      vertex 16.35114 17.236069999999998 2.5
      vertex 15.81596 17.564030000000002 2.5
    endloop
  endfacet
  facet normal -0.852643 0.522494 0.0
    outer loop
      vertex 10.5 15.92044 2.5
      vertex 10.76393 16.35114 27.0
      vertex 10.76393 16.35114 2.5
    endloop
  endfacet
  facet normal -0.852643 0.522494 0.0
    outer loop
      vertex 10.76393 16.35114 27.0
      vertex 10.5 15.92044 2.5
      vertex 10.5 15.92044 27.0
    endloop
  endfacet
  facet normal -0.649444 0.760409 0.0
    outer loop
      vertex 11.648859999999999 17.236069999999998 2.5
      vertex 11.17157 16.82843 27.0
      vertex 11.648859999999999 17.236069999999998 27.0
    endloop
  endfacet
  facet normal -0.649444 0.760409 0.0
    outer loop
      vertex 11.17157 16.82843 27.0
      vertex 11.648859999999999 17.236069999999998 2.5
      vertex 11.17157 16.82843 2.5
    endloop
  endfacet
  facet normal -0.233434 0.972373 0.0
    outer loop
      vertex 13.37426 17.95075 2.5
      vertex 12.76393 17.80423 27.0
      vertex 13.37426 17.95075 27.0
    endloop
  endfacet
  facet normal -0.233434 0.972373 0.0
    outer loop
      vertex 12.76393 17.80423 27.0
      vertex 13.37426 17.95075 2.5
      vertex 12.76393 17.80423 2.5
    endloop
  endfacet
  facet normal 0.522494 -0.852643 0.0
    outer loop
      vertex 15.92044 10.5 2.5
      vertex 16.35114 10.76393 27.0
      vertex 15.92044 10.5 27.0
    endloop
  endfacet
  facet normal 0.522494 -0.852643 0.0
    outer loop
      vertex 16.35114 10.76393 27.0
      vertex 15.92044 10.5 2.5
      vertex 16.35114 10.76393 2.5
    endloop
  endfacet
  facet normal 0.649444 -0.760409 0.0
    outer loop
      vertex 16.35114 10.76393 2.5
      vertex 16.82843 11.17157 27.0
      vertex 16.35114 10.76393 27.0
    endloop
  endfacet
  facet normal 0.649444 -0.760409 0.0
    outer loop
      vertex 16.82843 11.17157 27.0
      vertex 16.35114 10.76393 2.5
      vertex 16.82843 11.17157 2.5
    endloop
  endfacet
  facet normal -0.522494 -0.852643 0.0
    outer loop
      vertex 11.648859999999999 10.76393 2.5
      vertex 12.07956 10.5 27.0
      vertex 11.648859999999999 10.76393 27.0
    endloop
  endfacet
  facet normal -0.522494 -0.852643 -0.0
    outer loop
      vertex 12.07956 10.5 27.0
      vertex 11.648859999999999 10.76393 2.5
      vertex 12.07956 10.5 2.5
    endloop
  endfacet
  facet normal -0.760409 -0.649444 0.0
    outer loop
      vertex 11.17157 11.17157 2.5
      vertex 10.76393 11.648859999999999 27.0
      vertex 10.76393 11.648859999999999 2.5
    endloop
  endfacet
  facet normal -0.760409 -0.649444 0.0
    outer loop
      vertex 10.76393 11.648859999999999 27.0
      vertex 11.17157 11.17157 2.5
      vertex 11.17157 11.17157 27.0
    endloop
  endfacet
  facet normal 0.923879 0.382686 0.0
    outer loop
      vertex 17.80423 15.23607 27.0
      vertex 17.564030000000002 15.81596 2.5
      vertex 17.564030000000002 15.81596 27.0
    endloop
  endfacet
  facet normal 0.923879 0.382686 0.0
    outer loop
      vertex 17.564030000000002 15.81596 2.5
      vertex 17.80423 15.23607 27.0
      vertex 17.80423 15.23607 2.5
    endloop
  endfacet
  facet normal 0.233434 0.972373 -0.0
    outer loop
      vertex 15.23607 17.80423 2.5
      vertex 14.62574 17.95075 27.0
      vertex 15.23607 17.80423 27.0
    endloop
  endfacet
  facet normal 0.233434 0.972373 0.0
    outer loop
      vertex 14.62574 17.95075 27.0
      vertex 15.23607 17.80423 2.5
      vertex 14.62574 17.95075 2.5
    endloop
  endfacet
  facet normal 0.0784642 0.996917 -0.0
    outer loop
      vertex 14.62574 17.95075 2.5
      vertex 14.0 18.0 27.0
      vertex 14.62574 17.95075 27.0
    endloop
  endfacet
  facet normal 0.0784642 0.996917 0.0
    outer loop
      vertex 14.0 18.0 27.0
      vertex 14.62574 17.95075 2.5
      vertex 14.0 18.0 2.5
    endloop
  endfacet
  facet normal 0.0 0.0 1.0
    outer loop
      vertex 17.95075 14.62574 27.0
      vertex 15.67907 14.26594 27.0
      vertex 15.7 14.0 27.0
    endloop
  endfacet
  facet normal 0.0 0.0 1.0
    outer loop
      vertex 16.35114 17.236069999999998 27.0
      vertex 15.6168 14.52533 27.0
      vertex 15.67907 14.26594 27.0
    endloop
  endfacet
  facet normal 0.0 0.0 1.0
    outer loop
      vertex 16.35114 17.236069999999998 27.0
      vertex 15.514710000000001 14.77178 27.0
      vertex 15.6168 14.52533 27.0
    endloop
  endfacet
  facet normal 0.0 0.0 1.0
    outer loop
      vertex 16.35114 17.236069999999998 27.0
      vertex 15.37533 14.99923 27.0
      vertex 15.514710000000001 14.77178 27.0
    endloop
  endfacet
  facet normal 0.0 0.0 1.0
    outer loop
      vertex 14.77178 15.514710000000001 27.0
      vertex 15.81596 17.564030000000002 27.0
      vertex 15.23607 17.80423 27.0
    endloop
  endfacet
  facet normal 0.0 0.0 1.0
    outer loop
      vertex 16.35114 17.236069999999998 27.0
      vertex 15.202079999999999 15.202079999999999 27.0
      vertex 15.37533 14.99923 27.0
    endloop
  endfacet
  facet normal 0.0 0.0 1.0
    outer loop
      vertex 16.35114 17.236069999999998 27.0
      vertex 14.99923 15.37533 27.0
      vertex 15.202079999999999 15.202079999999999 27.0
    endloop
  endfacet
  facet normal 0.0 0.0 1.0
    outer loop
      vertex 15.81596 17.564030000000002 27.0
      vertex 14.77178 15.514710000000001 27.0
      vertex 14.99923 15.37533 27.0
    endloop
  endfacet
  facet normal 0.0 0.0 1.0
    outer loop
      vertex 14.52533 15.6168 27.0
      vertex 15.23607 17.80423 27.0
      vertex 14.62574 17.95075 27.0
    endloop
  endfacet
  facet normal 0.0 0.0 1.0
    outer loop
      vertex 15.23607 17.80423 27.0
      vertex 14.52533 15.6168 27.0
      vertex 14.77178 15.514710000000001 27.0
    endloop
  endfacet
  facet normal 0.0 0.0 1.0
    outer loop
      vertex 14.62574 17.95075 27.0
      vertex 14.26594 15.67907 27.0
      vertex 14.52533 15.6168 27.0
    endloop
  endfacet
  facet normal 0.0 0.0 1.0
    outer loop
      vertex 14.0 18.0 27.0
      vertex 14.26594 15.67907 27.0
      vertex 14.62574 17.95075 27.0
    endloop
  endfacet
  facet normal 0.0 0.0 1.0
    outer loop
      vertex 14.0 18.0 27.0
      vertex 14.0 15.7 27.0
      vertex 14.26594 15.67907 27.0
    endloop
  endfacet
  facet normal 0.0 0.0 1.0
    outer loop
      vertex 14.0 18.0 27.0
      vertex 13.73406 15.67907 27.0
      vertex 14.0 15.7 27.0
    endloop
  endfacet
  facet normal -0.0 0.0 1.0
    outer loop
      vertex 13.37426 17.95075 27.0
      vertex 13.73406 15.67907 27.0
      vertex 14.0 18.0 27.0
    endloop
  endfacet
  facet normal 0.0 0.0 1.0
    outer loop
      vertex 13.73406 15.67907 27.0
      vertex 13.37426 17.95075 27.0
      vertex 13.47467 15.6168 27.0
    endloop
  endfacet
  facet normal -0.0 0.0 1.0
    outer loop
      vertex 12.76393 17.80423 27.0
      vertex 13.47467 15.6168 27.0
      vertex 13.37426 17.95075 27.0
    endloop
  endfacet
  facet normal 0.0 0.0 1.0
    outer loop
      vertex 13.47467 15.6168 27.0
      vertex 12.76393 17.80423 27.0
      vertex 13.22822 15.514710000000001 27.0
    endloop
  endfacet
  facet normal -0.0 0.0 1.0
    outer loop
      vertex 12.18404 17.564030000000002 27.0
      vertex 13.22822 15.514710000000001 27.0
      vertex 12.76393 17.80423 27.0
    endloop
  endfacet
  facet normal 0.0 0.0 1.0
    outer loop
      vertex 13.22822 15.514710000000001 27.0
      vertex 12.18404 17.564030000000002 27.0
      vertex 13.00076 15.37533 27.0
    endloop
  endfacet
  facet normal -0.0 0.0 1.0
    outer loop
      vertex 11.648859999999999 17.236069999999998 27.0
      vertex 13.00076 15.37533 27.0
      vertex 12.18404 17.564030000000002 27.0
    endloop
  endfacet
  facet normal 0.0 0.0 1.0
    outer loop
      vertex 13.00076 15.37533 27.0
      vertex 11.648859999999999 17.236069999999998 27.0
      vertex 12.797920000000001 15.202079999999999 27.0
    endloop
  endfacet
  facet normal -0.0 0.0 1.0
    outer loop
      vertex 11.17157 16.82843 27.0
      vertex 12.797920000000001 15.202079999999999 27.0
      vertex 11.648859999999999 17.236069999999998 27.0
    endloop
  endfacet
  facet normal 0.0 0.0 1.0
    outer loop
      vertex 12.797920000000001 15.202079999999999 27.0
      vertex 11.17157 16.82843 27.0
      vertex 12.62467 14.99923 27.0
    endloop
  endfacet
  facet normal -0.0 0.0 1.0
    outer loop
      vertex 10.5 15.92044 27.0
      vertex 12.62467 14.99923 27.0
      vertex 10.76393 16.35114 27.0
    endloop
  endfacet
  facet normal -0.0 0.0 1.0
    outer loop
      vertex 10.76393 16.35114 27.0
      vertex 12.62467 14.99923 27.0
      vertex 11.17157 16.82843 27.0
    endloop
  endfacet
  facet normal 0.0 0.0 1.0
    outer loop
      vertex 15.7 14.0 27.0
      vertex 18.0 14.0 27.0
      vertex 17.95075 14.62574 27.0
    endloop
  endfacet
  facet normal 0.0 0.0 1.0
    outer loop
      vertex 15.67907 14.26594 27.0
      vertex 17.95075 14.62574 27.0
      vertex 17.80423 15.23607 27.0
    endloop
  endfacet
  facet normal 0.0 0.0 1.0
    outer loop
      vertex 18.0 14.0 27.0
      vertex 15.7 14.0 27.0
      vertex 17.95075 13.37426 27.0
    endloop
  endfacet
  facet normal 0.0 0.0 1.0
    outer loop
      vertex 15.67907 14.26594 27.0
      vertex 17.80423 15.23607 27.0
      vertex 17.564030000000002 15.81596 27.0
    endloop
  endfacet
  facet normal -0.0 0.0 1.0
    outer loop
      vertex 15.67907 13.73406 27.0
      vertex 17.95075 13.37426 27.0
      vertex 15.7 14.0 27.0
    endloop
  endfacet
  facet normal 0.0 0.0 1.0
    outer loop
      vertex 15.67907 14.26594 27.0
      vertex 17.564030000000002 15.81596 27.0
      vertex 17.236069999999998 16.35114 27.0
    endloop
  endfacet
  facet normal 0.0 0.0 1.0
    outer loop
      vertex 17.95075 13.37426 27.0
      vertex 15.67907 13.73406 27.0
      vertex 17.80423 12.76393 27.0
    endloop
  endfacet
  facet normal 0.0 0.0 1.0
    outer loop
      vertex 15.67907 14.26594 27.0
      vertex 17.236069999999998 16.35114 27.0
      vertex 16.82843 16.82843 27.0
    endloop
  endfacet
  facet normal -0.0 0.0 1.0
    outer loop
      vertex 15.6168 13.47467 27.0
      vertex 17.80423 12.76393 27.0
      vertex 15.67907 13.73406 27.0
    endloop
  endfacet
  facet normal 0.0 0.0 1.0
    outer loop
      vertex 15.67907 14.26594 27.0
      vertex 16.82843 16.82843 27.0
      vertex 16.35114 17.236069999999998 27.0
    endloop
  endfacet
  facet normal 0.0 0.0 1.0
    outer loop
      vertex 17.80423 12.76393 27.0
      vertex 15.6168 13.47467 27.0
      vertex 17.564030000000002 12.18404 27.0
    endloop
  endfacet
  facet normal -0.0 0.0 1.0
    outer loop
      vertex 15.514710000000001 13.22822 27.0
      vertex 17.564030000000002 12.18404 27.0
      vertex 15.6168 13.47467 27.0
    endloop
  endfacet
  facet normal 0.0 0.0 1.0
    outer loop
      vertex 14.99923 15.37533 27.0
      vertex 16.35114 17.236069999999998 27.0
      vertex 15.81596 17.564030000000002 27.0
    endloop
  endfacet
  facet normal 0.0 0.0 1.0
    outer loop
      vertex 17.564030000000002 12.18404 27.0
      vertex 15.514710000000001 13.22822 27.0
      vertex 17.236069999999998 11.648859999999999 27.0
    endloop
  endfacet
  facet normal -0.0 0.0 1.0
    outer loop
      vertex 15.37533 13.00076 27.0
      vertex 17.236069999999998 11.648859999999999 27.0
      vertex 15.514710000000001 13.22822 27.0
    endloop
  endfacet
  facet normal 0.0 0.0 1.0
    outer loop
      vertex 17.236069999999998 11.648859999999999 27.0
      vertex 15.37533 13.00076 27.0
      vertex 16.82843 11.17157 27.0
    endloop
  endfacet
  facet normal -0.0 0.0 1.0
    outer loop
      vertex 15.202079999999999 12.797920000000001 27.0
      vertex 16.82843 11.17157 27.0
      vertex 15.37533 13.00076 27.0
    endloop
  endfacet
  facet normal 0.0 0.0 1.0
    outer loop
      vertex 16.82843 11.17157 27.0
      vertex 15.202079999999999 12.797920000000001 27.0
      vertex 16.35114 10.76393 27.0
    endloop
  endfacet
  facet normal -0.0 0.0 1.0
    outer loop
      vertex 14.99923 12.62467 27.0
      vertex 16.35114 10.76393 27.0
      vertex 15.202079999999999 12.797920000000001 27.0
    endloop
  endfacet
  facet normal 0.0 0.0 1.0
    outer loop
      vertex 16.35114 10.76393 27.0
      vertex 14.99923 12.62467 27.0
      vertex 15.92044 10.5 27.0
    endloop
  endfacet
  facet normal -0.0 0.0 1.0
    outer loop
      vertex 14.77178 12.485289999999999 27.0
      vertex 15.92044 10.5 27.0
      vertex 14.99923 12.62467 27.0
    endloop
  endfacet
  facet normal -0.0 0.0 1.0
    outer loop
      vertex 14.52533 12.3832 27.0
      vertex 15.92044 10.5 27.0
      vertex 14.77178 12.485289999999999 27.0
    endloop
  endfacet
  facet normal -0.0 0.0 1.0
    outer loop
      vertex 14.26594 12.32093 27.0
      vertex 15.92044 10.5 27.0
      vertex 14.52533 12.3832 27.0
    endloop
  endfacet
  facet normal -0.0 0.0 1.0
    outer loop
      vertex 14.0 12.3 27.0
      vertex 15.92044 10.5 27.0
      vertex 14.26594 12.32093 27.0
    endloop
  endfacet
  facet normal 0.0 0.0 1.0
    outer loop
      vertex 12.07956 10.5 27.0
      vertex 14.0 12.3 27.0
      vertex 13.73406 12.32093 27.0
    endloop
  endfacet
  facet normal 0.0 0.0 1.0
    outer loop
      vertex 12.07956 10.5 27.0
      vertex 13.73406 12.32093 27.0
      vertex 13.47467 12.3832 27.0
    endloop
  endfacet
  facet normal 0.0 0.0 1.0
    outer loop
      vertex 12.07956 10.5 27.0
      vertex 13.47467 12.3832 27.0
      vertex 13.22822 12.485289999999999 27.0
    endloop
  endfacet
  facet normal 0.0 0.0 1.0
    outer loop
      vertex 12.07956 10.5 27.0
      vertex 13.22822 12.485289999999999 27.0
      vertex 13.00076 12.62467 27.0
    endloop
  endfacet
  facet normal 0.0 0.0 1.0
    outer loop
      vertex 14.0 12.3 27.0
      vertex 12.07956 10.5 27.0
      vertex 15.92044 10.5 27.0
    endloop
  endfacet
  facet normal 0.0 0.0 1.0
    outer loop
      vertex 11.648859999999999 10.76393 27.0
      vertex 13.00076 12.62467 27.0
      vertex 12.797920000000001 12.797920000000001 27.0
    endloop
  endfacet
  facet normal 0.0 0.0 1.0
    outer loop
      vertex 11.17157 11.17157 27.0
      vertex 12.797920000000001 12.797920000000001 27.0
      vertex 12.62467 13.00076 27.0
    endloop
  endfacet
  facet normal 0.0 0.0 1.0
    outer loop
      vertex 10.5 12.07956 27.0
      vertex 12.62467 13.00076 27.0
      vertex 12.485289999999999 13.22822 27.0
    endloop
  endfacet
  facet normal 0.0 0.0 1.0
    outer loop
      vertex 10.5 12.07956 27.0
      vertex 12.485289999999999 13.22822 27.0
      vertex 12.3832 13.47467 27.0
    endloop
  endfacet
  facet normal 0.0 0.0 1.0
    outer loop
      vertex 10.5 12.07956 27.0
      vertex 12.3832 13.47467 27.0
      vertex 12.32093 13.73406 27.0
    endloop
  endfacet
  facet normal 0.0 0.0 1.0
    outer loop
      vertex 10.5 12.07956 27.0
      vertex 12.32093 13.73406 27.0
      vertex 12.3 14.0 27.0
    endloop
  endfacet
  facet normal 0.0 0.0 1.0
    outer loop
      vertex 12.62467 14.99923 27.0
      vertex 10.5 15.92044 27.0
      vertex 12.485289999999999 14.77178 27.0
    endloop
  endfacet
  facet normal 0.0 0.0 1.0
    outer loop
      vertex 12.485289999999999 14.77178 27.0
      vertex 10.5 15.92044 27.0
      vertex 12.3832 14.52533 27.0
    endloop
  endfacet
  facet normal 0.0 0.0 1.0
    outer loop
      vertex 12.3832 14.52533 27.0
      vertex 10.5 15.92044 27.0
      vertex 12.32093 14.26594 27.0
    endloop
  endfacet
  facet normal 0.0 0.0 1.0
    outer loop
      vertex 10.5 12.07956 27.0
      vertex 12.3 14.0 27.0
      vertex 10.5 15.92044 27.0
    endloop
  endfacet
  facet normal 0.0 0.0 1.0
    outer loop
      vertex 13.00076 12.62467 27.0
      vertex 11.648859999999999 10.76393 27.0
      vertex 12.07956 10.5 27.0
    endloop
  endfacet
  facet normal 0.0 0.0 1.0
    outer loop
      vertex 12.32093 14.26594 27.0
      vertex 10.5 15.92044 27.0
      vertex 12.3 14.0 27.0
    endloop
  endfacet
  facet normal 0.0 0.0 1.0
    outer loop
      vertex 12.62467 13.00076 27.0
      vertex 10.5 12.07956 27.0
      vertex 10.76393 11.648859999999999 27.0
    endloop
  endfacet
  facet normal 0.0 0.0 1.0
    outer loop
      vertex 12.797920000000001 12.797920000000001 27.0
      vertex 11.17157 11.17157 27.0
      vertex 11.648859999999999 10.76393 27.0
    endloop
  endfacet
  facet normal 0.0 0.0 1.0
    outer loop
      vertex 12.62467 13.00076 27.0
      vertex 10.76393 11.648859999999999 27.0
      vertex 11.17157 11.17157 27.0
    endloop
  endfacet
  facet normal -0.382686 0.923879 0.0
    outer loop
      vertex 12.76393 17.80423 2.5
      vertex 12.18404 17.564030000000002 27.0
      vertex 12.76393 17.80423 27.0
    endloop
  endfacet
  facet normal -0.382686 0.923879 0.0
    outer loop
      vertex 12.18404 17.564030000000002 27.0
      vertex 12.76393 17.80423 2.5
      vertex 12.18404 17.564030000000002 2.5
    endloop
  endfacet
  facet normal 0.760409 -0.649444 0.0
    outer loop
      vertex 16.82843 11.17157 27.0
      vertex 17.236069999999998 11.648859999999999 2.5
      vertex 17.236069999999998 11.648859999999999 27.0
    endloop
  endfacet
  facet normal 0.760409 -0.649444 0.0
    outer loop
      vertex 17.236069999999998 11.648859999999999 2.5
      vertex 16.82843 11.17157 27.0
      vertex 16.82843 11.17157 2.5
    endloop
  endfacet
  facet normal 0.923879 -0.382686 0.0
    outer loop
      vertex 17.564030000000002 12.18404 27.0
      vertex 17.80423 12.76393 2.5
      vertex 17.80423 12.76393 27.0
    endloop
  endfacet
  facet normal 0.923879 -0.382686 0.0
    outer loop
      vertex 17.80423 12.76393 2.5
      vertex 17.564030000000002 12.18404 27.0
      vertex 17.564030000000002 12.18404 2.5
    endloop
  endfacet
  facet normal 0.852639 -0.5225 0.0
    outer loop
      vertex 17.236069999999998 11.648859999999999 27.0
      vertex 17.564030000000002 12.18404 2.5
      vertex 17.564030000000002 12.18404 27.0
    endloop
  endfacet
  facet normal 0.852639 -0.5225 0.0
    outer loop
      vertex 17.564030000000002 12.18404 2.5
      vertex 17.236069999999998 11.648859999999999 27.0
      vertex 17.236069999999998 11.648859999999999 2.5
    endloop
  endfacet
  facet normal 0.972373 -0.233434 0.0
    outer loop
      vertex 17.80423 12.76393 27.0
      vertex 17.95075 13.37426 2.5
      vertex 17.95075 13.37426 27.0
    endloop
  endfacet
  facet normal 0.972373 -0.233434 0.0
    outer loop
      vertex 17.95075 13.37426 2.5
      vertex 17.80423 12.76393 27.0
      vertex 17.80423 12.76393 2.5
    endloop
  endfacet
  facet normal -0.649444 -0.760409 0.0
    outer loop
      vertex 11.17157 11.17157 2.5
      vertex 11.648859999999999 10.76393 27.0
      vertex 11.17157 11.17157 27.0
    endloop
  endfacet
  facet normal -0.649444 -0.760409 -0.0
    outer loop
      vertex 11.648859999999999 10.76393 27.0
      vertex 11.17157 11.17157 2.5
      vertex 11.648859999999999 10.76393 2.5
    endloop
  endfacet
  facet normal 0.996917 -0.0784642 0.0
    outer loop
      vertex 17.95075 13.37426 27.0
      vertex 18.0 14.0 2.5
      vertex 18.0 14.0 27.0
    endloop
  endfacet
  facet normal 0.996917 -0.0784642 0.0
    outer loop
      vertex 18.0 14.0 2.5
      vertex 17.95075 13.37426 27.0
      vertex 17.95075 13.37426 2.5
    endloop
  endfacet
  facet normal -0.852643 -0.522494 0.0
    outer loop
      vertex 10.76393 11.648859999999999 2.5
      vertex 10.5 12.07956 27.0
      vertex 10.5 12.07956 2.5
    endloop
  endfacet
  facet normal -0.852643 -0.522494 0.0
    outer loop
      vertex 10.5 12.07956 27.0
      vertex 10.76393 11.648859999999999 2.5
      vertex 10.76393 11.648859999999999 27.0
    endloop
  endfacet
  facet normal -0.996923 -0.078385 0.0
    outer loop
      vertex 78.0492 13.37426 2.5
      vertex 78.0 14.0 27.0
      vertex 78.0 14.0 2.5
    endloop
  endfacet
  facet normal -0.996923 -0.078385 0.0
    outer loop
      vertex 78.0 14.0 27.0
      vertex 78.0492 13.37426 2.5
      vertex 78.0492 13.37426 27.0
    endloop
  endfacet
  facet normal -0.0784691 0.996917 0.0
    outer loop
      vertex 82.0 18.0 2.5
      vertex 81.3743 17.95075 27.0
      vertex 82.0 18.0 27.0
    endloop
  endfacet
  facet normal -0.0784691 0.996917 0.0
    outer loop
      vertex 81.3743 17.95075 27.0
      vertex 82.0 18.0 2.5
      vertex 81.3743 17.95075 2.5
    endloop
  endfacet
  facet normal 0.649436 0.760416 -0.0
    outer loop
      vertex 84.8284 16.82843 2.5
      vertex 84.3511 17.236069999999998 27.0
      vertex 84.8284 16.82843 27.0
    endloop
  endfacet
  facet normal 0.649436 0.760416 0.0
    outer loop
      vertex 84.3511 17.236069999999998 27.0
      vertex 84.8284 16.82843 2.5
      vertex 84.3511 17.236069999999998 2.5
    endloop
  endfacet
  facet normal -0.760362 0.649499 0.0
    outer loop
      vertex 78.7639 16.35114 2.5
      vertex 79.1716 16.82843 27.0
      vertex 79.1716 16.82843 2.5
    endloop
  endfacet
  facet normal -0.760362 0.649499 0.0
    outer loop
      vertex 79.1716 16.82843 27.0
      vertex 78.7639 16.35114 2.5
      vertex 78.7639 16.35114 27.0
    endloop
  endfacet
  facet normal -0.522557 0.852604 0.0
    outer loop
      vertex 80.184 17.564030000000002 2.5
      vertex 79.6489 17.236069999999998 27.0
      vertex 80.184 17.564030000000002 27.0
    endloop
  endfacet
  facet normal -0.522557 0.852604 0.0
    outer loop
      vertex 79.6489 17.236069999999998 27.0
      vertex 80.184 17.564030000000002 2.5
      vertex 79.6489 17.236069999999998 2.5
    endloop
  endfacet
  facet normal 0.760362 -0.649499 0.0
    outer loop
      vertex 84.8284 11.17157 27.0
      vertex 85.2361 11.648859999999999 2.5
      vertex 85.2361 11.648859999999999 27.0
    endloop
  endfacet
  facet normal 0.760362 -0.649499 0.0
    outer loop
      vertex 85.2361 11.648859999999999 2.5
      vertex 84.8284 11.17157 27.0
      vertex 84.8284 11.17157 2.5
    endloop
  endfacet
  facet normal -0.923879 -0.382686 0.0
    outer loop
      vertex 78.436 12.18404 2.5
      vertex 78.1958 12.76393 27.0
      vertex 78.1958 12.76393 2.5
    endloop
  endfacet
  facet normal -0.923879 -0.382686 0.0
    outer loop
      vertex 78.1958 12.76393 27.0
      vertex 78.436 12.18404 2.5
      vertex 78.436 12.18404 27.0
    endloop
  endfacet
  facet normal 0.85267 0.522451 0.0
    outer loop
      vertex 85.5 15.92044 27.0
      vertex 85.2361 16.35114 2.5
      vertex 85.2361 16.35114 27.0
    endloop
  endfacet
  facet normal 0.85267 0.522451 0.0
    outer loop
      vertex 85.2361 16.35114 2.5
      vertex 85.5 15.92044 27.0
      vertex 85.5 15.92044 2.5
    endloop
  endfacet
  facet normal 0.760362 0.649499 0.0
    outer loop
      vertex 85.2361 16.35114 27.0
      vertex 84.8284 16.82843 2.5
      vertex 84.8284 16.82843 27.0
    endloop
  endfacet
  facet normal 0.760362 0.649499 0.0
    outer loop
      vertex 84.8284 16.82843 2.5
      vertex 85.2361 16.35114 27.0
      vertex 85.2361 16.35114 2.5
    endloop
  endfacet
  facet normal 0.38268 0.923881 -0.0
    outer loop
      vertex 83.816 17.564030000000002 2.5
      vertex 83.2361 17.80423 27.0
      vertex 83.816 17.564030000000002 27.0
    endloop
  endfacet
  facet normal 0.38268 0.923881 0.0
    outer loop
      vertex 83.2361 17.80423 27.0
      vertex 83.816 17.564030000000002 2.5
      vertex 83.2361 17.80423 2.5
    endloop
  endfacet
  facet normal 0.522557 0.852604 -0.0
    outer loop
      vertex 84.3511 17.236069999999998 2.5
      vertex 83.816 17.564030000000002 27.0
      vertex 84.3511 17.236069999999998 27.0
    endloop
  endfacet
  facet normal 0.522557 0.852604 0.0
    outer loop
      vertex 83.816 17.564030000000002 27.0
      vertex 84.3511 17.236069999999998 2.5
      vertex 83.816 17.564030000000002 2.5
    endloop
  endfacet
  facet normal -0.923879 0.382686 0.0
    outer loop
      vertex 78.1958 15.23607 2.5
      vertex 78.436 15.81596 27.0
      vertex 78.436 15.81596 2.5
    endloop
  endfacet
  facet normal -0.923879 0.382686 0.0
    outer loop
      vertex 78.436 15.81596 27.0
      vertex 78.1958 15.23607 2.5
      vertex 78.1958 15.23607 27.0
    endloop
  endfacet
  facet normal -0.852682 0.522431 0.0
    outer loop
      vertex 78.436 15.81596 2.5
      vertex 78.7639 16.35114 27.0
      vertex 78.7639 16.35114 2.5
    endloop
  endfacet
  facet normal -0.852682 0.522431 0.0
    outer loop
      vertex 78.7639 16.35114 27.0
      vertex 78.436 15.81596 2.5
      vertex 78.436 15.81596 27.0
    endloop
  endfacet
  facet normal -0.972344 0.233555 0.0
    outer loop
      vertex 78.0492 14.62574 2.5
      vertex 78.1958 15.23607 27.0
      vertex 78.1958 15.23607 2.5
    endloop
  endfacet
  facet normal -0.972344 0.233555 0.0
    outer loop
      vertex 78.1958 15.23607 27.0
      vertex 78.0492 14.62574 2.5
      vertex 78.0492 14.62574 27.0
    endloop
  endfacet
  facet normal -0.649436 0.760416 0.0
    outer loop
      vertex 79.6489 17.236069999999998 2.5
      vertex 79.1716 16.82843 27.0
      vertex 79.6489 17.236069999999998 27.0
    endloop
  endfacet
  facet normal -0.649436 0.760416 0.0
    outer loop
      vertex 79.1716 16.82843 27.0
      vertex 79.6489 17.236069999999998 2.5
      vertex 79.1716 16.82843 2.5
    endloop
  endfacet
  facet normal -0.233409 0.972379 0.0
    outer loop
      vertex 81.3743 17.95075 2.5
      vertex 80.7639 17.80423 27.0
      vertex 81.3743 17.95075 27.0
    endloop
  endfacet
  facet normal -0.233409 0.972379 0.0
    outer loop
      vertex 80.7639 17.80423 27.0
      vertex 81.3743 17.95075 2.5
      vertex 80.7639 17.80423 2.5
    endloop
  endfacet
  facet normal 0.649436 -0.760416 0.0
    outer loop
      vertex 84.3511 10.76393 2.5
      vertex 84.8284 11.17157 27.0
      vertex 84.3511 10.76393 27.0
    endloop
  endfacet
  facet normal 0.649436 -0.760416 0.0
    outer loop
      vertex 84.8284 11.17157 27.0
      vertex 84.3511 10.76393 2.5
      vertex 84.8284 11.17157 2.5
    endloop
  endfacet
  facet normal -0.522494 -0.852643 0.0
    outer loop
      vertex 79.6489 10.76393 2.5
      vertex 80.0796 10.5 27.0
      vertex 79.6489 10.76393 27.0
    endloop
  endfacet
  facet normal -0.522494 -0.852643 -0.0
    outer loop
      vertex 80.0796 10.5 27.0
      vertex 79.6489 10.76393 2.5
      vertex 80.0796 10.5 2.5
    endloop
  endfacet
  facet normal -0.760362 -0.649499 0.0
    outer loop
      vertex 79.1716 11.17157 2.5
      vertex 78.7639 11.648859999999999 27.0
      vertex 78.7639 11.648859999999999 2.5
    endloop
  endfacet
  facet normal -0.760362 -0.649499 0.0
    outer loop
      vertex 78.7639 11.648859999999999 27.0
      vertex 79.1716 11.17157 2.5
      vertex 79.1716 11.17157 27.0
    endloop
  endfacet
  facet normal -0.649436 -0.760416 0.0
    outer loop
      vertex 79.1716 11.17157 2.5
      vertex 79.6489 10.76393 27.0
      vertex 79.1716 11.17157 27.0
    endloop
  endfacet
  facet normal -0.649436 -0.760416 -0.0
    outer loop
      vertex 79.6489 10.76393 27.0
      vertex 79.1716 11.17157 2.5
      vertex 79.6489 10.76393 2.5
    endloop
  endfacet
  facet normal -0.972344 -0.233555 0.0
    outer loop
      vertex 78.1958 12.76393 2.5
      vertex 78.0492 13.37426 27.0
      vertex 78.0492 13.37426 2.5
    endloop
  endfacet
  facet normal -0.972344 -0.233555 0.0
    outer loop
      vertex 78.0492 13.37426 27.0
      vertex 78.1958 12.76393 2.5
      vertex 78.1958 12.76393 27.0
    endloop
  endfacet
  facet normal 0.0784691 0.996917 -0.0
    outer loop
      vertex 82.6257 17.95075 2.5
      vertex 82.0 18.0 27.0
      vertex 82.6257 17.95075 27.0
    endloop
  endfacet
  facet normal 0.0784691 0.996917 0.0
    outer loop
      vertex 82.0 18.0 27.0
      vertex 82.6257 17.95075 2.5
      vertex 82.0 18.0 2.5
    endloop
  endfacet
  facet normal -0.996923 0.078385 0.0
    outer loop
      vertex 78.0 14.0 2.5
      vertex 78.0492 14.62574 27.0
      vertex 78.0492 14.62574 2.5
    endloop
  endfacet
  facet normal -0.996923 0.078385 0.0
    outer loop
      vertex 78.0492 14.62574 27.0
      vertex 78.0 14.0 2.5
      vertex 78.0 14.0 27.0
    endloop
  endfacet
  facet normal 0.0 0.0 1.0
    outer loop
      vertex 85.5 15.92044 27.0
      vertex 83.6791 14.26594 27.0
      vertex 83.7 14.0 27.0
    endloop
  endfacet
  facet normal 0.0 0.0 1.0
    outer loop
      vertex 84.3511 17.236069999999998 27.0
      vertex 83.6168 14.52533 27.0
      vertex 83.6791 14.26594 27.0
    endloop
  endfacet
  facet normal 0.0 0.0 1.0
    outer loop
      vertex 84.3511 17.236069999999998 27.0
      vertex 83.5147 14.77178 27.0
      vertex 83.6168 14.52533 27.0
    endloop
  endfacet
  facet normal 0.0 0.0 1.0
    outer loop
      vertex 84.3511 17.236069999999998 27.0
      vertex 83.3753 14.99923 27.0
      vertex 83.5147 14.77178 27.0
    endloop
  endfacet
  facet normal 0.0 0.0 1.0
    outer loop
      vertex 82.7718 15.514710000000001 27.0
      vertex 83.816 17.564030000000002 27.0
      vertex 83.2361 17.80423 27.0
    endloop
  endfacet
  facet normal 0.0 0.0 1.0
    outer loop
      vertex 84.3511 17.236069999999998 27.0
      vertex 83.2021 15.202079999999999 27.0
      vertex 83.3753 14.99923 27.0
    endloop
  endfacet
  facet normal 0.0 0.0 1.0
    outer loop
      vertex 84.3511 17.236069999999998 27.0
      vertex 82.9992 15.37533 27.0
      vertex 83.2021 15.202079999999999 27.0
    endloop
  endfacet
  facet normal 0.0 0.0 1.0
    outer loop
      vertex 83.816 17.564030000000002 27.0
      vertex 82.7718 15.514710000000001 27.0
      vertex 82.9992 15.37533 27.0
    endloop
  endfacet
  facet normal 0.0 0.0 1.0
    outer loop
      vertex 82.5253 15.6168 27.0
      vertex 83.2361 17.80423 27.0
      vertex 82.6257 17.95075 27.0
    endloop
  endfacet
  facet normal 0.0 0.0 1.0
    outer loop
      vertex 83.2361 17.80423 27.0
      vertex 82.5253 15.6168 27.0
      vertex 82.7718 15.514710000000001 27.0
    endloop
  endfacet
  facet normal 0.0 0.0 1.0
    outer loop
      vertex 82.6257 17.95075 27.0
      vertex 82.2659 15.67907 27.0
      vertex 82.5253 15.6168 27.0
    endloop
  endfacet
  facet normal 0.0 0.0 1.0
    outer loop
      vertex 82.0 18.0 27.0
      vertex 82.2659 15.67907 27.0
      vertex 82.6257 17.95075 27.0
    endloop
  endfacet
  facet normal 0.0 0.0 1.0
    outer loop
      vertex 82.0 18.0 27.0
      vertex 82.0 15.7 27.0
      vertex 82.2659 15.67907 27.0
    endloop
  endfacet
  facet normal 0.0 0.0 1.0
    outer loop
      vertex 82.0 18.0 27.0
      vertex 81.7341 15.67907 27.0
      vertex 82.0 15.7 27.0
    endloop
  endfacet
  facet normal -0.0 0.0 1.0
    outer loop
      vertex 81.3743 17.95075 27.0
      vertex 81.7341 15.67907 27.0
      vertex 82.0 18.0 27.0
    endloop
  endfacet
  facet normal 0.0 0.0 1.0
    outer loop
      vertex 81.7341 15.67907 27.0
      vertex 81.3743 17.95075 27.0
      vertex 81.4747 15.6168 27.0
    endloop
  endfacet
  facet normal -0.0 0.0 1.0
    outer loop
      vertex 80.7639 17.80423 27.0
      vertex 81.4747 15.6168 27.0
      vertex 81.3743 17.95075 27.0
    endloop
  endfacet
  facet normal 0.0 0.0 1.0
    outer loop
      vertex 81.4747 15.6168 27.0
      vertex 80.7639 17.80423 27.0
      vertex 81.2282 15.514710000000001 27.0
    endloop
  endfacet
  facet normal -0.0 0.0 1.0
    outer loop
      vertex 80.184 17.564030000000002 27.0
      vertex 81.2282 15.514710000000001 27.0
      vertex 80.7639 17.80423 27.0
    endloop
  endfacet
  facet normal 0.0 0.0 1.0
    outer loop
      vertex 81.2282 15.514710000000001 27.0
      vertex 80.184 17.564030000000002 27.0
      vertex 81.0008 15.37533 27.0
    endloop
  endfacet
  facet normal -0.0 0.0 1.0
    outer loop
      vertex 79.6489 17.236069999999998 27.0
      vertex 81.0008 15.37533 27.0
      vertex 80.184 17.564030000000002 27.0
    endloop
  endfacet
  facet normal 0.0 0.0 1.0
    outer loop
      vertex 81.0008 15.37533 27.0
      vertex 79.6489 17.236069999999998 27.0
      vertex 80.7979 15.202079999999999 27.0
    endloop
  endfacet
  facet normal -0.0 0.0 1.0
    outer loop
      vertex 79.1716 16.82843 27.0
      vertex 80.7979 15.202079999999999 27.0
      vertex 79.6489 17.236069999999998 27.0
    endloop
  endfacet
  facet normal 0.0 0.0 1.0
    outer loop
      vertex 80.7979 15.202079999999999 27.0
      vertex 79.1716 16.82843 27.0
      vertex 80.6247 14.99923 27.0
    endloop
  endfacet
  facet normal 0.0 0.0 1.0
    outer loop
      vertex 80.6247 14.99923 27.0
      vertex 78.7639 16.35114 27.0
      vertex 80.4853 14.77178 27.0
    endloop
  endfacet
  facet normal -0.0 0.0 1.0
    outer loop
      vertex 78.7639 16.35114 27.0
      vertex 80.6247 14.99923 27.0
      vertex 79.1716 16.82843 27.0
    endloop
  endfacet
  facet normal 0.0 0.0 1.0
    outer loop
      vertex 83.6791 14.26594 27.0
      vertex 85.5 15.92044 27.0
      vertex 85.2361 16.35114 27.0
    endloop
  endfacet
  facet normal 0.0 0.0 1.0
    outer loop
      vertex 85.5 15.92044 27.0
      vertex 83.7 14.0 27.0
      vertex 85.5 12.07956 27.0
    endloop
  endfacet
  facet normal 0.0 0.0 1.0
    outer loop
      vertex 83.6791 14.26594 27.0
      vertex 85.2361 16.35114 27.0
      vertex 84.8284 16.82843 27.0
    endloop
  endfacet
  facet normal -0.0 0.0 1.0
    outer loop
      vertex 83.6791 13.73406 27.0
      vertex 85.5 12.07956 27.0
      vertex 83.7 14.0 27.0
    endloop
  endfacet
  facet normal 0.0 0.0 1.0
    outer loop
      vertex 83.6791 14.26594 27.0
      vertex 84.8284 16.82843 27.0
      vertex 84.3511 17.236069999999998 27.0
    endloop
  endfacet
  facet normal -0.0 0.0 1.0
    outer loop
      vertex 83.6168 13.47467 27.0
      vertex 85.5 12.07956 27.0
      vertex 83.6791 13.73406 27.0
    endloop
  endfacet
  facet normal -0.0 0.0 1.0
    outer loop
      vertex 83.5147 13.22822 27.0
      vertex 85.5 12.07956 27.0
      vertex 83.6168 13.47467 27.0
    endloop
  endfacet
  facet normal 0.0 0.0 1.0
    outer loop
      vertex 82.9992 15.37533 27.0
      vertex 84.3511 17.236069999999998 27.0
      vertex 83.816 17.564030000000002 27.0
    endloop
  endfacet
  facet normal -0.0 0.0 1.0
    outer loop
      vertex 83.3753 13.00076 27.0
      vertex 85.5 12.07956 27.0
      vertex 83.5147 13.22822 27.0
    endloop
  endfacet
  facet normal 0.0 0.0 1.0
    outer loop
      vertex 85.5 12.07956 27.0
      vertex 83.3753 13.00076 27.0
      vertex 85.2361 11.648859999999999 27.0
    endloop
  endfacet
  facet normal 0.0 0.0 1.0
    outer loop
      vertex 85.2361 11.648859999999999 27.0
      vertex 83.3753 13.00076 27.0
      vertex 84.8284 11.17157 27.0
    endloop
  endfacet
  facet normal -0.0 0.0 1.0
    outer loop
      vertex 83.2021 12.797920000000001 27.0
      vertex 84.8284 11.17157 27.0
      vertex 83.3753 13.00076 27.0
    endloop
  endfacet
  facet normal 0.0 0.0 1.0
    outer loop
      vertex 84.8284 11.17157 27.0
      vertex 83.2021 12.797920000000001 27.0
      vertex 84.3511 10.76393 27.0
    endloop
  endfacet
  facet normal -0.0 0.0 1.0
    outer loop
      vertex 82.9992 12.62467 27.0
      vertex 84.3511 10.76393 27.0
      vertex 83.2021 12.797920000000001 27.0
    endloop
  endfacet
  facet normal 0.0 0.0 1.0
    outer loop
      vertex 84.3511 10.76393 27.0
      vertex 82.9992 12.62467 27.0
      vertex 83.9204 10.5 27.0
    endloop
  endfacet
  facet normal -0.0 0.0 1.0
    outer loop
      vertex 82.7718 12.485289999999999 27.0
      vertex 83.9204 10.5 27.0
      vertex 82.9992 12.62467 27.0
    endloop
  endfacet
  facet normal -0.0 0.0 1.0
    outer loop
      vertex 82.5253 12.3832 27.0
      vertex 83.9204 10.5 27.0
      vertex 82.7718 12.485289999999999 27.0
    endloop
  endfacet
  facet normal -0.0 0.0 1.0
    outer loop
      vertex 82.2659 12.32093 27.0
      vertex 83.9204 10.5 27.0
      vertex 82.5253 12.3832 27.0
    endloop
  endfacet
  facet normal -0.0 0.0 1.0
    outer loop
      vertex 82.0 12.3 27.0
      vertex 83.9204 10.5 27.0
      vertex 82.2659 12.32093 27.0
    endloop
  endfacet
  facet normal 0.0 0.0 1.0
    outer loop
      vertex 80.0796 10.5 27.0
      vertex 82.0 12.3 27.0
      vertex 81.7341 12.32093 27.0
    endloop
  endfacet
  facet normal 0.0 0.0 1.0
    outer loop
      vertex 80.0796 10.5 27.0
      vertex 81.7341 12.32093 27.0
      vertex 81.4747 12.3832 27.0
    endloop
  endfacet
  facet normal 0.0 0.0 1.0
    outer loop
      vertex 80.0796 10.5 27.0
      vertex 81.4747 12.3832 27.0
      vertex 81.2282 12.485289999999999 27.0
    endloop
  endfacet
  facet normal 0.0 0.0 1.0
    outer loop
      vertex 80.0796 10.5 27.0
      vertex 81.2282 12.485289999999999 27.0
      vertex 81.0008 12.62467 27.0
    endloop
  endfacet
  facet normal 0.0 0.0 1.0
    outer loop
      vertex 82.0 12.3 27.0
      vertex 80.0796 10.5 27.0
      vertex 83.9204 10.5 27.0
    endloop
  endfacet
  facet normal 0.0 0.0 1.0
    outer loop
      vertex 79.6489 10.76393 27.0
      vertex 81.0008 12.62467 27.0
      vertex 80.7979 12.797920000000001 27.0
    endloop
  endfacet
  facet normal 0.0 0.0 1.0
    outer loop
      vertex 79.1716 11.17157 27.0
      vertex 80.7979 12.797920000000001 27.0
      vertex 80.6247 13.00076 27.0
    endloop
  endfacet
  facet normal 0.0 0.0 1.0
    outer loop
      vertex 78.7639 11.648859999999999 27.0
      vertex 80.6247 13.00076 27.0
      vertex 80.4853 13.22822 27.0
    endloop
  endfacet
  facet normal 0.0 0.0 1.0
    outer loop
      vertex 78.436 12.18404 27.0
      vertex 80.4853 13.22822 27.0
      vertex 80.3832 13.47467 27.0
    endloop
  endfacet
  facet normal 0.0 0.0 1.0
    outer loop
      vertex 78.1958 12.76393 27.0
      vertex 80.3832 13.47467 27.0
      vertex 80.3209 13.73406 27.0
    endloop
  endfacet
  facet normal 0.0 0.0 1.0
    outer loop
      vertex 78.0492 13.37426 27.0
      vertex 80.3209 13.73406 27.0
      vertex 80.3 14.0 27.0
    endloop
  endfacet
  facet normal -0.0 0.0 1.0
    outer loop
      vertex 78.436 15.81596 27.0
      vertex 80.4853 14.77178 27.0
      vertex 78.7639 16.35114 27.0
    endloop
  endfacet
  facet normal 0.0 0.0 1.0
    outer loop
      vertex 80.4853 14.77178 27.0
      vertex 78.436 15.81596 27.0
      vertex 80.3832 14.52533 27.0
    endloop
  endfacet
  facet normal -0.0 0.0 1.0
    outer loop
      vertex 78.1958 15.23607 27.0
      vertex 80.3832 14.52533 27.0
      vertex 78.436 15.81596 27.0
    endloop
  endfacet
  facet normal 0.0 0.0 1.0
    outer loop
      vertex 80.7979 12.797920000000001 27.0
      vertex 79.1716 11.17157 27.0
      vertex 79.6489 10.76393 27.0
    endloop
  endfacet
  facet normal 0.0 0.0 1.0
    outer loop
      vertex 81.0008 12.62467 27.0
      vertex 79.6489 10.76393 27.0
      vertex 80.0796 10.5 27.0
    endloop
  endfacet
  facet normal 0.0 0.0 1.0
    outer loop
      vertex 80.3832 14.52533 27.0
      vertex 78.1958 15.23607 27.0
      vertex 80.3209 14.26594 27.0
    endloop
  endfacet
  facet normal 0.0 0.0 1.0
    outer loop
      vertex 80.6247 13.00076 27.0
      vertex 78.7639 11.648859999999999 27.0
      vertex 79.1716 11.17157 27.0
    endloop
  endfacet
  facet normal -0.0 0.0 1.0
    outer loop
      vertex 78.0492 14.62574 27.0
      vertex 80.3209 14.26594 27.0
      vertex 78.1958 15.23607 27.0
    endloop
  endfacet
  facet normal 0.0 0.0 1.0
    outer loop
      vertex 80.4853 13.22822 27.0
      vertex 78.436 12.18404 27.0
      vertex 78.7639 11.648859999999999 27.0
    endloop
  endfacet
  facet normal 0.0 0.0 1.0
    outer loop
      vertex 80.3209 14.26594 27.0
      vertex 78.0492 14.62574 27.0
      vertex 80.3 14.0 27.0
    endloop
  endfacet
  facet normal 0.0 0.0 1.0
    outer loop
      vertex 80.3832 13.47467 27.0
      vertex 78.1958 12.76393 27.0
      vertex 78.436 12.18404 27.0
    endloop
  endfacet
  facet normal 0.0 0.0 1.0
    outer loop
      vertex 78.0 14.0 27.0
      vertex 80.3 14.0 27.0
      vertex 78.0492 14.62574 27.0
    endloop
  endfacet
  facet normal 0.0 0.0 1.0
    outer loop
      vertex 80.3209 13.73406 27.0
      vertex 78.0492 13.37426 27.0
      vertex 78.1958 12.76393 27.0
    endloop
  endfacet
  facet normal 0.0 0.0 1.0
    outer loop
      vertex 80.3 14.0 27.0
      vertex 78.0 14.0 27.0
      vertex 78.0492 13.37426 27.0
    endloop
  endfacet
  facet normal -0.38268 0.923881 0.0
    outer loop
      vertex 80.7639 17.80423 2.5
      vertex 80.184 17.564030000000002 27.0
      vertex 80.7639 17.80423 27.0
    endloop
  endfacet
  facet normal -0.38268 0.923881 0.0
    outer loop
      vertex 80.184 17.564030000000002 27.0
      vertex 80.7639 17.80423 2.5
      vertex 80.184 17.564030000000002 2.5
    endloop
  endfacet
  facet normal 0.85267 -0.522451 0.0
    outer loop
      vertex 85.2361 11.648859999999999 27.0
      vertex 85.5 12.07956 2.5
      vertex 85.5 12.07956 27.0
    endloop
  endfacet
  facet normal 0.85267 -0.522451 0.0
    outer loop
      vertex 85.5 12.07956 2.5
      vertex 85.2361 11.648859999999999 27.0
      vertex 85.2361 11.648859999999999 2.5
    endloop
  endfacet
  facet normal 0.233409 0.972379 -0.0
    outer loop
      vertex 83.2361 17.80423 2.5
      vertex 82.6257 17.95075 27.0
      vertex 83.2361 17.80423 27.0
    endloop
  endfacet
  facet normal 0.233409 0.972379 0.0
    outer loop
      vertex 82.6257 17.95075 27.0
      vertex 83.2361 17.80423 2.5
      vertex 82.6257 17.95075 2.5
    endloop
  endfacet
  facet normal 0.522494 -0.852643 0.0
    outer loop
      vertex 83.9204 10.5 2.5
      vertex 84.3511 10.76393 27.0
      vertex 83.9204 10.5 27.0
    endloop
  endfacet
  facet normal 0.522494 -0.852643 0.0
    outer loop
      vertex 84.3511 10.76393 27.0
      vertex 83.9204 10.5 2.5
      vertex 84.3511 10.76393 2.5
    endloop
  endfacet
  facet normal -0.852682 -0.522431 0.0
    outer loop
      vertex 78.7639 11.648859999999999 2.5
      vertex 78.436 12.18404 27.0
      vertex 78.436 12.18404 2.5
    endloop
  endfacet
  facet normal -0.852682 -0.522431 0.0
    outer loop
      vertex 78.436 12.18404 27.0
      vertex 78.7639 11.648859999999999 2.5
      vertex 78.7639 11.648859999999999 27.0
    endloop
  endfacet
  facet normal 0.996917 0.0784691 0.0
    outer loop
      vertex 18.0 62.0 27.0
      vertex 17.95075 62.6257 2.5
      vertex 17.95075 62.6257 27.0
    endloop
  endfacet
  facet normal 0.996917 0.0784691 0.0
    outer loop
      vertex 17.95075 62.6257 2.5
      vertex 18.0 62.0 27.0
      vertex 18.0 62.0 2.5
    endloop
  endfacet
  facet normal 0.078385 -0.996923 0.0
    outer loop
      vertex 14.0 58.0 2.5
      vertex 14.62574 58.0492 27.0
      vertex 14.0 58.0 27.0
    endloop
  endfacet
  facet normal 0.078385 -0.996923 0.0
    outer loop
      vertex 14.62574 58.0492 27.0
      vertex 14.0 58.0 2.5
      vertex 14.62574 58.0492 2.5
    endloop
  endfacet
  facet normal 0.649499 0.760362 -0.0
    outer loop
      vertex 16.82843 64.8284 2.5
      vertex 16.35114 65.2361 27.0
      vertex 16.82843 64.8284 27.0
    endloop
  endfacet
  facet normal 0.649499 0.760362 0.0
    outer loop
      vertex 16.35114 65.2361 27.0
      vertex 16.82843 64.8284 2.5
      vertex 16.35114 65.2361 2.5
    endloop
  endfacet
  facet normal -0.760416 0.649436 0.0
    outer loop
      vertex 10.76393 64.3511 2.5
      vertex 11.17157 64.8284 27.0
      vertex 11.17157 64.8284 2.5
    endloop
  endfacet
  facet normal -0.760416 0.649436 0.0
    outer loop
      vertex 11.17157 64.8284 27.0
      vertex 10.76393 64.3511 2.5
      vertex 10.76393 64.3511 27.0
    endloop
  endfacet
  facet normal -0.522451 0.85267 0.0
    outer loop
      vertex 12.07956 65.5 2.5
      vertex 11.648859999999999 65.2361 27.0
      vertex 12.07956 65.5 27.0
    endloop
  endfacet
  facet normal -0.522451 0.85267 0.0
    outer loop
      vertex 11.648859999999999 65.2361 27.0
      vertex 12.07956 65.5 2.5
      vertex 11.648859999999999 65.2361 2.5
    endloop
  endfacet
  facet normal 0.852604 -0.522557 0.0
    outer loop
      vertex 17.236069999999998 59.6489 27.0
      vertex 17.564030000000002 60.184 2.5
      vertex 17.564030000000002 60.184 27.0
    endloop
  endfacet
  facet normal 0.852604 -0.522557 0.0
    outer loop
      vertex 17.564030000000002 60.184 2.5
      vertex 17.236069999999998 59.6489 27.0
      vertex 17.236069999999998 59.6489 2.5
    endloop
  endfacet
  facet normal -0.852643 -0.522494 0.0
    outer loop
      vertex 10.76393 59.6489 2.5
      vertex 10.5 60.0796 27.0
      vertex 10.5 60.0796 2.5
    endloop
  endfacet
  facet normal -0.852643 -0.522494 0.0
    outer loop
      vertex 10.5 60.0796 27.0
      vertex 10.76393 59.6489 2.5
      vertex 10.76393 59.6489 27.0
    endloop
  endfacet
  facet normal 0.852604 0.522557 0.0
    outer loop
      vertex 17.564030000000002 63.816 27.0
      vertex 17.236069999999998 64.3511 2.5
      vertex 17.236069999999998 64.3511 27.0
    endloop
  endfacet
  facet normal 0.852604 0.522557 0.0
    outer loop
      vertex 17.236069999999998 64.3511 2.5
      vertex 17.564030000000002 63.816 27.0
      vertex 17.564030000000002 63.816 2.5
    endloop
  endfacet
  facet normal 0.972379 0.233409 0.0
    outer loop
      vertex 17.95075 62.6257 27.0
      vertex 17.80423 63.2361 2.5
      vertex 17.80423 63.2361 27.0
    endloop
  endfacet
  facet normal 0.972379 0.233409 0.0
    outer loop
      vertex 17.80423 63.2361 2.5
      vertex 17.95075 62.6257 27.0
      vertex 17.95075 62.6257 2.5
    endloop
  endfacet
  facet normal 0.760416 0.649436 0.0
    outer loop
      vertex 17.236069999999998 64.3511 27.0
      vertex 16.82843 64.8284 2.5
      vertex 16.82843 64.8284 27.0
    endloop
  endfacet
  facet normal 0.760416 0.649436 0.0
    outer loop
      vertex 16.82843 64.8284 2.5
      vertex 17.236069999999998 64.3511 27.0
      vertex 17.236069999999998 64.3511 2.5
    endloop
  endfacet
  facet normal 0.522451 0.85267 -0.0
    outer loop
      vertex 16.35114 65.2361 2.5
      vertex 15.92044 65.5 27.0
      vertex 16.35114 65.2361 27.0
    endloop
  endfacet
  facet normal 0.522451 0.85267 0.0
    outer loop
      vertex 15.92044 65.5 27.0
      vertex 16.35114 65.2361 2.5
      vertex 15.92044 65.5 2.5
    endloop
  endfacet
  facet normal -0.852643 0.522494 0.0
    outer loop
      vertex 10.5 63.9204 2.5
      vertex 10.76393 64.3511 27.0
      vertex 10.76393 64.3511 2.5
    endloop
  endfacet
  facet normal -0.852643 0.522494 0.0
    outer loop
      vertex 10.76393 64.3511 27.0
      vertex 10.5 63.9204 2.5
      vertex 10.5 63.9204 27.0
    endloop
  endfacet
  facet normal -0.649499 0.760362 0.0
    outer loop
      vertex 11.648859999999999 65.2361 2.5
      vertex 11.17157 64.8284 27.0
      vertex 11.648859999999999 65.2361 27.0
    endloop
  endfacet
  facet normal -0.649499 0.760362 0.0
    outer loop
      vertex 11.17157 64.8284 27.0
      vertex 11.648859999999999 65.2361 2.5
      vertex 11.17157 64.8284 2.5
    endloop
  endfacet
  facet normal 0.522431 -0.852682 0.0
    outer loop
      vertex 15.81596 58.436 2.5
      vertex 16.35114 58.7639 27.0
      vertex 15.81596 58.436 27.0
    endloop
  endfacet
  facet normal 0.522431 -0.852682 0.0
    outer loop
      vertex 16.35114 58.7639 27.0
      vertex 15.81596 58.436 2.5
      vertex 16.35114 58.7639 2.5
    endloop
  endfacet
  facet normal 0.233555 -0.972344 0.0
    outer loop
      vertex 14.62574 58.0492 2.5
      vertex 15.23607 58.1958 27.0
      vertex 14.62574 58.0492 27.0
    endloop
  endfacet
  facet normal 0.233555 -0.972344 0.0
    outer loop
      vertex 15.23607 58.1958 27.0
      vertex 14.62574 58.0492 2.5
      vertex 15.23607 58.1958 2.5
    endloop
  endfacet
  facet normal 0.649499 -0.760362 0.0
    outer loop
      vertex 16.35114 58.7639 2.5
      vertex 16.82843 59.1716 27.0
      vertex 16.35114 58.7639 27.0
    endloop
  endfacet
  facet normal 0.649499 -0.760362 0.0
    outer loop
      vertex 16.82843 59.1716 27.0
      vertex 16.35114 58.7639 2.5
      vertex 16.82843 59.1716 2.5
    endloop
  endfacet
  facet normal -0.522431 -0.852682 0.0
    outer loop
      vertex 11.648859999999999 58.7639 2.5
      vertex 12.18404 58.436 27.0
      vertex 11.648859999999999 58.7639 27.0
    endloop
  endfacet
  facet normal -0.522431 -0.852682 -0.0
    outer loop
      vertex 12.18404 58.436 27.0
      vertex 11.648859999999999 58.7639 2.5
      vertex 12.18404 58.436 2.5
    endloop
  endfacet
  facet normal -0.233555 -0.972344 0.0
    outer loop
      vertex 12.76393 58.1958 2.5
      vertex 13.37426 58.0492 27.0
      vertex 12.76393 58.1958 27.0
    endloop
  endfacet
  facet normal -0.233555 -0.972344 -0.0
    outer loop
      vertex 13.37426 58.0492 27.0
      vertex 12.76393 58.1958 2.5
      vertex 13.37426 58.0492 2.5
    endloop
  endfacet
  facet normal -0.760416 -0.649436 0.0
    outer loop
      vertex 11.17157 59.1716 2.5
      vertex 10.76393 59.6489 27.0
      vertex 10.76393 59.6489 2.5
    endloop
  endfacet
  facet normal -0.760416 -0.649436 0.0
    outer loop
      vertex 10.76393 59.6489 27.0
      vertex 11.17157 59.1716 2.5
      vertex 11.17157 59.1716 27.0
    endloop
  endfacet
  facet normal 0.923881 0.38268 0.0
    outer loop
      vertex 17.80423 63.2361 27.0
      vertex 17.564030000000002 63.816 2.5
      vertex 17.564030000000002 63.816 27.0
    endloop
  endfacet
  facet normal 0.923881 0.38268 0.0
    outer loop
      vertex 17.564030000000002 63.816 2.5
      vertex 17.80423 63.2361 27.0
      vertex 17.80423 63.2361 2.5
    endloop
  endfacet
  facet normal 0.0 0.0 1.0
    outer loop
      vertex 15.7 62.0 27.0
      vertex 18.0 62.0 27.0
      vertex 17.95075 62.6257 27.0
    endloop
  endfacet
  facet normal 0.0 0.0 1.0
    outer loop
      vertex 15.67907 62.2659 27.0
      vertex 17.95075 62.6257 27.0
      vertex 17.80423 63.2361 27.0
    endloop
  endfacet
  facet normal 0.0 0.0 1.0
    outer loop
      vertex 18.0 62.0 27.0
      vertex 15.7 62.0 27.0
      vertex 17.95075 61.3743 27.0
    endloop
  endfacet
  facet normal 0.0 0.0 1.0
    outer loop
      vertex 15.6168 62.5253 27.0
      vertex 17.80423 63.2361 27.0
      vertex 17.564030000000002 63.816 27.0
    endloop
  endfacet
  facet normal -0.0 0.0 1.0
    outer loop
      vertex 15.67907 61.7341 27.0
      vertex 17.95075 61.3743 27.0
      vertex 15.7 62.0 27.0
    endloop
  endfacet
  facet normal 0.0 0.0 1.0
    outer loop
      vertex 15.514710000000001 62.7718 27.0
      vertex 17.564030000000002 63.816 27.0
      vertex 17.236069999999998 64.3511 27.0
    endloop
  endfacet
  facet normal 0.0 0.0 1.0
    outer loop
      vertex 17.95075 61.3743 27.0
      vertex 15.67907 61.7341 27.0
      vertex 17.80423 60.7639 27.0
    endloop
  endfacet
  facet normal 0.0 0.0 1.0
    outer loop
      vertex 15.37533 62.9992 27.0
      vertex 17.236069999999998 64.3511 27.0
      vertex 16.82843 64.8284 27.0
    endloop
  endfacet
  facet normal -0.0 0.0 1.0
    outer loop
      vertex 15.6168 61.4747 27.0
      vertex 17.80423 60.7639 27.0
      vertex 15.67907 61.7341 27.0
    endloop
  endfacet
  facet normal 0.0 0.0 1.0
    outer loop
      vertex 15.202079999999999 63.2021 27.0
      vertex 16.82843 64.8284 27.0
      vertex 16.35114 65.2361 27.0
    endloop
  endfacet
  facet normal 0.0 0.0 1.0
    outer loop
      vertex 17.80423 60.7639 27.0
      vertex 15.6168 61.4747 27.0
      vertex 17.564030000000002 60.184 27.0
    endloop
  endfacet
  facet normal 0.0 0.0 1.0
    outer loop
      vertex 14.99923 63.3753 27.0
      vertex 16.35114 65.2361 27.0
      vertex 15.92044 65.5 27.0
    endloop
  endfacet
  facet normal -0.0 0.0 1.0
    outer loop
      vertex 15.514710000000001 61.2282 27.0
      vertex 17.564030000000002 60.184 27.0
      vertex 15.6168 61.4747 27.0
    endloop
  endfacet
  facet normal 0.0 0.0 1.0
    outer loop
      vertex 17.564030000000002 60.184 27.0
      vertex 15.514710000000001 61.2282 27.0
      vertex 17.236069999999998 59.6489 27.0
    endloop
  endfacet
  facet normal 0.0 0.0 1.0
    outer loop
      vertex 17.95075 62.6257 27.0
      vertex 15.67907 62.2659 27.0
      vertex 15.7 62.0 27.0
    endloop
  endfacet
  facet normal 0.0 0.0 1.0
    outer loop
      vertex 17.80423 63.2361 27.0
      vertex 15.6168 62.5253 27.0
      vertex 15.67907 62.2659 27.0
    endloop
  endfacet
  facet normal 0.0 0.0 1.0
    outer loop
      vertex 17.564030000000002 63.816 27.0
      vertex 15.514710000000001 62.7718 27.0
      vertex 15.6168 62.5253 27.0
    endloop
  endfacet
  facet normal 0.0 0.0 1.0
    outer loop
      vertex 17.236069999999998 64.3511 27.0
      vertex 15.37533 62.9992 27.0
      vertex 15.514710000000001 62.7718 27.0
    endloop
  endfacet
  facet normal 0.0 0.0 1.0
    outer loop
      vertex 16.82843 64.8284 27.0
      vertex 15.202079999999999 63.2021 27.0
      vertex 15.37533 62.9992 27.0
    endloop
  endfacet
  facet normal 0.0 0.0 1.0
    outer loop
      vertex 16.35114 65.2361 27.0
      vertex 14.99923 63.3753 27.0
      vertex 15.202079999999999 63.2021 27.0
    endloop
  endfacet
  facet normal 0.0 0.0 1.0
    outer loop
      vertex 15.92044 65.5 27.0
      vertex 14.77178 63.5147 27.0
      vertex 14.99923 63.3753 27.0
    endloop
  endfacet
  facet normal 0.0 0.0 1.0
    outer loop
      vertex 15.92044 65.5 27.0
      vertex 14.52533 63.6168 27.0
      vertex 14.77178 63.5147 27.0
    endloop
  endfacet
  facet normal 0.0 0.0 1.0
    outer loop
      vertex 15.92044 65.5 27.0
      vertex 14.26594 63.6791 27.0
      vertex 14.52533 63.6168 27.0
    endloop
  endfacet
  facet normal 0.0 0.0 1.0
    outer loop
      vertex 15.92044 65.5 27.0
      vertex 14.0 63.7 27.0
      vertex 14.26594 63.6791 27.0
    endloop
  endfacet
  facet normal -0.0 0.0 1.0
    outer loop
      vertex 12.07956 65.5 27.0
      vertex 14.0 63.7 27.0
      vertex 15.92044 65.5 27.0
    endloop
  endfacet
  facet normal 0.0 0.0 1.0
    outer loop
      vertex 14.0 63.7 27.0
      vertex 12.07956 65.5 27.0
      vertex 13.73406 63.6791 27.0
    endloop
  endfacet
  facet normal 0.0 0.0 1.0
    outer loop
      vertex 13.73406 63.6791 27.0
      vertex 12.07956 65.5 27.0
      vertex 13.47467 63.6168 27.0
    endloop
  endfacet
  facet normal 0.0 0.0 1.0
    outer loop
      vertex 13.47467 63.6168 27.0
      vertex 12.07956 65.5 27.0
      vertex 13.22822 63.5147 27.0
    endloop
  endfacet
  facet normal 0.0 0.0 1.0
    outer loop
      vertex 13.22822 63.5147 27.0
      vertex 12.07956 65.5 27.0
      vertex 13.00076 63.3753 27.0
    endloop
  endfacet
  facet normal -0.0 0.0 1.0
    outer loop
      vertex 11.648859999999999 65.2361 27.0
      vertex 13.00076 63.3753 27.0
      vertex 12.07956 65.5 27.0
    endloop
  endfacet
  facet normal 0.0 0.0 1.0
    outer loop
      vertex 13.00076 63.3753 27.0
      vertex 11.648859999999999 65.2361 27.0
      vertex 12.797920000000001 63.2021 27.0
    endloop
  endfacet
  facet normal -0.0 0.0 1.0
    outer loop
      vertex 11.17157 64.8284 27.0
      vertex 12.797920000000001 63.2021 27.0
      vertex 11.648859999999999 65.2361 27.0
    endloop
  endfacet
  facet normal 0.0 0.0 1.0
    outer loop
      vertex 12.797920000000001 63.2021 27.0
      vertex 11.17157 64.8284 27.0
      vertex 12.62467 62.9992 27.0
    endloop
  endfacet
  facet normal -0.0 0.0 1.0
    outer loop
      vertex 10.76393 64.3511 27.0
      vertex 12.62467 62.9992 27.0
      vertex 11.17157 64.8284 27.0
    endloop
  endfacet
  facet normal -0.0 0.0 1.0
    outer loop
      vertex 10.5 63.9204 27.0
      vertex 12.62467 62.9992 27.0
      vertex 10.76393 64.3511 27.0
    endloop
  endfacet
  facet normal 0.0 0.0 1.0
    outer loop
      vertex 12.62467 62.9992 27.0
      vertex 10.5 63.9204 27.0
      vertex 12.485289999999999 62.7718 27.0
    endloop
  endfacet
  facet normal 0.0 0.0 1.0
    outer loop
      vertex 12.485289999999999 62.7718 27.0
      vertex 10.5 63.9204 27.0
      vertex 12.3832 62.5253 27.0
    endloop
  endfacet
  facet normal 0.0 0.0 1.0
    outer loop
      vertex 12.3 62.0 27.0
      vertex 11.648859999999999 58.7639 27.0
      vertex 12.18404 58.436 27.0
    endloop
  endfacet
  facet normal 0.0 0.0 1.0
    outer loop
      vertex 12.3832 62.5253 27.0
      vertex 10.5 63.9204 27.0
      vertex 12.32093 62.2659 27.0
    endloop
  endfacet
  facet normal 0.0 0.0 1.0
    outer loop
      vertex 12.3 62.0 27.0
      vertex 11.17157 59.1716 27.0
      vertex 11.648859999999999 58.7639 27.0
    endloop
  endfacet
  facet normal 0.0 0.0 1.0
    outer loop
      vertex 12.32093 62.2659 27.0
      vertex 10.5 63.9204 27.0
      vertex 12.3 62.0 27.0
    endloop
  endfacet
  facet normal 0.0 0.0 1.0
    outer loop
      vertex 10.5 60.0796 27.0
      vertex 12.3 62.0 27.0
      vertex 10.5 63.9204 27.0
    endloop
  endfacet
  facet normal 0.0 -0.0 1.0
    outer loop
      vertex 10.76393 59.6489 27.0
      vertex 12.3 62.0 27.0
      vertex 10.5 60.0796 27.0
    endloop
  endfacet
  facet normal 0.0 0.0 1.0
    outer loop
      vertex 12.3 62.0 27.0
      vertex 10.76393 59.6489 27.0
      vertex 11.17157 59.1716 27.0
    endloop
  endfacet
  facet normal -0.0 0.0 1.0
    outer loop
      vertex 15.37533 61.0008 27.0
      vertex 17.236069999999998 59.6489 27.0
      vertex 15.514710000000001 61.2282 27.0
    endloop
  endfacet
  facet normal 0.0 0.0 1.0
    outer loop
      vertex 17.236069999999998 59.6489 27.0
      vertex 15.37533 61.0008 27.0
      vertex 16.82843 59.1716 27.0
    endloop
  endfacet
  facet normal -0.0 0.0 1.0
    outer loop
      vertex 15.202079999999999 60.7979 27.0
      vertex 16.82843 59.1716 27.0
      vertex 15.37533 61.0008 27.0
    endloop
  endfacet
  facet normal 0.0 0.0 1.0
    outer loop
      vertex 16.82843 59.1716 27.0
      vertex 15.202079999999999 60.7979 27.0
      vertex 16.35114 58.7639 27.0
    endloop
  endfacet
  facet normal -0.0 0.0 1.0
    outer loop
      vertex 14.99923 60.6247 27.0
      vertex 16.35114 58.7639 27.0
      vertex 15.202079999999999 60.7979 27.0
    endloop
  endfacet
  facet normal 0.0 0.0 1.0
    outer loop
      vertex 16.35114 58.7639 27.0
      vertex 14.99923 60.6247 27.0
      vertex 15.81596 58.436 27.0
    endloop
  endfacet
  facet normal -0.0 0.0 1.0
    outer loop
      vertex 14.77178 60.4853 27.0
      vertex 15.81596 58.436 27.0
      vertex 14.99923 60.6247 27.0
    endloop
  endfacet
  facet normal 0.0 0.0 1.0
    outer loop
      vertex 15.81596 58.436 27.0
      vertex 14.77178 60.4853 27.0
      vertex 15.23607 58.1958 27.0
    endloop
  endfacet
  facet normal -0.0 0.0 1.0
    outer loop
      vertex 14.52533 60.3832 27.0
      vertex 15.23607 58.1958 27.0
      vertex 14.77178 60.4853 27.0
    endloop
  endfacet
  facet normal 0.0 0.0 1.0
    outer loop
      vertex 15.23607 58.1958 27.0
      vertex 14.52533 60.3832 27.0
      vertex 14.62574 58.0492 27.0
    endloop
  endfacet
  facet normal -0.0 0.0 1.0
    outer loop
      vertex 14.26594 60.3209 27.0
      vertex 14.62574 58.0492 27.0
      vertex 14.52533 60.3832 27.0
    endloop
  endfacet
  facet normal -0.0 0.0 1.0
    outer loop
      vertex 14.0 60.3 27.0
      vertex 14.62574 58.0492 27.0
      vertex 14.26594 60.3209 27.0
    endloop
  endfacet
  facet normal 0.0 0.0 1.0
    outer loop
      vertex 14.0 60.3 27.0
      vertex 14.0 58.0 27.0
      vertex 14.62574 58.0492 27.0
    endloop
  endfacet
  facet normal 0.0 0.0 1.0
    outer loop
      vertex 13.73406 60.3209 27.0
      vertex 14.0 58.0 27.0
      vertex 14.0 60.3 27.0
    endloop
  endfacet
  facet normal 0.0 0.0 1.0
    outer loop
      vertex 13.37426 58.0492 27.0
      vertex 13.73406 60.3209 27.0
      vertex 13.47467 60.3832 27.0
    endloop
  endfacet
  facet normal 0.0 0.0 1.0
    outer loop
      vertex 13.73406 60.3209 27.0
      vertex 13.37426 58.0492 27.0
      vertex 14.0 58.0 27.0
    endloop
  endfacet
  facet normal 0.0 0.0 1.0
    outer loop
      vertex 12.76393 58.1958 27.0
      vertex 13.47467 60.3832 27.0
      vertex 13.22822 60.4853 27.0
    endloop
  endfacet
  facet normal 0.0 0.0 1.0
    outer loop
      vertex 12.18404 58.436 27.0
      vertex 13.22822 60.4853 27.0
      vertex 13.00076 60.6247 27.0
    endloop
  endfacet
  facet normal 0.0 0.0 1.0
    outer loop
      vertex 12.18404 58.436 27.0
      vertex 13.00076 60.6247 27.0
      vertex 12.797920000000001 60.7979 27.0
    endloop
  endfacet
  facet normal 0.0 0.0 1.0
    outer loop
      vertex 13.47467 60.3832 27.0
      vertex 12.76393 58.1958 27.0
      vertex 13.37426 58.0492 27.0
    endloop
  endfacet
  facet normal 0.0 0.0 1.0
    outer loop
      vertex 12.18404 58.436 27.0
      vertex 12.797920000000001 60.7979 27.0
      vertex 12.62467 61.0008 27.0
    endloop
  endfacet
  facet normal 0.0 0.0 1.0
    outer loop
      vertex 12.18404 58.436 27.0
      vertex 12.62467 61.0008 27.0
      vertex 12.485289999999999 61.2282 27.0
    endloop
  endfacet
  facet normal 0.0 0.0 1.0
    outer loop
      vertex 12.18404 58.436 27.0
      vertex 12.485289999999999 61.2282 27.0
      vertex 12.3832 61.4747 27.0
    endloop
  endfacet
  facet normal 0.0 0.0 1.0
    outer loop
      vertex 12.18404 58.436 27.0
      vertex 12.3832 61.4747 27.0
      vertex 12.32093 61.7341 27.0
    endloop
  endfacet
  facet normal 0.0 0.0 1.0
    outer loop
      vertex 13.22822 60.4853 27.0
      vertex 12.18404 58.436 27.0
      vertex 12.76393 58.1958 27.0
    endloop
  endfacet
  facet normal 0.0 0.0 1.0
    outer loop
      vertex 12.18404 58.436 27.0
      vertex 12.32093 61.7341 27.0
      vertex 12.3 62.0 27.0
    endloop
  endfacet
  facet normal 0.996917 -0.0784691 0.0
    outer loop
      vertex 17.95075 61.3743 27.0
      vertex 18.0 62.0 2.5
      vertex 18.0 62.0 27.0
    endloop
  endfacet
  facet normal 0.996917 -0.0784691 0.0
    outer loop
      vertex 18.0 62.0 2.5
      vertex 17.95075 61.3743 27.0
      vertex 17.95075 61.3743 2.5
    endloop
  endfacet
  facet normal 0.382686 -0.923879 0.0
    outer loop
      vertex 15.23607 58.1958 2.5
      vertex 15.81596 58.436 27.0
      vertex 15.23607 58.1958 27.0
    endloop
  endfacet
  facet normal 0.382686 -0.923879 0.0
    outer loop
      vertex 15.81596 58.436 27.0
      vertex 15.23607 58.1958 2.5
      vertex 15.81596 58.436 2.5
    endloop
  endfacet
  facet normal 0.760416 -0.649436 0.0
    outer loop
      vertex 16.82843 59.1716 27.0
      vertex 17.236069999999998 59.6489 2.5
      vertex 17.236069999999998 59.6489 27.0
    endloop
  endfacet
  facet normal 0.760416 -0.649436 0.0
    outer loop
      vertex 17.236069999999998 59.6489 2.5
      vertex 16.82843 59.1716 27.0
      vertex 16.82843 59.1716 2.5
    endloop
  endfacet
  facet normal 0.923881 -0.38268 0.0
    outer loop
      vertex 17.564030000000002 60.184 27.0
      vertex 17.80423 60.7639 2.5
      vertex 17.80423 60.7639 27.0
    endloop
  endfacet
  facet normal 0.923881 -0.38268 0.0
    outer loop
      vertex 17.80423 60.7639 2.5
      vertex 17.564030000000002 60.184 27.0
      vertex 17.564030000000002 60.184 2.5
    endloop
  endfacet
  facet normal 0.972379 -0.233409 0.0
    outer loop
      vertex 17.80423 60.7639 27.0
      vertex 17.95075 61.3743 2.5
      vertex 17.95075 61.3743 27.0
    endloop
  endfacet
  facet normal 0.972379 -0.233409 0.0
    outer loop
      vertex 17.95075 61.3743 2.5
      vertex 17.80423 60.7639 27.0
      vertex 17.80423 60.7639 2.5
    endloop
  endfacet
  facet normal -0.382686 -0.923879 0.0
    outer loop
      vertex 12.18404 58.436 2.5
      vertex 12.76393 58.1958 27.0
      vertex 12.18404 58.436 27.0
    endloop
  endfacet
  facet normal -0.382686 -0.923879 -0.0
    outer loop
      vertex 12.76393 58.1958 27.0
      vertex 12.18404 58.436 2.5
      vertex 12.76393 58.1958 2.5
    endloop
  endfacet
  facet normal -0.078385 -0.996923 0.0
    outer loop
      vertex 13.37426 58.0492 2.5
      vertex 14.0 58.0 27.0
      vertex 13.37426 58.0492 27.0
    endloop
  endfacet
  facet normal -0.078385 -0.996923 -0.0
    outer loop
      vertex 14.0 58.0 27.0
      vertex 13.37426 58.0492 2.5
      vertex 14.0 58.0 2.5
    endloop
  endfacet
  facet normal -0.649499 -0.760362 0.0
    outer loop
      vertex 11.17157 59.1716 2.5
      vertex 11.648859999999999 58.7639 27.0
      vertex 11.17157 59.1716 27.0
    endloop
  endfacet
  facet normal -0.649499 -0.760362 -0.0
    outer loop
      vertex 11.648859999999999 58.7639 27.0
      vertex 11.17157 59.1716 2.5
      vertex 11.648859999999999 58.7639 2.5
    endloop
  endfacet
  facet normal -0.996923 -0.07839 0.0
    outer loop
      vertex 78.0492 61.3743 2.5
      vertex 78.0 62.0 27.0
      vertex 78.0 62.0 2.5
    endloop
  endfacet
  facet normal -0.996923 -0.07839 0.0
    outer loop
      vertex 78.0 62.0 27.0
      vertex 78.0492 61.3743 2.5
      vertex 78.0492 61.3743 27.0
    endloop
  endfacet
  facet normal 0.07839 -0.996923 0.0
    outer loop
      vertex 82.0 58.0 2.5
      vertex 82.6257 58.0492 27.0
      vertex 82.0 58.0 27.0
    endloop
  endfacet
  facet normal 0.07839 -0.996923 0.0
    outer loop
      vertex 82.6257 58.0492 27.0
      vertex 82.0 58.0 2.5
      vertex 82.6257 58.0492 2.5
    endloop
  endfacet
  facet normal -0.649492 -0.760369 0.0
    outer loop
      vertex 79.1716 59.1716 2.5
      vertex 79.6489 58.7639 27.0
      vertex 79.1716 59.1716 27.0
    endloop
  endfacet
  facet normal -0.649492 -0.760369 -0.0
    outer loop
      vertex 79.6489 58.7639 27.0
      vertex 79.1716 59.1716 2.5
      vertex 79.6489 58.7639 2.5
    endloop
  endfacet
  facet normal 0.649492 0.760369 -0.0
    outer loop
      vertex 84.8284 64.8284 2.5
      vertex 84.3511 65.2361 27.0
      vertex 84.8284 64.8284 27.0
    endloop
  endfacet
  facet normal 0.649492 0.760369 0.0
    outer loop
      vertex 84.3511 65.2361 27.0
      vertex 84.8284 64.8284 2.5
      vertex 84.3511 65.2361 2.5
    endloop
  endfacet
  facet normal -0.760369 0.649492 0.0
    outer loop
      vertex 78.7639 64.3511 2.5
      vertex 79.1716 64.8284 27.0
      vertex 79.1716 64.8284 2.5
    endloop
  endfacet
  facet normal -0.760369 0.649492 0.0
    outer loop
      vertex 79.1716 64.8284 27.0
      vertex 78.7639 64.3511 2.5
      vertex 78.7639 64.3511 27.0
    endloop
  endfacet
  facet normal -0.522451 0.85267 0.0
    outer loop
      vertex 80.0796 65.5 2.5
      vertex 79.6489 65.2361 27.0
      vertex 80.0796 65.5 27.0
    endloop
  endfacet
  facet normal -0.522451 0.85267 0.0
    outer loop
      vertex 79.6489 65.2361 27.0
      vertex 80.0796 65.5 2.5
      vertex 79.6489 65.2361 2.5
    endloop
  endfacet
  facet normal 0.760369 -0.649492 0.0
    outer loop
      vertex 84.8284 59.1716 27.0
      vertex 85.2361 59.6489 2.5
      vertex 85.2361 59.6489 27.0
    endloop
  endfacet
  facet normal 0.760369 -0.649492 0.0
    outer loop
      vertex 85.2361 59.6489 2.5
      vertex 84.8284 59.1716 27.0
      vertex 84.8284 59.1716 2.5
    endloop
  endfacet
  facet normal -0.852647 -0.522487 0.0
    outer loop
      vertex 78.7639 59.6489 2.5
      vertex 78.436 60.184 27.0
      vertex 78.436 60.184 2.5
    endloop
  endfacet
  facet normal -0.852647 -0.522487 0.0
    outer loop
      vertex 78.436 60.184 27.0
      vertex 78.7639 59.6489 2.5
      vertex 78.7639 59.6489 27.0
    endloop
  endfacet
  facet normal 0.85267 0.522451 0.0
    outer loop
      vertex 85.5 63.9204 27.0
      vertex 85.2361 64.3511 2.5
      vertex 85.2361 64.3511 27.0
    endloop
  endfacet
  facet normal 0.85267 0.522451 0.0
    outer loop
      vertex 85.2361 64.3511 2.5
      vertex 85.5 63.9204 27.0
      vertex 85.5 63.9204 2.5
    endloop
  endfacet
  facet normal 0.760369 0.649492 0.0
    outer loop
      vertex 85.2361 64.3511 27.0
      vertex 84.8284 64.8284 2.5
      vertex 84.8284 64.8284 27.0
    endloop
  endfacet
  facet normal 0.760369 0.649492 0.0
    outer loop
      vertex 84.8284 64.8284 2.5
      vertex 85.2361 64.3511 27.0
      vertex 85.2361 64.3511 2.5
    endloop
  endfacet
  facet normal 0.522451 0.85267 -0.0
    outer loop
      vertex 84.3511 65.2361 2.5
      vertex 83.9204 65.5 27.0
      vertex 84.3511 65.2361 27.0
    endloop
  endfacet
  facet normal 0.522451 0.85267 0.0
    outer loop
      vertex 83.9204 65.5 27.0
      vertex 84.3511 65.2361 2.5
      vertex 83.9204 65.5 2.5
    endloop
  endfacet
  facet normal -0.923881 0.38268 0.0
    outer loop
      vertex 78.1958 63.2361 2.5
      vertex 78.436 63.816 27.0
      vertex 78.436 63.816 2.5
    endloop
  endfacet
  facet normal -0.923881 0.38268 0.0
    outer loop
      vertex 78.436 63.816 27.0
      vertex 78.1958 63.2361 2.5
      vertex 78.1958 63.2361 27.0
    endloop
  endfacet
  facet normal -0.852647 0.522487 0.0
    outer loop
      vertex 78.436 63.816 2.5
      vertex 78.7639 64.3511 27.0
      vertex 78.7639 64.3511 2.5
    endloop
  endfacet
  facet normal -0.852647 0.522487 0.0
    outer loop
      vertex 78.7639 64.3511 27.0
      vertex 78.436 63.816 2.5
      vertex 78.436 63.816 27.0
    endloop
  endfacet
  facet normal -0.97235 0.23353 0.0
    outer loop
      vertex 78.0492 62.6257 2.5
      vertex 78.1958 63.2361 27.0
      vertex 78.1958 63.2361 2.5
    endloop
  endfacet
  facet normal -0.97235 0.23353 0.0
    outer loop
      vertex 78.1958 63.2361 27.0
      vertex 78.0492 62.6257 2.5
      vertex 78.0492 62.6257 27.0
    endloop
  endfacet
  facet normal -0.649492 0.760369 0.0
    outer loop
      vertex 79.6489 65.2361 2.5
      vertex 79.1716 64.8284 27.0
      vertex 79.6489 65.2361 27.0
    endloop
  endfacet
  facet normal -0.649492 0.760369 0.0
    outer loop
      vertex 79.1716 64.8284 27.0
      vertex 79.6489 65.2361 2.5
      vertex 79.1716 64.8284 2.5
    endloop
  endfacet
  facet normal 0.522487 -0.852647 0.0
    outer loop
      vertex 83.816 58.436 2.5
      vertex 84.3511 58.7639 27.0
      vertex 83.816 58.436 27.0
    endloop
  endfacet
  facet normal 0.522487 -0.852647 0.0
    outer loop
      vertex 84.3511 58.7639 27.0
      vertex 83.816 58.436 2.5
      vertex 84.3511 58.7639 2.5
    endloop
  endfacet
  facet normal 0.23353 -0.97235 0.0
    outer loop
      vertex 82.6257 58.0492 2.5
      vertex 83.2361 58.1958 27.0
      vertex 82.6257 58.0492 27.0
    endloop
  endfacet
  facet normal 0.23353 -0.97235 0.0
    outer loop
      vertex 83.2361 58.1958 27.0
      vertex 82.6257 58.0492 2.5
      vertex 83.2361 58.1958 2.5
    endloop
  endfacet
  facet normal 0.649492 -0.760369 0.0
    outer loop
      vertex 84.3511 58.7639 2.5
      vertex 84.8284 59.1716 27.0
      vertex 84.3511 58.7639 27.0
    endloop
  endfacet
  facet normal 0.649492 -0.760369 0.0
    outer loop
      vertex 84.8284 59.1716 27.0
      vertex 84.3511 58.7639 2.5
      vertex 84.8284 59.1716 2.5
    endloop
  endfacet
  facet normal -0.522487 -0.852647 0.0
    outer loop
      vertex 79.6489 58.7639 2.5
      vertex 80.184 58.436 27.0
      vertex 79.6489 58.7639 27.0
    endloop
  endfacet
  facet normal -0.522487 -0.852647 -0.0
    outer loop
      vertex 80.184 58.436 27.0
      vertex 79.6489 58.7639 2.5
      vertex 80.184 58.436 2.5
    endloop
  endfacet
  facet normal -0.23353 -0.97235 0.0
    outer loop
      vertex 80.7639 58.1958 2.5
      vertex 81.3743 58.0492 27.0
      vertex 80.7639 58.1958 27.0
    endloop
  endfacet
  facet normal -0.23353 -0.97235 -0.0
    outer loop
      vertex 81.3743 58.0492 27.0
      vertex 80.7639 58.1958 2.5
      vertex 81.3743 58.0492 2.5
    endloop
  endfacet
  facet normal -0.760369 -0.649492 0.0
    outer loop
      vertex 79.1716 59.1716 2.5
      vertex 78.7639 59.6489 27.0
      vertex 78.7639 59.6489 2.5
    endloop
  endfacet
  facet normal -0.760369 -0.649492 0.0
    outer loop
      vertex 78.7639 59.6489 27.0
      vertex 79.1716 59.1716 2.5
      vertex 79.1716 59.1716 27.0
    endloop
  endfacet
  facet normal -0.97235 -0.23353 0.0
    outer loop
      vertex 78.1958 60.7639 2.5
      vertex 78.0492 61.3743 27.0
      vertex 78.0492 61.3743 2.5
    endloop
  endfacet
  facet normal -0.97235 -0.23353 0.0
    outer loop
      vertex 78.0492 61.3743 27.0
      vertex 78.1958 60.7639 2.5
      vertex 78.1958 60.7639 27.0
    endloop
  endfacet
  facet normal -0.996923 0.07839 0.0
    outer loop
      vertex 78.0 62.0 2.5
      vertex 78.0492 62.6257 27.0
      vertex 78.0492 62.6257 2.5
    endloop
  endfacet
  facet normal -0.996923 0.07839 0.0
    outer loop
      vertex 78.0492 62.6257 27.0
      vertex 78.0 62.0 2.5
      vertex 78.0 62.0 27.0
    endloop
  endfacet
  facet normal 0.0 0.0 1.0
    outer loop
      vertex 83.3753 62.9992 27.0
      vertex 85.5 63.9204 27.0
      vertex 85.2361 64.3511 27.0
    endloop
  endfacet
  facet normal 0.0 0.0 1.0
    outer loop
      vertex 85.5 63.9204 27.0
      vertex 83.7 62.0 27.0
      vertex 85.5 60.0796 27.0
    endloop
  endfacet
  facet normal 0.0 0.0 1.0
    outer loop
      vertex 83.3753 62.9992 27.0
      vertex 85.2361 64.3511 27.0
      vertex 84.8284 64.8284 27.0
    endloop
  endfacet
  facet normal -0.0 0.0 1.0
    outer loop
      vertex 83.6791 61.7341 27.0
      vertex 85.5 60.0796 27.0
      vertex 83.7 62.0 27.0
    endloop
  endfacet
  facet normal 0.0 0.0 1.0
    outer loop
      vertex 83.2021 63.2021 27.0
      vertex 84.8284 64.8284 27.0
      vertex 84.3511 65.2361 27.0
    endloop
  endfacet
  facet normal -0.0 0.0 1.0
    outer loop
      vertex 83.6168 61.4747 27.0
      vertex 85.5 60.0796 27.0
      vertex 83.6791 61.7341 27.0
    endloop
  endfacet
  facet normal 0.0 0.0 1.0
    outer loop
      vertex 82.9992 63.3753 27.0
      vertex 84.3511 65.2361 27.0
      vertex 83.9204 65.5 27.0
    endloop
  endfacet
  facet normal -0.0 0.0 1.0
    outer loop
      vertex 83.5147 61.2282 27.0
      vertex 85.5 60.0796 27.0
      vertex 83.6168 61.4747 27.0
    endloop
  endfacet
  facet normal -0.0 0.0 1.0
    outer loop
      vertex 83.3753 61.0008 27.0
      vertex 85.5 60.0796 27.0
      vertex 83.5147 61.2282 27.0
    endloop
  endfacet
  facet normal 0.0 0.0 1.0
    outer loop
      vertex 85.5 63.9204 27.0
      vertex 83.6791 62.2659 27.0
      vertex 83.7 62.0 27.0
    endloop
  endfacet
  facet normal 0.0 0.0 1.0
    outer loop
      vertex 85.5 63.9204 27.0
      vertex 83.6168 62.5253 27.0
      vertex 83.6791 62.2659 27.0
    endloop
  endfacet
  facet normal 0.0 0.0 1.0
    outer loop
      vertex 85.5 63.9204 27.0
      vertex 83.5147 62.7718 27.0
      vertex 83.6168 62.5253 27.0
    endloop
  endfacet
  facet normal 0.0 0.0 1.0
    outer loop
      vertex 85.5 63.9204 27.0
      vertex 83.3753 62.9992 27.0
      vertex 83.5147 62.7718 27.0
    endloop
  endfacet
  facet normal 0.0 0.0 1.0
    outer loop
      vertex 84.8284 64.8284 27.0
      vertex 83.2021 63.2021 27.0
      vertex 83.3753 62.9992 27.0
    endloop
  endfacet
  facet normal 0.0 0.0 1.0
    outer loop
      vertex 84.3511 65.2361 27.0
      vertex 82.9992 63.3753 27.0
      vertex 83.2021 63.2021 27.0
    endloop
  endfacet
  facet normal 0.0 0.0 1.0
    outer loop
      vertex 83.9204 65.5 27.0
      vertex 82.7718 63.5147 27.0
      vertex 82.9992 63.3753 27.0
    endloop
  endfacet
  facet normal 0.0 0.0 1.0
    outer loop
      vertex 83.9204 65.5 27.0
      vertex 82.5253 63.6168 27.0
      vertex 82.7718 63.5147 27.0
    endloop
  endfacet
  facet normal 0.0 0.0 1.0
    outer loop
      vertex 83.9204 65.5 27.0
      vertex 82.2659 63.6791 27.0
      vertex 82.5253 63.6168 27.0
    endloop
  endfacet
  facet normal 0.0 0.0 1.0
    outer loop
      vertex 83.9204 65.5 27.0
      vertex 82.0 63.7 27.0
      vertex 82.2659 63.6791 27.0
    endloop
  endfacet
  facet normal -0.0 0.0 1.0
    outer loop
      vertex 80.0796 65.5 27.0
      vertex 82.0 63.7 27.0
      vertex 83.9204 65.5 27.0
    endloop
  endfacet
  facet normal 0.0 0.0 1.0
    outer loop
      vertex 82.0 63.7 27.0
      vertex 80.0796 65.5 27.0
      vertex 81.7341 63.6791 27.0
    endloop
  endfacet
  facet normal 0.0 0.0 1.0
    outer loop
      vertex 81.7341 63.6791 27.0
      vertex 80.0796 65.5 27.0
      vertex 81.4747 63.6168 27.0
    endloop
  endfacet
  facet normal 0.0 0.0 1.0
    outer loop
      vertex 81.4747 63.6168 27.0
      vertex 80.0796 65.5 27.0
      vertex 81.2282 63.5147 27.0
    endloop
  endfacet
  facet normal 0.0 0.0 1.0
    outer loop
      vertex 81.2282 63.5147 27.0
      vertex 80.0796 65.5 27.0
      vertex 81.0008 63.3753 27.0
    endloop
  endfacet
  facet normal -0.0 0.0 1.0
    outer loop
      vertex 79.6489 65.2361 27.0
      vertex 81.0008 63.3753 27.0
      vertex 80.0796 65.5 27.0
    endloop
  endfacet
  facet normal 0.0 0.0 1.0
    outer loop
      vertex 81.0008 63.3753 27.0
      vertex 79.6489 65.2361 27.0
      vertex 80.7979 63.2021 27.0
    endloop
  endfacet
  facet normal -0.0 0.0 1.0
    outer loop
      vertex 79.1716 64.8284 27.0
      vertex 80.7979 63.2021 27.0
      vertex 79.6489 65.2361 27.0
    endloop
  endfacet
  facet normal 0.0 0.0 1.0
    outer loop
      vertex 80.7979 63.2021 27.0
      vertex 79.1716 64.8284 27.0
      vertex 80.6247 62.9992 27.0
    endloop
  endfacet
  facet normal -0.0 0.0 1.0
    outer loop
      vertex 78.7639 64.3511 27.0
      vertex 80.6247 62.9992 27.0
      vertex 79.1716 64.8284 27.0
    endloop
  endfacet
  facet normal 0.0 0.0 1.0
    outer loop
      vertex 80.6247 62.9992 27.0
      vertex 78.7639 64.3511 27.0
      vertex 80.4853 62.7718 27.0
    endloop
  endfacet
  facet normal -0.0 0.0 1.0
    outer loop
      vertex 78.436 63.816 27.0
      vertex 80.4853 62.7718 27.0
      vertex 78.7639 64.3511 27.0
    endloop
  endfacet
  facet normal 0.0 0.0 1.0
    outer loop
      vertex 80.4853 62.7718 27.0
      vertex 78.436 63.816 27.0
      vertex 80.3832 62.5253 27.0
    endloop
  endfacet
  facet normal 0.0 0.0 1.0
    outer loop
      vertex 80.3 62.0 27.0
      vertex 79.6489 58.7639 27.0
      vertex 80.184 58.436 27.0
    endloop
  endfacet
  facet normal -0.0 0.0 1.0
    outer loop
      vertex 78.1958 63.2361 27.0
      vertex 80.3832 62.5253 27.0
      vertex 78.436 63.816 27.0
    endloop
  endfacet
  facet normal 0.0 0.0 1.0
    outer loop
      vertex 80.3 62.0 27.0
      vertex 79.1716 59.1716 27.0
      vertex 79.6489 58.7639 27.0
    endloop
  endfacet
  facet normal 0.0 0.0 1.0
    outer loop
      vertex 80.3832 62.5253 27.0
      vertex 78.1958 63.2361 27.0
      vertex 80.3209 62.2659 27.0
    endloop
  endfacet
  facet normal 0.0 0.0 1.0
    outer loop
      vertex 80.3 62.0 27.0
      vertex 78.7639 59.6489 27.0
      vertex 79.1716 59.1716 27.0
    endloop
  endfacet
  facet normal -0.0 0.0 1.0
    outer loop
      vertex 78.0492 62.6257 27.0
      vertex 80.3209 62.2659 27.0
      vertex 78.1958 63.2361 27.0
    endloop
  endfacet
  facet normal 0.0 0.0 1.0
    outer loop
      vertex 80.3 62.0 27.0
      vertex 78.436 60.184 27.0
      vertex 78.7639 59.6489 27.0
    endloop
  endfacet
  facet normal 0.0 0.0 1.0
    outer loop
      vertex 80.3209 62.2659 27.0
      vertex 78.0492 62.6257 27.0
      vertex 80.3 62.0 27.0
    endloop
  endfacet
  facet normal 0.0 0.0 1.0
    outer loop
      vertex 80.3 62.0 27.0
      vertex 78.1958 60.7639 27.0
      vertex 78.436 60.184 27.0
    endloop
  endfacet
  facet normal 0.0 0.0 1.0
    outer loop
      vertex 78.0 62.0 27.0
      vertex 80.3 62.0 27.0
      vertex 78.0492 62.6257 27.0
    endloop
  endfacet
  facet normal 0.0 0.0 1.0
    outer loop
      vertex 80.3 62.0 27.0
      vertex 78.0492 61.3743 27.0
      vertex 78.1958 60.7639 27.0
    endloop
  endfacet
  facet normal 0.0 0.0 1.0
    outer loop
      vertex 80.3 62.0 27.0
      vertex 78.0 62.0 27.0
      vertex 78.0492 61.3743 27.0
    endloop
  endfacet
  facet normal 0.0 0.0 1.0
    outer loop
      vertex 85.5 60.0796 27.0
      vertex 83.3753 61.0008 27.0
      vertex 85.2361 59.6489 27.0
    endloop
  endfacet
  facet normal 0.0 0.0 1.0
    outer loop
      vertex 85.2361 59.6489 27.0
      vertex 83.3753 61.0008 27.0
      vertex 84.8284 59.1716 27.0
    endloop
  endfacet
  facet normal -0.0 0.0 1.0
    outer loop
      vertex 83.2021 60.7979 27.0
      vertex 84.8284 59.1716 27.0
      vertex 83.3753 61.0008 27.0
    endloop
  endfacet
  facet normal 0.0 0.0 1.0
    outer loop
      vertex 84.8284 59.1716 27.0
      vertex 83.2021 60.7979 27.0
      vertex 84.3511 58.7639 27.0
    endloop
  endfacet
  facet normal -0.0 0.0 1.0
    outer loop
      vertex 82.9992 60.6247 27.0
      vertex 84.3511 58.7639 27.0
      vertex 83.2021 60.7979 27.0
    endloop
  endfacet
  facet normal 0.0 0.0 1.0
    outer loop
      vertex 84.3511 58.7639 27.0
      vertex 82.9992 60.6247 27.0
      vertex 83.816 58.436 27.0
    endloop
  endfacet
  facet normal -0.0 0.0 1.0
    outer loop
      vertex 82.7718 60.4853 27.0
      vertex 83.816 58.436 27.0
      vertex 82.9992 60.6247 27.0
    endloop
  endfacet
  facet normal 0.0 0.0 1.0
    outer loop
      vertex 83.816 58.436 27.0
      vertex 82.7718 60.4853 27.0
      vertex 83.2361 58.1958 27.0
    endloop
  endfacet
  facet normal -0.0 0.0 1.0
    outer loop
      vertex 82.5253 60.3832 27.0
      vertex 83.2361 58.1958 27.0
      vertex 82.7718 60.4853 27.0
    endloop
  endfacet
  facet normal 0.0 0.0 1.0
    outer loop
      vertex 83.2361 58.1958 27.0
      vertex 82.5253 60.3832 27.0
      vertex 82.6257 58.0492 27.0
    endloop
  endfacet
  facet normal -0.0 0.0 1.0
    outer loop
      vertex 82.2659 60.3209 27.0
      vertex 82.6257 58.0492 27.0
      vertex 82.5253 60.3832 27.0
    endloop
  endfacet
  facet normal -0.0 0.0 1.0
    outer loop
      vertex 82.0 60.3 27.0
      vertex 82.6257 58.0492 27.0
      vertex 82.2659 60.3209 27.0
    endloop
  endfacet
  facet normal 0.0 0.0 1.0
    outer loop
      vertex 82.0 60.3 27.0
      vertex 82.0 58.0 27.0
      vertex 82.6257 58.0492 27.0
    endloop
  endfacet
  facet normal 0.0 0.0 1.0
    outer loop
      vertex 81.7341 60.3209 27.0
      vertex 82.0 58.0 27.0
      vertex 82.0 60.3 27.0
    endloop
  endfacet
  facet normal 0.0 0.0 1.0
    outer loop
      vertex 81.3743 58.0492 27.0
      vertex 81.7341 60.3209 27.0
      vertex 81.4747 60.3832 27.0
    endloop
  endfacet
  facet normal 0.0 0.0 1.0
    outer loop
      vertex 81.7341 60.3209 27.0
      vertex 81.3743 58.0492 27.0
      vertex 82.0 58.0 27.0
    endloop
  endfacet
  facet normal 0.0 0.0 1.0
    outer loop
      vertex 80.7639 58.1958 27.0
      vertex 81.4747 60.3832 27.0
      vertex 81.2282 60.4853 27.0
    endloop
  endfacet
  facet normal 0.0 0.0 1.0
    outer loop
      vertex 80.184 58.436 27.0
      vertex 81.2282 60.4853 27.0
      vertex 81.0008 60.6247 27.0
    endloop
  endfacet
  facet normal 0.0 0.0 1.0
    outer loop
      vertex 80.184 58.436 27.0
      vertex 81.0008 60.6247 27.0
      vertex 80.7979 60.7979 27.0
    endloop
  endfacet
  facet normal 0.0 0.0 1.0
    outer loop
      vertex 81.4747 60.3832 27.0
      vertex 80.7639 58.1958 27.0
      vertex 81.3743 58.0492 27.0
    endloop
  endfacet
  facet normal 0.0 0.0 1.0
    outer loop
      vertex 80.184 58.436 27.0
      vertex 80.7979 60.7979 27.0
      vertex 80.6247 61.0008 27.0
    endloop
  endfacet
  facet normal 0.0 0.0 1.0
    outer loop
      vertex 80.184 58.436 27.0
      vertex 80.6247 61.0008 27.0
      vertex 80.4853 61.2282 27.0
    endloop
  endfacet
  facet normal 0.0 0.0 1.0
    outer loop
      vertex 80.184 58.436 27.0
      vertex 80.4853 61.2282 27.0
      vertex 80.3832 61.4747 27.0
    endloop
  endfacet
  facet normal 0.0 0.0 1.0
    outer loop
      vertex 80.184 58.436 27.0
      vertex 80.3832 61.4747 27.0
      vertex 80.3209 61.7341 27.0
    endloop
  endfacet
  facet normal 0.0 0.0 1.0
    outer loop
      vertex 81.2282 60.4853 27.0
      vertex 80.184 58.436 27.0
      vertex 80.7639 58.1958 27.0
    endloop
  endfacet
  facet normal 0.0 0.0 1.0
    outer loop
      vertex 80.184 58.436 27.0
      vertex 80.3209 61.7341 27.0
      vertex 80.3 62.0 27.0
    endloop
  endfacet
  facet normal 0.38268 -0.923881 0.0
    outer loop
      vertex 83.2361 58.1958 2.5
      vertex 83.816 58.436 27.0
      vertex 83.2361 58.1958 27.0
    endloop
  endfacet
  facet normal 0.38268 -0.923881 0.0
    outer loop
      vertex 83.816 58.436 27.0
      vertex 83.2361 58.1958 2.5
      vertex 83.816 58.436 2.5
    endloop
  endfacet
  facet normal 0.85267 -0.522451 0.0
    outer loop
      vertex 85.2361 59.6489 27.0
      vertex 85.5 60.0796 2.5
      vertex 85.5 60.0796 27.0
    endloop
  endfacet
  facet normal 0.85267 -0.522451 0.0
    outer loop
      vertex 85.5 60.0796 2.5
      vertex 85.2361 59.6489 27.0
      vertex 85.2361 59.6489 2.5
    endloop
  endfacet
  facet normal -0.38268 -0.923881 0.0
    outer loop
      vertex 80.184 58.436 2.5
      vertex 80.7639 58.1958 27.0
      vertex 80.184 58.436 27.0
    endloop
  endfacet
  facet normal -0.38268 -0.923881 -0.0
    outer loop
      vertex 80.7639 58.1958 27.0
      vertex 80.184 58.436 2.5
      vertex 80.7639 58.1958 2.5
    endloop
  endfacet
  facet normal -0.07839 -0.996923 0.0
    outer loop
      vertex 81.3743 58.0492 2.5
      vertex 82.0 58.0 27.0
      vertex 81.3743 58.0492 27.0
    endloop
  endfacet
  facet normal -0.07839 -0.996923 -0.0
    outer loop
      vertex 82.0 58.0 27.0
      vertex 81.3743 58.0492 2.5
      vertex 82.0 58.0 2.5
    endloop
  endfacet
  facet normal -0.923881 -0.38268 0.0
    outer loop
      vertex 78.436 60.184 2.5
      vertex 78.1958 60.7639 27.0
      vertex 78.1958 60.7639 2.5
    endloop
  endfacet
  facet normal -0.923881 -0.38268 0.0
    outer loop
      vertex 78.1958 60.7639 27.0
      vertex 78.436 60.184 2.5
      vertex 78.436 60.184 27.0
    endloop
  endfacet
  facet normal -0.52262 -0.852566 0.0
    outer loop
      vertex 24.0902 29.1583 0.0
      vertex 24.2641 29.0517 6.5
      vertex 24.0902 29.1583 6.5
    endloop
  endfacet
  facet normal -0.52262 -0.852566 -0.0
    outer loop
      vertex 24.2641 29.0517 6.5
      vertex 24.0902 29.1583 0.0
      vertex 24.2641 29.0517 0.0
    endloop
  endfacet
  facet normal -0.99692 0.0784205 0.0
    outer loop
      vertex 24.784 27.7966 0.0
      vertex 24.8 28.0 6.5
      vertex 24.8 28.0 0.0
    endloop
  endfacet
  facet normal -0.99692 0.0784205 0.0
    outer loop
      vertex 24.8 28.0 6.5
      vertex 24.784 27.7966 0.0
      vertex 24.784 27.7966 6.5
    endloop
  endfacet
  facet normal 0.0784205 0.99692 -0.0
    outer loop
      vertex 23.5 26.7 0.0
      vertex 23.296599999999998 26.716 6.5
      vertex 23.5 26.7 6.5
    endloop
  endfacet
  facet normal 0.0784205 0.99692 0.0
    outer loop
      vertex 23.296599999999998 26.716 6.5
      vertex 23.5 26.7 0.0
      vertex 23.296599999999998 26.716 0.0
    endloop
  endfacet
  facet normal 0.38277 -0.923844 0.0
    outer loop
      vertex 22.9098 29.1583 0.0
      vertex 23.098300000000002 29.2364 6.5
      vertex 22.9098 29.1583 6.5
    endloop
  endfacet
  facet normal 0.38277 -0.923844 0.0
    outer loop
      vertex 23.098300000000002 29.2364 6.5
      vertex 22.9098 29.1583 0.0
      vertex 23.098300000000002 29.2364 0.0
    endloop
  endfacet
  facet normal 0.972378 -0.23341 0.0
    outer loop
      vertex 22.216 28.2034 6.5
      vertex 22.2636 28.4017 0.0
      vertex 22.2636 28.4017 6.5
    endloop
  endfacet
  facet normal 0.972378 -0.23341 0.0
    outer loop
      vertex 22.2636 28.4017 0.0
      vertex 22.216 28.2034 6.5
      vertex 22.216 28.2034 0.0
    endloop
  endfacet
  facet normal 0.852566 0.52262 0.0
    outer loop
      vertex 22.4483 27.2359 6.5
      vertex 22.3417 27.4098 0.0
      vertex 22.3417 27.4098 6.5
    endloop
  endfacet
  facet normal 0.852566 0.52262 0.0
    outer loop
      vertex 22.3417 27.4098 0.0
      vertex 22.4483 27.2359 6.5
      vertex 22.4483 27.2359 0.0
    endloop
  endfacet
  facet normal -0.972378 -0.23341 0.0
    outer loop
      vertex 24.784 28.2034 0.0
      vertex 24.7364 28.4017 6.5
      vertex 24.7364 28.4017 0.0
    endloop
  endfacet
  facet normal -0.972378 -0.23341 0.0
    outer loop
      vertex 24.7364 28.4017 6.5
      vertex 24.784 28.2034 0.0
      vertex 24.784 28.2034 6.5
    endloop
  endfacet
  facet normal -0.923844 -0.38277 0.0
    outer loop
      vertex 24.7364 28.4017 0.0
      vertex 24.6583 28.5902 6.5
      vertex 24.6583 28.5902 0.0
    endloop
  endfacet
  facet normal -0.923844 -0.38277 0.0
    outer loop
      vertex 24.6583 28.5902 6.5
      vertex 24.7364 28.4017 0.0
      vertex 24.7364 28.4017 6.5
    endloop
  endfacet
  facet normal -0.852566 -0.52262 0.0
    outer loop
      vertex 24.6583 28.5902 0.0
      vertex 24.5517 28.7641 6.5
      vertex 24.5517 28.7641 0.0
    endloop
  endfacet
  facet normal -0.852566 -0.52262 0.0
    outer loop
      vertex 24.5517 28.7641 6.5
      vertex 24.6583 28.5902 0.0
      vertex 24.6583 28.5902 6.5
    endloop
  endfacet
  facet normal -0.760328 -0.649539 0.0
    outer loop
      vertex 24.5517 28.7641 0.0
      vertex 24.4192 28.9192 6.5
      vertex 24.4192 28.9192 0.0
    endloop
  endfacet
  facet normal -0.760328 -0.649539 0.0
    outer loop
      vertex 24.4192 28.9192 6.5
      vertex 24.5517 28.7641 0.0
      vertex 24.5517 28.7641 6.5
    endloop
  endfacet
  facet normal -0.38277 -0.923844 0.0
    outer loop
      vertex 23.901699999999998 29.2364 0.0
      vertex 24.0902 29.1583 6.5
      vertex 23.901699999999998 29.2364 6.5
    endloop
  endfacet
  facet normal -0.38277 -0.923844 -0.0
    outer loop
      vertex 24.0902 29.1583 6.5
      vertex 23.901699999999998 29.2364 0.0
      vertex 24.0902 29.1583 0.0
    endloop
  endfacet
  facet normal 0.0784205 -0.99692 0.0
    outer loop
      vertex 23.296599999999998 29.284 0.0
      vertex 23.5 29.3 6.5
      vertex 23.296599999999998 29.284 6.5
    endloop
  endfacet
  facet normal 0.0784205 -0.99692 0.0
    outer loop
      vertex 23.5 29.3 6.5
      vertex 23.296599999999998 29.284 0.0
      vertex 23.5 29.3 0.0
    endloop
  endfacet
  facet normal -0.0784205 -0.99692 0.0
    outer loop
      vertex 23.5 29.3 0.0
      vertex 23.703400000000002 29.284 6.5
      vertex 23.5 29.3 6.5
    endloop
  endfacet
  facet normal -0.0784205 -0.99692 -0.0
    outer loop
      vertex 23.703400000000002 29.284 6.5
      vertex 23.5 29.3 0.0
      vertex 23.703400000000002 29.284 0.0
    endloop
  endfacet
  facet normal 0.99692 0.0784205 0.0
    outer loop
      vertex 22.216 27.7966 6.5
      vertex 22.2 28.0 0.0
      vertex 22.2 28.0 6.5
    endloop
  endfacet
  facet normal 0.99692 0.0784205 0.0
    outer loop
      vertex 22.2 28.0 0.0
      vertex 22.216 27.7966 6.5
      vertex 22.216 27.7966 0.0
    endloop
  endfacet
  facet normal 0.852566 -0.52262 0.0
    outer loop
      vertex 22.3417 28.5902 6.5
      vertex 22.4483 28.7641 0.0
      vertex 22.4483 28.7641 6.5
    endloop
  endfacet
  facet normal 0.852566 -0.52262 0.0
    outer loop
      vertex 22.4483 28.7641 0.0
      vertex 22.3417 28.5902 6.5
      vertex 22.3417 28.5902 0.0
    endloop
  endfacet
  facet normal 0.52262 -0.852566 0.0
    outer loop
      vertex 22.7359 29.0517 0.0
      vertex 22.9098 29.1583 6.5
      vertex 22.7359 29.0517 6.5
    endloop
  endfacet
  facet normal 0.52262 -0.852566 0.0
    outer loop
      vertex 22.9098 29.1583 6.5
      vertex 22.7359 29.0517 0.0
      vertex 22.9098 29.1583 0.0
    endloop
  endfacet
  facet normal 0.23341 -0.972378 0.0
    outer loop
      vertex 23.098300000000002 29.2364 0.0
      vertex 23.296599999999998 29.284 6.5
      vertex 23.098300000000002 29.2364 6.5
    endloop
  endfacet
  facet normal 0.23341 -0.972378 0.0
    outer loop
      vertex 23.296599999999998 29.284 6.5
      vertex 23.098300000000002 29.2364 0.0
      vertex 23.296599999999998 29.284 0.0
    endloop
  endfacet
  facet normal 0.649539 -0.760328 0.0
    outer loop
      vertex 22.5808 28.9192 0.0
      vertex 22.7359 29.0517 6.5
      vertex 22.5808 28.9192 6.5
    endloop
  endfacet
  facet normal 0.649539 -0.760328 0.0
    outer loop
      vertex 22.7359 29.0517 6.5
      vertex 22.5808 28.9192 0.0
      vertex 22.7359 29.0517 0.0
    endloop
  endfacet
  facet normal -0.99692 -0.0784205 0.0
    outer loop
      vertex 24.8 28.0 0.0
      vertex 24.784 28.2034 6.5
      vertex 24.784 28.2034 0.0
    endloop
  endfacet
  facet normal -0.99692 -0.0784205 0.0
    outer loop
      vertex 24.784 28.2034 6.5
      vertex 24.8 28.0 0.0
      vertex 24.8 28.0 6.5
    endloop
  endfacet
  facet normal -0.23341 0.972378 0.0
    outer loop
      vertex 23.901699999999998 26.7636 0.0
      vertex 23.703400000000002 26.716 6.5
      vertex 23.901699999999998 26.7636 6.5
    endloop
  endfacet
  facet normal -0.23341 0.972378 0.0
    outer loop
      vertex 23.703400000000002 26.716 6.5
      vertex 23.901699999999998 26.7636 0.0
      vertex 23.703400000000002 26.716 0.0
    endloop
  endfacet
  facet normal -0.38277 0.923844 0.0
    outer loop
      vertex 24.0902 26.8417 0.0
      vertex 23.901699999999998 26.7636 6.5
      vertex 24.0902 26.8417 6.5
    endloop
  endfacet
  facet normal -0.38277 0.923844 0.0
    outer loop
      vertex 23.901699999999998 26.7636 6.5
      vertex 24.0902 26.8417 0.0
      vertex 23.901699999999998 26.7636 0.0
    endloop
  endfacet
  facet normal -0.760328 0.649539 0.0
    outer loop
      vertex 24.4192 27.0808 0.0
      vertex 24.5517 27.2359 6.5
      vertex 24.5517 27.2359 0.0
    endloop
  endfacet
  facet normal -0.760328 0.649539 0.0
    outer loop
      vertex 24.5517 27.2359 6.5
      vertex 24.4192 27.0808 0.0
      vertex 24.4192 27.0808 6.5
    endloop
  endfacet
  facet normal -0.52262 0.852566 0.0
    outer loop
      vertex 24.2641 26.9483 0.0
      vertex 24.0902 26.8417 6.5
      vertex 24.2641 26.9483 6.5
    endloop
  endfacet
  facet normal -0.52262 0.852566 0.0
    outer loop
      vertex 24.0902 26.8417 6.5
      vertex 24.2641 26.9483 0.0
      vertex 24.0902 26.8417 0.0
    endloop
  endfacet
  facet normal -0.0784205 0.99692 0.0
    outer loop
      vertex 23.703400000000002 26.716 0.0
      vertex 23.5 26.7 6.5
      vertex 23.703400000000002 26.716 6.5
    endloop
  endfacet
  facet normal -0.0784205 0.99692 0.0
    outer loop
      vertex 23.5 26.7 6.5
      vertex 23.703400000000002 26.716 0.0
      vertex 23.5 26.7 0.0
    endloop
  endfacet
  facet normal 0.38277 0.923844 -0.0
    outer loop
      vertex 23.098300000000002 26.7636 0.0
      vertex 22.9098 26.8417 6.5
      vertex 23.098300000000002 26.7636 6.5
    endloop
  endfacet
  facet normal 0.38277 0.923844 0.0
    outer loop
      vertex 22.9098 26.8417 6.5
      vertex 23.098300000000002 26.7636 0.0
      vertex 22.9098 26.8417 0.0
    endloop
  endfacet
  facet normal 0.52262 0.852566 -0.0
    outer loop
      vertex 22.9098 26.8417 0.0
      vertex 22.7359 26.9483 6.5
      vertex 22.9098 26.8417 6.5
    endloop
  endfacet
  facet normal 0.52262 0.852566 0.0
    outer loop
      vertex 22.7359 26.9483 6.5
      vertex 22.9098 26.8417 0.0
      vertex 22.7359 26.9483 0.0
    endloop
  endfacet
  facet normal 0.972378 0.23341 0.0
    outer loop
      vertex 22.2636 27.5983 6.5
      vertex 22.216 27.7966 0.0
      vertex 22.216 27.7966 6.5
    endloop
  endfacet
  facet normal 0.972378 0.23341 0.0
    outer loop
      vertex 22.216 27.7966 0.0
      vertex 22.2636 27.5983 6.5
      vertex 22.2636 27.5983 0.0
    endloop
  endfacet
  facet normal -0.649539 -0.760328 0.0
    outer loop
      vertex 24.2641 29.0517 0.0
      vertex 24.4192 28.9192 6.5
      vertex 24.2641 29.0517 6.5
    endloop
  endfacet
  facet normal -0.649539 -0.760328 -0.0
    outer loop
      vertex 24.4192 28.9192 6.5
      vertex 24.2641 29.0517 0.0
      vertex 24.4192 28.9192 0.0
    endloop
  endfacet
  facet normal -0.23341 -0.972378 0.0
    outer loop
      vertex 23.703400000000002 29.284 0.0
      vertex 23.901699999999998 29.2364 6.5
      vertex 23.703400000000002 29.284 6.5
    endloop
  endfacet
  facet normal -0.23341 -0.972378 -0.0
    outer loop
      vertex 23.901699999999998 29.2364 6.5
      vertex 23.703400000000002 29.284 0.0
      vertex 23.901699999999998 29.2364 0.0
    endloop
  endfacet
  facet normal 0.99692 -0.0784205 0.0
    outer loop
      vertex 22.2 28.0 6.5
      vertex 22.216 28.2034 0.0
      vertex 22.216 28.2034 6.5
    endloop
  endfacet
  facet normal 0.99692 -0.0784205 0.0
    outer loop
      vertex 22.216 28.2034 0.0
      vertex 22.2 28.0 6.5
      vertex 22.2 28.0 0.0
    endloop
  endfacet
  facet normal 0.923844 -0.38277 0.0
    outer loop
      vertex 22.2636 28.4017 6.5
      vertex 22.3417 28.5902 0.0
      vertex 22.3417 28.5902 6.5
    endloop
  endfacet
  facet normal 0.923844 -0.38277 0.0
    outer loop
      vertex 22.3417 28.5902 0.0
      vertex 22.2636 28.4017 6.5
      vertex 22.2636 28.4017 0.0
    endloop
  endfacet
  facet normal 0.760328 -0.649539 0.0
    outer loop
      vertex 22.4483 28.7641 6.5
      vertex 22.5808 28.9192 0.0
      vertex 22.5808 28.9192 6.5
    endloop
  endfacet
  facet normal 0.760328 -0.649539 0.0
    outer loop
      vertex 22.5808 28.9192 0.0
      vertex 22.4483 28.7641 6.5
      vertex 22.4483 28.7641 0.0
    endloop
  endfacet
  facet normal -0.852566 0.52262 0.0
    outer loop
      vertex 24.5517 27.2359 0.0
      vertex 24.6583 27.4098 6.5
      vertex 24.6583 27.4098 0.0
    endloop
  endfacet
  facet normal -0.852566 0.52262 0.0
    outer loop
      vertex 24.6583 27.4098 6.5
      vertex 24.5517 27.2359 0.0
      vertex 24.5517 27.2359 6.5
    endloop
  endfacet
  facet normal -0.649539 0.760328 0.0
    outer loop
      vertex 24.4192 27.0808 0.0
      vertex 24.2641 26.9483 6.5
      vertex 24.4192 27.0808 6.5
    endloop
  endfacet
  facet normal -0.649539 0.760328 0.0
    outer loop
      vertex 24.2641 26.9483 6.5
      vertex 24.4192 27.0808 0.0
      vertex 24.2641 26.9483 0.0
    endloop
  endfacet
  facet normal 0.23341 0.972378 -0.0
    outer loop
      vertex 23.296599999999998 26.716 0.0
      vertex 23.098300000000002 26.7636 6.5
      vertex 23.296599999999998 26.716 6.5
    endloop
  endfacet
  facet normal 0.23341 0.972378 0.0
    outer loop
      vertex 23.098300000000002 26.7636 6.5
      vertex 23.296599999999998 26.716 0.0
      vertex 23.098300000000002 26.7636 0.0
    endloop
  endfacet
  facet normal 0.923844 0.38277 0.0
    outer loop
      vertex 22.3417 27.4098 6.5
      vertex 22.2636 27.5983 0.0
      vertex 22.2636 27.5983 6.5
    endloop
  endfacet
  facet normal 0.923844 0.38277 0.0
    outer loop
      vertex 22.2636 27.5983 0.0
      vertex 22.3417 27.4098 6.5
      vertex 22.3417 27.4098 0.0
    endloop
  endfacet
  facet normal 0.760328 0.649539 0.0
    outer loop
      vertex 22.5808 27.0808 6.5
      vertex 22.4483 27.2359 0.0
      vertex 22.4483 27.2359 6.5
    endloop
  endfacet
  facet normal 0.760328 0.649539 0.0
    outer loop
      vertex 22.4483 27.2359 0.0
      vertex 22.5808 27.0808 6.5
      vertex 22.5808 27.0808 0.0
    endloop
  endfacet
  facet normal 0.649539 0.760328 -0.0
    outer loop
      vertex 22.7359 26.9483 0.0
      vertex 22.5808 27.0808 6.5
      vertex 22.7359 26.9483 6.5
    endloop
  endfacet
  facet normal 0.649539 0.760328 0.0
    outer loop
      vertex 22.5808 27.0808 6.5
      vertex 22.7359 26.9483 0.0
      vertex 22.5808 27.0808 0.0
    endloop
  endfacet
  facet normal -0.923844 0.38277 0.0
    outer loop
      vertex 24.6583 27.4098 0.0
      vertex 24.7364 27.5983 6.5
      vertex 24.7364 27.5983 0.0
    endloop
  endfacet
  facet normal -0.923844 0.38277 0.0
    outer loop
      vertex 24.7364 27.5983 6.5
      vertex 24.6583 27.4098 0.0
      vertex 24.6583 27.4098 6.5
    endloop
  endfacet
  facet normal -0.972378 0.23341 0.0
    outer loop
      vertex 24.7364 27.5983 0.0
      vertex 24.784 27.7966 6.5
      vertex 24.784 27.7966 0.0
    endloop
  endfacet
  facet normal -0.972378 0.23341 0.0
    outer loop
      vertex 24.784 27.7966 6.5
      vertex 24.7364 27.5983 0.0
      vertex 24.7364 27.5983 6.5
    endloop
  endfacet
  facet normal -0.52262 -0.852566 0.0
    outer loop
      vertex 24.0902 49.1583 0.0
      vertex 24.2641 49.0517 6.5
      vertex 24.0902 49.1583 6.5
    endloop
  endfacet
  facet normal -0.52262 -0.852566 -0.0
    outer loop
      vertex 24.2641 49.0517 6.5
      vertex 24.0902 49.1583 0.0
      vertex 24.2641 49.0517 0.0
    endloop
  endfacet
  facet normal 0.99692 -0.0784205 0.0
    outer loop
      vertex 22.2 48.0 6.5
      vertex 22.216 48.2034 0.0
      vertex 22.216 48.2034 6.5
    endloop
  endfacet
  facet normal 0.99692 -0.0784205 0.0
    outer loop
      vertex 22.216 48.2034 0.0
      vertex 22.2 48.0 6.5
      vertex 22.2 48.0 0.0
    endloop
  endfacet
  facet normal -0.99692 0.0784205 0.0
    outer loop
      vertex 24.784 47.7966 0.0
      vertex 24.8 48.0 6.5
      vertex 24.8 48.0 0.0
    endloop
  endfacet
  facet normal -0.99692 0.0784205 0.0
    outer loop
      vertex 24.8 48.0 6.5
      vertex 24.784 47.7966 0.0
      vertex 24.784 47.7966 6.5
    endloop
  endfacet
  facet normal 0.0784205 0.99692 -0.0
    outer loop
      vertex 23.5 46.7 0.0
      vertex 23.296599999999998 46.716 6.5
      vertex 23.5 46.7 6.5
    endloop
  endfacet
  facet normal 0.0784205 0.99692 0.0
    outer loop
      vertex 23.296599999999998 46.716 6.5
      vertex 23.5 46.7 0.0
      vertex 23.296599999999998 46.716 0.0
    endloop
  endfacet
  facet normal 0.38277 -0.923844 0.0
    outer loop
      vertex 22.9098 49.1583 0.0
      vertex 23.098300000000002 49.2364 6.5
      vertex 22.9098 49.1583 6.5
    endloop
  endfacet
  facet normal 0.38277 -0.923844 0.0
    outer loop
      vertex 23.098300000000002 49.2364 6.5
      vertex 22.9098 49.1583 0.0
      vertex 23.098300000000002 49.2364 0.0
    endloop
  endfacet
  facet normal 0.972378 -0.23341 0.0
    outer loop
      vertex 22.216 48.2034 6.5
      vertex 22.2636 48.4017 0.0
      vertex 22.2636 48.4017 6.5
    endloop
  endfacet
  facet normal 0.972378 -0.23341 0.0
    outer loop
      vertex 22.2636 48.4017 0.0
      vertex 22.216 48.2034 6.5
      vertex 22.216 48.2034 0.0
    endloop
  endfacet
  facet normal -0.923844 -0.38277 0.0
    outer loop
      vertex 24.7364 48.4017 0.0
      vertex 24.6583 48.5902 6.5
      vertex 24.6583 48.5902 0.0
    endloop
  endfacet
  facet normal -0.923844 -0.38277 0.0
    outer loop
      vertex 24.6583 48.5902 6.5
      vertex 24.7364 48.4017 0.0
      vertex 24.7364 48.4017 6.5
    endloop
  endfacet
  facet normal -0.852566 -0.52262 0.0
    outer loop
      vertex 24.6583 48.5902 0.0
      vertex 24.5517 48.7641 6.5
      vertex 24.5517 48.7641 0.0
    endloop
  endfacet
  facet normal -0.852566 -0.52262 0.0
    outer loop
      vertex 24.5517 48.7641 6.5
      vertex 24.6583 48.5902 0.0
      vertex 24.6583 48.5902 6.5
    endloop
  endfacet
  facet normal -0.23341 -0.972378 0.0
    outer loop
      vertex 23.703400000000002 49.284 0.0
      vertex 23.901699999999998 49.2364 6.5
      vertex 23.703400000000002 49.284 6.5
    endloop
  endfacet
  facet normal -0.23341 -0.972378 -0.0
    outer loop
      vertex 23.901699999999998 49.2364 6.5
      vertex 23.703400000000002 49.284 0.0
      vertex 23.901699999999998 49.2364 0.0
    endloop
  endfacet
  facet normal 0.0784205 -0.99692 0.0
    outer loop
      vertex 23.296599999999998 49.284 0.0
      vertex 23.5 49.3 6.5
      vertex 23.296599999999998 49.284 6.5
    endloop
  endfacet
  facet normal 0.0784205 -0.99692 0.0
    outer loop
      vertex 23.5 49.3 6.5
      vertex 23.296599999999998 49.284 0.0
      vertex 23.5 49.3 0.0
    endloop
  endfacet
  facet normal -0.0784205 -0.99692 0.0
    outer loop
      vertex 23.5 49.3 0.0
      vertex 23.703400000000002 49.284 6.5
      vertex 23.5 49.3 6.5
    endloop
  endfacet
  facet normal -0.0784205 -0.99692 -0.0
    outer loop
      vertex 23.703400000000002 49.284 6.5
      vertex 23.5 49.3 0.0
      vertex 23.703400000000002 49.284 0.0
    endloop
  endfacet
  facet normal 0.99692 0.0784205 0.0
    outer loop
      vertex 22.216 47.7966 6.5
      vertex 22.2 48.0 0.0
      vertex 22.2 48.0 6.5
    endloop
  endfacet
  facet normal 0.99692 0.0784205 0.0
    outer loop
      vertex 22.2 48.0 0.0
      vertex 22.216 47.7966 6.5
      vertex 22.216 47.7966 0.0
    endloop
  endfacet
  facet normal 0.852566 -0.52262 0.0
    outer loop
      vertex 22.3417 48.5902 6.5
      vertex 22.4483 48.7641 0.0
      vertex 22.4483 48.7641 6.5
    endloop
  endfacet
  facet normal 0.852566 -0.52262 0.0
    outer loop
      vertex 22.4483 48.7641 0.0
      vertex 22.3417 48.5902 6.5
      vertex 22.3417 48.5902 0.0
    endloop
  endfacet
  facet normal 0.52262 -0.852566 0.0
    outer loop
      vertex 22.7359 49.0517 0.0
      vertex 22.9098 49.1583 6.5
      vertex 22.7359 49.0517 6.5
    endloop
  endfacet
  facet normal 0.52262 -0.852566 0.0
    outer loop
      vertex 22.9098 49.1583 6.5
      vertex 22.7359 49.0517 0.0
      vertex 22.9098 49.1583 0.0
    endloop
  endfacet
  facet normal 0.23341 -0.972378 0.0
    outer loop
      vertex 23.098300000000002 49.2364 0.0
      vertex 23.296599999999998 49.284 6.5
      vertex 23.098300000000002 49.2364 6.5
    endloop
  endfacet
  facet normal 0.23341 -0.972378 0.0
    outer loop
      vertex 23.296599999999998 49.284 6.5
      vertex 23.098300000000002 49.2364 0.0
      vertex 23.296599999999998 49.284 0.0
    endloop
  endfacet
  facet normal -0.99692 -0.0784205 0.0
    outer loop
      vertex 24.8 48.0 0.0
      vertex 24.784 48.2034 6.5
      vertex 24.784 48.2034 0.0
    endloop
  endfacet
  facet normal -0.99692 -0.0784205 0.0
    outer loop
      vertex 24.784 48.2034 6.5
      vertex 24.8 48.0 0.0
      vertex 24.8 48.0 6.5
    endloop
  endfacet
  facet normal -0.23341 0.972378 0.0
    outer loop
      vertex 23.901699999999998 46.7636 0.0
      vertex 23.703400000000002 46.716 6.5
      vertex 23.901699999999998 46.7636 6.5
    endloop
  endfacet
  facet normal -0.23341 0.972378 0.0
    outer loop
      vertex 23.703400000000002 46.716 6.5
      vertex 23.901699999999998 46.7636 0.0
      vertex 23.703400000000002 46.716 0.0
    endloop
  endfacet
  facet normal -0.972378 0.23341 0.0
    outer loop
      vertex 24.7364 47.5983 0.0
      vertex 24.784 47.7966 6.5
      vertex 24.784 47.7966 0.0
    endloop
  endfacet
  facet normal -0.972378 0.23341 0.0
    outer loop
      vertex 24.784 47.7966 6.5
      vertex 24.7364 47.5983 0.0
      vertex 24.7364 47.5983 6.5
    endloop
  endfacet
  facet normal -0.38277 0.923844 0.0
    outer loop
      vertex 24.0902 46.8417 0.0
      vertex 23.901699999999998 46.7636 6.5
      vertex 24.0902 46.8417 6.5
    endloop
  endfacet
  facet normal -0.38277 0.923844 0.0
    outer loop
      vertex 23.901699999999998 46.7636 6.5
      vertex 24.0902 46.8417 0.0
      vertex 23.901699999999998 46.7636 0.0
    endloop
  endfacet
  facet normal -0.52262 0.852566 0.0
    outer loop
      vertex 24.2641 46.9483 0.0
      vertex 24.0902 46.8417 6.5
      vertex 24.2641 46.9483 6.5
    endloop
  endfacet
  facet normal -0.52262 0.852566 0.0
    outer loop
      vertex 24.0902 46.8417 6.5
      vertex 24.2641 46.9483 0.0
      vertex 24.0902 46.8417 0.0
    endloop
  endfacet
  facet normal -0.0784205 0.99692 0.0
    outer loop
      vertex 23.703400000000002 46.716 0.0
      vertex 23.5 46.7 6.5
      vertex 23.703400000000002 46.716 6.5
    endloop
  endfacet
  facet normal -0.0784205 0.99692 0.0
    outer loop
      vertex 23.5 46.7 6.5
      vertex 23.703400000000002 46.716 0.0
      vertex 23.5 46.7 0.0
    endloop
  endfacet
  facet normal 0.52262 0.852566 -0.0
    outer loop
      vertex 22.9098 46.8417 0.0
      vertex 22.7359 46.9483 6.5
      vertex 22.9098 46.8417 6.5
    endloop
  endfacet
  facet normal 0.52262 0.852566 0.0
    outer loop
      vertex 22.7359 46.9483 6.5
      vertex 22.9098 46.8417 0.0
      vertex 22.7359 46.9483 0.0
    endloop
  endfacet
  facet normal 0.852566 0.52262 0.0
    outer loop
      vertex 22.4483 47.2359 6.5
      vertex 22.3417 47.4098 0.0
      vertex 22.3417 47.4098 6.5
    endloop
  endfacet
  facet normal 0.852566 0.52262 0.0
    outer loop
      vertex 22.3417 47.4098 0.0
      vertex 22.4483 47.2359 6.5
      vertex 22.4483 47.2359 0.0
    endloop
  endfacet
  facet normal 0.972378 0.23341 0.0
    outer loop
      vertex 22.2636 47.5983 6.5
      vertex 22.216 47.7966 0.0
      vertex 22.216 47.7966 6.5
    endloop
  endfacet
  facet normal 0.972378 0.23341 0.0
    outer loop
      vertex 22.216 47.7966 0.0
      vertex 22.2636 47.5983 6.5
      vertex 22.2636 47.5983 0.0
    endloop
  endfacet
  facet normal -0.972378 -0.23341 0.0
    outer loop
      vertex 24.784 48.2034 0.0
      vertex 24.7364 48.4017 6.5
      vertex 24.7364 48.4017 0.0
    endloop
  endfacet
  facet normal -0.972378 -0.23341 0.0
    outer loop
      vertex 24.7364 48.4017 6.5
      vertex 24.784 48.2034 0.0
      vertex 24.784 48.2034 6.5
    endloop
  endfacet
  facet normal -0.760328 -0.649539 0.0
    outer loop
      vertex 24.5517 48.7641 0.0
      vertex 24.4192 48.9192 6.5
      vertex 24.4192 48.9192 0.0
    endloop
  endfacet
  facet normal -0.760328 -0.649539 0.0
    outer loop
      vertex 24.4192 48.9192 6.5
      vertex 24.5517 48.7641 0.0
      vertex 24.5517 48.7641 6.5
    endloop
  endfacet
  facet normal -0.649539 -0.760328 0.0
    outer loop
      vertex 24.2641 49.0517 0.0
      vertex 24.4192 48.9192 6.5
      vertex 24.2641 49.0517 6.5
    endloop
  endfacet
  facet normal -0.649539 -0.760328 -0.0
    outer loop
      vertex 24.4192 48.9192 6.5
      vertex 24.2641 49.0517 0.0
      vertex 24.4192 48.9192 0.0
    endloop
  endfacet
  facet normal -0.38277 -0.923844 0.0
    outer loop
      vertex 23.901699999999998 49.2364 0.0
      vertex 24.0902 49.1583 6.5
      vertex 23.901699999999998 49.2364 6.5
    endloop
  endfacet
  facet normal -0.38277 -0.923844 -0.0
    outer loop
      vertex 24.0902 49.1583 6.5
      vertex 23.901699999999998 49.2364 0.0
      vertex 24.0902 49.1583 0.0
    endloop
  endfacet
  facet normal 0.923844 -0.38277 0.0
    outer loop
      vertex 22.2636 48.4017 6.5
      vertex 22.3417 48.5902 0.0
      vertex 22.3417 48.5902 6.5
    endloop
  endfacet
  facet normal 0.923844 -0.38277 0.0
    outer loop
      vertex 22.3417 48.5902 0.0
      vertex 22.2636 48.4017 6.5
      vertex 22.2636 48.4017 0.0
    endloop
  endfacet
  facet normal 0.649539 -0.760328 0.0
    outer loop
      vertex 22.5808 48.9192 0.0
      vertex 22.7359 49.0517 6.5
      vertex 22.5808 48.9192 6.5
    endloop
  endfacet
  facet normal 0.649539 -0.760328 0.0
    outer loop
      vertex 22.7359 49.0517 6.5
      vertex 22.5808 48.9192 0.0
      vertex 22.7359 49.0517 0.0
    endloop
  endfacet
  facet normal 0.760328 -0.649539 0.0
    outer loop
      vertex 22.4483 48.7641 6.5
      vertex 22.5808 48.9192 0.0
      vertex 22.5808 48.9192 6.5
    endloop
  endfacet
  facet normal 0.760328 -0.649539 0.0
    outer loop
      vertex 22.5808 48.9192 0.0
      vertex 22.4483 48.7641 6.5
      vertex 22.4483 48.7641 0.0
    endloop
  endfacet
  facet normal -0.852566 0.52262 0.0
    outer loop
      vertex 24.5517 47.2359 0.0
      vertex 24.6583 47.4098 6.5
      vertex 24.6583 47.4098 0.0
    endloop
  endfacet
  facet normal -0.852566 0.52262 0.0
    outer loop
      vertex 24.6583 47.4098 6.5
      vertex 24.5517 47.2359 0.0
      vertex 24.5517 47.2359 6.5
    endloop
  endfacet
  facet normal -0.923844 0.38277 0.0
    outer loop
      vertex 24.6583 47.4098 0.0
      vertex 24.7364 47.5983 6.5
      vertex 24.7364 47.5983 0.0
    endloop
  endfacet
  facet normal -0.923844 0.38277 0.0
    outer loop
      vertex 24.7364 47.5983 6.5
      vertex 24.6583 47.4098 0.0
      vertex 24.6583 47.4098 6.5
    endloop
  endfacet
  facet normal -0.760328 0.649539 0.0
    outer loop
      vertex 24.4192 47.0808 0.0
      vertex 24.5517 47.2359 6.5
      vertex 24.5517 47.2359 0.0
    endloop
  endfacet
  facet normal -0.760328 0.649539 0.0
    outer loop
      vertex 24.5517 47.2359 6.5
      vertex 24.4192 47.0808 0.0
      vertex 24.4192 47.0808 6.5
    endloop
  endfacet
  facet normal -0.649539 0.760328 0.0
    outer loop
      vertex 24.4192 47.0808 0.0
      vertex 24.2641 46.9483 6.5
      vertex 24.4192 47.0808 6.5
    endloop
  endfacet
  facet normal -0.649539 0.760328 0.0
    outer loop
      vertex 24.2641 46.9483 6.5
      vertex 24.4192 47.0808 0.0
      vertex 24.2641 46.9483 0.0
    endloop
  endfacet
  facet normal 0.38277 0.923844 -0.0
    outer loop
      vertex 23.098300000000002 46.7636 0.0
      vertex 22.9098 46.8417 6.5
      vertex 23.098300000000002 46.7636 6.5
    endloop
  endfacet
  facet normal 0.38277 0.923844 0.0
    outer loop
      vertex 22.9098 46.8417 6.5
      vertex 23.098300000000002 46.7636 0.0
      vertex 22.9098 46.8417 0.0
    endloop
  endfacet
  facet normal 0.923844 0.38277 0.0
    outer loop
      vertex 22.3417 47.4098 6.5
      vertex 22.2636 47.5983 0.0
      vertex 22.2636 47.5983 6.5
    endloop
  endfacet
  facet normal 0.923844 0.38277 0.0
    outer loop
      vertex 22.2636 47.5983 0.0
      vertex 22.3417 47.4098 6.5
      vertex 22.3417 47.4098 0.0
    endloop
  endfacet
  facet normal 0.760328 0.649539 0.0
    outer loop
      vertex 22.5808 47.0808 6.5
      vertex 22.4483 47.2359 0.0
      vertex 22.4483 47.2359 6.5
    endloop
  endfacet
  facet normal 0.760328 0.649539 0.0
    outer loop
      vertex 22.4483 47.2359 0.0
      vertex 22.5808 47.0808 6.5
      vertex 22.5808 47.0808 0.0
    endloop
  endfacet
  facet normal 0.23341 0.972378 -0.0
    outer loop
      vertex 23.296599999999998 46.716 0.0
      vertex 23.098300000000002 46.7636 6.5
      vertex 23.296599999999998 46.716 6.5
    endloop
  endfacet
  facet normal 0.23341 0.972378 0.0
    outer loop
      vertex 23.098300000000002 46.7636 6.5
      vertex 23.296599999999998 46.716 0.0
      vertex 23.098300000000002 46.7636 0.0
    endloop
  endfacet
  facet normal 0.649539 0.760328 -0.0
    outer loop
      vertex 22.7359 46.9483 0.0
      vertex 22.5808 47.0808 6.5
      vertex 22.7359 46.9483 6.5
    endloop
  endfacet
  facet normal 0.649539 0.760328 0.0
    outer loop
      vertex 22.5808 47.0808 6.5
      vertex 22.7359 46.9483 0.0
      vertex 22.5808 47.0808 0.0
    endloop
  endfacet
  facet normal -0.99692 -0.0784205 0.0
    outer loop
      vertex 73.8 28.0 0.0
      vertex 73.784 28.2034 6.5
      vertex 73.784 28.2034 0.0
    endloop
  endfacet
  facet normal -0.99692 -0.0784205 0.0
    outer loop
      vertex 73.784 28.2034 6.5
      vertex 73.8 28.0 0.0
      vertex 73.8 28.0 6.5
    endloop
  endfacet
  facet normal 0.0784205 -0.99692 0.0
    outer loop
      vertex 72.2966 29.284 0.0
      vertex 72.5 29.3 6.5
      vertex 72.2966 29.284 6.5
    endloop
  endfacet
  facet normal 0.0784205 -0.99692 0.0
    outer loop
      vertex 72.5 29.3 6.5
      vertex 72.2966 29.284 0.0
      vertex 72.5 29.3 0.0
    endloop
  endfacet
  facet normal -0.649539 -0.760328 0.0
    outer loop
      vertex 73.2641 29.0517 0.0
      vertex 73.4192 28.9192 6.5
      vertex 73.2641 29.0517 6.5
    endloop
  endfacet
  facet normal -0.649539 -0.760328 -0.0
    outer loop
      vertex 73.4192 28.9192 6.5
      vertex 73.2641 29.0517 0.0
      vertex 73.4192 28.9192 0.0
    endloop
  endfacet
  facet normal 0.760328 -0.649539 0.0
    outer loop
      vertex 71.4483 28.7641 6.5
      vertex 71.58080000000001 28.9192 0.0
      vertex 71.58080000000001 28.9192 6.5
    endloop
  endfacet
  facet normal 0.760328 -0.649539 0.0
    outer loop
      vertex 71.58080000000001 28.9192 0.0
      vertex 71.4483 28.7641 6.5
      vertex 71.4483 28.7641 0.0
    endloop
  endfacet
  facet normal 0.38277 -0.923844 0.0
    outer loop
      vertex 71.90979999999999 29.1583 0.0
      vertex 72.0983 29.2364 6.5
      vertex 71.90979999999999 29.1583 6.5
    endloop
  endfacet
  facet normal 0.38277 -0.923844 0.0
    outer loop
      vertex 72.0983 29.2364 6.5
      vertex 71.90979999999999 29.1583 0.0
      vertex 72.0983 29.2364 0.0
    endloop
  endfacet
  facet normal 0.760328 0.649539 0.0
    outer loop
      vertex 71.58080000000001 27.0808 6.5
      vertex 71.4483 27.2359 0.0
      vertex 71.4483 27.2359 6.5
    endloop
  endfacet
  facet normal 0.760328 0.649539 0.0
    outer loop
      vertex 71.4483 27.2359 0.0
      vertex 71.58080000000001 27.0808 6.5
      vertex 71.58080000000001 27.0808 0.0
    endloop
  endfacet
  facet normal -0.923844 -0.38277 0.0
    outer loop
      vertex 73.7364 28.4017 0.0
      vertex 73.6583 28.5902 6.5
      vertex 73.6583 28.5902 0.0
    endloop
  endfacet
  facet normal -0.923844 -0.38277 0.0
    outer loop
      vertex 73.6583 28.5902 6.5
      vertex 73.7364 28.4017 0.0
      vertex 73.7364 28.4017 6.5
    endloop
  endfacet
  facet normal -0.972378 -0.23341 0.0
    outer loop
      vertex 73.784 28.2034 0.0
      vertex 73.7364 28.4017 6.5
      vertex 73.7364 28.4017 0.0
    endloop
  endfacet
  facet normal -0.972378 -0.23341 0.0
    outer loop
      vertex 73.7364 28.4017 6.5
      vertex 73.784 28.2034 0.0
      vertex 73.784 28.2034 6.5
    endloop
  endfacet
  facet normal -0.852566 -0.52262 0.0
    outer loop
      vertex 73.6583 28.5902 0.0
      vertex 73.5517 28.7641 6.5
      vertex 73.5517 28.7641 0.0
    endloop
  endfacet
  facet normal -0.852566 -0.52262 0.0
    outer loop
      vertex 73.5517 28.7641 6.5
      vertex 73.6583 28.5902 0.0
      vertex 73.6583 28.5902 6.5
    endloop
  endfacet
  facet normal -0.23341 -0.972378 0.0
    outer loop
      vertex 72.7034 29.284 0.0
      vertex 72.9017 29.2364 6.5
      vertex 72.7034 29.284 6.5
    endloop
  endfacet
  facet normal -0.23341 -0.972378 -0.0
    outer loop
      vertex 72.9017 29.2364 6.5
      vertex 72.7034 29.284 0.0
      vertex 72.9017 29.2364 0.0
    endloop
  endfacet
  facet normal -0.0784205 -0.99692 0.0
    outer loop
      vertex 72.5 29.3 0.0
      vertex 72.7034 29.284 6.5
      vertex 72.5 29.3 6.5
    endloop
  endfacet
  facet normal -0.0784205 -0.99692 -0.0
    outer loop
      vertex 72.7034 29.284 6.5
      vertex 72.5 29.3 0.0
      vertex 72.7034 29.284 0.0
    endloop
  endfacet
  facet normal -0.52262 -0.852566 0.0
    outer loop
      vertex 73.0902 29.1583 0.0
      vertex 73.2641 29.0517 6.5
      vertex 73.0902 29.1583 6.5
    endloop
  endfacet
  facet normal -0.52262 -0.852566 -0.0
    outer loop
      vertex 73.2641 29.0517 6.5
      vertex 73.0902 29.1583 0.0
      vertex 73.2641 29.0517 0.0
    endloop
  endfacet
  facet normal 0.923844 -0.38277 0.0
    outer loop
      vertex 71.2636 28.4017 6.5
      vertex 71.3417 28.5902 0.0
      vertex 71.3417 28.5902 6.5
    endloop
  endfacet
  facet normal 0.923844 -0.38277 0.0
    outer loop
      vertex 71.3417 28.5902 0.0
      vertex 71.2636 28.4017 6.5
      vertex 71.2636 28.4017 0.0
    endloop
  endfacet
  facet normal 0.852566 -0.52262 0.0
    outer loop
      vertex 71.3417 28.5902 6.5
      vertex 71.4483 28.7641 0.0
      vertex 71.4483 28.7641 6.5
    endloop
  endfacet
  facet normal 0.852566 -0.52262 0.0
    outer loop
      vertex 71.4483 28.7641 0.0
      vertex 71.3417 28.5902 6.5
      vertex 71.3417 28.5902 0.0
    endloop
  endfacet
  facet normal 0.99692 -0.0784205 0.0
    outer loop
      vertex 71.2 28.0 6.5
      vertex 71.21600000000001 28.2034 0.0
      vertex 71.21600000000001 28.2034 6.5
    endloop
  endfacet
  facet normal 0.99692 -0.0784205 0.0
    outer loop
      vertex 71.21600000000001 28.2034 0.0
      vertex 71.2 28.0 6.5
      vertex 71.2 28.0 0.0
    endloop
  endfacet
  facet normal 0.52262 -0.852566 0.0
    outer loop
      vertex 71.7359 29.0517 0.0
      vertex 71.90979999999999 29.1583 6.5
      vertex 71.7359 29.0517 6.5
    endloop
  endfacet
  facet normal 0.52262 -0.852566 0.0
    outer loop
      vertex 71.90979999999999 29.1583 6.5
      vertex 71.7359 29.0517 0.0
      vertex 71.90979999999999 29.1583 0.0
    endloop
  endfacet
  facet normal 0.23341 -0.972378 0.0
    outer loop
      vertex 72.0983 29.2364 0.0
      vertex 72.2966 29.284 6.5
      vertex 72.0983 29.2364 6.5
    endloop
  endfacet
  facet normal 0.23341 -0.972378 0.0
    outer loop
      vertex 72.2966 29.284 6.5
      vertex 72.0983 29.2364 0.0
      vertex 72.2966 29.284 0.0
    endloop
  endfacet
  facet normal -0.99692 0.0784205 0.0
    outer loop
      vertex 73.784 27.7966 0.0
      vertex 73.8 28.0 6.5
      vertex 73.8 28.0 0.0
    endloop
  endfacet
  facet normal -0.99692 0.0784205 0.0
    outer loop
      vertex 73.8 28.0 6.5
      vertex 73.784 27.7966 0.0
      vertex 73.784 27.7966 6.5
    endloop
  endfacet
  facet normal -0.23341 0.972378 0.0
    outer loop
      vertex 72.9017 26.7636 0.0
      vertex 72.7034 26.716 6.5
      vertex 72.9017 26.7636 6.5
    endloop
  endfacet
  facet normal -0.23341 0.972378 0.0
    outer loop
      vertex 72.7034 26.716 6.5
      vertex 72.9017 26.7636 0.0
      vertex 72.7034 26.716 0.0
    endloop
  endfacet
  facet normal -0.760328 0.649539 0.0
    outer loop
      vertex 73.4192 27.0808 0.0
      vertex 73.5517 27.2359 6.5
      vertex 73.5517 27.2359 0.0
    endloop
  endfacet
  facet normal -0.760328 0.649539 0.0
    outer loop
      vertex 73.5517 27.2359 6.5
      vertex 73.4192 27.0808 0.0
      vertex 73.4192 27.0808 6.5
    endloop
  endfacet
  facet normal -0.52262 0.852566 0.0
    outer loop
      vertex 73.2641 26.9483 0.0
      vertex 73.0902 26.8417 6.5
      vertex 73.2641 26.9483 6.5
    endloop
  endfacet
  facet normal -0.52262 0.852566 0.0
    outer loop
      vertex 73.0902 26.8417 6.5
      vertex 73.2641 26.9483 0.0
      vertex 73.0902 26.8417 0.0
    endloop
  endfacet
  facet normal -0.852566 0.52262 0.0
    outer loop
      vertex 73.5517 27.2359 0.0
      vertex 73.6583 27.4098 6.5
      vertex 73.6583 27.4098 0.0
    endloop
  endfacet
  facet normal -0.852566 0.52262 0.0
    outer loop
      vertex 73.6583 27.4098 6.5
      vertex 73.5517 27.2359 0.0
      vertex 73.5517 27.2359 6.5
    endloop
  endfacet
  facet normal -0.923844 0.38277 0.0
    outer loop
      vertex 73.6583 27.4098 0.0
      vertex 73.7364 27.5983 6.5
      vertex 73.7364 27.5983 0.0
    endloop
  endfacet
  facet normal -0.923844 0.38277 0.0
    outer loop
      vertex 73.7364 27.5983 6.5
      vertex 73.6583 27.4098 0.0
      vertex 73.6583 27.4098 6.5
    endloop
  endfacet
  facet normal 0.0784205 0.99692 -0.0
    outer loop
      vertex 72.5 26.7 0.0
      vertex 72.2966 26.716 6.5
      vertex 72.5 26.7 6.5
    endloop
  endfacet
  facet normal 0.0784205 0.99692 0.0
    outer loop
      vertex 72.2966 26.716 6.5
      vertex 72.5 26.7 0.0
      vertex 72.2966 26.716 0.0
    endloop
  endfacet
  facet normal 0.52262 0.852566 -0.0
    outer loop
      vertex 71.90979999999999 26.8417 0.0
      vertex 71.7359 26.9483 6.5
      vertex 71.90979999999999 26.8417 6.5
    endloop
  endfacet
  facet normal 0.52262 0.852566 0.0
    outer loop
      vertex 71.7359 26.9483 6.5
      vertex 71.90979999999999 26.8417 0.0
      vertex 71.7359 26.9483 0.0
    endloop
  endfacet
  facet normal 0.38277 0.923844 -0.0
    outer loop
      vertex 72.0983 26.7636 0.0
      vertex 71.90979999999999 26.8417 6.5
      vertex 72.0983 26.7636 6.5
    endloop
  endfacet
  facet normal 0.38277 0.923844 0.0
    outer loop
      vertex 71.90979999999999 26.8417 6.5
      vertex 72.0983 26.7636 0.0
      vertex 71.90979999999999 26.8417 0.0
    endloop
  endfacet
  facet normal 0.972378 0.23341 0.0
    outer loop
      vertex 71.2636 27.5983 6.5
      vertex 71.21600000000001 27.7966 0.0
      vertex 71.21600000000001 27.7966 6.5
    endloop
  endfacet
  facet normal 0.972378 0.23341 0.0
    outer loop
      vertex 71.21600000000001 27.7966 0.0
      vertex 71.2636 27.5983 6.5
      vertex 71.2636 27.5983 0.0
    endloop
  endfacet
  facet normal 0.852566 0.52262 0.0
    outer loop
      vertex 71.4483 27.2359 6.5
      vertex 71.3417 27.4098 0.0
      vertex 71.3417 27.4098 6.5
    endloop
  endfacet
  facet normal 0.852566 0.52262 0.0
    outer loop
      vertex 71.3417 27.4098 0.0
      vertex 71.4483 27.2359 6.5
      vertex 71.4483 27.2359 0.0
    endloop
  endfacet
  facet normal 0.923844 0.38277 0.0
    outer loop
      vertex 71.3417 27.4098 6.5
      vertex 71.2636 27.5983 0.0
      vertex 71.2636 27.5983 6.5
    endloop
  endfacet
  facet normal 0.923844 0.38277 0.0
    outer loop
      vertex 71.2636 27.5983 0.0
      vertex 71.3417 27.4098 6.5
      vertex 71.3417 27.4098 0.0
    endloop
  endfacet
  facet normal 0.972378 -0.23341 0.0
    outer loop
      vertex 71.21600000000001 28.2034 6.5
      vertex 71.2636 28.4017 0.0
      vertex 71.2636 28.4017 6.5
    endloop
  endfacet
  facet normal 0.972378 -0.23341 0.0
    outer loop
      vertex 71.2636 28.4017 0.0
      vertex 71.21600000000001 28.2034 6.5
      vertex 71.21600000000001 28.2034 0.0
    endloop
  endfacet
  facet normal 0.99692 0.0784205 0.0
    outer loop
      vertex 71.21600000000001 27.7966 6.5
      vertex 71.2 28.0 0.0
      vertex 71.2 28.0 6.5
    endloop
  endfacet
  facet normal 0.99692 0.0784205 0.0
    outer loop
      vertex 71.2 28.0 0.0
      vertex 71.21600000000001 27.7966 6.5
      vertex 71.21600000000001 27.7966 0.0
    endloop
  endfacet
  facet normal -0.38277 0.923844 0.0
    outer loop
      vertex 73.0902 26.8417 0.0
      vertex 72.9017 26.7636 6.5
      vertex 73.0902 26.8417 6.5
    endloop
  endfacet
  facet normal -0.38277 0.923844 0.0
    outer loop
      vertex 72.9017 26.7636 6.5
      vertex 73.0902 26.8417 0.0
      vertex 72.9017 26.7636 0.0
    endloop
  endfacet
  facet normal -0.649539 0.760328 0.0
    outer loop
      vertex 73.4192 27.0808 0.0
      vertex 73.2641 26.9483 6.5
      vertex 73.4192 27.0808 6.5
    endloop
  endfacet
  facet normal -0.649539 0.760328 0.0
    outer loop
      vertex 73.2641 26.9483 6.5
      vertex 73.4192 27.0808 0.0
      vertex 73.2641 26.9483 0.0
    endloop
  endfacet
  facet normal 0.23341 0.972378 -0.0
    outer loop
      vertex 72.2966 26.716 0.0
      vertex 72.0983 26.7636 6.5
      vertex 72.2966 26.716 6.5
    endloop
  endfacet
  facet normal 0.23341 0.972378 0.0
    outer loop
      vertex 72.0983 26.7636 6.5
      vertex 72.2966 26.716 0.0
      vertex 72.0983 26.7636 0.0
    endloop
  endfacet
  facet normal -0.0784205 0.99692 0.0
    outer loop
      vertex 72.7034 26.716 0.0
      vertex 72.5 26.7 6.5
      vertex 72.7034 26.716 6.5
    endloop
  endfacet
  facet normal -0.0784205 0.99692 0.0
    outer loop
      vertex 72.5 26.7 6.5
      vertex 72.7034 26.716 0.0
      vertex 72.5 26.7 0.0
    endloop
  endfacet
  facet normal 0.649539 0.760328 -0.0
    outer loop
      vertex 71.7359 26.9483 0.0
      vertex 71.58080000000001 27.0808 6.5
      vertex 71.7359 26.9483 6.5
    endloop
  endfacet
  facet normal 0.649539 0.760328 0.0
    outer loop
      vertex 71.58080000000001 27.0808 6.5
      vertex 71.7359 26.9483 0.0
      vertex 71.58080000000001 27.0808 0.0
    endloop
  endfacet
  facet normal -0.760328 -0.649539 0.0
    outer loop
      vertex 73.5517 28.7641 0.0
      vertex 73.4192 28.9192 6.5
      vertex 73.4192 28.9192 0.0
    endloop
  endfacet
  facet normal -0.760328 -0.649539 0.0
    outer loop
      vertex 73.4192 28.9192 6.5
      vertex 73.5517 28.7641 0.0
      vertex 73.5517 28.7641 6.5
    endloop
  endfacet
  facet normal -0.38277 -0.923844 0.0
    outer loop
      vertex 72.9017 29.2364 0.0
      vertex 73.0902 29.1583 6.5
      vertex 72.9017 29.2364 6.5
    endloop
  endfacet
  facet normal -0.38277 -0.923844 -0.0
    outer loop
      vertex 73.0902 29.1583 6.5
      vertex 72.9017 29.2364 0.0
      vertex 73.0902 29.1583 0.0
    endloop
  endfacet
  facet normal 0.649539 -0.760328 0.0
    outer loop
      vertex 71.58080000000001 28.9192 0.0
      vertex 71.7359 29.0517 6.5
      vertex 71.58080000000001 28.9192 6.5
    endloop
  endfacet
  facet normal 0.649539 -0.760328 0.0
    outer loop
      vertex 71.7359 29.0517 6.5
      vertex 71.58080000000001 28.9192 0.0
      vertex 71.7359 29.0517 0.0
    endloop
  endfacet
  facet normal -0.972378 0.23341 0.0
    outer loop
      vertex 73.7364 27.5983 0.0
      vertex 73.784 27.7966 6.5
      vertex 73.784 27.7966 0.0
    endloop
  endfacet
  facet normal -0.972378 0.23341 0.0
    outer loop
      vertex 73.784 27.7966 6.5
      vertex 73.7364 27.5983 0.0
      vertex 73.7364 27.5983 6.5
    endloop
  endfacet
  facet normal -0.52262 -0.852566 0.0
    outer loop
      vertex 73.0902 49.1583 0.0
      vertex 73.2641 49.0517 6.5
      vertex 73.0902 49.1583 6.5
    endloop
  endfacet
  facet normal -0.52262 -0.852566 -0.0
    outer loop
      vertex 73.2641 49.0517 6.5
      vertex 73.0902 49.1583 0.0
      vertex 73.2641 49.0517 0.0
    endloop
  endfacet
  facet normal -0.99692 0.0784205 0.0
    outer loop
      vertex 73.784 47.7966 0.0
      vertex 73.8 48.0 6.5
      vertex 73.8 48.0 0.0
    endloop
  endfacet
  facet normal -0.99692 0.0784205 0.0
    outer loop
      vertex 73.8 48.0 6.5
      vertex 73.784 47.7966 0.0
      vertex 73.784 47.7966 6.5
    endloop
  endfacet
  facet normal 0.0784205 0.99692 -0.0
    outer loop
      vertex 72.5 46.7 0.0
      vertex 72.2966 46.716 6.5
      vertex 72.5 46.7 6.5
    endloop
  endfacet
  facet normal 0.0784205 0.99692 0.0
    outer loop
      vertex 72.2966 46.716 6.5
      vertex 72.5 46.7 0.0
      vertex 72.2966 46.716 0.0
    endloop
  endfacet
  facet normal 0.38277 -0.923844 0.0
    outer loop
      vertex 71.90979999999999 49.1583 0.0
      vertex 72.0983 49.2364 6.5
      vertex 71.90979999999999 49.1583 6.5
    endloop
  endfacet
  facet normal 0.38277 -0.923844 0.0
    outer loop
      vertex 72.0983 49.2364 6.5
      vertex 71.90979999999999 49.1583 0.0
      vertex 72.0983 49.2364 0.0
    endloop
  endfacet
  facet normal 0.972378 -0.23341 0.0
    outer loop
      vertex 71.21600000000001 48.2034 6.5
      vertex 71.2636 48.4017 0.0
      vertex 71.2636 48.4017 6.5
    endloop
  endfacet
  facet normal 0.972378 -0.23341 0.0
    outer loop
      vertex 71.2636 48.4017 0.0
      vertex 71.21600000000001 48.2034 6.5
      vertex 71.21600000000001 48.2034 0.0
    endloop
  endfacet
  facet normal 0.852566 0.52262 0.0
    outer loop
      vertex 71.4483 47.2359 6.5
      vertex 71.3417 47.4098 0.0
      vertex 71.3417 47.4098 6.5
    endloop
  endfacet
  facet normal 0.852566 0.52262 0.0
    outer loop
      vertex 71.3417 47.4098 0.0
      vertex 71.4483 47.2359 6.5
      vertex 71.4483 47.2359 0.0
    endloop
  endfacet
  facet normal -0.923844 -0.38277 0.0
    outer loop
      vertex 73.7364 48.4017 0.0
      vertex 73.6583 48.5902 6.5
      vertex 73.6583 48.5902 0.0
    endloop
  endfacet
  facet normal -0.923844 -0.38277 0.0
    outer loop
      vertex 73.6583 48.5902 6.5
      vertex 73.7364 48.4017 0.0
      vertex 73.7364 48.4017 6.5
    endloop
  endfacet
  facet normal -0.852566 -0.52262 0.0
    outer loop
      vertex 73.6583 48.5902 0.0
      vertex 73.5517 48.7641 6.5
      vertex 73.5517 48.7641 0.0
    endloop
  endfacet
  facet normal -0.852566 -0.52262 0.0
    outer loop
      vertex 73.5517 48.7641 6.5
      vertex 73.6583 48.5902 0.0
      vertex 73.6583 48.5902 6.5
    endloop
  endfacet
  facet normal -0.760328 -0.649539 0.0
    outer loop
      vertex 73.5517 48.7641 0.0
      vertex 73.4192 48.9192 6.5
      vertex 73.4192 48.9192 0.0
    endloop
  endfacet
  facet normal -0.760328 -0.649539 0.0
    outer loop
      vertex 73.4192 48.9192 6.5
      vertex 73.5517 48.7641 0.0
      vertex 73.5517 48.7641 6.5
    endloop
  endfacet
  facet normal -0.38277 -0.923844 0.0
    outer loop
      vertex 72.9017 49.2364 0.0
      vertex 73.0902 49.1583 6.5
      vertex 72.9017 49.2364 6.5
    endloop
  endfacet
  facet normal -0.38277 -0.923844 -0.0
    outer loop
      vertex 73.0902 49.1583 6.5
      vertex 72.9017 49.2364 0.0
      vertex 73.0902 49.1583 0.0
    endloop
  endfacet
  facet normal 0.0784205 -0.99692 0.0
    outer loop
      vertex 72.2966 49.284 0.0
      vertex 72.5 49.3 6.5
      vertex 72.2966 49.284 6.5
    endloop
  endfacet
  facet normal 0.0784205 -0.99692 0.0
    outer loop
      vertex 72.5 49.3 6.5
      vertex 72.2966 49.284 0.0
      vertex 72.5 49.3 0.0
    endloop
  endfacet
  facet normal 0.99692 0.0784205 0.0
    outer loop
      vertex 71.21600000000001 47.7966 6.5
      vertex 71.2 48.0 0.0
      vertex 71.2 48.0 6.5
    endloop
  endfacet
  facet normal 0.99692 0.0784205 0.0
    outer loop
      vertex 71.2 48.0 0.0
      vertex 71.21600000000001 47.7966 6.5
      vertex 71.21600000000001 47.7966 0.0
    endloop
  endfacet
  facet normal 0.852566 -0.52262 0.0
    outer loop
      vertex 71.3417 48.5902 6.5
      vertex 71.4483 48.7641 0.0
      vertex 71.4483 48.7641 6.5
    endloop
  endfacet
  facet normal 0.852566 -0.52262 0.0
    outer loop
      vertex 71.4483 48.7641 0.0
      vertex 71.3417 48.5902 6.5
      vertex 71.3417 48.5902 0.0
    endloop
  endfacet
  facet normal 0.52262 -0.852566 0.0
    outer loop
      vertex 71.7359 49.0517 0.0
      vertex 71.90979999999999 49.1583 6.5
      vertex 71.7359 49.0517 6.5
    endloop
  endfacet
  facet normal 0.52262 -0.852566 0.0
    outer loop
      vertex 71.90979999999999 49.1583 6.5
      vertex 71.7359 49.0517 0.0
      vertex 71.90979999999999 49.1583 0.0
    endloop
  endfacet
  facet normal 0.23341 -0.972378 0.0
    outer loop
      vertex 72.0983 49.2364 0.0
      vertex 72.2966 49.284 6.5
      vertex 72.0983 49.2364 6.5
    endloop
  endfacet
  facet normal 0.23341 -0.972378 0.0
    outer loop
      vertex 72.2966 49.284 6.5
      vertex 72.0983 49.2364 0.0
      vertex 72.2966 49.284 0.0
    endloop
  endfacet
  facet normal 0.649539 -0.760328 0.0
    outer loop
      vertex 71.58080000000001 48.9192 0.0
      vertex 71.7359 49.0517 6.5
      vertex 71.58080000000001 48.9192 6.5
    endloop
  endfacet
  facet normal 0.649539 -0.760328 0.0
    outer loop
      vertex 71.7359 49.0517 6.5
      vertex 71.58080000000001 48.9192 0.0
      vertex 71.7359 49.0517 0.0
    endloop
  endfacet
  facet normal -0.99692 -0.0784205 0.0
    outer loop
      vertex 73.8 48.0 0.0
      vertex 73.784 48.2034 6.5
      vertex 73.784 48.2034 0.0
    endloop
  endfacet
  facet normal -0.99692 -0.0784205 0.0
    outer loop
      vertex 73.784 48.2034 6.5
      vertex 73.8 48.0 0.0
      vertex 73.8 48.0 6.5
    endloop
  endfacet
  facet normal -0.23341 0.972378 0.0
    outer loop
      vertex 72.9017 46.7636 0.0
      vertex 72.7034 46.716 6.5
      vertex 72.9017 46.7636 6.5
    endloop
  endfacet
  facet normal -0.23341 0.972378 0.0
    outer loop
      vertex 72.7034 46.716 6.5
      vertex 72.9017 46.7636 0.0
      vertex 72.7034 46.716 0.0
    endloop
  endfacet
  facet normal -0.38277 0.923844 0.0
    outer loop
      vertex 73.0902 46.8417 0.0
      vertex 72.9017 46.7636 6.5
      vertex 73.0902 46.8417 6.5
    endloop
  endfacet
  facet normal -0.38277 0.923844 0.0
    outer loop
      vertex 72.9017 46.7636 6.5
      vertex 73.0902 46.8417 0.0
      vertex 72.9017 46.7636 0.0
    endloop
  endfacet
  facet normal -0.760328 0.649539 0.0
    outer loop
      vertex 73.4192 47.0808 0.0
      vertex 73.5517 47.2359 6.5
      vertex 73.5517 47.2359 0.0
    endloop
  endfacet
  facet normal -0.760328 0.649539 0.0
    outer loop
      vertex 73.5517 47.2359 6.5
      vertex 73.4192 47.0808 0.0
      vertex 73.4192 47.0808 6.5
    endloop
  endfacet
  facet normal -0.52262 0.852566 0.0
    outer loop
      vertex 73.2641 46.9483 0.0
      vertex 73.0902 46.8417 6.5
      vertex 73.2641 46.9483 6.5
    endloop
  endfacet
  facet normal -0.52262 0.852566 0.0
    outer loop
      vertex 73.0902 46.8417 6.5
      vertex 73.2641 46.9483 0.0
      vertex 73.0902 46.8417 0.0
    endloop
  endfacet
  facet normal -0.0784205 0.99692 0.0
    outer loop
      vertex 72.7034 46.716 0.0
      vertex 72.5 46.7 6.5
      vertex 72.7034 46.716 6.5
    endloop
  endfacet
  facet normal -0.0784205 0.99692 0.0
    outer loop
      vertex 72.5 46.7 6.5
      vertex 72.7034 46.716 0.0
      vertex 72.5 46.7 0.0
    endloop
  endfacet
  facet normal 0.38277 0.923844 -0.0
    outer loop
      vertex 72.0983 46.7636 0.0
      vertex 71.90979999999999 46.8417 6.5
      vertex 72.0983 46.7636 6.5
    endloop
  endfacet
  facet normal 0.38277 0.923844 0.0
    outer loop
      vertex 71.90979999999999 46.8417 6.5
      vertex 72.0983 46.7636 0.0
      vertex 71.90979999999999 46.8417 0.0
    endloop
  endfacet
  facet normal 0.52262 0.852566 -0.0
    outer loop
      vertex 71.90979999999999 46.8417 0.0
      vertex 71.7359 46.9483 6.5
      vertex 71.90979999999999 46.8417 6.5
    endloop
  endfacet
  facet normal 0.52262 0.852566 0.0
    outer loop
      vertex 71.7359 46.9483 6.5
      vertex 71.90979999999999 46.8417 0.0
      vertex 71.7359 46.9483 0.0
    endloop
  endfacet
  facet normal 0.972378 0.23341 0.0
    outer loop
      vertex 71.2636 47.5983 6.5
      vertex 71.21600000000001 47.7966 0.0
      vertex 71.21600000000001 47.7966 6.5
    endloop
  endfacet
  facet normal 0.972378 0.23341 0.0
    outer loop
      vertex 71.21600000000001 47.7966 0.0
      vertex 71.2636 47.5983 6.5
      vertex 71.2636 47.5983 0.0
    endloop
  endfacet
  facet normal -0.972378 -0.23341 0.0
    outer loop
      vertex 73.784 48.2034 0.0
      vertex 73.7364 48.4017 6.5
      vertex 73.7364 48.4017 0.0
    endloop
  endfacet
  facet normal -0.972378 -0.23341 0.0
    outer loop
      vertex 73.7364 48.4017 6.5
      vertex 73.784 48.2034 0.0
      vertex 73.784 48.2034 6.5
    endloop
  endfacet
  facet normal -0.649539 -0.760328 0.0
    outer loop
      vertex 73.2641 49.0517 0.0
      vertex 73.4192 48.9192 6.5
      vertex 73.2641 49.0517 6.5
    endloop
  endfacet
  facet normal -0.649539 -0.760328 -0.0
    outer loop
      vertex 73.4192 48.9192 6.5
      vertex 73.2641 49.0517 0.0
      vertex 73.4192 48.9192 0.0
    endloop
  endfacet
  facet normal -0.23341 -0.972378 0.0
    outer loop
      vertex 72.7034 49.284 0.0
      vertex 72.9017 49.2364 6.5
      vertex 72.7034 49.284 6.5
    endloop
  endfacet
  facet normal -0.23341 -0.972378 -0.0
    outer loop
      vertex 72.9017 49.2364 6.5
      vertex 72.7034 49.284 0.0
      vertex 72.9017 49.2364 0.0
    endloop
  endfacet
  facet normal -0.0784205 -0.99692 0.0
    outer loop
      vertex 72.5 49.3 0.0
      vertex 72.7034 49.284 6.5
      vertex 72.5 49.3 6.5
    endloop
  endfacet
  facet normal -0.0784205 -0.99692 -0.0
    outer loop
      vertex 72.7034 49.284 6.5
      vertex 72.5 49.3 0.0
      vertex 72.7034 49.284 0.0
    endloop
  endfacet
  facet normal 0.99692 -0.0784205 0.0
    outer loop
      vertex 71.2 48.0 6.5
      vertex 71.21600000000001 48.2034 0.0
      vertex 71.21600000000001 48.2034 6.5
    endloop
  endfacet
  facet normal 0.99692 -0.0784205 0.0
    outer loop
      vertex 71.21600000000001 48.2034 0.0
      vertex 71.2 48.0 6.5
      vertex 71.2 48.0 0.0
    endloop
  endfacet
  facet normal 0.760328 -0.649539 0.0
    outer loop
      vertex 71.4483 48.7641 6.5
      vertex 71.58080000000001 48.9192 0.0
      vertex 71.58080000000001 48.9192 6.5
    endloop
  endfacet
  facet normal 0.760328 -0.649539 0.0
    outer loop
      vertex 71.58080000000001 48.9192 0.0
      vertex 71.4483 48.7641 6.5
      vertex 71.4483 48.7641 0.0
    endloop
  endfacet
  facet normal -0.852566 0.52262 0.0
    outer loop
      vertex 73.5517 47.2359 0.0
      vertex 73.6583 47.4098 6.5
      vertex 73.6583 47.4098 0.0
    endloop
  endfacet
  facet normal -0.852566 0.52262 0.0
    outer loop
      vertex 73.6583 47.4098 6.5
      vertex 73.5517 47.2359 0.0
      vertex 73.5517 47.2359 6.5
    endloop
  endfacet
  facet normal -0.649539 0.760328 0.0
    outer loop
      vertex 73.4192 47.0808 0.0
      vertex 73.2641 46.9483 6.5
      vertex 73.4192 47.0808 6.5
    endloop
  endfacet
  facet normal -0.649539 0.760328 0.0
    outer loop
      vertex 73.2641 46.9483 6.5
      vertex 73.4192 47.0808 0.0
      vertex 73.2641 46.9483 0.0
    endloop
  endfacet
  facet normal 0.23341 0.972378 -0.0
    outer loop
      vertex 72.2966 46.716 0.0
      vertex 72.0983 46.7636 6.5
      vertex 72.2966 46.716 6.5
    endloop
  endfacet
  facet normal 0.23341 0.972378 0.0
    outer loop
      vertex 72.0983 46.7636 6.5
      vertex 72.2966 46.716 0.0
      vertex 72.0983 46.7636 0.0
    endloop
  endfacet
  facet normal 0.923844 0.38277 0.0
    outer loop
      vertex 71.3417 47.4098 6.5
      vertex 71.2636 47.5983 0.0
      vertex 71.2636 47.5983 6.5
    endloop
  endfacet
  facet normal 0.923844 0.38277 0.0
    outer loop
      vertex 71.2636 47.5983 0.0
      vertex 71.3417 47.4098 6.5
      vertex 71.3417 47.4098 0.0
    endloop
  endfacet
  facet normal 0.760328 0.649539 0.0
    outer loop
      vertex 71.58080000000001 47.0808 6.5
      vertex 71.4483 47.2359 0.0
      vertex 71.4483 47.2359 6.5
    endloop
  endfacet
  facet normal 0.760328 0.649539 0.0
    outer loop
      vertex 71.4483 47.2359 0.0
      vertex 71.58080000000001 47.0808 6.5
      vertex 71.58080000000001 47.0808 0.0
    endloop
  endfacet
  facet normal 0.649539 0.760328 -0.0
    outer loop
      vertex 71.7359 46.9483 0.0
      vertex 71.58080000000001 47.0808 6.5
      vertex 71.7359 46.9483 6.5
    endloop
  endfacet
  facet normal 0.649539 0.760328 0.0
    outer loop
      vertex 71.58080000000001 47.0808 6.5
      vertex 71.7359 46.9483 0.0
      vertex 71.58080000000001 47.0808 0.0
    endloop
  endfacet
  facet normal 0.923844 -0.38277 0.0
    outer loop
      vertex 71.2636 48.4017 6.5
      vertex 71.3417 48.5902 0.0
      vertex 71.3417 48.5902 6.5
    endloop
  endfacet
  facet normal 0.923844 -0.38277 0.0
    outer loop
      vertex 71.3417 48.5902 0.0
      vertex 71.2636 48.4017 6.5
      vertex 71.2636 48.4017 0.0
    endloop
  endfacet
  facet normal -0.972378 0.23341 0.0
    outer loop
      vertex 73.7364 47.5983 0.0
      vertex 73.784 47.7966 6.5
      vertex 73.784 47.7966 0.0
    endloop
  endfacet
  facet normal -0.972378 0.23341 0.0
    outer loop
      vertex 73.784 47.7966 6.5
      vertex 73.7364 47.5983 0.0
      vertex 73.7364 47.5983 6.5
    endloop
  endfacet
  facet normal -0.923844 0.38277 0.0
    outer loop
      vertex 73.6583 47.4098 0.0
      vertex 73.7364 47.5983 6.5
      vertex 73.7364 47.5983 0.0
    endloop
  endfacet
  facet normal -0.923844 0.38277 0.0
    outer loop
      vertex 73.7364 47.5983 6.5
      vertex 73.6583 47.4098 0.0
      vertex 73.6583 47.4098 6.5
    endloop
  endfacet
  facet normal -0.996917 -0.0784593 0.0
    outer loop
      vertex 15.7 14.0 0.0
      vertex 15.67907 14.26594 27.0
      vertex 15.67907 14.26594 0.0
    endloop
  endfacet
  facet normal -0.996917 -0.0784593 0.0
    outer loop
      vertex 15.67907 14.26594 27.0
      vertex 15.7 14.0 0.0
      vertex 15.7 14.0 27.0
    endloop
  endfacet
  facet normal 0.0784593 -0.996917 0.0
    outer loop
      vertex 13.73406 15.67907 0.0
      vertex 14.0 15.7 27.0
      vertex 13.73406 15.67907 27.0
    endloop
  endfacet
  facet normal 0.0784593 -0.996917 0.0
    outer loop
      vertex 14.0 15.7 27.0
      vertex 13.73406 15.67907 0.0
      vertex 14.0 15.7 0.0
    endloop
  endfacet
  facet normal -0.0784593 0.996917 0.0
    outer loop
      vertex 14.26594 12.32093 0.0
      vertex 14.0 12.3 27.0
      vertex 14.26594 12.32093 27.0
    endloop
  endfacet
  facet normal -0.0784593 0.996917 0.0
    outer loop
      vertex 14.0 12.3 27.0
      vertex 14.26594 12.32093 0.0
      vertex 14.0 12.3 0.0
    endloop
  endfacet
  facet normal -0.649447 -0.760406 0.0
    outer loop
      vertex 14.99923 15.37533 0.0
      vertex 15.202079999999999 15.202079999999999 27.0
      vertex 14.99923 15.37533 27.0
    endloop
  endfacet
  facet normal -0.649447 -0.760406 -0.0
    outer loop
      vertex 15.202079999999999 15.202079999999999 27.0
      vertex 14.99923 15.37533 0.0
      vertex 15.202079999999999 15.202079999999999 0.0
    endloop
  endfacet
  facet normal 0.760406 -0.649447 0.0
    outer loop
      vertex 12.62467 14.99923 27.0
      vertex 12.797920000000001 15.202079999999999 0.0
      vertex 12.797920000000001 15.202079999999999 27.0
    endloop
  endfacet
  facet normal 0.760406 -0.649447 0.0
    outer loop
      vertex 12.797920000000001 15.202079999999999 0.0
      vertex 12.62467 14.99923 27.0
      vertex 12.62467 14.99923 0.0
    endloop
  endfacet
  facet normal 0.382706 -0.92387 0.0
    outer loop
      vertex 13.22822 15.514710000000001 0.0
      vertex 13.47467 15.6168 27.0
      vertex 13.22822 15.514710000000001 27.0
    endloop
  endfacet
  facet normal 0.382706 -0.92387 0.0
    outer loop
      vertex 13.47467 15.6168 27.0
      vertex 13.22822 15.514710000000001 0.0
      vertex 13.47467 15.6168 0.0
    endloop
  endfacet
  facet normal -0.92387 -0.382706 0.0
    outer loop
      vertex 15.6168 14.52533 0.0
      vertex 15.514710000000001 14.77178 27.0
      vertex 15.514710000000001 14.77178 0.0
    endloop
  endfacet
  facet normal -0.92387 -0.382706 0.0
    outer loop
      vertex 15.514710000000001 14.77178 27.0
      vertex 15.6168 14.52533 0.0
      vertex 15.6168 14.52533 27.0
    endloop
  endfacet
  facet normal -0.972373 -0.233431 0.0
    outer loop
      vertex 15.67907 14.26594 0.0
      vertex 15.6168 14.52533 27.0
      vertex 15.6168 14.52533 0.0
    endloop
  endfacet
  facet normal -0.972373 -0.233431 0.0
    outer loop
      vertex 15.6168 14.52533 27.0
      vertex 15.67907 14.26594 0.0
      vertex 15.67907 14.26594 27.0
    endloop
  endfacet
  facet normal -0.382706 -0.92387 0.0
    outer loop
      vertex 14.52533 15.6168 0.0
      vertex 14.77178 15.514710000000001 27.0
      vertex 14.52533 15.6168 27.0
    endloop
  endfacet
  facet normal -0.382706 -0.92387 -0.0
    outer loop
      vertex 14.77178 15.514710000000001 27.0
      vertex 14.52533 15.6168 0.0
      vertex 14.77178 15.514710000000001 0.0
    endloop
  endfacet
  facet normal -0.522494 -0.852643 0.0
    outer loop
      vertex 14.77178 15.514710000000001 0.0
      vertex 14.99923 15.37533 27.0
      vertex 14.77178 15.514710000000001 27.0
    endloop
  endfacet
  facet normal -0.522494 -0.852643 -0.0
    outer loop
      vertex 14.99923 15.37533 27.0
      vertex 14.77178 15.514710000000001 0.0
      vertex 14.99923 15.37533 0.0
    endloop
  endfacet
  facet normal 0.92387 -0.382706 0.0
    outer loop
      vertex 12.3832 14.52533 27.0
      vertex 12.485289999999999 14.77178 0.0
      vertex 12.485289999999999 14.77178 27.0
    endloop
  endfacet
  facet normal 0.92387 -0.382706 0.0
    outer loop
      vertex 12.485289999999999 14.77178 0.0
      vertex 12.3832 14.52533 27.0
      vertex 12.3832 14.52533 0.0
    endloop
  endfacet
  facet normal 0.852643 -0.522494 0.0
    outer loop
      vertex 12.485289999999999 14.77178 27.0
      vertex 12.62467 14.99923 0.0
      vertex 12.62467 14.99923 27.0
    endloop
  endfacet
  facet normal 0.852643 -0.522494 0.0
    outer loop
      vertex 12.62467 14.99923 0.0
      vertex 12.485289999999999 14.77178 27.0
      vertex 12.485289999999999 14.77178 0.0
    endloop
  endfacet
  facet normal 0.233431 -0.972373 0.0
    outer loop
      vertex 13.47467 15.6168 0.0
      vertex 13.73406 15.67907 27.0
      vertex 13.47467 15.6168 27.0
    endloop
  endfacet
  facet normal 0.233431 -0.972373 0.0
    outer loop
      vertex 13.73406 15.67907 27.0
      vertex 13.47467 15.6168 0.0
      vertex 13.73406 15.67907 0.0
    endloop
  endfacet
  facet normal -0.972373 0.233431 0.0
    outer loop
      vertex 15.6168 13.47467 0.0
      vertex 15.67907 13.73406 27.0
      vertex 15.67907 13.73406 0.0
    endloop
  endfacet
  facet normal -0.972373 0.233431 0.0
    outer loop
      vertex 15.67907 13.73406 27.0
      vertex 15.6168 13.47467 0.0
      vertex 15.6168 13.47467 27.0
    endloop
  endfacet
  facet normal -0.233431 0.972373 0.0
    outer loop
      vertex 14.52533 12.3832 0.0
      vertex 14.26594 12.32093 27.0
      vertex 14.52533 12.3832 27.0
    endloop
  endfacet
  facet normal -0.233431 0.972373 0.0
    outer loop
      vertex 14.26594 12.32093 27.0
      vertex 14.52533 12.3832 0.0
      vertex 14.26594 12.32093 0.0
    endloop
  endfacet
  facet normal -0.760406 -0.649447 0.0
    outer loop
      vertex 15.37533 14.99923 0.0
      vertex 15.202079999999999 15.202079999999999 27.0
      vertex 15.202079999999999 15.202079999999999 0.0
    endloop
  endfacet
  facet normal -0.760406 -0.649447 0.0
    outer loop
      vertex 15.202079999999999 15.202079999999999 27.0
      vertex 15.37533 14.99923 0.0
      vertex 15.37533 14.99923 27.0
    endloop
  endfacet
  facet normal -0.852643 -0.522494 0.0
    outer loop
      vertex 15.514710000000001 14.77178 0.0
      vertex 15.37533 14.99923 27.0
      vertex 15.37533 14.99923 0.0
    endloop
  endfacet
  facet normal -0.852643 -0.522494 0.0
    outer loop
      vertex 15.37533 14.99923 27.0
      vertex 15.514710000000001 14.77178 0.0
      vertex 15.514710000000001 14.77178 27.0
    endloop
  endfacet
  facet normal -0.233431 -0.972373 0.0
    outer loop
      vertex 14.26594 15.67907 0.0
      vertex 14.52533 15.6168 27.0
      vertex 14.26594 15.67907 27.0
    endloop
  endfacet
  facet normal -0.233431 -0.972373 -0.0
    outer loop
      vertex 14.52533 15.6168 27.0
      vertex 14.26594 15.67907 0.0
      vertex 14.52533 15.6168 0.0
    endloop
  endfacet
  facet normal -0.0784593 -0.996917 0.0
    outer loop
      vertex 14.0 15.7 0.0
      vertex 14.26594 15.67907 27.0
      vertex 14.0 15.7 27.0
    endloop
  endfacet
  facet normal -0.0784593 -0.996917 -0.0
    outer loop
      vertex 14.26594 15.67907 27.0
      vertex 14.0 15.7 0.0
      vertex 14.26594 15.67907 0.0
    endloop
  endfacet
  facet normal 0.972373 -0.233431 0.0
    outer loop
      vertex 12.32093 14.26594 27.0
      vertex 12.3832 14.52533 0.0
      vertex 12.3832 14.52533 27.0
    endloop
  endfacet
  facet normal 0.972373 -0.233431 0.0
    outer loop
      vertex 12.3832 14.52533 0.0
      vertex 12.32093 14.26594 27.0
      vertex 12.32093 14.26594 0.0
    endloop
  endfacet
  facet normal 0.996917 -0.0784593 0.0
    outer loop
      vertex 12.3 14.0 27.0
      vertex 12.32093 14.26594 0.0
      vertex 12.32093 14.26594 27.0
    endloop
  endfacet
  facet normal 0.996917 -0.0784593 0.0
    outer loop
      vertex 12.32093 14.26594 0.0
      vertex 12.3 14.0 27.0
      vertex 12.3 14.0 0.0
    endloop
  endfacet
  facet normal 0.996917 0.0784593 0.0
    outer loop
      vertex 12.32093 13.73406 27.0
      vertex 12.3 14.0 0.0
      vertex 12.3 14.0 27.0
    endloop
  endfacet
  facet normal 0.996917 0.0784593 0.0
    outer loop
      vertex 12.3 14.0 0.0
      vertex 12.32093 13.73406 27.0
      vertex 12.32093 13.73406 0.0
    endloop
  endfacet
  facet normal 0.522478 -0.852653 0.0
    outer loop
      vertex 13.00076 15.37533 0.0
      vertex 13.22822 15.514710000000001 27.0
      vertex 13.00076 15.37533 27.0
    endloop
  endfacet
  facet normal 0.522478 -0.852653 0.0
    outer loop
      vertex 13.22822 15.514710000000001 27.0
      vertex 13.00076 15.37533 0.0
      vertex 13.22822 15.514710000000001 0.0
    endloop
  endfacet
  facet normal 0.649466 -0.760391 0.0
    outer loop
      vertex 12.797920000000001 15.202079999999999 0.0
      vertex 13.00076 15.37533 27.0
      vertex 12.797920000000001 15.202079999999999 27.0
    endloop
  endfacet
  facet normal 0.649466 -0.760391 0.0
    outer loop
      vertex 13.00076 15.37533 27.0
      vertex 12.797920000000001 15.202079999999999 0.0
      vertex 13.00076 15.37533 0.0
    endloop
  endfacet
  facet normal -0.852653 0.522478 0.0
    outer loop
      vertex 15.37533 13.00076 0.0
      vertex 15.514710000000001 13.22822 27.0
      vertex 15.514710000000001 13.22822 0.0
    endloop
  endfacet
  facet normal -0.852653 0.522478 0.0
    outer loop
      vertex 15.514710000000001 13.22822 27.0
      vertex 15.37533 13.00076 0.0
      vertex 15.37533 13.00076 27.0
    endloop
  endfacet
  facet normal 0.972373 0.233431 0.0
    outer loop
      vertex 12.3832 13.47467 27.0
      vertex 12.32093 13.73406 0.0
      vertex 12.32093 13.73406 27.0
    endloop
  endfacet
  facet normal 0.972373 0.233431 0.0
    outer loop
      vertex 12.32093 13.73406 0.0
      vertex 12.3832 13.47467 27.0
      vertex 12.3832 13.47467 0.0
    endloop
  endfacet
  facet normal -0.522494 0.852643 0.0
    outer loop
      vertex 14.99923 12.62467 0.0
      vertex 14.77178 12.485289999999999 27.0
      vertex 14.99923 12.62467 27.0
    endloop
  endfacet
  facet normal -0.522494 0.852643 0.0
    outer loop
      vertex 14.77178 12.485289999999999 27.0
      vertex 14.99923 12.62467 0.0
      vertex 14.77178 12.485289999999999 0.0
    endloop
  endfacet
  facet normal -0.382706 0.92387 0.0
    outer loop
      vertex 14.77178 12.485289999999999 0.0
      vertex 14.52533 12.3832 27.0
      vertex 14.77178 12.485289999999999 27.0
    endloop
  endfacet
  facet normal -0.382706 0.92387 0.0
    outer loop
      vertex 14.52533 12.3832 27.0
      vertex 14.77178 12.485289999999999 0.0
      vertex 14.52533 12.3832 0.0
    endloop
  endfacet
  facet normal -0.996917 0.0784593 0.0
    outer loop
      vertex 15.67907 13.73406 0.0
      vertex 15.7 14.0 27.0
      vertex 15.7 14.0 0.0
    endloop
  endfacet
  facet normal -0.996917 0.0784593 0.0
    outer loop
      vertex 15.7 14.0 27.0
      vertex 15.67907 13.73406 0.0
      vertex 15.67907 13.73406 27.0
    endloop
  endfacet
  facet normal -0.92387 0.382706 0.0
    outer loop
      vertex 15.514710000000001 13.22822 0.0
      vertex 15.6168 13.47467 27.0
      vertex 15.6168 13.47467 0.0
    endloop
  endfacet
  facet normal -0.92387 0.382706 0.0
    outer loop
      vertex 15.6168 13.47467 27.0
      vertex 15.514710000000001 13.22822 0.0
      vertex 15.514710000000001 13.22822 27.0
    endloop
  endfacet
  facet normal 0.649466 0.760391 -0.0
    outer loop
      vertex 13.00076 12.62467 0.0
      vertex 12.797920000000001 12.797920000000001 27.0
      vertex 13.00076 12.62467 27.0
    endloop
  endfacet
  facet normal 0.649466 0.760391 0.0
    outer loop
      vertex 12.797920000000001 12.797920000000001 27.0
      vertex 13.00076 12.62467 0.0
      vertex 12.797920000000001 12.797920000000001 0.0
    endloop
  endfacet
  facet normal 0.92387 0.382706 0.0
    outer loop
      vertex 12.485289999999999 13.22822 27.0
      vertex 12.3832 13.47467 0.0
      vertex 12.3832 13.47467 27.0
    endloop
  endfacet
  facet normal 0.92387 0.382706 0.0
    outer loop
      vertex 12.3832 13.47467 0.0
      vertex 12.485289999999999 13.22822 27.0
      vertex 12.485289999999999 13.22822 0.0
    endloop
  endfacet
  facet normal -0.760391 0.649466 0.0
    outer loop
      vertex 15.202079999999999 12.797920000000001 0.0
      vertex 15.37533 13.00076 27.0
      vertex 15.37533 13.00076 0.0
    endloop
  endfacet
  facet normal -0.760391 0.649466 0.0
    outer loop
      vertex 15.37533 13.00076 27.0
      vertex 15.202079999999999 12.797920000000001 0.0
      vertex 15.202079999999999 12.797920000000001 27.0
    endloop
  endfacet
  facet normal 0.0784593 0.996917 -0.0
    outer loop
      vertex 14.0 12.3 0.0
      vertex 13.73406 12.32093 27.0
      vertex 14.0 12.3 27.0
    endloop
  endfacet
  facet normal 0.0784593 0.996917 0.0
    outer loop
      vertex 13.73406 12.32093 27.0
      vertex 14.0 12.3 0.0
      vertex 13.73406 12.32093 0.0
    endloop
  endfacet
  facet normal 0.522478 0.852653 -0.0
    outer loop
      vertex 13.22822 12.485289999999999 0.0
      vertex 13.00076 12.62467 27.0
      vertex 13.22822 12.485289999999999 27.0
    endloop
  endfacet
  facet normal 0.522478 0.852653 0.0
    outer loop
      vertex 13.00076 12.62467 27.0
      vertex 13.22822 12.485289999999999 0.0
      vertex 13.00076 12.62467 0.0
    endloop
  endfacet
  facet normal 0.382706 0.92387 -0.0
    outer loop
      vertex 13.47467 12.3832 0.0
      vertex 13.22822 12.485289999999999 27.0
      vertex 13.47467 12.3832 27.0
    endloop
  endfacet
  facet normal 0.382706 0.92387 0.0
    outer loop
      vertex 13.22822 12.485289999999999 27.0
      vertex 13.47467 12.3832 0.0
      vertex 13.22822 12.485289999999999 0.0
    endloop
  endfacet
  facet normal 0.233431 0.972373 -0.0
    outer loop
      vertex 13.73406 12.32093 0.0
      vertex 13.47467 12.3832 27.0
      vertex 13.73406 12.32093 27.0
    endloop
  endfacet
  facet normal 0.233431 0.972373 0.0
    outer loop
      vertex 13.47467 12.3832 27.0
      vertex 13.73406 12.32093 0.0
      vertex 13.47467 12.3832 0.0
    endloop
  endfacet
  facet normal 0.760391 0.649466 0.0
    outer loop
      vertex 12.797920000000001 12.797920000000001 27.0
      vertex 12.62467 13.00076 0.0
      vertex 12.62467 13.00076 27.0
    endloop
  endfacet
  facet normal 0.760391 0.649466 0.0
    outer loop
      vertex 12.62467 13.00076 0.0
      vertex 12.797920000000001 12.797920000000001 27.0
      vertex 12.797920000000001 12.797920000000001 0.0
    endloop
  endfacet
  facet normal 0.852653 0.522478 0.0
    outer loop
      vertex 12.62467 13.00076 27.0
      vertex 12.485289999999999 13.22822 0.0
      vertex 12.485289999999999 13.22822 27.0
    endloop
  endfacet
  facet normal 0.852653 0.522478 0.0
    outer loop
      vertex 12.485289999999999 13.22822 0.0
      vertex 12.62467 13.00076 27.0
      vertex 12.62467 13.00076 0.0
    endloop
  endfacet
  facet normal -0.649447 0.760406 0.0
    outer loop
      vertex 15.202079999999999 12.797920000000001 0.0
      vertex 14.99923 12.62467 27.0
      vertex 15.202079999999999 12.797920000000001 27.0
    endloop
  endfacet
  facet normal -0.649447 0.760406 0.0
    outer loop
      vertex 14.99923 12.62467 27.0
      vertex 15.202079999999999 12.797920000000001 0.0
      vertex 14.99923 12.62467 0.0
    endloop
  endfacet
  facet normal -0.996926 -0.0783476 0.0
    outer loop
      vertex 83.7 14.0 0.0
      vertex 83.6791 14.26594 27.0
      vertex 83.6791 14.26594 0.0
    endloop
  endfacet
  facet normal -0.996926 -0.0783476 0.0
    outer loop
      vertex 83.6791 14.26594 27.0
      vertex 83.7 14.0 0.0
      vertex 83.7 14.0 27.0
    endloop
  endfacet
  facet normal 0.0784711 -0.996916 0.0
    outer loop
      vertex 81.7341 15.67907 0.0
      vertex 82.0 15.7 27.0
      vertex 81.7341 15.67907 27.0
    endloop
  endfacet
  facet normal 0.0784711 -0.996916 0.0
    outer loop
      vertex 82.0 15.7 27.0
      vertex 81.7341 15.67907 0.0
      vertex 82.0 15.7 0.0
    endloop
  endfacet
  facet normal -0.0784711 0.996916 0.0
    outer loop
      vertex 82.2659 12.32093 0.0
      vertex 82.0 12.3 27.0
      vertex 82.2659 12.32093 27.0
    endloop
  endfacet
  facet normal -0.0784711 0.996916 0.0
    outer loop
      vertex 82.0 12.3 27.0
      vertex 82.2659 12.32093 0.0
      vertex 82.0 12.3 0.0
    endloop
  endfacet
  facet normal -0.760483 0.649358 0.0
    outer loop
      vertex 83.2021 12.797920000000001 0.0
      vertex 83.3753 13.00076 27.0
      vertex 83.3753 13.00076 0.0
    endloop
  endfacet
  facet normal -0.760483 0.649358 0.0
    outer loop
      vertex 83.3753 13.00076 27.0
      vertex 83.2021 12.797920000000001 0.0
      vertex 83.2021 12.797920000000001 27.0
    endloop
  endfacet
  facet normal -0.649355 -0.760485 0.0
    outer loop
      vertex 82.9992 15.37533 0.0
      vertex 83.2021 15.202079999999999 27.0
      vertex 82.9992 15.37533 27.0
    endloop
  endfacet
  facet normal -0.649355 -0.760485 -0.0
    outer loop
      vertex 83.2021 15.202079999999999 27.0
      vertex 82.9992 15.37533 0.0
      vertex 83.2021 15.202079999999999 0.0
    endloop
  endfacet
  facet normal 0.760499 -0.649339 0.0
    outer loop
      vertex 80.6247 14.99923 27.0
      vertex 80.7979 15.202079999999999 0.0
      vertex 80.7979 15.202079999999999 27.0
    endloop
  endfacet
  facet normal 0.760499 -0.649339 0.0
    outer loop
      vertex 80.7979 15.202079999999999 0.0
      vertex 80.6247 14.99923 27.0
      vertex 80.6247 14.99923 0.0
    endloop
  endfacet
  facet normal 0.38264 -0.923898 0.0
    outer loop
      vertex 81.2282 15.514710000000001 0.0
      vertex 81.4747 15.6168 27.0
      vertex 81.2282 15.514710000000001 27.0
    endloop
  endfacet
  facet normal 0.38264 -0.923898 0.0
    outer loop
      vertex 81.4747 15.6168 27.0
      vertex 81.2282 15.514710000000001 0.0
      vertex 81.4747 15.6168 0.0
    endloop
  endfacet
  facet normal -0.923857 -0.382738 0.0
    outer loop
      vertex 83.6168 14.52533 0.0
      vertex 83.5147 14.77178 27.0
      vertex 83.5147 14.77178 0.0
    endloop
  endfacet
  facet normal -0.923857 -0.382738 0.0
    outer loop
      vertex 83.5147 14.77178 27.0
      vertex 83.6168 14.52533 0.0
      vertex 83.6168 14.52533 27.0
    endloop
  endfacet
  facet normal -0.972348 -0.233537 0.0
    outer loop
      vertex 83.6791 14.26594 0.0
      vertex 83.6168 14.52533 27.0
      vertex 83.6168 14.52533 0.0
    endloop
  endfacet
  facet normal -0.972348 -0.233537 0.0
    outer loop
      vertex 83.6168 14.52533 27.0
      vertex 83.6791 14.26594 0.0
      vertex 83.6791 14.26594 27.0
    endloop
  endfacet
  facet normal -0.38264 -0.923898 0.0
    outer loop
      vertex 82.5253 15.6168 0.0
      vertex 82.7718 15.514710000000001 27.0
      vertex 82.5253 15.6168 27.0
    endloop
  endfacet
  facet normal -0.38264 -0.923898 -0.0
    outer loop
      vertex 82.7718 15.514710000000001 27.0
      vertex 82.5253 15.6168 0.0
      vertex 82.7718 15.514710000000001 0.0
    endloop
  endfacet
  facet normal -0.522578 -0.852592 0.0
    outer loop
      vertex 82.7718 15.514710000000001 0.0
      vertex 82.9992 15.37533 27.0
      vertex 82.7718 15.514710000000001 27.0
    endloop
  endfacet
  facet normal -0.522578 -0.852592 -0.0
    outer loop
      vertex 82.9992 15.37533 27.0
      vertex 82.7718 15.514710000000001 0.0
      vertex 82.9992 15.37533 0.0
    endloop
  endfacet
  facet normal 0.923857 -0.382738 0.0
    outer loop
      vertex 80.3832 14.52533 27.0
      vertex 80.4853 14.77178 0.0
      vertex 80.4853 14.77178 27.0
    endloop
  endfacet
  facet normal 0.923857 -0.382738 0.0
    outer loop
      vertex 80.4853 14.77178 0.0
      vertex 80.3832 14.52533 27.0
      vertex 80.3832 14.52533 0.0
    endloop
  endfacet
  facet normal 0.852609 -0.522549 0.0
    outer loop
      vertex 80.4853 14.77178 27.0
      vertex 80.6247 14.99923 0.0
      vertex 80.6247 14.99923 27.0
    endloop
  endfacet
  facet normal 0.852609 -0.522549 0.0
    outer loop
      vertex 80.6247 14.99923 0.0
      vertex 80.4853 14.77178 27.0
      vertex 80.4853 14.77178 0.0
    endloop
  endfacet
  facet normal 0.649355 -0.760485 0.0
    outer loop
      vertex 80.7979 15.202079999999999 0.0
      vertex 81.0008 15.37533 27.0
      vertex 80.7979 15.202079999999999 27.0
    endloop
  endfacet
  facet normal 0.649355 -0.760485 0.0
    outer loop
      vertex 81.0008 15.37533 27.0
      vertex 80.7979 15.202079999999999 0.0
      vertex 81.0008 15.37533 0.0
    endloop
  endfacet
  facet normal 0.233423 -0.972375 0.0
    outer loop
      vertex 81.4747 15.6168 0.0
      vertex 81.7341 15.67907 27.0
      vertex 81.4747 15.6168 27.0
    endloop
  endfacet
  facet normal 0.233423 -0.972375 0.0
    outer loop
      vertex 81.7341 15.67907 27.0
      vertex 81.4747 15.6168 0.0
      vertex 81.7341 15.67907 0.0
    endloop
  endfacet
  facet normal -0.972348 0.233537 0.0
    outer loop
      vertex 83.6168 13.47467 0.0
      vertex 83.6791 13.73406 27.0
      vertex 83.6791 13.73406 0.0
    endloop
  endfacet
  facet normal -0.972348 0.233537 0.0
    outer loop
      vertex 83.6791 13.73406 27.0
      vertex 83.6168 13.47467 0.0
      vertex 83.6168 13.47467 27.0
    endloop
  endfacet
  facet normal -0.233423 0.972375 0.0
    outer loop
      vertex 82.5253 12.3832 0.0
      vertex 82.2659 12.32093 27.0
      vertex 82.5253 12.3832 27.0
    endloop
  endfacet
  facet normal -0.233423 0.972375 0.0
    outer loop
      vertex 82.2659 12.32093 27.0
      vertex 82.5253 12.3832 0.0
      vertex 82.2659 12.32093 0.0
    endloop
  endfacet
  facet normal -0.760499 -0.649339 0.0
    outer loop
      vertex 83.3753 14.99923 0.0
      vertex 83.2021 15.202079999999999 27.0
      vertex 83.2021 15.202079999999999 0.0
    endloop
  endfacet
  facet normal -0.760499 -0.649339 0.0
    outer loop
      vertex 83.2021 15.202079999999999 27.0
      vertex 83.3753 14.99923 0.0
      vertex 83.3753 14.99923 27.0
    endloop
  endfacet
  facet normal -0.852609 -0.522549 0.0
    outer loop
      vertex 83.5147 14.77178 0.0
      vertex 83.3753 14.99923 27.0
      vertex 83.3753 14.99923 0.0
    endloop
  endfacet
  facet normal -0.852609 -0.522549 0.0
    outer loop
      vertex 83.3753 14.99923 27.0
      vertex 83.5147 14.77178 0.0
      vertex 83.5147 14.77178 27.0
    endloop
  endfacet
  facet normal -0.233423 -0.972375 0.0
    outer loop
      vertex 82.2659 15.67907 0.0
      vertex 82.5253 15.6168 27.0
      vertex 82.2659 15.67907 27.0
    endloop
  endfacet
  facet normal -0.233423 -0.972375 -0.0
    outer loop
      vertex 82.5253 15.6168 27.0
      vertex 82.2659 15.67907 0.0
      vertex 82.5253 15.6168 0.0
    endloop
  endfacet
  facet normal -0.0784711 -0.996916 0.0
    outer loop
      vertex 82.0 15.7 0.0
      vertex 82.2659 15.67907 27.0
      vertex 82.0 15.7 27.0
    endloop
  endfacet
  facet normal -0.0784711 -0.996916 -0.0
    outer loop
      vertex 82.2659 15.67907 27.0
      vertex 82.0 15.7 0.0
      vertex 82.2659 15.67907 0.0
    endloop
  endfacet
  facet normal 0.996926 -0.0783476 0.0
    outer loop
      vertex 80.3 14.0 27.0
      vertex 80.3209 14.26594 0.0
      vertex 80.3209 14.26594 27.0
    endloop
  endfacet
  facet normal 0.996926 -0.0783476 0.0
    outer loop
      vertex 80.3209 14.26594 0.0
      vertex 80.3 14.0 27.0
      vertex 80.3 14.0 0.0
    endloop
  endfacet
  facet normal 0.996926 0.0783476 0.0
    outer loop
      vertex 80.3209 13.73406 27.0
      vertex 80.3 14.0 0.0
      vertex 80.3 14.0 27.0
    endloop
  endfacet
  facet normal 0.996926 0.0783476 0.0
    outer loop
      vertex 80.3 14.0 0.0
      vertex 80.3209 13.73406 27.0
      vertex 80.3209 13.73406 0.0
    endloop
  endfacet
  facet normal -0.996926 0.0783476 0.0
    outer loop
      vertex 83.6791 13.73406 0.0
      vertex 83.7 14.0 27.0
      vertex 83.7 14.0 0.0
    endloop
  endfacet
  facet normal -0.996926 0.0783476 0.0
    outer loop
      vertex 83.7 14.0 27.0
      vertex 83.6791 13.73406 0.0
      vertex 83.6791 13.73406 27.0
    endloop
  endfacet
  facet normal -0.85262 0.522532 0.0
    outer loop
      vertex 83.3753 13.00076 0.0
      vertex 83.5147 13.22822 27.0
      vertex 83.5147 13.22822 0.0
    endloop
  endfacet
  facet normal -0.85262 0.522532 0.0
    outer loop
      vertex 83.5147 13.22822 27.0
      vertex 83.3753 13.00076 0.0
      vertex 83.3753 13.00076 27.0
    endloop
  endfacet
  facet normal -0.649355 0.760485 0.0
    outer loop
      vertex 83.2021 12.797920000000001 0.0
      vertex 82.9992 12.62467 27.0
      vertex 83.2021 12.797920000000001 27.0
    endloop
  endfacet
  facet normal -0.649355 0.760485 0.0
    outer loop
      vertex 82.9992 12.62467 27.0
      vertex 83.2021 12.797920000000001 0.0
      vertex 82.9992 12.62467 0.0
    endloop
  endfacet
  facet normal -0.38264 0.923898 0.0
    outer loop
      vertex 82.7718 12.485289999999999 0.0
      vertex 82.5253 12.3832 27.0
      vertex 82.7718 12.485289999999999 27.0
    endloop
  endfacet
  facet normal -0.38264 0.923898 0.0
    outer loop
      vertex 82.5253 12.3832 27.0
      vertex 82.7718 12.485289999999999 0.0
      vertex 82.5253 12.3832 0.0
    endloop
  endfacet
  facet normal 0.972348 -0.233537 0.0
    outer loop
      vertex 80.3209 14.26594 27.0
      vertex 80.3832 14.52533 0.0
      vertex 80.3832 14.52533 27.0
    endloop
  endfacet
  facet normal 0.972348 -0.233537 0.0
    outer loop
      vertex 80.3832 14.52533 0.0
      vertex 80.3209 14.26594 27.0
      vertex 80.3209 14.26594 0.0
    endloop
  endfacet
  facet normal 0.522578 -0.852592 0.0
    outer loop
      vertex 81.0008 15.37533 0.0
      vertex 81.2282 15.514710000000001 27.0
      vertex 81.0008 15.37533 27.0
    endloop
  endfacet
  facet normal 0.522578 -0.852592 0.0
    outer loop
      vertex 81.2282 15.514710000000001 27.0
      vertex 81.0008 15.37533 0.0
      vertex 81.2282 15.514710000000001 0.0
    endloop
  endfacet
  facet normal -0.923857 0.382738 0.0
    outer loop
      vertex 83.5147 13.22822 0.0
      vertex 83.6168 13.47467 27.0
      vertex 83.6168 13.47467 0.0
    endloop
  endfacet
  facet normal -0.923857 0.382738 0.0
    outer loop
      vertex 83.6168 13.47467 27.0
      vertex 83.5147 13.22822 0.0
      vertex 83.5147 13.22822 27.0
    endloop
  endfacet
  facet normal 0.38264 0.923898 -0.0
    outer loop
      vertex 81.4747 12.3832 0.0
      vertex 81.2282 12.485289999999999 27.0
      vertex 81.4747 12.3832 27.0
    endloop
  endfacet
  facet normal 0.38264 0.923898 0.0
    outer loop
      vertex 81.2282 12.485289999999999 27.0
      vertex 81.4747 12.3832 0.0
      vertex 81.2282 12.485289999999999 0.0
    endloop
  endfacet
  facet normal 0.649355 0.760485 -0.0
    outer loop
      vertex 81.0008 12.62467 0.0
      vertex 80.7979 12.797920000000001 27.0
      vertex 81.0008 12.62467 27.0
    endloop
  endfacet
  facet normal 0.649355 0.760485 0.0
    outer loop
      vertex 80.7979 12.797920000000001 27.0
      vertex 81.0008 12.62467 0.0
      vertex 80.7979 12.797920000000001 0.0
    endloop
  endfacet
  facet normal 0.85262 0.522532 0.0
    outer loop
      vertex 80.6247 13.00076 27.0
      vertex 80.4853 13.22822 0.0
      vertex 80.4853 13.22822 27.0
    endloop
  endfacet
  facet normal 0.85262 0.522532 0.0
    outer loop
      vertex 80.4853 13.22822 0.0
      vertex 80.6247 13.00076 27.0
      vertex 80.6247 13.00076 0.0
    endloop
  endfacet
  facet normal 0.923857 0.382738 0.0
    outer loop
      vertex 80.4853 13.22822 27.0
      vertex 80.3832 13.47467 0.0
      vertex 80.3832 13.47467 27.0
    endloop
  endfacet
  facet normal 0.923857 0.382738 0.0
    outer loop
      vertex 80.3832 13.47467 0.0
      vertex 80.4853 13.22822 27.0
      vertex 80.4853 13.22822 0.0
    endloop
  endfacet
  facet normal 0.972348 0.233537 0.0
    outer loop
      vertex 80.3832 13.47467 27.0
      vertex 80.3209 13.73406 0.0
      vertex 80.3209 13.73406 27.0
    endloop
  endfacet
  facet normal 0.972348 0.233537 0.0
    outer loop
      vertex 80.3209 13.73406 0.0
      vertex 80.3832 13.47467 27.0
      vertex 80.3832 13.47467 0.0
    endloop
  endfacet
  facet normal -0.522578 0.852592 0.0
    outer loop
      vertex 82.9992 12.62467 0.0
      vertex 82.7718 12.485289999999999 27.0
      vertex 82.9992 12.62467 27.0
    endloop
  endfacet
  facet normal -0.522578 0.852592 0.0
    outer loop
      vertex 82.7718 12.485289999999999 27.0
      vertex 82.9992 12.62467 0.0
      vertex 82.7718 12.485289999999999 0.0
    endloop
  endfacet
  facet normal 0.0784711 0.996916 -0.0
    outer loop
      vertex 82.0 12.3 0.0
      vertex 81.7341 12.32093 27.0
      vertex 82.0 12.3 27.0
    endloop
  endfacet
  facet normal 0.0784711 0.996916 0.0
    outer loop
      vertex 81.7341 12.32093 27.0
      vertex 82.0 12.3 0.0
      vertex 81.7341 12.32093 0.0
    endloop
  endfacet
  facet normal 0.522578 0.852592 -0.0
    outer loop
      vertex 81.2282 12.485289999999999 0.0
      vertex 81.0008 12.62467 27.0
      vertex 81.2282 12.485289999999999 27.0
    endloop
  endfacet
  facet normal 0.522578 0.852592 0.0
    outer loop
      vertex 81.0008 12.62467 27.0
      vertex 81.2282 12.485289999999999 0.0
      vertex 81.0008 12.62467 0.0
    endloop
  endfacet
  facet normal 0.233423 0.972375 -0.0
    outer loop
      vertex 81.7341 12.32093 0.0
      vertex 81.4747 12.3832 27.0
      vertex 81.7341 12.32093 27.0
    endloop
  endfacet
  facet normal 0.233423 0.972375 0.0
    outer loop
      vertex 81.4747 12.3832 27.0
      vertex 81.7341 12.32093 0.0
      vertex 81.4747 12.3832 0.0
    endloop
  endfacet
  facet normal 0.760483 0.649358 0.0
    outer loop
      vertex 80.7979 12.797920000000001 27.0
      vertex 80.6247 13.00076 0.0
      vertex 80.6247 13.00076 27.0
    endloop
  endfacet
  facet normal 0.760483 0.649358 0.0
    outer loop
      vertex 80.6247 13.00076 0.0
      vertex 80.7979 12.797920000000001 27.0
      vertex 80.7979 12.797920000000001 0.0
    endloop
  endfacet
  facet normal -0.923898 -0.38264 0.0
    outer loop
      vertex 15.6168 62.5253 0.0
      vertex 15.514710000000001 62.7718 27.0
      vertex 15.514710000000001 62.7718 0.0
    endloop
  endfacet
  facet normal -0.923898 -0.38264 0.0
    outer loop
      vertex 15.514710000000001 62.7718 27.0
      vertex 15.6168 62.5253 0.0
      vertex 15.6168 62.5253 27.0
    endloop
  endfacet
  facet normal -0.852592 -0.522578 0.0
    outer loop
      vertex 15.514710000000001 62.7718 0.0
      vertex 15.37533 62.9992 27.0
      vertex 15.37533 62.9992 0.0
    endloop
  endfacet
  facet normal -0.852592 -0.522578 0.0
    outer loop
      vertex 15.37533 62.9992 27.0
      vertex 15.514710000000001 62.7718 0.0
      vertex 15.514710000000001 62.7718 27.0
    endloop
  endfacet
  facet normal -0.382738 -0.923857 0.0
    outer loop
      vertex 14.52533 63.6168 0.0
      vertex 14.77178 63.5147 27.0
      vertex 14.52533 63.6168 27.0
    endloop
  endfacet
  facet normal -0.382738 -0.923857 -0.0
    outer loop
      vertex 14.77178 63.5147 27.0
      vertex 14.52533 63.6168 0.0
      vertex 14.77178 63.5147 0.0
    endloop
  endfacet
  facet normal 0.382738 -0.923857 0.0
    outer loop
      vertex 13.22822 63.5147 0.0
      vertex 13.47467 63.6168 27.0
      vertex 13.22822 63.5147 27.0
    endloop
  endfacet
  facet normal 0.382738 -0.923857 0.0
    outer loop
      vertex 13.47467 63.6168 27.0
      vertex 13.22822 63.5147 0.0
      vertex 13.47467 63.6168 0.0
    endloop
  endfacet
  facet normal 0.923898 -0.38264 0.0
    outer loop
      vertex 12.3832 62.5253 27.0
      vertex 12.485289999999999 62.7718 0.0
      vertex 12.485289999999999 62.7718 27.0
    endloop
  endfacet
  facet normal 0.923898 -0.38264 0.0
    outer loop
      vertex 12.485289999999999 62.7718 0.0
      vertex 12.3832 62.5253 27.0
      vertex 12.3832 62.5253 0.0
    endloop
  endfacet
  facet normal -0.649339 -0.760499 0.0
    outer loop
      vertex 14.99923 63.3753 0.0
      vertex 15.202079999999999 63.2021 27.0
      vertex 14.99923 63.3753 27.0
    endloop
  endfacet
  facet normal -0.649339 -0.760499 -0.0
    outer loop
      vertex 15.202079999999999 63.2021 27.0
      vertex 14.99923 63.3753 0.0
      vertex 15.202079999999999 63.2021 0.0
    endloop
  endfacet
  facet normal 0.0783476 -0.996926 0.0
    outer loop
      vertex 13.73406 63.6791 0.0
      vertex 14.0 63.7 27.0
      vertex 13.73406 63.6791 27.0
    endloop
  endfacet
  facet normal 0.0783476 -0.996926 0.0
    outer loop
      vertex 14.0 63.7 27.0
      vertex 13.73406 63.6791 0.0
      vertex 14.0 63.7 0.0
    endloop
  endfacet
  facet normal -0.522549 -0.852609 0.0
    outer loop
      vertex 14.77178 63.5147 0.0
      vertex 14.99923 63.3753 27.0
      vertex 14.77178 63.5147 27.0
    endloop
  endfacet
  facet normal -0.522549 -0.852609 -0.0
    outer loop
      vertex 14.99923 63.3753 27.0
      vertex 14.77178 63.5147 0.0
      vertex 14.99923 63.3753 0.0
    endloop
  endfacet
  facet normal 0.996916 0.0784711 0.0
    outer loop
      vertex 12.32093 61.7341 27.0
      vertex 12.3 62.0 0.0
      vertex 12.3 62.0 27.0
    endloop
  endfacet
  facet normal 0.996916 0.0784711 0.0
    outer loop
      vertex 12.3 62.0 0.0
      vertex 12.32093 61.7341 27.0
      vertex 12.32093 61.7341 0.0
    endloop
  endfacet
  facet normal 0.852592 -0.522578 0.0
    outer loop
      vertex 12.485289999999999 62.7718 27.0
      vertex 12.62467 62.9992 0.0
      vertex 12.62467 62.9992 27.0
    endloop
  endfacet
  facet normal 0.852592 -0.522578 0.0
    outer loop
      vertex 12.62467 62.9992 0.0
      vertex 12.485289999999999 62.7718 27.0
      vertex 12.485289999999999 62.7718 0.0
    endloop
  endfacet
  facet normal 0.233537 -0.972348 0.0
    outer loop
      vertex 13.47467 63.6168 0.0
      vertex 13.73406 63.6791 27.0
      vertex 13.47467 63.6168 27.0
    endloop
  endfacet
  facet normal 0.233537 -0.972348 0.0
    outer loop
      vertex 13.73406 63.6791 27.0
      vertex 13.47467 63.6168 0.0
      vertex 13.73406 63.6791 0.0
    endloop
  endfacet
  facet normal 0.760485 -0.649355 0.0
    outer loop
      vertex 12.62467 62.9992 27.0
      vertex 12.797920000000001 63.2021 0.0
      vertex 12.797920000000001 63.2021 27.0
    endloop
  endfacet
  facet normal 0.760485 -0.649355 0.0
    outer loop
      vertex 12.797920000000001 63.2021 0.0
      vertex 12.62467 62.9992 27.0
      vertex 12.62467 62.9992 0.0
    endloop
  endfacet
  facet normal -0.996916 -0.0784711 0.0
    outer loop
      vertex 15.7 62.0 0.0
      vertex 15.67907 62.2659 27.0
      vertex 15.67907 62.2659 0.0
    endloop
  endfacet
  facet normal -0.996916 -0.0784711 0.0
    outer loop
      vertex 15.67907 62.2659 27.0
      vertex 15.7 62.0 0.0
      vertex 15.7 62.0 27.0
    endloop
  endfacet
  facet normal -0.522549 0.852609 0.0
    outer loop
      vertex 14.99923 60.6247 0.0
      vertex 14.77178 60.4853 27.0
      vertex 14.99923 60.6247 27.0
    endloop
  endfacet
  facet normal -0.522549 0.852609 0.0
    outer loop
      vertex 14.77178 60.4853 27.0
      vertex 14.99923 60.6247 0.0
      vertex 14.77178 60.4853 0.0
    endloop
  endfacet
  facet normal -0.972375 -0.233423 0.0
    outer loop
      vertex 15.67907 62.2659 0.0
      vertex 15.6168 62.5253 27.0
      vertex 15.6168 62.5253 0.0
    endloop
  endfacet
  facet normal -0.972375 -0.233423 0.0
    outer loop
      vertex 15.6168 62.5253 27.0
      vertex 15.67907 62.2659 0.0
      vertex 15.67907 62.2659 27.0
    endloop
  endfacet
  facet normal -0.760485 -0.649355 0.0
    outer loop
      vertex 15.37533 62.9992 0.0
      vertex 15.202079999999999 63.2021 27.0
      vertex 15.202079999999999 63.2021 0.0
    endloop
  endfacet
  facet normal -0.760485 -0.649355 0.0
    outer loop
      vertex 15.202079999999999 63.2021 27.0
      vertex 15.37533 62.9992 0.0
      vertex 15.37533 62.9992 27.0
    endloop
  endfacet
  facet normal -0.233537 -0.972348 0.0
    outer loop
      vertex 14.26594 63.6791 0.0
      vertex 14.52533 63.6168 27.0
      vertex 14.26594 63.6791 27.0
    endloop
  endfacet
  facet normal -0.233537 -0.972348 -0.0
    outer loop
      vertex 14.52533 63.6168 27.0
      vertex 14.26594 63.6791 0.0
      vertex 14.52533 63.6168 0.0
    endloop
  endfacet
  facet normal -0.0783476 -0.996926 0.0
    outer loop
      vertex 14.0 63.7 0.0
      vertex 14.26594 63.6791 27.0
      vertex 14.0 63.7 27.0
    endloop
  endfacet
  facet normal -0.0783476 -0.996926 -0.0
    outer loop
      vertex 14.26594 63.6791 27.0
      vertex 14.0 63.7 0.0
      vertex 14.26594 63.6791 0.0
    endloop
  endfacet
  facet normal 0.972375 -0.233423 0.0
    outer loop
      vertex 12.32093 62.2659 27.0
      vertex 12.3832 62.5253 0.0
      vertex 12.3832 62.5253 27.0
    endloop
  endfacet
  facet normal 0.972375 -0.233423 0.0
    outer loop
      vertex 12.3832 62.5253 0.0
      vertex 12.32093 62.2659 27.0
      vertex 12.32093 62.2659 0.0
    endloop
  endfacet
  facet normal 0.996916 -0.0784711 0.0
    outer loop
      vertex 12.3 62.0 27.0
      vertex 12.32093 62.2659 0.0
      vertex 12.32093 62.2659 27.0
    endloop
  endfacet
  facet normal 0.996916 -0.0784711 0.0
    outer loop
      vertex 12.32093 62.2659 0.0
      vertex 12.3 62.0 27.0
      vertex 12.3 62.0 0.0
    endloop
  endfacet
  facet normal 0.649358 -0.760483 0.0
    outer loop
      vertex 12.797920000000001 63.2021 0.0
      vertex 13.00076 63.3753 27.0
      vertex 12.797920000000001 63.2021 27.0
    endloop
  endfacet
  facet normal 0.649358 -0.760483 0.0
    outer loop
      vertex 13.00076 63.3753 27.0
      vertex 12.797920000000001 63.2021 0.0
      vertex 13.00076 63.3753 0.0
    endloop
  endfacet
  facet normal 0.522532 -0.85262 0.0
    outer loop
      vertex 13.00076 63.3753 0.0
      vertex 13.22822 63.5147 27.0
      vertex 13.00076 63.3753 27.0
    endloop
  endfacet
  facet normal 0.522532 -0.85262 0.0
    outer loop
      vertex 13.22822 63.5147 27.0
      vertex 13.00076 63.3753 0.0
      vertex 13.22822 63.5147 0.0
    endloop
  endfacet
  facet normal -0.972375 0.233423 0.0
    outer loop
      vertex 15.6168 61.4747 0.0
      vertex 15.67907 61.7341 27.0
      vertex 15.67907 61.7341 0.0
    endloop
  endfacet
  facet normal -0.972375 0.233423 0.0
    outer loop
      vertex 15.67907 61.7341 27.0
      vertex 15.6168 61.4747 0.0
      vertex 15.6168 61.4747 27.0
    endloop
  endfacet
  facet normal -0.852592 0.522578 0.0
    outer loop
      vertex 15.37533 61.0008 0.0
      vertex 15.514710000000001 61.2282 27.0
      vertex 15.514710000000001 61.2282 0.0
    endloop
  endfacet
  facet normal -0.852592 0.522578 0.0
    outer loop
      vertex 15.514710000000001 61.2282 27.0
      vertex 15.37533 61.0008 0.0
      vertex 15.37533 61.0008 27.0
    endloop
  endfacet
  facet normal -0.0783476 0.996926 0.0
    outer loop
      vertex 14.26594 60.3209 0.0
      vertex 14.0 60.3 27.0
      vertex 14.26594 60.3209 27.0
    endloop
  endfacet
  facet normal -0.0783476 0.996926 0.0
    outer loop
      vertex 14.0 60.3 27.0
      vertex 14.26594 60.3209 0.0
      vertex 14.0 60.3 0.0
    endloop
  endfacet
  facet normal 0.972375 0.233423 0.0
    outer loop
      vertex 12.3832 61.4747 27.0
      vertex 12.32093 61.7341 0.0
      vertex 12.32093 61.7341 27.0
    endloop
  endfacet
  facet normal 0.972375 0.233423 0.0
    outer loop
      vertex 12.32093 61.7341 0.0
      vertex 12.3832 61.4747 27.0
      vertex 12.3832 61.4747 0.0
    endloop
  endfacet
  facet normal 0.852592 0.522578 0.0
    outer loop
      vertex 12.62467 61.0008 27.0
      vertex 12.485289999999999 61.2282 0.0
      vertex 12.485289999999999 61.2282 27.0
    endloop
  endfacet
  facet normal 0.852592 0.522578 0.0
    outer loop
      vertex 12.485289999999999 61.2282 0.0
      vertex 12.62467 61.0008 27.0
      vertex 12.62467 61.0008 0.0
    endloop
  endfacet
  facet normal -0.233537 0.972348 0.0
    outer loop
      vertex 14.52533 60.3832 0.0
      vertex 14.26594 60.3209 27.0
      vertex 14.52533 60.3832 27.0
    endloop
  endfacet
  facet normal -0.233537 0.972348 0.0
    outer loop
      vertex 14.26594 60.3209 27.0
      vertex 14.52533 60.3832 0.0
      vertex 14.26594 60.3209 0.0
    endloop
  endfacet
  facet normal -0.382738 0.923857 0.0
    outer loop
      vertex 14.77178 60.4853 0.0
      vertex 14.52533 60.3832 27.0
      vertex 14.77178 60.4853 27.0
    endloop
  endfacet
  facet normal -0.382738 0.923857 0.0
    outer loop
      vertex 14.52533 60.3832 27.0
      vertex 14.77178 60.4853 0.0
      vertex 14.52533 60.3832 0.0
    endloop
  endfacet
  facet normal -0.996916 0.0784711 0.0
    outer loop
      vertex 15.67907 61.7341 0.0
      vertex 15.7 62.0 27.0
      vertex 15.7 62.0 0.0
    endloop
  endfacet
  facet normal -0.996916 0.0784711 0.0
    outer loop
      vertex 15.7 62.0 27.0
      vertex 15.67907 61.7341 0.0
      vertex 15.67907 61.7341 27.0
    endloop
  endfacet
  facet normal -0.923898 0.38264 0.0
    outer loop
      vertex 15.514710000000001 61.2282 0.0
      vertex 15.6168 61.4747 27.0
      vertex 15.6168 61.4747 0.0
    endloop
  endfacet
  facet normal -0.923898 0.38264 0.0
    outer loop
      vertex 15.6168 61.4747 27.0
      vertex 15.514710000000001 61.2282 0.0
      vertex 15.514710000000001 61.2282 27.0
    endloop
  endfacet
  facet normal 0.923898 0.38264 0.0
    outer loop
      vertex 12.485289999999999 61.2282 27.0
      vertex 12.3832 61.4747 0.0
      vertex 12.3832 61.4747 27.0
    endloop
  endfacet
  facet normal 0.923898 0.38264 0.0
    outer loop
      vertex 12.3832 61.4747 0.0
      vertex 12.485289999999999 61.2282 27.0
      vertex 12.485289999999999 61.2282 0.0
    endloop
  endfacet
  facet normal -0.760485 0.649355 0.0
    outer loop
      vertex 15.202079999999999 60.7979 0.0
      vertex 15.37533 61.0008 27.0
      vertex 15.37533 61.0008 0.0
    endloop
  endfacet
  facet normal -0.760485 0.649355 0.0
    outer loop
      vertex 15.37533 61.0008 27.0
      vertex 15.202079999999999 60.7979 0.0
      vertex 15.202079999999999 60.7979 27.0
    endloop
  endfacet
  facet normal 0.522532 0.85262 -0.0
    outer loop
      vertex 13.22822 60.4853 0.0
      vertex 13.00076 60.6247 27.0
      vertex 13.22822 60.4853 27.0
    endloop
  endfacet
  facet normal 0.522532 0.85262 0.0
    outer loop
      vertex 13.00076 60.6247 27.0
      vertex 13.22822 60.4853 0.0
      vertex 13.00076 60.6247 0.0
    endloop
  endfacet
  facet normal 0.382738 0.923857 -0.0
    outer loop
      vertex 13.47467 60.3832 0.0
      vertex 13.22822 60.4853 27.0
      vertex 13.47467 60.3832 27.0
    endloop
  endfacet
  facet normal 0.382738 0.923857 0.0
    outer loop
      vertex 13.22822 60.4853 27.0
      vertex 13.47467 60.3832 0.0
      vertex 13.22822 60.4853 0.0
    endloop
  endfacet
  facet normal 0.233537 0.972348 -0.0
    outer loop
      vertex 13.73406 60.3209 0.0
      vertex 13.47467 60.3832 27.0
      vertex 13.73406 60.3209 27.0
    endloop
  endfacet
  facet normal 0.233537 0.972348 0.0
    outer loop
      vertex 13.47467 60.3832 27.0
      vertex 13.73406 60.3209 0.0
      vertex 13.47467 60.3832 0.0
    endloop
  endfacet
  facet normal 0.0783476 0.996926 -0.0
    outer loop
      vertex 14.0 60.3 0.0
      vertex 13.73406 60.3209 27.0
      vertex 14.0 60.3 27.0
    endloop
  endfacet
  facet normal 0.0783476 0.996926 0.0
    outer loop
      vertex 13.73406 60.3209 27.0
      vertex 14.0 60.3 0.0
      vertex 13.73406 60.3209 0.0
    endloop
  endfacet
  facet normal 0.760485 0.649355 0.0
    outer loop
      vertex 12.797920000000001 60.7979 27.0
      vertex 12.62467 61.0008 0.0
      vertex 12.62467 61.0008 27.0
    endloop
  endfacet
  facet normal 0.760485 0.649355 0.0
    outer loop
      vertex 12.62467 61.0008 0.0
      vertex 12.797920000000001 60.7979 27.0
      vertex 12.797920000000001 60.7979 0.0
    endloop
  endfacet
  facet normal 0.649358 0.760483 -0.0
    outer loop
      vertex 13.00076 60.6247 0.0
      vertex 12.797920000000001 60.7979 27.0
      vertex 13.00076 60.6247 27.0
    endloop
  endfacet
  facet normal 0.649358 0.760483 0.0
    outer loop
      vertex 12.797920000000001 60.7979 27.0
      vertex 13.00076 60.6247 0.0
      vertex 12.797920000000001 60.7979 0.0
    endloop
  endfacet
  facet normal -0.649339 0.760499 0.0
    outer loop
      vertex 15.202079999999999 60.7979 0.0
      vertex 14.99923 60.6247 27.0
      vertex 15.202079999999999 60.7979 27.0
    endloop
  endfacet
  facet normal -0.649339 0.760499 0.0
    outer loop
      vertex 14.99923 60.6247 27.0
      vertex 15.202079999999999 60.7979 0.0
      vertex 14.99923 60.6247 0.0
    endloop
  endfacet
  facet normal -0.923884 -0.382672 0.0
    outer loop
      vertex 83.6168 62.5253 0.0
      vertex 83.5147 62.7718 27.0
      vertex 83.5147 62.7718 0.0
    endloop
  endfacet
  facet normal -0.923884 -0.382672 0.0
    outer loop
      vertex 83.5147 62.7718 27.0
      vertex 83.6168 62.5253 0.0
      vertex 83.6168 62.5253 27.0
    endloop
  endfacet
  facet normal -0.852558 -0.522632 0.0
    outer loop
      vertex 83.5147 62.7718 0.0
      vertex 83.3753 62.9992 27.0
      vertex 83.3753 62.9992 0.0
    endloop
  endfacet
  facet normal -0.852558 -0.522632 0.0
    outer loop
      vertex 83.3753 62.9992 27.0
      vertex 83.5147 62.7718 0.0
      vertex 83.5147 62.7718 27.0
    endloop
  endfacet
  facet normal -0.382672 -0.923884 0.0
    outer loop
      vertex 82.5253 63.6168 0.0
      vertex 82.7718 63.5147 27.0
      vertex 82.5253 63.6168 27.0
    endloop
  endfacet
  facet normal -0.382672 -0.923884 -0.0
    outer loop
      vertex 82.7718 63.5147 27.0
      vertex 82.5253 63.6168 0.0
      vertex 82.7718 63.5147 0.0
    endloop
  endfacet
  facet normal 0.382672 -0.923884 0.0
    outer loop
      vertex 81.2282 63.5147 0.0
      vertex 81.4747 63.6168 27.0
      vertex 81.2282 63.5147 27.0
    endloop
  endfacet
  facet normal 0.382672 -0.923884 0.0
    outer loop
      vertex 81.4747 63.6168 27.0
      vertex 81.2282 63.5147 0.0
      vertex 81.4747 63.6168 0.0
    endloop
  endfacet
  facet normal 0.923884 -0.382672 0.0
    outer loop
      vertex 80.3832 62.5253 27.0
      vertex 80.4853 62.7718 0.0
      vertex 80.4853 62.7718 27.0
    endloop
  endfacet
  facet normal 0.923884 -0.382672 0.0
    outer loop
      vertex 80.4853 62.7718 0.0
      vertex 80.3832 62.5253 27.0
      vertex 80.3832 62.5253 0.0
    endloop
  endfacet
  facet normal -0.649247 -0.760578 0.0
    outer loop
      vertex 82.9992 63.3753 0.0
      vertex 83.2021 63.2021 27.0
      vertex 82.9992 63.3753 27.0
    endloop
  endfacet
  facet normal -0.649247 -0.760578 -0.0
    outer loop
      vertex 83.2021 63.2021 27.0
      vertex 82.9992 63.3753 0.0
      vertex 83.2021 63.2021 0.0
    endloop
  endfacet
  facet normal 0.0783593 -0.996925 0.0
    outer loop
      vertex 81.7341 63.6791 0.0
      vertex 82.0 63.7 27.0
      vertex 81.7341 63.6791 27.0
    endloop
  endfacet
  facet normal 0.0783593 -0.996925 0.0
    outer loop
      vertex 82.0 63.7 27.0
      vertex 81.7341 63.6791 0.0
      vertex 82.0 63.7 0.0
    endloop
  endfacet
  facet normal -0.522632 -0.852558 0.0
    outer loop
      vertex 82.7718 63.5147 0.0
      vertex 82.9992 63.3753 27.0
      vertex 82.7718 63.5147 27.0
    endloop
  endfacet
  facet normal -0.522632 -0.852558 -0.0
    outer loop
      vertex 82.9992 63.3753 27.0
      vertex 82.7718 63.5147 0.0
      vertex 82.9992 63.3753 0.0
    endloop
  endfacet
  facet normal 0.996925 0.0783593 0.0
    outer loop
      vertex 80.3209 61.7341 27.0
      vertex 80.3 62.0 0.0
      vertex 80.3 62.0 27.0
    endloop
  endfacet
  facet normal 0.996925 0.0783593 0.0
    outer loop
      vertex 80.3 62.0 0.0
      vertex 80.3209 61.7341 27.0
      vertex 80.3209 61.7341 0.0
    endloop
  endfacet
  facet normal 0.852558 -0.522632 0.0
    outer loop
      vertex 80.4853 62.7718 27.0
      vertex 80.6247 62.9992 0.0
      vertex 80.6247 62.9992 27.0
    endloop
  endfacet
  facet normal 0.852558 -0.522632 0.0
    outer loop
      vertex 80.6247 62.9992 0.0
      vertex 80.4853 62.7718 27.0
      vertex 80.4853 62.7718 0.0
    endloop
  endfacet
  facet normal 0.233529 -0.97235 0.0
    outer loop
      vertex 81.4747 63.6168 0.0
      vertex 81.7341 63.6791 27.0
      vertex 81.4747 63.6168 27.0
    endloop
  endfacet
  facet normal 0.233529 -0.97235 0.0
    outer loop
      vertex 81.7341 63.6791 27.0
      vertex 81.4747 63.6168 0.0
      vertex 81.7341 63.6791 0.0
    endloop
  endfacet
  facet normal 0.760578 -0.649247 0.0
    outer loop
      vertex 80.6247 62.9992 27.0
      vertex 80.7979 63.2021 0.0
      vertex 80.7979 63.2021 27.0
    endloop
  endfacet
  facet normal 0.760578 -0.649247 0.0
    outer loop
      vertex 80.7979 63.2021 0.0
      vertex 80.6247 62.9992 27.0
      vertex 80.6247 62.9992 0.0
    endloop
  endfacet
  facet normal -0.996925 -0.0783593 0.0
    outer loop
      vertex 83.7 62.0 0.0
      vertex 83.6791 62.2659 27.0
      vertex 83.6791 62.2659 0.0
    endloop
  endfacet
  facet normal -0.996925 -0.0783593 0.0
    outer loop
      vertex 83.6791 62.2659 27.0
      vertex 83.7 62.0 0.0
      vertex 83.7 62.0 27.0
    endloop
  endfacet
  facet normal -0.923884 0.382672 0.0
    outer loop
      vertex 83.5147 61.2282 0.0
      vertex 83.6168 61.4747 27.0
      vertex 83.6168 61.4747 0.0
    endloop
  endfacet
  facet normal -0.923884 0.382672 0.0
    outer loop
      vertex 83.6168 61.4747 27.0
      vertex 83.5147 61.2282 0.0
      vertex 83.5147 61.2282 27.0
    endloop
  endfacet
  facet normal -0.522632 0.852558 0.0
    outer loop
      vertex 82.9992 60.6247 0.0
      vertex 82.7718 60.4853 27.0
      vertex 82.9992 60.6247 27.0
    endloop
  endfacet
  facet normal -0.522632 0.852558 0.0
    outer loop
      vertex 82.7718 60.4853 27.0
      vertex 82.9992 60.6247 0.0
      vertex 82.7718 60.4853 0.0
    endloop
  endfacet
  facet normal -0.97235 -0.233529 0.0
    outer loop
      vertex 83.6791 62.2659 0.0
      vertex 83.6168 62.5253 27.0
      vertex 83.6168 62.5253 0.0
    endloop
  endfacet
  facet normal -0.97235 -0.233529 0.0
    outer loop
      vertex 83.6168 62.5253 27.0
      vertex 83.6791 62.2659 0.0
      vertex 83.6791 62.2659 27.0
    endloop
  endfacet
  facet normal -0.760578 -0.649247 0.0
    outer loop
      vertex 83.3753 62.9992 0.0
      vertex 83.2021 63.2021 27.0
      vertex 83.2021 63.2021 0.0
    endloop
  endfacet
  facet normal -0.760578 -0.649247 0.0
    outer loop
      vertex 83.2021 63.2021 27.0
      vertex 83.3753 62.9992 0.0
      vertex 83.3753 62.9992 27.0
    endloop
  endfacet
  facet normal -0.233529 -0.97235 0.0
    outer loop
      vertex 82.2659 63.6791 0.0
      vertex 82.5253 63.6168 27.0
      vertex 82.2659 63.6791 27.0
    endloop
  endfacet
  facet normal -0.233529 -0.97235 -0.0
    outer loop
      vertex 82.5253 63.6168 27.0
      vertex 82.2659 63.6791 0.0
      vertex 82.5253 63.6168 0.0
    endloop
  endfacet
  facet normal -0.0783593 -0.996925 0.0
    outer loop
      vertex 82.0 63.7 0.0
      vertex 82.2659 63.6791 27.0
      vertex 82.0 63.7 27.0
    endloop
  endfacet
  facet normal -0.0783593 -0.996925 -0.0
    outer loop
      vertex 82.2659 63.6791 27.0
      vertex 82.0 63.7 0.0
      vertex 82.2659 63.6791 0.0
    endloop
  endfacet
  facet normal 0.97235 -0.233529 0.0
    outer loop
      vertex 80.3209 62.2659 27.0
      vertex 80.3832 62.5253 0.0
      vertex 80.3832 62.5253 27.0
    endloop
  endfacet
  facet normal 0.97235 -0.233529 0.0
    outer loop
      vertex 80.3832 62.5253 0.0
      vertex 80.3209 62.2659 27.0
      vertex 80.3209 62.2659 0.0
    endloop
  endfacet
  facet normal 0.996925 -0.0783593 0.0
    outer loop
      vertex 80.3 62.0 27.0
      vertex 80.3209 62.2659 0.0
      vertex 80.3209 62.2659 27.0
    endloop
  endfacet
  facet normal 0.996925 -0.0783593 0.0
    outer loop
      vertex 80.3209 62.2659 0.0
      vertex 80.3 62.0 27.0
      vertex 80.3 62.0 0.0
    endloop
  endfacet
  facet normal 0.649247 -0.760578 0.0
    outer loop
      vertex 80.7979 63.2021 0.0
      vertex 81.0008 63.3753 27.0
      vertex 80.7979 63.2021 27.0
    endloop
  endfacet
  facet normal 0.649247 -0.760578 0.0
    outer loop
      vertex 81.0008 63.3753 27.0
      vertex 80.7979 63.2021 0.0
      vertex 81.0008 63.3753 0.0
    endloop
  endfacet
  facet normal 0.522632 -0.852558 0.0
    outer loop
      vertex 81.0008 63.3753 0.0
      vertex 81.2282 63.5147 27.0
      vertex 81.0008 63.3753 27.0
    endloop
  endfacet
  facet normal 0.522632 -0.852558 0.0
    outer loop
      vertex 81.2282 63.5147 27.0
      vertex 81.0008 63.3753 0.0
      vertex 81.2282 63.5147 0.0
    endloop
  endfacet
  facet normal -0.97235 0.233529 0.0
    outer loop
      vertex 83.6168 61.4747 0.0
      vertex 83.6791 61.7341 27.0
      vertex 83.6791 61.7341 0.0
    endloop
  endfacet
  facet normal -0.97235 0.233529 0.0
    outer loop
      vertex 83.6791 61.7341 27.0
      vertex 83.6168 61.4747 0.0
      vertex 83.6168 61.4747 27.0
    endloop
  endfacet
  facet normal -0.852558 0.522632 0.0
    outer loop
      vertex 83.3753 61.0008 0.0
      vertex 83.5147 61.2282 27.0
      vertex 83.5147 61.2282 0.0
    endloop
  endfacet
  facet normal -0.852558 0.522632 0.0
    outer loop
      vertex 83.5147 61.2282 27.0
      vertex 83.3753 61.0008 0.0
      vertex 83.3753 61.0008 27.0
    endloop
  endfacet
  facet normal -0.0783593 0.996925 0.0
    outer loop
      vertex 82.2659 60.3209 0.0
      vertex 82.0 60.3 27.0
      vertex 82.2659 60.3209 27.0
    endloop
  endfacet
  facet normal -0.0783593 0.996925 0.0
    outer loop
      vertex 82.0 60.3 27.0
      vertex 82.2659 60.3209 0.0
      vertex 82.0 60.3 0.0
    endloop
  endfacet
  facet normal 0.852558 0.522632 0.0
    outer loop
      vertex 80.6247 61.0008 27.0
      vertex 80.4853 61.2282 0.0
      vertex 80.4853 61.2282 27.0
    endloop
  endfacet
  facet normal 0.852558 0.522632 0.0
    outer loop
      vertex 80.4853 61.2282 0.0
      vertex 80.6247 61.0008 27.0
      vertex 80.6247 61.0008 0.0
    endloop
  endfacet
  facet normal -0.233529 0.97235 0.0
    outer loop
      vertex 82.5253 60.3832 0.0
      vertex 82.2659 60.3209 27.0
      vertex 82.5253 60.3832 27.0
    endloop
  endfacet
  facet normal -0.233529 0.97235 0.0
    outer loop
      vertex 82.2659 60.3209 27.0
      vertex 82.5253 60.3832 0.0
      vertex 82.2659 60.3209 0.0
    endloop
  endfacet
  facet normal -0.382672 0.923884 0.0
    outer loop
      vertex 82.7718 60.4853 0.0
      vertex 82.5253 60.3832 27.0
      vertex 82.7718 60.4853 27.0
    endloop
  endfacet
  facet normal -0.382672 0.923884 0.0
    outer loop
      vertex 82.5253 60.3832 27.0
      vertex 82.7718 60.4853 0.0
      vertex 82.5253 60.3832 0.0
    endloop
  endfacet
  facet normal -0.996925 0.0783593 0.0
    outer loop
      vertex 83.6791 61.7341 0.0
      vertex 83.7 62.0 27.0
      vertex 83.7 62.0 0.0
    endloop
  endfacet
  facet normal -0.996925 0.0783593 0.0
    outer loop
      vertex 83.7 62.0 27.0
      vertex 83.6791 61.7341 0.0
      vertex 83.6791 61.7341 27.0
    endloop
  endfacet
  facet normal 0.923884 0.382672 0.0
    outer loop
      vertex 80.4853 61.2282 27.0
      vertex 80.3832 61.4747 0.0
      vertex 80.3832 61.4747 27.0
    endloop
  endfacet
  facet normal 0.923884 0.382672 0.0
    outer loop
      vertex 80.3832 61.4747 0.0
      vertex 80.4853 61.2282 27.0
      vertex 80.4853 61.2282 0.0
    endloop
  endfacet
  facet normal 0.97235 0.233529 0.0
    outer loop
      vertex 80.3832 61.4747 27.0
      vertex 80.3209 61.7341 0.0
      vertex 80.3209 61.7341 27.0
    endloop
  endfacet
  facet normal 0.97235 0.233529 0.0
    outer loop
      vertex 80.3209 61.7341 0.0
      vertex 80.3832 61.4747 27.0
      vertex 80.3832 61.4747 0.0
    endloop
  endfacet
  facet normal -0.760578 0.649247 0.0
    outer loop
      vertex 83.2021 60.7979 0.0
      vertex 83.3753 61.0008 27.0
      vertex 83.3753 61.0008 0.0
    endloop
  endfacet
  facet normal -0.760578 0.649247 0.0
    outer loop
      vertex 83.3753 61.0008 27.0
      vertex 83.2021 60.7979 0.0
      vertex 83.2021 60.7979 27.0
    endloop
  endfacet
  facet normal 0.522632 0.852558 -0.0
    outer loop
      vertex 81.2282 60.4853 0.0
      vertex 81.0008 60.6247 27.0
      vertex 81.2282 60.4853 27.0
    endloop
  endfacet
  facet normal 0.522632 0.852558 0.0
    outer loop
      vertex 81.0008 60.6247 27.0
      vertex 81.2282 60.4853 0.0
      vertex 81.0008 60.6247 0.0
    endloop
  endfacet
  facet normal 0.382672 0.923884 -0.0
    outer loop
      vertex 81.4747 60.3832 0.0
      vertex 81.2282 60.4853 27.0
      vertex 81.4747 60.3832 27.0
    endloop
  endfacet
  facet normal 0.382672 0.923884 0.0
    outer loop
      vertex 81.2282 60.4853 27.0
      vertex 81.4747 60.3832 0.0
      vertex 81.2282 60.4853 0.0
    endloop
  endfacet
  facet normal 0.233529 0.97235 -0.0
    outer loop
      vertex 81.7341 60.3209 0.0
      vertex 81.4747 60.3832 27.0
      vertex 81.7341 60.3209 27.0
    endloop
  endfacet
  facet normal 0.233529 0.97235 0.0
    outer loop
      vertex 81.4747 60.3832 27.0
      vertex 81.7341 60.3209 0.0
      vertex 81.4747 60.3832 0.0
    endloop
  endfacet
  facet normal 0.0783593 0.996925 -0.0
    outer loop
      vertex 82.0 60.3 0.0
      vertex 81.7341 60.3209 27.0
      vertex 82.0 60.3 27.0
    endloop
  endfacet
  facet normal 0.0783593 0.996925 0.0
    outer loop
      vertex 81.7341 60.3209 27.0
      vertex 82.0 60.3 0.0
      vertex 81.7341 60.3209 0.0
    endloop
  endfacet
  facet normal 0.760578 0.649247 0.0
    outer loop
      vertex 80.7979 60.7979 27.0
      vertex 80.6247 61.0008 0.0
      vertex 80.6247 61.0008 27.0
    endloop
  endfacet
  facet normal 0.760578 0.649247 0.0
    outer loop
      vertex 80.6247 61.0008 0.0
      vertex 80.7979 60.7979 27.0
      vertex 80.7979 60.7979 0.0
    endloop
  endfacet
  facet normal 0.649247 0.760578 -0.0
    outer loop
      vertex 81.0008 60.6247 0.0
      vertex 80.7979 60.7979 27.0
      vertex 81.0008 60.6247 27.0
    endloop
  endfacet
  facet normal 0.649247 0.760578 0.0
    outer loop
      vertex 80.7979 60.7979 27.0
      vertex 81.0008 60.6247 0.0
      vertex 80.7979 60.7979 0.0
    endloop
  endfacet
  facet normal -0.649247 0.760578 0.0
    outer loop
      vertex 83.2021 60.7979 0.0
      vertex 82.9992 60.6247 27.0
      vertex 83.2021 60.7979 27.0
    endloop
  endfacet
  facet normal -0.649247 0.760578 0.0
    outer loop
      vertex 82.9992 60.6247 27.0
      vertex 83.2021 60.7979 0.0
      vertex 82.9992 60.6247 0.0
    endloop
  endfacet
  facet normal 0.0 0.0 -1.0
    outer loop
      vertex 8.0 29.0 13.5
      vertex 10.5 47.0 13.5
      vertex 10.5 29.0 13.5
    endloop
  endfacet
  facet normal -0.0 0.0 -1.0
    outer loop
      vertex 10.5 47.0 13.5
      vertex 8.0 29.0 13.5
      vertex 8.0 47.0 13.5
    endloop
  endfacet
  facet normal -0.0 0.0 1.0
    outer loop
      vertex 8.0 47.0 5.5
      vertex 10.5 29.0 5.5
      vertex 10.5 47.0 5.5
    endloop
  endfacet
  facet normal 0.0 0.0 1.0
    outer loop
      vertex 10.5 29.0 5.5
      vertex 8.0 47.0 5.5
      vertex 8.0 29.0 5.5
    endloop
  endfacet
  facet normal 0.0 1.0 -0.0
    outer loop
      vertex 10.5 29.0 5.5
      vertex 8.0 29.0 13.5
      vertex 10.5 29.0 13.5
    endloop
  endfacet
  facet normal 0.0 1.0 0.0
    outer loop
      vertex 8.0 29.0 13.5
      vertex 10.5 29.0 5.5
      vertex 8.0 29.0 5.5
    endloop
  endfacet
  facet normal 0.0 -1.0 0.0
    outer loop
      vertex 8.0 47.0 5.5
      vertex 10.5 47.0 13.5
      vertex 8.0 47.0 13.5
    endloop
  endfacet
  facet normal 0.0 -1.0 -0.0
    outer loop
      vertex 10.5 47.0 13.5
      vertex 8.0 47.0 5.5
      vertex 10.5 47.0 5.5
    endloop
  endfacet
  facet normal 0.0 0.0 -1.0
    outer loop
      vertex 85.5 31.0 13.5
      vertex 88.0 45.0 13.5
      vertex 88.0 31.0 13.5
    endloop
  endfacet
  facet normal -0.0 0.0 -1.0
    outer loop
      vertex 88.0 45.0 13.5
      vertex 85.5 31.0 13.5
      vertex 85.5 45.0 13.5
    endloop
  endfacet
  facet normal -0.0 0.0 1.0
    outer loop
      vertex 85.5 45.0 5.5
      vertex 88.0 31.0 5.5
      vertex 88.0 45.0 5.5
    endloop
  endfacet
  facet normal 0.0 0.0 1.0
    outer loop
      vertex 88.0 31.0 5.5
      vertex 85.5 45.0 5.5
      vertex 85.5 31.0 5.5
    endloop
  endfacet
  facet normal 0.0 1.0 -0.0
    outer loop
      vertex 88.0 31.0 5.5
      vertex 85.5 31.0 13.5
      vertex 88.0 31.0 13.5
    endloop
  endfacet
  facet normal 0.0 1.0 0.0
    outer loop
      vertex 85.5 31.0 13.5
      vertex 88.0 31.0 5.5
      vertex 85.5 31.0 5.5
    endloop
  endfacet
  facet normal 0.0 -1.0 0.0
    outer loop
      vertex 85.5 45.0 5.5
      vertex 88.0 45.0 13.5
      vertex 85.5 45.0 13.5
    endloop
  endfacet
  facet normal 0.0 -1.0 -0.0
    outer loop
      vertex 88.0 45.0 13.5
      vertex 85.5 45.0 5.5
      vertex 88.0 45.0 5.5
    endloop
  endfacet
endsolid mcu_box_base_0
solid mcu_box_lid_1
  facet normal -0.866026 -0.499999 0.0
    outer loop
      vertex 103.57957 14.0 0.0
      vertex 101.78979 17.1 2.5
      vertex 101.78979 17.1 0.0
    endloop
  endfacet
  facet normal -0.866026 -0.499999 0.0
    outer loop
      vertex 101.78979 17.1 2.5
      vertex 103.57957 14.0 0.0
      vertex 103.57957 14.0 2.5
    endloop
  endfacet
  facet normal 0.866026 0.499999 0.0
    outer loop
      vertex 98.21021 10.9 2.5
      vertex 96.42043 14.0 0.0
      vertex 96.42043 14.0 2.5
    endloop
  endfacet
  facet normal 0.866026 0.499999 0.0
    outer loop
      vertex 96.42043 14.0 0.0
      vertex 98.21021 10.9 2.5
      vertex 98.21021 10.9 0.0
    endloop
  endfacet
  facet normal 0.0 -1.0 0.0
    outer loop
      vertex 98.21021 17.1 0.0
      vertex 101.78979 17.1 2.5
      vertex 98.21021 17.1 2.5
    endloop
  endfacet
  facet normal 0.0 -1.0 -0.0
    outer loop
      vertex 101.78979 17.1 2.5
      vertex 98.21021 17.1 0.0
      vertex 101.78979 17.1 0.0
    endloop
  endfacet
  facet normal 0.0 1.0 -0.0
    outer loop
      vertex 101.78979 10.9 0.0
      vertex 98.21021 10.9 2.5
      vertex 101.78979 10.9 2.5
    endloop
  endfacet
  facet normal 0.0 1.0 0.0
    outer loop
      vertex 98.21021 10.9 2.5
      vertex 101.78979 10.9 0.0
      vertex 98.21021 10.9 0.0
    endloop
  endfacet
  facet normal 0.866026 -0.499999 0.0
    outer loop
      vertex 96.42043 14.0 2.5
      vertex 98.21021 17.1 0.0
      vertex 98.21021 17.1 2.5
    endloop
  endfacet
  facet normal 0.866026 -0.499999 0.0
    outer loop
      vertex 98.21021 17.1 0.0
      vertex 96.42043 14.0 2.5
      vertex 96.42043 14.0 0.0
    endloop
  endfacet
  facet normal -0.866026 0.499999 0.0
    outer loop
      vertex 101.78979 10.9 0.0
      vertex 103.57957 14.0 2.5
      vertex 103.57957 14.0 0.0
    endloop
  endfacet
  facet normal -0.866026 0.499999 0.0
    outer loop
      vertex 103.57957 14.0 2.5
      vertex 101.78979 10.9 0.0
      vertex 101.78979 10.9 2.5
    endloop
  endfacet
  facet normal -0.866024 -0.500003 0.0
    outer loop
      vertex 171.5796 14.0 0.0
      vertex 169.7898 17.1 2.5
      vertex 169.7898 17.1 0.0
    endloop
  endfacet
  facet normal -0.866024 -0.500003 0.0
    outer loop
      vertex 169.7898 17.1 2.5
      vertex 171.5796 14.0 0.0
      vertex 171.5796 14.0 2.5
    endloop
  endfacet
  facet normal 0.0 -1.0 0.0
    outer loop
      vertex 166.2102 17.1 0.0
      vertex 169.7898 17.1 2.5
      vertex 166.2102 17.1 2.5
    endloop
  endfacet
  facet normal 0.0 -1.0 -0.0
    outer loop
      vertex 169.7898 17.1 2.5
      vertex 166.2102 17.1 0.0
      vertex 169.7898 17.1 0.0
    endloop
  endfacet
  facet normal 0.0 1.0 -0.0
    outer loop
      vertex 169.7898 10.9 0.0
      vertex 166.2102 10.9 2.5
      vertex 169.7898 10.9 2.5
    endloop
  endfacet
  facet normal 0.0 1.0 0.0
    outer loop
      vertex 166.2102 10.9 2.5
      vertex 169.7898 10.9 0.0
      vertex 166.2102 10.9 0.0
    endloop
  endfacet
  facet normal 0.866024 -0.500003 0.0
    outer loop
      vertex 164.4204 14.0 2.5
      vertex 166.2102 17.1 0.0
      vertex 166.2102 17.1 2.5
    endloop
  endfacet
  facet normal 0.866024 -0.500003 0.0
    outer loop
      vertex 166.2102 17.1 0.0
      vertex 164.4204 14.0 2.5
      vertex 164.4204 14.0 0.0
    endloop
  endfacet
  facet normal -0.866024 0.500003 0.0
    outer loop
      vertex 169.7898 10.9 0.0
      vertex 171.5796 14.0 2.5
      vertex 171.5796 14.0 0.0
    endloop
  endfacet
  facet normal -0.866024 0.500003 0.0
    outer loop
      vertex 171.5796 14.0 2.5
      vertex 169.7898 10.9 0.0
      vertex 169.7898 10.9 2.5
    endloop
  endfacet
  facet normal 0.866024 0.500003 0.0
    outer loop
      vertex 166.2102 10.9 2.5
      vertex 164.4204 14.0 0.0
      vertex 164.4204 14.0 2.5
    endloop
  endfacet
  facet normal 0.866024 0.500003 0.0
    outer loop
      vertex 164.4204 14.0 0.0
      vertex 166.2102 10.9 2.5
      vertex 166.2102 10.9 0.0
    endloop
  endfacet
  facet normal -0.866026 -0.499999 0.0
    outer loop
      vertex 103.57957 62.0 0.0
      vertex 101.78979 65.1 2.5
      vertex 101.78979 65.1 0.0
    endloop
  endfacet
  facet normal -0.866026 -0.499999 0.0
    outer loop
      vertex 101.78979 65.1 2.5
      vertex 103.57957 62.0 0.0
      vertex 103.57957 62.0 2.5
    endloop
  endfacet
  facet normal 0.0 -1.0 0.0
    outer loop
      vertex 98.21021 65.1 0.0
      vertex 101.78979 65.1 2.5
      vertex 98.21021 65.1 2.5
    endloop
  endfacet
  facet normal 0.0 -1.0 -0.0
    outer loop
      vertex 101.78979 65.1 2.5
      vertex 98.21021 65.1 0.0
      vertex 101.78979 65.1 0.0
    endloop
  endfacet
  facet normal 0.0 1.0 -0.0
    outer loop
      vertex 101.78979 58.9 0.0
      vertex 98.21021 58.9 2.5
      vertex 101.78979 58.9 2.5
    endloop
  endfacet
  facet normal 0.0 1.0 0.0
    outer loop
      vertex 98.21021 58.9 2.5
      vertex 101.78979 58.9 0.0
      vertex 98.21021 58.9 0.0
    endloop
  endfacet
  facet normal 0.866026 -0.499999 0.0
    outer loop
      vertex 96.42043 62.0 2.5
      vertex 98.21021 65.1 0.0
      vertex 98.21021 65.1 2.5
    endloop
  endfacet
  facet normal 0.866026 -0.499999 0.0
    outer loop
      vertex 98.21021 65.1 0.0
      vertex 96.42043 62.0 2.5
      vertex 96.42043 62.0 0.0
    endloop
  endfacet
  facet normal -0.866026 0.499999 0.0
    outer loop
      vertex 101.78979 58.9 0.0
      vertex 103.57957 62.0 2.5
      vertex 103.57957 62.0 0.0
    endloop
  endfacet
  facet normal -0.866026 0.499999 0.0
    outer loop
      vertex 103.57957 62.0 2.5
      vertex 101.78979 58.9 0.0
      vertex 101.78979 58.9 2.5
    endloop
  endfacet
  facet normal 0.866026 0.499999 0.0
    outer loop
      vertex 98.21021 58.9 2.5
      vertex 96.42043 62.0 0.0
      vertex 96.42043 62.0 2.5
    endloop
  endfacet
  facet normal 0.866026 0.499999 0.0
    outer loop
      vertex 96.42043 62.0 0.0
      vertex 98.21021 58.9 2.5
      vertex 98.21021 58.9 0.0
    endloop
  endfacet
  facet normal -0.866024 -0.500003 0.0
    outer loop
      vertex 171.5796 62.0 0.0
      vertex 169.7898 65.1 2.5
      vertex 169.7898 65.1 0.0
    endloop
  endfacet
  facet normal -0.866024 -0.500003 0.0
    outer loop
      vertex 169.7898 65.1 2.5
      vertex 171.5796 62.0 0.0
      vertex 171.5796 62.0 2.5
    endloop
  endfacet
  facet normal 0.0 -1.0 0.0
    outer loop
      vertex 166.2102 65.1 0.0
      vertex 169.7898 65.1 2.5
      vertex 166.2102 65.1 2.5
    endloop
  endfacet
  facet normal 0.0 -1.0 -0.0
    outer loop
      vertex 169.7898 65.1 2.5
      vertex 166.2102 65.1 0.0
      vertex 169.7898 65.1 0.0
    endloop
  endfacet
  facet normal 0.0 1.0 -0.0
    outer loop
      vertex 169.7898 58.9 0.0
      vertex 166.2102 58.9 2.5
      vertex 169.7898 58.9 2.5
    endloop
  endfacet
  facet normal 0.0 1.0 0.0
    outer loop
      vertex 166.2102 58.9 2.5
      vertex 169.7898 58.9 0.0
      vertex 166.2102 58.9 0.0
    endloop
  endfacet
  facet normal 0.866024 -0.500003 0.0
    outer loop
      vertex 164.4204 62.0 2.5
      vertex 166.2102 65.1 0.0
      vertex 166.2102 65.1 2.5
    endloop
  endfacet
  facet normal 0.866024 -0.500003 0.0
    outer loop
      vertex 166.2102 65.1 0.0
      vertex 164.4204 62.0 2.5
      vertex 164.4204 62.0 0.0
    endloop
  endfacet
  facet normal -0.866024 0.500003 0.0
    outer loop
      vertex 169.7898 58.9 0.0
      vertex 171.5796 62.0 2.5
      vertex 171.5796 62.0 0.0
    endloop
  endfacet
  facet normal -0.866024 0.500003 0.0
    outer loop
      vertex 171.5796 62.0 2.5
      vertex 169.7898 58.9 0.0
      vertex 169.7898 58.9 2.5
    endloop
  endfacet
  facet normal 0.866024 0.500003 0.0
    outer loop
      vertex 166.2102 58.9 2.5
      vertex 164.4204 62.0 0.0
      vertex 164.4204 62.0 2.5
    endloop
  endfacet
  facet normal 0.866024 0.500003 0.0
    outer loop
      vertex 164.4204 62.0 0.0
      vertex 166.2102 58.9 2.5
      vertex 166.2102 58.9 0.0
    endloop
  endfacet
  facet normal 0.649478 0.76038 -0.0
    outer loop
      vertex 173.4142 67.4142 0.0
      vertex 173.1756 67.618 2.5
      vertex 173.4142 67.4142 2.5
    endloop
  endfacet
  facet normal 0.649478 0.76038 0.0
    outer loop
      vertex 173.1756 67.618 2.5
      vertex 173.4142 67.4142 0.0
      vertex 173.1756 67.618 0.0
    endloop
  endfacet
  facet normal -0.996917 -0.0784575 0.0
    outer loop
      vertex 94.0246229 9.68713 0.0
      vertex 94.0 10.0 2.5
      vertex 94.0 10.0 0.0
    endloop
  endfacet
  facet normal -0.996917 -0.0784575 0.0
    outer loop
      vertex 94.0 10.0 2.5
      vertex 94.0246229 9.68713 0.0
      vertex 94.0246229 9.68713 2.5
    endloop
  endfacet
  facet normal 0.996923 -0.078385 0.0
    outer loop
      vertex 173.97539999999998 9.68713 2.5
      vertex 174.0 10.0 0.0
      vertex 174.0 10.0 2.5
    endloop
  endfacet
  facet normal 0.996923 -0.078385 0.0
    outer loop
      vertex 174.0 10.0 0.0
      vertex 173.97539999999998 9.68713 2.5
      vertex 173.97539999999998 9.68713 0.0
    endloop
  endfacet
  facet normal 0.996924 0.0783775 0.0
    outer loop
      vertex 174.0 66.0 2.5
      vertex 173.97539999999998 66.3129 0.0
      vertex 173.97539999999998 66.3129 2.5
    endloop
  endfacet
  facet normal 0.996924 0.0783775 0.0
    outer loop
      vertex 173.97539999999998 66.3129 0.0
      vertex 174.0 66.0 2.5
      vertex 174.0 66.0 0.0
    endloop
  endfacet
  facet normal 1.0 -0.0 0.0
    outer loop
      vertex 174.0 10.0 2.5
      vertex 174.0 66.0 0.0
      vertex 174.0 66.0 2.5
    endloop
  endfacet
  facet normal 1.0 0.0 0.0
    outer loop
      vertex 174.0 66.0 0.0
      vertex 174.0 10.0 2.5
      vertex 174.0 10.0 0.0
    endloop
  endfacet
  facet normal -0.522499 -0.85264 0.0
    outer loop
      vertex 94.824429 8.381966 0.0
      vertex 95.09202 8.217986 2.5
      vertex 94.824429 8.381966 2.5
    endloop
  endfacet
  facet normal -0.522499 -0.85264 -0.0
    outer loop
      vertex 95.09202 8.217986 2.5
      vertex 94.824429 8.381966 0.0
      vertex 95.09202 8.217986 0.0
    endloop
  endfacet
  facet normal 0.0 -1.0 0.0
    outer loop
      vertex 96.0 8.0 0.0
      vertex 172.0 8.0 2.5
      vertex 96.0 8.0 2.5
    endloop
  endfacet
  facet normal 0.0 -1.0 -0.0
    outer loop
      vertex 172.0 8.0 2.5
      vertex 96.0 8.0 0.0
      vertex 172.0 8.0 0.0
    endloop
  endfacet
  facet normal 0.0 0.0 1.0
    outer loop
      vertex 101.78979 17.1 2.5
      vertex 166.2102 17.1 2.5
      vertex 101.78979 58.9 2.5
    endloop
  endfacet
  facet normal 0.0 0.0 1.0
    outer loop
      vertex 166.2102 17.1 2.5
      vertex 101.78979 17.1 2.5
      vertex 103.57957 14.0 2.5
    endloop
  endfacet
  facet normal -0.0 0.0 1.0
    outer loop
      vertex 98.21021 58.9 2.5
      vertex 101.78979 17.1 2.5
      vertex 101.78979 58.9 2.5
    endloop
  endfacet
  facet normal 0.0 0.0 1.0
    outer loop
      vertex 98.21021 58.9 2.5
      vertex 98.21021 17.1 2.5
      vertex 101.78979 17.1 2.5
    endloop
  endfacet
  facet normal 0.0 0.0 1.0
    outer loop
      vertex 96.42043 62.0 2.5
      vertex 98.21021 17.1 2.5
      vertex 98.21021 58.9 2.5
    endloop
  endfacet
  facet normal 0.0 0.0 1.0
    outer loop
      vertex 98.21021 17.1 2.5
      vertex 96.42043 62.0 2.5
      vertex 96.42043 14.0 2.5
    endloop
  endfacet
  facet normal -0.0 0.0 1.0
    outer loop
      vertex 169.7898 58.9 2.5
      vertex 171.5796 14.0 2.5
      vertex 171.5796 62.0 2.5
    endloop
  endfacet
  facet normal 0.0 0.0 1.0
    outer loop
      vertex 169.7898 58.9 2.5
      vertex 169.7898 17.1 2.5
      vertex 171.5796 14.0 2.5
    endloop
  endfacet
  facet normal -0.0 0.0 1.0
    outer loop
      vertex 166.2102 58.9 2.5
      vertex 169.7898 17.1 2.5
      vertex 169.7898 58.9 2.5
    endloop
  endfacet
  facet normal 0.0 0.0 1.0
    outer loop
      vertex 166.2102 58.9 2.5
      vertex 166.2102 17.1 2.5
      vertex 169.7898 17.1 2.5
    endloop
  endfacet
  facet normal -0.0 0.0 1.0
    outer loop
      vertex 103.57957 62.0 2.5
      vertex 166.2102 58.9 2.5
      vertex 164.4204 62.0 2.5
    endloop
  endfacet
  facet normal 0.0 0.0 1.0
    outer loop
      vertex 101.78979 58.9 2.5
      vertex 166.2102 58.9 2.5
      vertex 103.57957 62.0 2.5
    endloop
  endfacet
  facet normal 0.0 0.0 1.0
    outer loop
      vertex 172.0 68.0 2.5
      vertex 174.0 66.0 2.5
      vertex 173.97539999999998 66.3129 2.5
    endloop
  endfacet
  facet normal 0.0 0.0 1.0
    outer loop
      vertex 174.0 66.0 2.5
      vertex 171.5796 62.0 2.5
      vertex 174.0 10.0 2.5
    endloop
  endfacet
  facet normal 0.0 0.0 1.0
    outer loop
      vertex 172.0 68.0 2.5
      vertex 173.97539999999998 66.3129 2.5
      vertex 173.90210000000002 66.618 2.5
    endloop
  endfacet
  facet normal -0.0 0.0 1.0
    outer loop
      vertex 171.5796 14.0 2.5
      vertex 174.0 10.0 2.5
      vertex 171.5796 62.0 2.5
    endloop
  endfacet
  facet normal 0.0 0.0 1.0
    outer loop
      vertex 172.0 68.0 2.5
      vertex 173.90210000000002 66.618 2.5
      vertex 173.78199999999998 66.908 2.5
    endloop
  endfacet
  facet normal -0.0 0.0 1.0
    outer loop
      vertex 169.7898 10.9 2.5
      vertex 174.0 10.0 2.5
      vertex 171.5796 14.0 2.5
    endloop
  endfacet
  facet normal 0.0 0.0 1.0
    outer loop
      vertex 172.0 68.0 2.5
      vertex 173.78199999999998 66.908 2.5
      vertex 173.618 67.1756 2.5
    endloop
  endfacet
  facet normal 0.0 -0.0 1.0
    outer loop
      vertex 172.0 8.0 2.5
      vertex 174.0 10.0 2.5
      vertex 169.7898 10.9 2.5
    endloop
  endfacet
  facet normal 0.0 0.0 1.0
    outer loop
      vertex 172.0 68.0 2.5
      vertex 173.618 67.1756 2.5
      vertex 173.4142 67.4142 2.5
    endloop
  endfacet
  facet normal 0.0 0.0 1.0
    outer loop
      vertex 174.0 10.0 2.5
      vertex 172.0 8.0 2.5
      vertex 173.97539999999998 9.68713 2.5
    endloop
  endfacet
  facet normal 0.0 0.0 1.0
    outer loop
      vertex 172.0 68.0 2.5
      vertex 173.4142 67.4142 2.5
      vertex 173.1756 67.618 2.5
    endloop
  endfacet
  facet normal 0.0 0.0 1.0
    outer loop
      vertex 173.97539999999998 9.68713 2.5
      vertex 172.0 8.0 2.5
      vertex 173.90210000000002 9.381969999999999 2.5
    endloop
  endfacet
  facet normal 0.0 0.0 1.0
    outer loop
      vertex 172.0 68.0 2.5
      vertex 173.1756 67.618 2.5
      vertex 172.90800000000002 67.782 2.5
    endloop
  endfacet
  facet normal 0.0 0.0 1.0
    outer loop
      vertex 173.90210000000002 9.381969999999999 2.5
      vertex 172.0 8.0 2.5
      vertex 173.78199999999998 9.09202 2.5
    endloop
  endfacet
  facet normal 0.0 0.0 1.0
    outer loop
      vertex 172.0 68.0 2.5
      vertex 172.90800000000002 67.782 2.5
      vertex 172.618 67.90209999999999 2.5
    endloop
  endfacet
  facet normal 0.0 0.0 1.0
    outer loop
      vertex 173.78199999999998 9.09202 2.5
      vertex 172.0 8.0 2.5
      vertex 173.618 8.824429 2.5
    endloop
  endfacet
  facet normal 0.0 0.0 1.0
    outer loop
      vertex 172.0 68.0 2.5
      vertex 172.618 67.90209999999999 2.5
      vertex 172.3129 67.97540000000001 2.5
    endloop
  endfacet
  facet normal 0.0 0.0 1.0
    outer loop
      vertex 173.618 8.824429 2.5
      vertex 172.0 8.0 2.5
      vertex 173.4142 8.585786 2.5
    endloop
  endfacet
  facet normal 0.0 0.0 1.0
    outer loop
      vertex 174.0 66.0 2.5
      vertex 172.0 68.0 2.5
      vertex 169.7898 65.1 2.5
    endloop
  endfacet
  facet normal 0.0 0.0 1.0
    outer loop
      vertex 173.4142 8.585786 2.5
      vertex 172.0 8.0 2.5
      vertex 173.1756 8.381966 2.5
    endloop
  endfacet
  facet normal 0.0 0.0 1.0
    outer loop
      vertex 173.1756 8.381966 2.5
      vertex 172.0 8.0 2.5
      vertex 172.90800000000002 8.217986 2.5
    endloop
  endfacet
  facet normal 0.0 0.0 1.0
    outer loop
      vertex 174.0 66.0 2.5
      vertex 169.7898 65.1 2.5
      vertex 171.5796 62.0 2.5
    endloop
  endfacet
  facet normal 0.0 0.0 1.0
    outer loop
      vertex 172.0 68.0 2.5
      vertex 166.2102 65.1 2.5
      vertex 169.7898 65.1 2.5
    endloop
  endfacet
  facet normal 0.0 0.0 1.0
    outer loop
      vertex 166.2102 58.9 2.5
      vertex 101.78979 58.9 2.5
      vertex 166.2102 17.1 2.5
    endloop
  endfacet
  facet normal 0.0 0.0 1.0
    outer loop
      vertex 166.2102 65.1 2.5
      vertex 103.57957 62.0 2.5
      vertex 164.4204 62.0 2.5
    endloop
  endfacet
  facet normal 0.0 0.0 1.0
    outer loop
      vertex 101.78979 65.1 2.5
      vertex 166.2102 65.1 2.5
      vertex 172.0 68.0 2.5
    endloop
  endfacet
  facet normal 0.0 0.0 1.0
    outer loop
      vertex 166.2102 65.1 2.5
      vertex 101.78979 65.1 2.5
      vertex 103.57957 62.0 2.5
    endloop
  endfacet
  facet normal -0.0 0.0 1.0
    outer loop
      vertex 96.0 68.0 2.5
      vertex 101.78979 65.1 2.5
      vertex 172.0 68.0 2.5
    endloop
  endfacet
  facet normal 0.0 0.0 1.0
    outer loop
      vertex 98.21021 65.1 2.5
      vertex 94.0 66.0 2.5
      vertex 96.42043 62.0 2.5
    endloop
  endfacet
  facet normal -0.0 0.0 1.0
    outer loop
      vertex 94.0 66.0 2.5
      vertex 98.21021 65.1 2.5
      vertex 96.0 68.0 2.5
    endloop
  endfacet
  facet normal 0.0 0.0 1.0
    outer loop
      vertex 101.78979 65.1 2.5
      vertex 96.0 68.0 2.5
      vertex 98.21021 65.1 2.5
    endloop
  endfacet
  facet normal 0.0 0.0 1.0
    outer loop
      vertex 172.90800000000002 8.217986 2.5
      vertex 172.0 8.0 2.5
      vertex 172.618 8.0978861 2.5
    endloop
  endfacet
  facet normal 0.0 0.0 1.0
    outer loop
      vertex 172.618 8.0978861 2.5
      vertex 172.0 8.0 2.5
      vertex 172.3129 8.0246229 2.5
    endloop
  endfacet
  facet normal -0.0 0.0 1.0
    outer loop
      vertex 166.2102 10.9 2.5
      vertex 172.0 8.0 2.5
      vertex 169.7898 10.9 2.5
    endloop
  endfacet
  facet normal 0.0 0.0 1.0
    outer loop
      vertex 166.2102 17.1 2.5
      vertex 103.57957 14.0 2.5
      vertex 164.4204 14.0 2.5
    endloop
  endfacet
  facet normal 0.0 0.0 1.0
    outer loop
      vertex 164.4204 14.0 2.5
      vertex 103.57957 14.0 2.5
      vertex 166.2102 10.9 2.5
    endloop
  endfacet
  facet normal 0.0 0.0 1.0
    outer loop
      vertex 101.78979 10.9 2.5
      vertex 166.2102 10.9 2.5
      vertex 103.57957 14.0 2.5
    endloop
  endfacet
  facet normal 0.0 0.0 1.0
    outer loop
      vertex 166.2102 10.9 2.5
      vertex 101.78979 10.9 2.5
      vertex 172.0 8.0 2.5
    endloop
  endfacet
  facet normal 0.0 0.0 1.0
    outer loop
      vertex 96.0 8.0 2.5
      vertex 101.78979 10.9 2.5
      vertex 98.21021 10.9 2.5
    endloop
  endfacet
  facet normal 0.0 0.0 1.0
    outer loop
      vertex 101.78979 10.9 2.5
      vertex 96.0 8.0 2.5
      vertex 172.0 8.0 2.5
    endloop
  endfacet
  facet normal 0.0 0.0 1.0
    outer loop
      vertex 94.0 10.0 2.5
      vertex 98.21021 10.9 2.5
      vertex 96.42043 14.0 2.5
    endloop
  endfacet
  facet normal 0.0 0.0 1.0
    outer loop
      vertex 96.42043 62.0 2.5
      vertex 94.0 66.0 2.5
      vertex 96.42043 14.0 2.5
    endloop
  endfacet
  facet normal 0.0 0.0 1.0
    outer loop
      vertex 94.0 66.0 2.5
      vertex 96.0 68.0 2.5
      vertex 95.68713 67.97540000000001 2.5
    endloop
  endfacet
  facet normal 0.0 0.0 1.0
    outer loop
      vertex 94.0 10.0 2.5
      vertex 96.42043 14.0 2.5
      vertex 94.0 66.0 2.5
    endloop
  endfacet
  facet normal 0.0 0.0 1.0
    outer loop
      vertex 94.0 66.0 2.5
      vertex 95.68713 67.97540000000001 2.5
      vertex 95.38197 67.90209999999999 2.5
    endloop
  endfacet
  facet normal 0.0 0.0 1.0
    outer loop
      vertex 98.21021 10.9 2.5
      vertex 94.0 10.0 2.5
      vertex 96.0 8.0 2.5
    endloop
  endfacet
  facet normal 0.0 0.0 1.0
    outer loop
      vertex 94.0 66.0 2.5
      vertex 95.38197 67.90209999999999 2.5
      vertex 95.09202 67.782 2.5
    endloop
  endfacet
  facet normal 0.0 0.0 1.0
    outer loop
      vertex 96.0 8.0 2.5
      vertex 94.0 10.0 2.5
      vertex 95.68713 8.0246229 2.5
    endloop
  endfacet
  facet normal 0.0 0.0 1.0
    outer loop
      vertex 94.0 66.0 2.5
      vertex 95.09202 67.782 2.5
      vertex 94.824429 67.618 2.5
    endloop
  endfacet
  facet normal 0.0 0.0 1.0
    outer loop
      vertex 95.68713 8.0246229 2.5
      vertex 94.0 10.0 2.5
      vertex 95.38197 8.0978861 2.5
    endloop
  endfacet
  facet normal 0.0 0.0 1.0
    outer loop
      vertex 94.0 66.0 2.5
      vertex 94.824429 67.618 2.5
      vertex 94.585786 67.4142 2.5
    endloop
  endfacet
  facet normal 0.0 0.0 1.0
    outer loop
      vertex 95.38197 8.0978861 2.5
      vertex 94.0 10.0 2.5
      vertex 95.09202 8.217986 2.5
    endloop
  endfacet
  facet normal 0.0 0.0 1.0
    outer loop
      vertex 94.0 66.0 2.5
      vertex 94.585786 67.4142 2.5
      vertex 94.381966 67.1756 2.5
    endloop
  endfacet
  facet normal 0.0 0.0 1.0
    outer loop
      vertex 95.09202 8.217986 2.5
      vertex 94.0 10.0 2.5
      vertex 94.824429 8.381966 2.5
    endloop
  endfacet
  facet normal 0.0 0.0 1.0
    outer loop
      vertex 94.0 66.0 2.5
      vertex 94.381966 67.1756 2.5
      vertex 94.217986 66.908 2.5
    endloop
  endfacet
  facet normal 0.0 0.0 1.0
    outer loop
      vertex 94.824429 8.381966 2.5
      vertex 94.0 10.0 2.5
      vertex 94.585786 8.585786 2.5
    endloop
  endfacet
  facet normal 0.0 0.0 1.0
    outer loop
      vertex 94.0 66.0 2.5
      vertex 94.217986 66.908 2.5
      vertex 94.0978861 66.618 2.5
    endloop
  endfacet
  facet normal 0.0 0.0 1.0
    outer loop
      vertex 94.585786 8.585786 2.5
      vertex 94.0 10.0 2.5
      vertex 94.381966 8.824429 2.5
    endloop
  endfacet
  facet normal 0.0 0.0 1.0
    outer loop
      vertex 94.0 66.0 2.5
      vertex 94.0978861 66.618 2.5
      vertex 94.0246229 66.3129 2.5
    endloop
  endfacet
  facet normal 0.0 0.0 1.0
    outer loop
      vertex 94.381966 8.824429 2.5
      vertex 94.0 10.0 2.5
      vertex 94.217986 9.09202 2.5
    endloop
  endfacet
  facet normal 0.0 0.0 1.0
    outer loop
      vertex 94.217986 9.09202 2.5
      vertex 94.0 10.0 2.5
      vertex 94.0978861 9.381969999999999 2.5
    endloop
  endfacet
  facet normal 0.0 0.0 1.0
    outer loop
      vertex 94.0978861 9.381969999999999 2.5
      vertex 94.0 10.0 2.5
      vertex 94.0246229 9.68713 2.5
    endloop
  endfacet
  facet normal 0.0 1.0 -0.0
    outer loop
      vertex 172.0 68.0 0.0
      vertex 96.0 68.0 2.5
      vertex 172.0 68.0 2.5
    endloop
  endfacet
  facet normal 0.0 1.0 0.0
    outer loop
      vertex 96.0 68.0 2.5
      vertex 172.0 68.0 0.0
      vertex 96.0 68.0 0.0
    endloop
  endfacet
  facet normal -0.85264 -0.522499 0.0
    outer loop
      vertex 94.381966 8.824429 0.0
      vertex 94.217986 9.09202 2.5
      vertex 94.217986 9.09202 0.0
    endloop
  endfacet
  facet normal -0.85264 -0.522499 0.0
    outer loop
      vertex 94.217986 9.09202 2.5
      vertex 94.381966 8.824429 0.0
      vertex 94.381966 8.824429 2.5
    endloop
  endfacet
  facet normal 0.07845 -0.996918 0.0
    outer loop
      vertex 172.0 8.0 0.0
      vertex 172.3129 8.0246229 2.5
      vertex 172.0 8.0 2.5
    endloop
  endfacet
  facet normal 0.07845 -0.996918 0.0
    outer loop
      vertex 172.3129 8.0246229 2.5
      vertex 172.0 8.0 0.0
      vertex 172.3129 8.0246229 0.0
    endloop
  endfacet
  facet normal -1.0 0.0 0.0
    outer loop
      vertex 94.0 10.0 0.0
      vertex 94.0 66.0 2.5
      vertex 94.0 66.0 0.0
    endloop
  endfacet
  facet normal -1.0 -0.0 0.0
    outer loop
      vertex 94.0 66.0 2.5
      vertex 94.0 10.0 0.0
      vertex 94.0 10.0 2.5
    endloop
  endfacet
  facet normal 0.0 0.0 -1.0
    outer loop
      vertex 101.78979 58.9 0.0
      vertex 166.2102 58.9 0.0
      vertex 101.78979 17.1 0.0
    endloop
  endfacet
  facet normal 0.0 0.0 -1.0
    outer loop
      vertex 166.2102 58.9 0.0
      vertex 101.78979 58.9 0.0
      vertex 103.57957 62.0 0.0
    endloop
  endfacet
  facet normal 0.0 0.0 -1.0
    outer loop
      vertex 98.21021 17.1 0.0
      vertex 101.78979 58.9 0.0
      vertex 101.78979 17.1 0.0
    endloop
  endfacet
  facet normal 0.0 0.0 -1.0
    outer loop
      vertex 98.21021 17.1 0.0
      vertex 98.21021 58.9 0.0
      vertex 101.78979 58.9 0.0
    endloop
  endfacet
  facet normal 0.0 0.0 -1.0
    outer loop
      vertex 96.42043 14.0 0.0
      vertex 98.21021 58.9 0.0
      vertex 98.21021 17.1 0.0
    endloop
  endfacet
  facet normal -0.0 0.0 -1.0
    outer loop
      vertex 98.21021 58.9 0.0
      vertex 96.42043 14.0 0.0
      vertex 96.42043 62.0 0.0
    endloop
  endfacet
  facet normal 0.0 0.0 -1.0
    outer loop
      vertex 169.7898 17.1 0.0
      vertex 171.5796 62.0 0.0
      vertex 171.5796 14.0 0.0
    endloop
  endfacet
  facet normal 0.0 0.0 -1.0
    outer loop
      vertex 169.7898 17.1 0.0
      vertex 169.7898 58.9 0.0
      vertex 171.5796 62.0 0.0
    endloop
  endfacet
  facet normal 0.0 0.0 -1.0
    outer loop
      vertex 166.2102 17.1 0.0
      vertex 169.7898 58.9 0.0
      vertex 169.7898 17.1 0.0
    endloop
  endfacet
  facet normal 0.0 0.0 -1.0
    outer loop
      vertex 166.2102 17.1 0.0
      vertex 166.2102 58.9 0.0
      vertex 169.7898 58.9 0.0
    endloop
  endfacet
  facet normal 0.0 0.0 -1.0
    outer loop
      vertex 103.57957 14.0 0.0
      vertex 166.2102 17.1 0.0
      vertex 164.4204 14.0 0.0
    endloop
  endfacet
  facet normal 0.0 0.0 -1.0
    outer loop
      vertex 101.78979 17.1 0.0
      vertex 166.2102 17.1 0.0
      vertex 103.57957 14.0 0.0
    endloop
  endfacet
  facet normal 0.0 0.0 -1.0
    outer loop
      vertex 172.0 8.0 0.0
      vertex 174.0 10.0 0.0
      vertex 173.97539999999998 9.68713 0.0
    endloop
  endfacet
  facet normal 0.0 0.0 -1.0
    outer loop
      vertex 174.0 10.0 0.0
      vertex 171.5796 14.0 0.0
      vertex 174.0 66.0 0.0
    endloop
  endfacet
  facet normal 0.0 0.0 -1.0
    outer loop
      vertex 172.0 8.0 0.0
      vertex 173.97539999999998 9.68713 0.0
      vertex 173.90210000000002 9.381969999999999 0.0
    endloop
  endfacet
  facet normal 0.0 0.0 -1.0
    outer loop
      vertex 171.5796 62.0 0.0
      vertex 174.0 66.0 0.0
      vertex 171.5796 14.0 0.0
    endloop
  endfacet
  facet normal 0.0 0.0 -1.0
    outer loop
      vertex 172.0 8.0 0.0
      vertex 173.90210000000002 9.381969999999999 0.0
      vertex 173.78199999999998 9.09202 0.0
    endloop
  endfacet
  facet normal 0.0 0.0 -1.0
    outer loop
      vertex 169.7898 65.1 0.0
      vertex 174.0 66.0 0.0
      vertex 171.5796 62.0 0.0
    endloop
  endfacet
  facet normal 0.0 0.0 -1.0
    outer loop
      vertex 172.0 8.0 0.0
      vertex 173.78199999999998 9.09202 0.0
      vertex 173.618 8.824429 0.0
    endloop
  endfacet
  facet normal 0.0 -0.0 -1.0
    outer loop
      vertex 172.0 68.0 0.0
      vertex 174.0 66.0 0.0
      vertex 169.7898 65.1 0.0
    endloop
  endfacet
  facet normal 0.0 0.0 -1.0
    outer loop
      vertex 172.0 8.0 0.0
      vertex 173.618 8.824429 0.0
      vertex 173.4142 8.585786 0.0
    endloop
  endfacet
  facet normal 0.0 0.0 -1.0
    outer loop
      vertex 174.0 66.0 0.0
      vertex 172.0 68.0 0.0
      vertex 173.97539999999998 66.3129 0.0
    endloop
  endfacet
  facet normal 0.0 0.0 -1.0
    outer loop
      vertex 172.0 8.0 0.0
      vertex 173.4142 8.585786 0.0
      vertex 173.1756 8.381966 0.0
    endloop
  endfacet
  facet normal 0.0 0.0 -1.0
    outer loop
      vertex 173.97539999999998 66.3129 0.0
      vertex 172.0 68.0 0.0
      vertex 173.90210000000002 66.618 0.0
    endloop
  endfacet
  facet normal 0.0 0.0 -1.0
    outer loop
      vertex 172.0 8.0 0.0
      vertex 173.1756 8.381966 0.0
      vertex 172.90800000000002 8.217986 0.0
    endloop
  endfacet
  facet normal 0.0 0.0 -1.0
    outer loop
      vertex 173.90210000000002 66.618 0.0
      vertex 172.0 68.0 0.0
      vertex 173.78199999999998 66.908 0.0
    endloop
  endfacet
  facet normal 0.0 0.0 -1.0
    outer loop
      vertex 172.0 8.0 0.0
      vertex 172.90800000000002 8.217986 0.0
      vertex 172.618 8.0978861 0.0
    endloop
  endfacet
  facet normal 0.0 0.0 -1.0
    outer loop
      vertex 173.78199999999998 66.908 0.0
      vertex 172.0 68.0 0.0
      vertex 173.618 67.1756 0.0
    endloop
  endfacet
  facet normal 0.0 0.0 -1.0
    outer loop
      vertex 172.0 8.0 0.0
      vertex 172.618 8.0978861 0.0
      vertex 172.3129 8.0246229 0.0
    endloop
  endfacet
  facet normal 0.0 0.0 -1.0
    outer loop
      vertex 173.618 67.1756 0.0
      vertex 172.0 68.0 0.0
      vertex 173.4142 67.4142 0.0
    endloop
  endfacet
  facet normal -0.0 0.0 -1.0
    outer loop
      vertex 174.0 10.0 0.0
      vertex 172.0 8.0 0.0
      vertex 169.7898 10.9 0.0
    endloop
  endfacet
  facet normal 0.0 0.0 -1.0
    outer loop
      vertex 173.4142 67.4142 0.0
      vertex 172.0 68.0 0.0
      vertex 173.1756 67.618 0.0
    endloop
  endfacet
  facet normal 0.0 0.0 -1.0
    outer loop
      vertex 173.1756 67.618 0.0
      vertex 172.0 68.0 0.0
      vertex 172.90800000000002 67.782 0.0
    endloop
  endfacet
  facet normal 0.0 0.0 -1.0
    outer loop
      vertex 174.0 10.0 0.0
      vertex 169.7898 10.9 0.0
      vertex 171.5796 14.0 0.0
    endloop
  endfacet
  facet normal 0.0 0.0 -1.0
    outer loop
      vertex 172.0 8.0 0.0
      vertex 166.2102 10.9 0.0
      vertex 169.7898 10.9 0.0
    endloop
  endfacet
  facet normal 0.0 0.0 -1.0
    outer loop
      vertex 166.2102 17.1 0.0
      vertex 101.78979 17.1 0.0
      vertex 166.2102 58.9 0.0
    endloop
  endfacet
  facet normal 0.0 0.0 -1.0
    outer loop
      vertex 166.2102 10.9 0.0
      vertex 103.57957 14.0 0.0
      vertex 164.4204 14.0 0.0
    endloop
  endfacet
  facet normal 0.0 0.0 -1.0
    outer loop
      vertex 101.78979 10.9 0.0
      vertex 166.2102 10.9 0.0
      vertex 172.0 8.0 0.0
    endloop
  endfacet
  facet normal 0.0 0.0 -1.0
    outer loop
      vertex 166.2102 10.9 0.0
      vertex 101.78979 10.9 0.0
      vertex 103.57957 14.0 0.0
    endloop
  endfacet
  facet normal 0.0 0.0 -1.0
    outer loop
      vertex 96.0 8.0 0.0
      vertex 101.78979 10.9 0.0
      vertex 172.0 8.0 0.0
    endloop
  endfacet
  facet normal -0.0 0.0 -1.0
    outer loop
      vertex 98.21021 10.9 0.0
      vertex 94.0 10.0 0.0
      vertex 96.42043 14.0 0.0
    endloop
  endfacet
  facet normal 0.0 0.0 -1.0
    outer loop
      vertex 94.0 10.0 0.0
      vertex 98.21021 10.9 0.0
      vertex 96.0 8.0 0.0
    endloop
  endfacet
  facet normal -0.0 0.0 -1.0
    outer loop
      vertex 101.78979 10.9 0.0
      vertex 96.0 8.0 0.0
      vertex 98.21021 10.9 0.0
    endloop
  endfacet
  facet normal 0.0 0.0 -1.0
    outer loop
      vertex 172.90800000000002 67.782 0.0
      vertex 172.0 68.0 0.0
      vertex 172.618 67.90209999999999 0.0
    endloop
  endfacet
  facet normal 0.0 0.0 -1.0
    outer loop
      vertex 172.618 67.90209999999999 0.0
      vertex 172.0 68.0 0.0
      vertex 172.3129 67.97540000000001 0.0
    endloop
  endfacet
  facet normal 0.0 0.0 -1.0
    outer loop
      vertex 166.2102 65.1 0.0
      vertex 172.0 68.0 0.0
      vertex 169.7898 65.1 0.0
    endloop
  endfacet
  facet normal 0.0 0.0 -1.0
    outer loop
      vertex 166.2102 58.9 0.0
      vertex 103.57957 62.0 0.0
      vertex 164.4204 62.0 0.0
    endloop
  endfacet
  facet normal 0.0 0.0 -1.0
    outer loop
      vertex 164.4204 62.0 0.0
      vertex 103.57957 62.0 0.0
      vertex 166.2102 65.1 0.0
    endloop
  endfacet
  facet normal 0.0 0.0 -1.0
    outer loop
      vertex 101.78979 65.1 0.0
      vertex 166.2102 65.1 0.0
      vertex 103.57957 62.0 0.0
    endloop
  endfacet
  facet normal 0.0 0.0 -1.0
    outer loop
      vertex 166.2102 65.1 0.0
      vertex 101.78979 65.1 0.0
      vertex 172.0 68.0 0.0
    endloop
  endfacet
  facet normal 0.0 0.0 -1.0
    outer loop
      vertex 96.0 68.0 0.0
      vertex 101.78979 65.1 0.0
      vertex 98.21021 65.1 0.0
    endloop
  endfacet
  facet normal 0.0 0.0 -1.0
    outer loop
      vertex 101.78979 65.1 0.0
      vertex 96.0 68.0 0.0
      vertex 172.0 68.0 0.0
    endloop
  endfacet
  facet normal 0.0 0.0 -1.0
    outer loop
      vertex 94.0 66.0 0.0
      vertex 98.21021 65.1 0.0
      vertex 96.42043 62.0 0.0
    endloop
  endfacet
  facet normal -0.0 0.0 -1.0
    outer loop
      vertex 96.42043 14.0 0.0
      vertex 94.0 10.0 0.0
      vertex 96.42043 62.0 0.0
    endloop
  endfacet
  facet normal 0.0 0.0 -1.0
    outer loop
      vertex 94.0 10.0 0.0
      vertex 96.0 8.0 0.0
      vertex 95.68713 8.0246229 0.0
    endloop
  endfacet
  facet normal 0.0 0.0 -1.0
    outer loop
      vertex 94.0 66.0 0.0
      vertex 96.42043 62.0 0.0
      vertex 94.0 10.0 0.0
    endloop
  endfacet
  facet normal 0.0 0.0 -1.0
    outer loop
      vertex 94.0 10.0 0.0
      vertex 95.68713 8.0246229 0.0
      vertex 95.38197 8.0978861 0.0
    endloop
  endfacet
  facet normal 0.0 0.0 -1.0
    outer loop
      vertex 98.21021 65.1 0.0
      vertex 94.0 66.0 0.0
      vertex 96.0 68.0 0.0
    endloop
  endfacet
  facet normal 0.0 0.0 -1.0
    outer loop
      vertex 94.0 10.0 0.0
      vertex 95.38197 8.0978861 0.0
      vertex 95.09202 8.217986 0.0
    endloop
  endfacet
  facet normal 0.0 0.0 -1.0
    outer loop
      vertex 96.0 68.0 0.0
      vertex 94.0 66.0 0.0
      vertex 95.68713 67.97540000000001 0.0
    endloop
  endfacet
  facet normal 0.0 0.0 -1.0
    outer loop
      vertex 94.0 10.0 0.0
      vertex 95.09202 8.217986 0.0
      vertex 94.824429 8.381966 0.0
    endloop
  endfacet
  facet normal 0.0 0.0 -1.0
    outer loop
      vertex 95.68713 67.97540000000001 0.0
      vertex 94.0 66.0 0.0
      vertex 95.38197 67.90209999999999 0.0
    endloop
  endfacet
  facet normal 0.0 0.0 -1.0
    outer loop
      vertex 94.0 10.0 0.0
      vertex 94.824429 8.381966 0.0
      vertex 94.585786 8.585786 0.0
    endloop
  endfacet
  facet normal 0.0 0.0 -1.0
    outer loop
      vertex 95.38197 67.90209999999999 0.0
      vertex 94.0 66.0 0.0
      vertex 95.09202 67.782 0.0
    endloop
  endfacet
  facet normal 0.0 0.0 -1.0
    outer loop
      vertex 94.0 10.0 0.0
      vertex 94.585786 8.585786 0.0
      vertex 94.381966 8.824429 0.0
    endloop
  endfacet
  facet normal 0.0 0.0 -1.0
    outer loop
      vertex 95.09202 67.782 0.0
      vertex 94.0 66.0 0.0
      vertex 94.824429 67.618 0.0
    endloop
  endfacet
  facet normal 0.0 0.0 -1.0
    outer loop
      vertex 94.0 10.0 0.0
      vertex 94.381966 8.824429 0.0
      vertex 94.217986 9.09202 0.0
    endloop
  endfacet
  facet normal 0.0 0.0 -1.0
    outer loop
      vertex 94.824429 67.618 0.0
      vertex 94.0 66.0 0.0
      vertex 94.585786 67.4142 0.0
    endloop
  endfacet
  facet normal 0.0 0.0 -1.0
    outer loop
      vertex 94.0 10.0 0.0
      vertex 94.217986 9.09202 0.0
      vertex 94.0978861 9.381969999999999 0.0
    endloop
  endfacet
  facet normal 0.0 0.0 -1.0
    outer loop
      vertex 94.585786 67.4142 0.0
      vertex 94.0 66.0 0.0
      vertex 94.381966 67.1756 0.0
    endloop
  endfacet
  facet normal 0.0 0.0 -1.0
    outer loop
      vertex 94.0 10.0 0.0
      vertex 94.0978861 9.381969999999999 0.0
      vertex 94.0246229 9.68713 0.0
    endloop
  endfacet
  facet normal 0.0 0.0 -1.0
    outer loop
      vertex 94.381966 67.1756 0.0
      vertex 94.0 66.0 0.0
      vertex 94.217986 66.908 0.0
    endloop
  endfacet
  facet normal 0.0 0.0 -1.0
    outer loop
      vertex 94.217986 66.908 0.0
      vertex 94.0 66.0 0.0
      vertex 94.0978861 66.618 0.0
    endloop
  endfacet
  facet normal 0.0 0.0 -1.0
    outer loop
      vertex 94.0978861 66.618 0.0
      vertex 94.0 66.0 0.0
      vertex 94.0246229 66.3129 0.0
    endloop
  endfacet
  facet normal -0.522545 0.852612 0.0
    outer loop
      vertex 95.09202 67.782 0.0
      vertex 94.824429 67.618 2.5
      vertex 95.09202 67.782 2.5
    endloop
  endfacet
  facet normal -0.522545 0.852612 0.0
    outer loop
      vertex 94.824429 67.618 2.5
      vertex 95.09202 67.782 0.0
      vertex 94.824429 67.618 0.0
    endloop
  endfacet
  facet normal 0.923881 -0.38268 0.0
    outer loop
      vertex 173.78199999999998 9.09202 2.5
      vertex 173.90210000000002 9.381969999999999 0.0
      vertex 173.90210000000002 9.381969999999999 2.5
    endloop
  endfacet
  facet normal 0.923881 -0.38268 0.0
    outer loop
      vertex 173.90210000000002 9.381969999999999 0.0
      vertex 173.78199999999998 9.09202 2.5
      vertex 173.78199999999998 9.09202 0.0
    endloop
  endfacet
  facet normal -0.233448 -0.972369 0.0
    outer loop
      vertex 95.38197 8.0978861 0.0
      vertex 95.68713 8.0246229 2.5
      vertex 95.38197 8.0978861 2.5
    endloop
  endfacet
  facet normal -0.233448 -0.972369 -0.0
    outer loop
      vertex 95.68713 8.0246229 2.5
      vertex 95.38197 8.0978861 0.0
      vertex 95.68713 8.0246229 0.0
    endloop
  endfacet
  facet normal -0.0784575 -0.996917 0.0
    outer loop
      vertex 95.68713 8.0246229 0.0
      vertex 96.0 8.0 2.5
      vertex 95.68713 8.0246229 2.5
    endloop
  endfacet
  facet normal -0.0784575 -0.996917 -0.0
    outer loop
      vertex 96.0 8.0 2.5
      vertex 95.68713 8.0246229 0.0
      vertex 96.0 8.0 0.0
    endloop
  endfacet
  facet normal 0.382624 -0.923904 0.0
    outer loop
      vertex 172.618 8.0978861 0.0
      vertex 172.90800000000002 8.217986 2.5
      vertex 172.618 8.0978861 2.5
    endloop
  endfacet
  facet normal 0.382624 -0.923904 0.0
    outer loop
      vertex 172.90800000000002 8.217986 2.5
      vertex 172.618 8.0978861 0.0
      vertex 172.90800000000002 8.217986 0.0
    endloop
  endfacet
  facet normal 0.522486 -0.852648 0.0
    outer loop
      vertex 172.90800000000002 8.217986 0.0
      vertex 173.1756 8.381966 2.5
      vertex 172.90800000000002 8.217986 2.5
    endloop
  endfacet
  facet normal 0.522486 -0.852648 0.0
    outer loop
      vertex 173.1756 8.381966 2.5
      vertex 172.90800000000002 8.217986 0.0
      vertex 173.1756 8.381966 0.0
    endloop
  endfacet
  facet normal -0.852648 0.522486 0.0
    outer loop
      vertex 94.217986 66.908 0.0
      vertex 94.381966 67.1756 2.5
      vertex 94.381966 67.1756 0.0
    endloop
  endfacet
  facet normal -0.852648 0.522486 0.0
    outer loop
      vertex 94.381966 67.1756 2.5
      vertex 94.217986 66.908 0.0
      vertex 94.217986 66.908 2.5
    endloop
  endfacet
  facet normal -0.923904 0.382624 0.0
    outer loop
      vertex 94.0978861 66.618 0.0
      vertex 94.217986 66.908 2.5
      vertex 94.217986 66.908 0.0
    endloop
  endfacet
  facet normal -0.923904 0.382624 0.0
    outer loop
      vertex 94.217986 66.908 2.5
      vertex 94.0978861 66.618 0.0
      vertex 94.0978861 66.618 2.5
    endloop
  endfacet
  facet normal -0.972359 0.233491 0.0
    outer loop
      vertex 94.0246229 66.3129 0.0
      vertex 94.0978861 66.618 2.5
      vertex 94.0978861 66.618 0.0
    endloop
  endfacet
  facet normal -0.972359 0.233491 0.0
    outer loop
      vertex 94.0978861 66.618 2.5
      vertex 94.0246229 66.3129 0.0
      vertex 94.0246229 66.3129 2.5
    endloop
  endfacet
  facet normal -0.233559 0.972343 0.0
    outer loop
      vertex 95.68713 67.97540000000001 0.0
      vertex 95.38197 67.90209999999999 2.5
      vertex 95.68713 67.97540000000001 2.5
    endloop
  endfacet
  facet normal -0.233559 0.972343 0.0
    outer loop
      vertex 95.38197 67.90209999999999 2.5
      vertex 95.68713 67.97540000000001 0.0
      vertex 95.38197 67.90209999999999 0.0
    endloop
  endfacet
  facet normal -0.078385 0.996923 0.0
    outer loop
      vertex 96.0 68.0 0.0
      vertex 95.68713 67.97540000000001 2.5
      vertex 96.0 68.0 2.5
    endloop
  endfacet
  facet normal -0.078385 0.996923 0.0
    outer loop
      vertex 95.68713 67.97540000000001 2.5
      vertex 96.0 68.0 0.0
      vertex 95.68713 67.97540000000001 0.0
    endloop
  endfacet
  facet normal -0.38268 0.923881 0.0
    outer loop
      vertex 95.38197 67.90209999999999 0.0
      vertex 95.09202 67.782 2.5
      vertex 95.38197 67.90209999999999 2.5
    endloop
  endfacet
  facet normal -0.38268 0.923881 0.0
    outer loop
      vertex 95.09202 67.782 2.5
      vertex 95.38197 67.90209999999999 0.0
      vertex 95.09202 67.782 0.0
    endloop
  endfacet
  facet normal 0.972343 -0.233559 0.0
    outer loop
      vertex 173.90210000000002 9.381969999999999 2.5
      vertex 173.97539999999998 9.68713 0.0
      vertex 173.97539999999998 9.68713 2.5
    endloop
  endfacet
  facet normal 0.972343 -0.233559 0.0
    outer loop
      vertex 173.97539999999998 9.68713 0.0
      vertex 173.90210000000002 9.381969999999999 2.5
      vertex 173.90210000000002 9.381969999999999 0.0
    endloop
  endfacet
  facet normal 0.852612 -0.522545 0.0
    outer loop
      vertex 173.618 8.824429 2.5
      vertex 173.78199999999998 9.09202 0.0
      vertex 173.78199999999998 9.09202 2.5
    endloop
  endfacet
  facet normal 0.852612 -0.522545 0.0
    outer loop
      vertex 173.78199999999998 9.09202 0.0
      vertex 173.618 8.824429 2.5
      vertex 173.618 8.824429 0.0
    endloop
  endfacet
  facet normal 0.649515 -0.760349 0.0
    outer loop
      vertex 173.1756 8.381966 0.0
      vertex 173.4142 8.585786 2.5
      vertex 173.1756 8.381966 2.5
    endloop
  endfacet
  facet normal 0.649515 -0.760349 0.0
    outer loop
      vertex 173.4142 8.585786 2.5
      vertex 173.1756 8.381966 0.0
      vertex 173.4142 8.585786 0.0
    endloop
  endfacet
  facet normal -0.38268 -0.923881 0.0
    outer loop
      vertex 95.09202 8.217986 0.0
      vertex 95.38197 8.0978861 2.5
      vertex 95.09202 8.217986 2.5
    endloop
  endfacet
  facet normal -0.38268 -0.923881 -0.0
    outer loop
      vertex 95.38197 8.0978861 2.5
      vertex 95.09202 8.217986 0.0
      vertex 95.38197 8.0978861 0.0
    endloop
  endfacet
  facet normal -0.649447 -0.760407 0.0
    outer loop
      vertex 94.585786 8.585786 0.0
      vertex 94.824429 8.381966 2.5
      vertex 94.585786 8.585786 2.5
    endloop
  endfacet
  facet normal -0.649447 -0.760407 -0.0
    outer loop
      vertex 94.824429 8.381966 2.5
      vertex 94.585786 8.585786 0.0
      vertex 94.824429 8.381966 0.0
    endloop
  endfacet
  facet normal -0.972369 -0.233448 0.0
    outer loop
      vertex 94.0978861 9.381969999999999 0.0
      vertex 94.0246229 9.68713 2.5
      vertex 94.0246229 9.68713 0.0
    endloop
  endfacet
  facet normal -0.972369 -0.233448 0.0
    outer loop
      vertex 94.0246229 9.68713 2.5
      vertex 94.0978861 9.381969999999999 0.0
      vertex 94.0978861 9.381969999999999 2.5
    endloop
  endfacet
  facet normal -0.760407 -0.649447 0.0
    outer loop
      vertex 94.585786 8.585786 0.0
      vertex 94.381966 8.824429 2.5
      vertex 94.381966 8.824429 0.0
    endloop
  endfacet
  facet normal -0.760407 -0.649447 0.0
    outer loop
      vertex 94.381966 8.824429 2.5
      vertex 94.585786 8.585786 0.0
      vertex 94.585786 8.585786 2.5
    endloop
  endfacet
  facet normal 0.233491 -0.972359 0.0
    outer loop
      vertex 172.3129 8.0246229 0.0
      vertex 172.618 8.0978861 2.5
      vertex 172.3129 8.0246229 2.5
    endloop
  endfacet
  facet normal 0.233491 -0.972359 0.0
    outer loop
      vertex 172.618 8.0978861 2.5
      vertex 172.3129 8.0246229 0.0
      vertex 172.618 8.0978861 0.0
    endloop
  endfacet
  facet normal -0.996918 0.07845 0.0
    outer loop
      vertex 94.0 66.0 0.0
      vertex 94.0246229 66.3129 2.5
      vertex 94.0246229 66.3129 0.0
    endloop
  endfacet
  facet normal -0.996918 0.07845 0.0
    outer loop
      vertex 94.0246229 66.3129 2.5
      vertex 94.0 66.0 0.0
      vertex 94.0 66.0 2.5
    endloop
  endfacet
  facet normal -0.760349 0.649515 0.0
    outer loop
      vertex 94.381966 67.1756 0.0
      vertex 94.585786 67.4142 2.5
      vertex 94.585786 67.4142 0.0
    endloop
  endfacet
  facet normal -0.760349 0.649515 0.0
    outer loop
      vertex 94.585786 67.4142 2.5
      vertex 94.381966 67.1756 0.0
      vertex 94.381966 67.1756 2.5
    endloop
  endfacet
  facet normal -0.649411 0.760438 0.0
    outer loop
      vertex 94.824429 67.618 0.0
      vertex 94.585786 67.4142 2.5
      vertex 94.824429 67.618 2.5
    endloop
  endfacet
  facet normal -0.649411 0.760438 0.0
    outer loop
      vertex 94.585786 67.4142 2.5
      vertex 94.824429 67.618 0.0
      vertex 94.585786 67.4142 0.0
    endloop
  endfacet
  facet normal 0.0783775 0.996924 -0.0
    outer loop
      vertex 172.3129 67.97540000000001 0.0
      vertex 172.0 68.0 2.5
      vertex 172.3129 67.97540000000001 2.5
    endloop
  endfacet
  facet normal 0.0783775 0.996924 0.0
    outer loop
      vertex 172.0 68.0 2.5
      vertex 172.3129 67.97540000000001 0.0
      vertex 172.0 68.0 0.0
    endloop
  endfacet
  facet normal 0.76038 0.649478 0.0
    outer loop
      vertex 173.618 67.1756 2.5
      vertex 173.4142 67.4142 0.0
      vertex 173.4142 67.4142 2.5
    endloop
  endfacet
  facet normal 0.76038 0.649478 0.0
    outer loop
      vertex 173.4142 67.4142 0.0
      vertex 173.618 67.1756 2.5
      vertex 173.618 67.1756 0.0
    endloop
  endfacet
  facet normal 0.760438 -0.649411 0.0
    outer loop
      vertex 173.4142 8.585786 2.5
      vertex 173.618 8.824429 0.0
      vertex 173.618 8.824429 2.5
    endloop
  endfacet
  facet normal 0.760438 -0.649411 0.0
    outer loop
      vertex 173.618 8.824429 0.0
      vertex 173.4142 8.585786 2.5
      vertex 173.4142 8.585786 0.0
    endloop
  endfacet
  facet normal -0.923881 -0.38268 0.0
    outer loop
      vertex 94.217986 9.09202 0.0
      vertex 94.0978861 9.381969999999999 2.5
      vertex 94.0978861 9.381969999999999 0.0
    endloop
  endfacet
  facet normal -0.923881 -0.38268 0.0
    outer loop
      vertex 94.0978861 9.381969999999999 2.5
      vertex 94.217986 9.09202 0.0
      vertex 94.217986 9.09202 2.5
    endloop
  endfacet
  facet normal 0.233602 0.972332 -0.0
    outer loop
      vertex 172.618 67.90209999999999 0.0
      vertex 172.3129 67.97540000000001 2.5
      vertex 172.618 67.90209999999999 2.5
    endloop
  endfacet
  facet normal 0.233602 0.972332 0.0
    outer loop
      vertex 172.3129 67.97540000000001 2.5
      vertex 172.618 67.90209999999999 0.0
      vertex 172.3129 67.97540000000001 0.0
    endloop
  endfacet
  facet normal 0.382624 0.923904 -0.0
    outer loop
      vertex 172.90800000000002 67.782 0.0
      vertex 172.618 67.90209999999999 2.5
      vertex 172.90800000000002 67.782 2.5
    endloop
  endfacet
  facet normal 0.382624 0.923904 0.0
    outer loop
      vertex 172.618 67.90209999999999 2.5
      vertex 172.90800000000002 67.782 0.0
      vertex 172.618 67.90209999999999 0.0
    endloop
  endfacet
  facet normal 0.522532 0.85262 -0.0
    outer loop
      vertex 173.1756 67.618 0.0
      vertex 172.90800000000002 67.782 2.5
      vertex 173.1756 67.618 2.5
    endloop
  endfacet
  facet normal 0.522532 0.85262 0.0
    outer loop
      vertex 172.90800000000002 67.782 2.5
      vertex 173.1756 67.618 0.0
      vertex 172.90800000000002 67.782 0.0
    endloop
  endfacet
  facet normal 0.85262 0.522532 0.0
    outer loop
      vertex 173.78199999999998 66.908 2.5
      vertex 173.618 67.1756 0.0
      vertex 173.618 67.1756 2.5
    endloop
  endfacet
  facet normal 0.85262 0.522532 0.0
    outer loop
      vertex 173.618 67.1756 0.0
      vertex 173.78199999999998 66.908 2.5
      vertex 173.78199999999998 66.908 0.0
    endloop
  endfacet
  facet normal 0.923904 0.382624 0.0
    outer loop
      vertex 173.90210000000002 66.618 2.5
      vertex 173.78199999999998 66.908 0.0
      vertex 173.78199999999998 66.908 2.5
    endloop
  endfacet
  facet normal 0.923904 0.382624 0.0
    outer loop
      vertex 173.78199999999998 66.908 0.0
      vertex 173.90210000000002 66.618 2.5
      vertex 173.90210000000002 66.618 0.0
    endloop
  endfacet
  facet normal 0.972332 0.233602 0.0
    outer loop
      vertex 173.97539999999998 66.3129 2.5
      vertex 173.90210000000002 66.618 0.0
      vertex 173.90210000000002 66.618 2.5
    endloop
  endfacet
  facet normal 0.972332 0.233602 0.0
    outer loop
      vertex 173.90210000000002 66.618 0.0
      vertex 173.97539999999998 66.3129 2.5
      vertex 173.97539999999998 66.3129 0.0
    endloop
  endfacet
endsolid mcu_box_lid_1
