solid OpenSCAD_Model
  facet normal 0.649478 0.76038 -0
    outer loop
      vertex 79.4142 59.4142 0
      vertex 79.1756 59.618 30
      vertex 79.4142 59.4142 30
    endloop
  endfacet
  facet normal 0.649478 0.76038 0
    outer loop
      vertex 79.1756 59.618 30
      vertex 79.4142 59.4142 0
      vertex 79.1756 59.618 0
    endloop
  endfacet
  facet normal -0.996917 -0.0784575 0
    outer loop
      vertex 0.0246229 1.68713 0
      vertex 0 2 30
      vertex 0 2 0
    endloop
  endfacet
  facet normal -0.996917 -0.0784575 0
    outer loop
      vertex 0 2 30
      vertex 0.0246229 1.68713 0
      vertex 0.0246229 1.68713 30
    endloop
  endfacet
  facet normal 0.996924 0.0783775 0
    outer loop
      vertex 80 58 30
      vertex 79.9754 58.3129 0
      vertex 79.9754 58.3129 30
    endloop
  endfacet
  facet normal 0.996924 0.0783775 0
    outer loop
      vertex 79.9754 58.3129 0
      vertex 80 58 30
      vertex 80 58 0
    endloop
  endfacet
  facet normal 1 0 0
    outer loop
      vertex 80 58 30
      vertex 80 37 13.5
      vertex 80 58 0
    endloop
  endfacet
  facet normal 1 0 0
    outer loop
      vertex 80 58 30
      vertex 80 23 13.5
      vertex 80 37 13.5
    endloop
  endfacet
  facet normal 1 0 0
    outer loop
      vertex 80 2 0
      vertex 80 23 13.5
      vertex 80 2 30
    endloop
  endfacet
  facet normal 1 -0 0
    outer loop
      vertex 80 2 30
      vertex 80 23 13.5
      vertex 80 58 30
    endloop
  endfacet
  facet normal 1 -0 0
    outer loop
      vertex 80 37 5.5
      vertex 80 58 0
      vertex 80 37 13.5
    endloop
  endfacet
  facet normal 1 -0 0
    outer loop
      vertex 80 23 5.5
      vertex 80 58 0
      vertex 80 37 5.5
    endloop
  endfacet
  facet normal 1 0 0
    outer loop
      vertex 80 23 5.5
      vertex 80 2 0
      vertex 80 58 0
    endloop
  endfacet
  facet normal 1 0 0
    outer loop
      vertex 80 23 13.5
      vertex 80 2 0
      vertex 80 23 5.5
    endloop
  endfacet
  facet normal -0.522499 -0.85264 0
    outer loop
      vertex 0.824429 0.381966 0
      vertex 1.09202 0.217986 30
      vertex 0.824429 0.381966 30
    endloop
  endfacet
  facet normal -0.522499 -0.85264 -0
    outer loop
      vertex 1.09202 0.217986 30
      vertex 0.824429 0.381966 0
      vertex 1.09202 0.217986 0
    endloop
  endfacet
  facet normal 0 -1 0
    outer loop
      vertex 2 0 0
      vertex 78 0 30
      vertex 2 0 30
    endloop
  endfacet
  facet normal 0 -1 -0
    outer loop
      vertex 78 0 30
      vertex 2 0 0
      vertex 78 0 0
    endloop
  endfacet
  facet normal 0 0 1
    outer loop
      vertex 77.5 57.5 30
      vertex 80 58 30
      vertex 79.9754 58.3129 30
    endloop
  endfacet
  facet normal 0 0 1
    outer loop
      vertex 80 58 30
      vertex 77.5 57.5 30
      vertex 80 2 30
    endloop
  endfacet
  facet normal 0 0 1
    outer loop
      vertex 77.5 57.5 30
      vertex 79.9754 58.3129 30
      vertex 79.9021 58.618 30
    endloop
  endfacet
  facet normal -0 0 1
    outer loop
      vertex 77.5 2.5 30
      vertex 80 2 30
      vertex 77.5 57.5 30
    endloop
  endfacet
  facet normal 0 0 1
    outer loop
      vertex 77.5 57.5 30
      vertex 79.9021 58.618 30
      vertex 79.782 58.908 30
    endloop
  endfacet
  facet normal 0 0 1
    outer loop
      vertex 80 2 30
      vertex 77.5 2.5 30
      vertex 79.9754 1.68713 30
    endloop
  endfacet
  facet normal 0 0 1
    outer loop
      vertex 77.5 57.5 30
      vertex 79.782 58.908 30
      vertex 79.618 59.1756 30
    endloop
  endfacet
  facet normal 0 0 1
    outer loop
      vertex 79.9754 1.68713 30
      vertex 77.5 2.5 30
      vertex 79.9021 1.38197 30
    endloop
  endfacet
  facet normal 0 0 1
    outer loop
      vertex 77.5 57.5 30
      vertex 79.618 59.1756 30
      vertex 79.4142 59.4142 30
    endloop
  endfacet
  facet normal 0 0 1
    outer loop
      vertex 79.9021 1.38197 30
      vertex 77.5 2.5 30
      vertex 79.782 1.09202 30
    endloop
  endfacet
  facet normal 0 0 1
    outer loop
      vertex 77.5 57.5 30
      vertex 79.4142 59.4142 30
      vertex 79.1756 59.618 30
    endloop
  endfacet
  facet normal 0 0 1
    outer loop
      vertex 79.782 1.09202 30
      vertex 77.5 2.5 30
      vertex 79.618 0.824429 30
    endloop
  endfacet
  facet normal 0 0 1
    outer loop
      vertex 77.5 57.5 30
      vertex 79.1756 59.618 30
      vertex 78.908 59.782 30
    endloop
  endfacet
  facet normal 0 0 1
    outer loop
      vertex 79.618 0.824429 30
      vertex 77.5 2.5 30
      vertex 79.4142 0.585786 30
    endloop
  endfacet
  facet normal 0 0 1
    outer loop
      vertex 77.5 57.5 30
      vertex 78.908 59.782 30
      vertex 78.618 59.9021 30
    endloop
  endfacet
  facet normal 0 0 1
    outer loop
      vertex 79.4142 0.585786 30
      vertex 77.5 2.5 30
      vertex 79.1756 0.381966 30
    endloop
  endfacet
  facet normal 0 0 1
    outer loop
      vertex 77.5 57.5 30
      vertex 78.618 59.9021 30
      vertex 78.3129 59.9754 30
    endloop
  endfacet
  facet normal 0 0 1
    outer loop
      vertex 79.1756 0.381966 30
      vertex 77.5 2.5 30
      vertex 78.908 0.217986 30
    endloop
  endfacet
  facet normal 0 0 1
    outer loop
      vertex 77.5 57.5 30
      vertex 78.3129 59.9754 30
      vertex 78 60 30
    endloop
  endfacet
  facet normal 0 0 1
    outer loop
      vertex 78.908 0.217986 30
      vertex 77.5 2.5 30
      vertex 78.618 0.0978861 30
    endloop
  endfacet
  facet normal 0 0 1
    outer loop
      vertex 78.618 0.0978861 30
      vertex 77.5 2.5 30
      vertex 78.3129 0.0246229 30
    endloop
  endfacet
  facet normal 0 0 1
    outer loop
      vertex 78 60 30
      vertex 2.5 57.5 30
      vertex 77.5 57.5 30
    endloop
  endfacet
  facet normal -0 0 1
    outer loop
      vertex 1.68713 59.9754 30
      vertex 2.5 57.5 30
      vertex 2 60 30
    endloop
  endfacet
  facet normal -0 0 1
    outer loop
      vertex 2 60 30
      vertex 2.5 57.5 30
      vertex 78 60 30
    endloop
  endfacet
  facet normal 0 0 1
    outer loop
      vertex 78.3129 0.0246229 30
      vertex 77.5 2.5 30
      vertex 78 0 30
    endloop
  endfacet
  facet normal -0 0 1
    outer loop
      vertex 2.5 2.5 30
      vertex 78 0 30
      vertex 77.5 2.5 30
    endloop
  endfacet
  facet normal 0 0 1
    outer loop
      vertex 2.5 2.5 30
      vertex 2 0 30
      vertex 78 0 30
    endloop
  endfacet
  facet normal 0 0 1
    outer loop
      vertex 2.5 57.5 30
      vertex 0 58 30
      vertex 2.5 2.5 30
    endloop
  endfacet
  facet normal -0 0 1
    outer loop
      vertex 1.38197 59.9021 30
      vertex 2.5 57.5 30
      vertex 1.68713 59.9754 30
    endloop
  endfacet
  facet normal 0 0 1
    outer loop
      vertex 0 2 30
      vertex 2.5 2.5 30
      vertex 0 58 30
    endloop
  endfacet
  facet normal -0 0 1
    outer loop
      vertex 1.09202 59.782 30
      vertex 2.5 57.5 30
      vertex 1.38197 59.9021 30
    endloop
  endfacet
  facet normal 0 -0 1
    outer loop
      vertex 0.0246229 1.68713 30
      vertex 2.5 2.5 30
      vertex 0 2 30
    endloop
  endfacet
  facet normal -0 0 1
    outer loop
      vertex 0.824429 59.618 30
      vertex 2.5 57.5 30
      vertex 1.09202 59.782 30
    endloop
  endfacet
  facet normal 0 0 1
    outer loop
      vertex 2.5 2.5 30
      vertex 1.68713 0.0246229 30
      vertex 2 0 30
    endloop
  endfacet
  facet normal -0 0 1
    outer loop
      vertex 0.585786 59.4142 30
      vertex 2.5 57.5 30
      vertex 0.824429 59.618 30
    endloop
  endfacet
  facet normal 0 0 1
    outer loop
      vertex 2.5 2.5 30
      vertex 1.38197 0.0978861 30
      vertex 1.68713 0.0246229 30
    endloop
  endfacet
  facet normal -0 0 1
    outer loop
      vertex 0.381966 59.1756 30
      vertex 2.5 57.5 30
      vertex 0.585786 59.4142 30
    endloop
  endfacet
  facet normal 0 0 1
    outer loop
      vertex 2.5 2.5 30
      vertex 1.09202 0.217986 30
      vertex 1.38197 0.0978861 30
    endloop
  endfacet
  facet normal -0 0 1
    outer loop
      vertex 0.217986 58.908 30
      vertex 2.5 57.5 30
      vertex 0.381966 59.1756 30
    endloop
  endfacet
  facet normal 0 0 1
    outer loop
      vertex 2.5 2.5 30
      vertex 0.824429 0.381966 30
      vertex 1.09202 0.217986 30
    endloop
  endfacet
  facet normal -0 0 1
    outer loop
      vertex 0.0978861 58.618 30
      vertex 2.5 57.5 30
      vertex 0.217986 58.908 30
    endloop
  endfacet
  facet normal 0 0 1
    outer loop
      vertex 2.5 2.5 30
      vertex 0.585786 0.585786 30
      vertex 0.824429 0.381966 30
    endloop
  endfacet
  facet normal -0 0 1
    outer loop
      vertex 0.0246229 58.3129 30
      vertex 2.5 57.5 30
      vertex 0.0978861 58.618 30
    endloop
  endfacet
  facet normal 0 0 1
    outer loop
      vertex 2.5 2.5 30
      vertex 0.381966 0.824429 30
      vertex 0.585786 0.585786 30
    endloop
  endfacet
  facet normal 0 0 1
    outer loop
      vertex 2.5 57.5 30
      vertex 0.0246229 58.3129 30
      vertex 0 58 30
    endloop
  endfacet
  facet normal 0 0 1
    outer loop
      vertex 2.5 2.5 30
      vertex 0.217986 1.09202 30
      vertex 0.381966 0.824429 30
    endloop
  endfacet
  facet normal 0 0 1
    outer loop
      vertex 2.5 2.5 30
      vertex 0.0978861 1.38197 30
      vertex 0.217986 1.09202 30
    endloop
  endfacet
  facet normal 0 0 1
    outer loop
      vertex 2.5 2.5 30
      vertex 0.0246229 1.68713 30
      vertex 0.0978861 1.38197 30
    endloop
  endfacet
  facet normal 0 1 -0
    outer loop
      vertex 78 60 0
      vertex 2 60 30
      vertex 78 60 30
    endloop
  endfacet
  facet normal 0 1 0
    outer loop
      vertex 2 60 30
      vertex 78 60 0
      vertex 2 60 0
    endloop
  endfacet
  facet normal -0.0784575 -0.996917 0
    outer loop
      vertex 1.68713 0.0246229 0
      vertex 2 0 30
      vertex 1.68713 0.0246229 30
    endloop
  endfacet
  facet normal -0.0784575 -0.996917 -0
    outer loop
      vertex 2 0 30
      vertex 1.68713 0.0246229 0
      vertex 2 0 0
    endloop
  endfacet
  facet normal -0.85264 -0.522499 0
    outer loop
      vertex 0.381966 0.824429 0
      vertex 0.217986 1.09202 30
      vertex 0.217986 1.09202 0
    endloop
  endfacet
  facet normal -0.85264 -0.522499 0
    outer loop
      vertex 0.217986 1.09202 30
      vertex 0.381966 0.824429 0
      vertex 0.381966 0.824429 30
    endloop
  endfacet
  facet normal 0.07845 -0.996918 0
    outer loop
      vertex 78 0 0
      vertex 78.3129 0.0246229 30
      vertex 78 0 30
    endloop
  endfacet
  facet normal 0.07845 -0.996918 0
    outer loop
      vertex 78.3129 0.0246229 30
      vertex 78 0 0
      vertex 78.3129 0.0246229 0
    endloop
  endfacet
  facet normal -1 0 0
    outer loop
      vertex 0 39 13.5
      vertex 0 58 0
      vertex 0 39 5.5
    endloop
  endfacet
  facet normal -1 0 0
    outer loop
      vertex 0 58 0
      vertex 0 21 5.5
      vertex 0 39 5.5
    endloop
  endfacet
  facet normal -1 -0 0
    outer loop
      vertex 0 21 5.5
      vertex 0 2 0
      vertex 0 21 13.5
    endloop
  endfacet
  facet normal -1 0 0
    outer loop
      vertex 0 2 0
      vertex 0 21 5.5
      vertex 0 58 0
    endloop
  endfacet
  facet normal -1 0 0
    outer loop
      vertex 0 58 0
      vertex 0 39 13.5
      vertex 0 58 30
    endloop
  endfacet
  facet normal -1 0 0
    outer loop
      vertex 0 21 13.5
      vertex 0 58 30
      vertex 0 39 13.5
    endloop
  endfacet
  facet normal -1 0 0
    outer loop
      vertex 0 21 13.5
      vertex 0 2 30
      vertex 0 58 30
    endloop
  endfacet
  facet normal -1 0 0
    outer loop
      vertex 0 2 30
      vertex 0 21 13.5
      vertex 0 2 0
    endloop
  endfacet
  facet normal -0 0 -1
    outer loop
      vertex 14.4483 19.2359 0
      vertex 6.26594 7.67907 0
      vertex 14.3417 19.4098 0
    endloop
  endfacet
  facet normal 0 0 -1
    outer loop
      vertex 14.216 39.7966 0
      vertex 7.67907 53.7341 0
      vertex 7.7 54 0
    endloop
  endfacet
  facet normal 0 0 -1
    outer loop
      vertex 6 7.7 0
      vertex 14.3417 19.4098 0
      vertex 6.26594 7.67907 0
    endloop
  endfacet
  facet normal 0 0 -1
    outer loop
      vertex 14.216 39.7966 0
      vertex 7.6168 53.4747 0
      vertex 7.67907 53.7341 0
    endloop
  endfacet
  facet normal -0 0 -1
    outer loop
      vertex 14.3417 19.4098 0
      vertex 6 7.7 0
      vertex 14.2636 19.5983 0
    endloop
  endfacet
  facet normal 0 0 -1
    outer loop
      vertex 14.216 39.7966 0
      vertex 7.51471 53.2282 0
      vertex 7.6168 53.4747 0
    endloop
  endfacet
  facet normal 0 0 -1
    outer loop
      vertex 5.73406 7.67907 0
      vertex 14.2636 19.5983 0
      vertex 6 7.7 0
    endloop
  endfacet
  facet normal 0 0 -1
    outer loop
      vertex 14.216 39.7966 0
      vertex 7.37533 53.0008 0
      vertex 7.51471 53.2282 0
    endloop
  endfacet
  facet normal -0 0 -1
    outer loop
      vertex 14.2636 19.5983 0
      vertex 5.73406 7.67907 0
      vertex 14.216 19.7966 0
    endloop
  endfacet
  facet normal 0 0 -1
    outer loop
      vertex 14.216 39.7966 0
      vertex 7.20208 52.7979 0
      vertex 7.37533 53.0008 0
    endloop
  endfacet
  facet normal 0 0 -1
    outer loop
      vertex 5.47467 7.6168 0
      vertex 14.216 19.7966 0
      vertex 5.73406 7.67907 0
    endloop
  endfacet
  facet normal 0 0 -1
    outer loop
      vertex 14.216 39.7966 0
      vertex 6.99923 52.6247 0
      vertex 7.20208 52.7979 0
    endloop
  endfacet
  facet normal -0 0 -1
    outer loop
      vertex 14.216 19.7966 0
      vertex 5.47467 7.6168 0
      vertex 14.2 20 0
    endloop
  endfacet
  facet normal 0 0 -1
    outer loop
      vertex 14.216 39.7966 0
      vertex 6.77178 52.4853 0
      vertex 6.99923 52.6247 0
    endloop
  endfacet
  facet normal 0 0 -1
    outer loop
      vertex 5.22822 7.51471 0
      vertex 14.2 20 0
      vertex 5.47467 7.6168 0
    endloop
  endfacet
  facet normal 0 0 -1
    outer loop
      vertex 14.216 39.7966 0
      vertex 6.52533 52.3832 0
      vertex 6.77178 52.4853 0
    endloop
  endfacet
  facet normal -0 0 -1
    outer loop
      vertex 14.2 20 0
      vertex 5.22822 7.51471 0
      vertex 14.216 20.2034 0
    endloop
  endfacet
  facet normal 0 0 -1
    outer loop
      vertex 14.216 39.7966 0
      vertex 6.26594 52.3209 0
      vertex 6.52533 52.3832 0
    endloop
  endfacet
  facet normal 0 0 -1
    outer loop
      vertex 5.00076 7.37533 0
      vertex 14.216 20.2034 0
      vertex 5.22822 7.51471 0
    endloop
  endfacet
  facet normal 0 0 -1
    outer loop
      vertex 14.216 39.7966 0
      vertex 6 52.3 0
      vertex 6.26594 52.3209 0
    endloop
  endfacet
  facet normal -0 0 -1
    outer loop
      vertex 14.216 20.2034 0
      vertex 5.00076 7.37533 0
      vertex 14.2636 20.4017 0
    endloop
  endfacet
  facet normal 0 0 -1
    outer loop
      vertex 14.216 39.7966 0
      vertex 5.73406 52.3209 0
      vertex 6 52.3 0
    endloop
  endfacet
  facet normal -0 0 -1
    outer loop
      vertex 14.2636 20.4017 0
      vertex 5.00076 7.37533 0
      vertex 14.2636 39.5983 0
    endloop
  endfacet
  facet normal 0 0 -1
    outer loop
      vertex 14.216 39.7966 0
      vertex 5.47467 52.3832 0
      vertex 5.73406 52.3209 0
    endloop
  endfacet
  facet normal 0 0 -1
    outer loop
      vertex 5.00076 52.6247 0
      vertex 14.2636 39.5983 0
      vertex 5.00076 7.37533 0
    endloop
  endfacet
  facet normal 0 0 -1
    outer loop
      vertex 14.216 39.7966 0
      vertex 5.22822 52.4853 0
      vertex 5.47467 52.3832 0
    endloop
  endfacet
  facet normal 0 0 -1
    outer loop
      vertex 14.2636 39.5983 0
      vertex 5.00076 52.6247 0
      vertex 14.216 39.7966 0
    endloop
  endfacet
  facet normal 0 0 -1
    outer loop
      vertex 14.216 39.7966 0
      vertex 5.00076 52.6247 0
      vertex 5.22822 52.4853 0
    endloop
  endfacet
  facet normal 0 0 -1
    outer loop
      vertex 4.79792 7.20208 0
      vertex 5.00076 52.6247 0
      vertex 5.00076 7.37533 0
    endloop
  endfacet
  facet normal 0 0 -1
    outer loop
      vertex 4.79792 7.20208 0
      vertex 4.79792 52.7979 0
      vertex 5.00076 52.6247 0
    endloop
  endfacet
  facet normal 0 0 -1
    outer loop
      vertex 4.62467 6.99923 0
      vertex 4.79792 52.7979 0
      vertex 4.79792 7.20208 0
    endloop
  endfacet
  facet normal 0 0 -1
    outer loop
      vertex 4.62467 6.99923 0
      vertex 4.62467 53.0008 0
      vertex 4.79792 52.7979 0
    endloop
  endfacet
  facet normal 0 0 -1
    outer loop
      vertex 0 2 0
      vertex 4.62467 6.99923 0
      vertex 4.48529 6.77178 0
    endloop
  endfacet
  facet normal -0 0 -1
    outer loop
      vertex 4.62467 6.99923 0
      vertex 0 2 0
      vertex 4.62467 53.0008 0
    endloop
  endfacet
  facet normal 0 0 -1
    outer loop
      vertex 0 2 0
      vertex 4.48529 6.77178 0
      vertex 4.3832 6.52533 0
    endloop
  endfacet
  facet normal 0 0 -1
    outer loop
      vertex 0 58 0
      vertex 4.62467 53.0008 0
      vertex 0 2 0
    endloop
  endfacet
  facet normal 0 0 -1
    outer loop
      vertex 0 2 0
      vertex 4.3832 6.52533 0
      vertex 4.32093 6.26594 0
    endloop
  endfacet
  facet normal 0 0 -1
    outer loop
      vertex 4.62467 53.0008 0
      vertex 0 58 0
      vertex 4.48529 53.2282 0
    endloop
  endfacet
  facet normal 0 0 -1
    outer loop
      vertex 0 2 0
      vertex 4.32093 6.26594 0
      vertex 4.3 6 0
    endloop
  endfacet
  facet normal 0 0 -1
    outer loop
      vertex 4.48529 53.2282 0
      vertex 0 58 0
      vertex 4.3832 53.4747 0
    endloop
  endfacet
  facet normal 0 0 -1
    outer loop
      vertex 63.2636 20.4017 0
      vertex 16.7364 20.4017 0
      vertex 63.2636 39.5983 0
    endloop
  endfacet
  facet normal 0 0 -1
    outer loop
      vertex 63.2636 39.5983 0
      vertex 16.784 39.7966 0
      vertex 16.8 40 0
    endloop
  endfacet
  facet normal 0 0 -1
    outer loop
      vertex 16.7364 39.5983 0
      vertex 63.2636 39.5983 0
      vertex 16.7364 20.4017 0
    endloop
  endfacet
  facet normal 0 0 -1
    outer loop
      vertex 63.2636 39.5983 0
      vertex 16.7364 39.5983 0
      vertex 16.784 39.7966 0
    endloop
  endfacet
  facet normal 0 0 -1
    outer loop
      vertex 16.6583 20.5902 0
      vertex 16.7364 39.5983 0
      vertex 16.7364 20.4017 0
    endloop
  endfacet
  facet normal 0 0 -1
    outer loop
      vertex 16.6583 20.5902 0
      vertex 16.6583 39.4098 0
      vertex 16.7364 39.5983 0
    endloop
  endfacet
  facet normal 0 0 -1
    outer loop
      vertex 16.5517 20.7641 0
      vertex 16.6583 39.4098 0
      vertex 16.6583 20.5902 0
    endloop
  endfacet
  facet normal 0 0 -1
    outer loop
      vertex 16.5517 20.7641 0
      vertex 16.5517 39.2359 0
      vertex 16.6583 39.4098 0
    endloop
  endfacet
  facet normal 0 0 -1
    outer loop
      vertex 16.4192 20.9192 0
      vertex 16.5517 39.2359 0
      vertex 16.5517 20.7641 0
    endloop
  endfacet
  facet normal 0 0 -1
    outer loop
      vertex 16.4192 20.9192 0
      vertex 16.4192 39.0808 0
      vertex 16.5517 39.2359 0
    endloop
  endfacet
  facet normal 0 0 -1
    outer loop
      vertex 16.2641 21.0517 0
      vertex 16.4192 39.0808 0
      vertex 16.4192 20.9192 0
    endloop
  endfacet
  facet normal 0 0 -1
    outer loop
      vertex 16.2641 21.0517 0
      vertex 16.2641 38.9483 0
      vertex 16.4192 39.0808 0
    endloop
  endfacet
  facet normal 0 0 -1
    outer loop
      vertex 16.0902 21.1583 0
      vertex 16.2641 38.9483 0
      vertex 16.2641 21.0517 0
    endloop
  endfacet
  facet normal 0 0 -1
    outer loop
      vertex 16.0902 21.1583 0
      vertex 16.0902 38.8417 0
      vertex 16.2641 38.9483 0
    endloop
  endfacet
  facet normal 0 0 -1
    outer loop
      vertex 15.9017 21.2364 0
      vertex 16.0902 38.8417 0
      vertex 16.0902 21.1583 0
    endloop
  endfacet
  facet normal 0 0 -1
    outer loop
      vertex 15.9017 21.2364 0
      vertex 15.9017 38.7636 0
      vertex 16.0902 38.8417 0
    endloop
  endfacet
  facet normal 0 0 -1
    outer loop
      vertex 15.7034 21.284 0
      vertex 15.9017 38.7636 0
      vertex 15.9017 21.2364 0
    endloop
  endfacet
  facet normal 0 0 -1
    outer loop
      vertex 15.7034 21.284 0
      vertex 15.7034 38.716 0
      vertex 15.9017 38.7636 0
    endloop
  endfacet
  facet normal 0 0 -1
    outer loop
      vertex 15.5 21.3 0
      vertex 15.7034 38.716 0
      vertex 15.7034 21.284 0
    endloop
  endfacet
  facet normal 0 0 -1
    outer loop
      vertex 15.5 21.3 0
      vertex 15.5 38.7 0
      vertex 15.7034 38.716 0
    endloop
  endfacet
  facet normal 0 0 -1
    outer loop
      vertex 15.2966 21.284 0
      vertex 15.5 38.7 0
      vertex 15.5 21.3 0
    endloop
  endfacet
  facet normal 0 0 -1
    outer loop
      vertex 15.2966 21.284 0
      vertex 15.2966 38.716 0
      vertex 15.5 38.7 0
    endloop
  endfacet
  facet normal 0 0 -1
    outer loop
      vertex 15.0983 21.2364 0
      vertex 15.2966 38.716 0
      vertex 15.2966 21.284 0
    endloop
  endfacet
  facet normal 0 0 -1
    outer loop
      vertex 15.0983 21.2364 0
      vertex 15.0983 38.7636 0
      vertex 15.2966 38.716 0
    endloop
  endfacet
  facet normal 0 0 -1
    outer loop
      vertex 14.9098 21.1583 0
      vertex 15.0983 38.7636 0
      vertex 15.0983 21.2364 0
    endloop
  endfacet
  facet normal 0 0 -1
    outer loop
      vertex 14.9098 21.1583 0
      vertex 14.9098 38.8417 0
      vertex 15.0983 38.7636 0
    endloop
  endfacet
  facet normal 0 0 -1
    outer loop
      vertex 14.7359 21.0517 0
      vertex 14.9098 38.8417 0
      vertex 14.9098 21.1583 0
    endloop
  endfacet
  facet normal 0 0 -1
    outer loop
      vertex 14.7359 21.0517 0
      vertex 14.7359 38.9483 0
      vertex 14.9098 38.8417 0
    endloop
  endfacet
  facet normal 0 0 -1
    outer loop
      vertex 14.5808 20.9192 0
      vertex 14.7359 38.9483 0
      vertex 14.7359 21.0517 0
    endloop
  endfacet
  facet normal 0 0 -1
    outer loop
      vertex 14.5808 20.9192 0
      vertex 14.5808 39.0808 0
      vertex 14.7359 38.9483 0
    endloop
  endfacet
  facet normal 0 0 -1
    outer loop
      vertex 14.4483 20.7641 0
      vertex 14.5808 39.0808 0
      vertex 14.5808 20.9192 0
    endloop
  endfacet
  facet normal 0 0 -1
    outer loop
      vertex 14.4483 20.7641 0
      vertex 14.4483 39.2359 0
      vertex 14.5808 39.0808 0
    endloop
  endfacet
  facet normal 0 0 -1
    outer loop
      vertex 14.3417 20.5902 0
      vertex 14.4483 39.2359 0
      vertex 14.4483 20.7641 0
    endloop
  endfacet
  facet normal 0 0 -1
    outer loop
      vertex 14.3417 20.5902 0
      vertex 14.3417 39.4098 0
      vertex 14.4483 39.2359 0
    endloop
  endfacet
  facet normal 0 0 -1
    outer loop
      vertex 14.2636 20.4017 0
      vertex 14.3417 39.4098 0
      vertex 14.3417 20.5902 0
    endloop
  endfacet
  facet normal 0 0 -1
    outer loop
      vertex 14.2636 20.4017 0
      vertex 14.2636 39.5983 0
      vertex 14.3417 39.4098 0
    endloop
  endfacet
  facet normal -0 0 -1
    outer loop
      vertex 14.5808 19.0808 0
      vertex 6.52533 7.6168 0
      vertex 14.4483 19.2359 0
    endloop
  endfacet
  facet normal 0 0 -1
    outer loop
      vertex 6.26594 7.67907 0
      vertex 14.4483 19.2359 0
      vertex 6.52533 7.6168 0
    endloop
  endfacet
  facet normal 0 0 -1
    outer loop
      vertex 6.77178 7.51471 0
      vertex 14.7359 18.9483 0
      vertex 6.99923 7.37533 0
    endloop
  endfacet
  facet normal -0 0 -1
    outer loop
      vertex 14.7359 18.9483 0
      vertex 6.77178 7.51471 0
      vertex 14.5808 19.0808 0
    endloop
  endfacet
  facet normal 0 0 -1
    outer loop
      vertex 74.9992 7.37533 0
      vertex 65.7364 20.4017 0
      vertex 74.9992 52.6247 0
    endloop
  endfacet
  facet normal 0 0 -1
    outer loop
      vertex 74.9992 52.6247 0
      vertex 65.784 39.7966 0
      vertex 65.8 40 0
    endloop
  endfacet
  facet normal 0 0 -1
    outer loop
      vertex 65.7364 39.5983 0
      vertex 74.9992 52.6247 0
      vertex 65.7364 20.4017 0
    endloop
  endfacet
  facet normal 0 0 -1
    outer loop
      vertex 74.9992 52.6247 0
      vertex 65.7364 39.5983 0
      vertex 65.784 39.7966 0
    endloop
  endfacet
  facet normal 0 0 -1
    outer loop
      vertex 65.6583 20.5902 0
      vertex 65.7364 39.5983 0
      vertex 65.7364 20.4017 0
    endloop
  endfacet
  facet normal 0 0 -1
    outer loop
      vertex 65.6583 20.5902 0
      vertex 65.6583 39.4098 0
      vertex 65.7364 39.5983 0
    endloop
  endfacet
  facet normal 0 0 -1
    outer loop
      vertex 65.5517 20.7641 0
      vertex 65.6583 39.4098 0
      vertex 65.6583 20.5902 0
    endloop
  endfacet
  facet normal 0 0 -1
    outer loop
      vertex 65.5517 20.7641 0
      vertex 65.5517 39.2359 0
      vertex 65.6583 39.4098 0
    endloop
  endfacet
  facet normal 0 0 -1
    outer loop
      vertex 65.4192 20.9192 0
      vertex 65.5517 39.2359 0
      vertex 65.5517 20.7641 0
    endloop
  endfacet
  facet normal 0 0 -1
    outer loop
      vertex 65.4192 20.9192 0
      vertex 65.4192 39.0808 0
      vertex 65.5517 39.2359 0
    endloop
  endfacet
  facet normal 0 0 -1
    outer loop
      vertex 65.2641 21.0517 0
      vertex 65.4192 39.0808 0
      vertex 65.4192 20.9192 0
    endloop
  endfacet
  facet normal 0 0 -1
    outer loop
      vertex 65.2641 21.0517 0
      vertex 65.2641 38.9483 0
      vertex 65.4192 39.0808 0
    endloop
  endfacet
  facet normal 0 0 -1
    outer loop
      vertex 65.0902 21.1583 0
      vertex 65.2641 38.9483 0
      vertex 65.2641 21.0517 0
    endloop
  endfacet
  facet normal 0 0 -1
    outer loop
      vertex 65.0902 21.1583 0
      vertex 65.0902 38.8417 0
      vertex 65.2641 38.9483 0
    endloop
  endfacet
  facet normal 0 0 -1
    outer loop
      vertex 64.9017 21.2364 0
      vertex 65.0902 38.8417 0
      vertex 65.0902 21.1583 0
    endloop
  endfacet
  facet normal 0 0 -1
    outer loop
      vertex 64.9017 21.2364 0
      vertex 64.9017 38.7636 0
      vertex 65.0902 38.8417 0
    endloop
  endfacet
  facet normal 0 0 -1
    outer loop
      vertex 64.7034 21.284 0
      vertex 64.9017 38.7636 0
      vertex 64.9017 21.2364 0
    endloop
  endfacet
  facet normal 0 0 -1
    outer loop
      vertex 64.7034 21.284 0
      vertex 64.7034 38.716 0
      vertex 64.9017 38.7636 0
    endloop
  endfacet
  facet normal 0 0 -1
    outer loop
      vertex 64.5 21.3 0
      vertex 64.7034 38.716 0
      vertex 64.7034 21.284 0
    endloop
  endfacet
  facet normal 0 0 -1
    outer loop
      vertex 64.5 21.3 0
      vertex 64.5 38.7 0
      vertex 64.7034 38.716 0
    endloop
  endfacet
  facet normal 0 0 -1
    outer loop
      vertex 64.2966 21.284 0
      vertex 64.5 38.7 0
      vertex 64.5 21.3 0
    endloop
  endfacet
  facet normal 0 0 -1
    outer loop
      vertex 64.2966 21.284 0
      vertex 64.2966 38.716 0
      vertex 64.5 38.7 0
    endloop
  endfacet
  facet normal 0 0 -1
    outer loop
      vertex 64.0983 21.2364 0
      vertex 64.2966 38.716 0
      vertex 64.2966 21.284 0
    endloop
  endfacet
  facet normal 0 0 -1
    outer loop
      vertex 64.0983 21.2364 0
      vertex 64.0983 38.7636 0
      vertex 64.2966 38.716 0
    endloop
  endfacet
  facet normal 0 0 -1
    outer loop
      vertex 63.9098 21.1583 0
      vertex 64.0983 38.7636 0
      vertex 64.0983 21.2364 0
    endloop
  endfacet
  facet normal 0 0 -1
    outer loop
      vertex 63.9098 21.1583 0
      vertex 63.9098 38.8417 0
      vertex 64.0983 38.7636 0
    endloop
  endfacet
  facet normal 0 0 -1
    outer loop
      vertex 63.7359 21.0517 0
      vertex 63.9098 38.8417 0
      vertex 63.9098 21.1583 0
    endloop
  endfacet
  facet normal 0 0 -1
    outer loop
      vertex 63.7359 21.0517 0
      vertex 63.7359 38.9483 0
      vertex 63.9098 38.8417 0
    endloop
  endfacet
  facet normal 0 0 -1
    outer loop
      vertex 63.5808 20.9192 0
      vertex 63.7359 38.9483 0
      vertex 63.7359 21.0517 0
    endloop
  endfacet
  facet normal 0 0 -1
    outer loop
      vertex 63.5808 20.9192 0
      vertex 63.5808 39.0808 0
      vertex 63.7359 38.9483 0
    endloop
  endfacet
  facet normal 0 0 -1
    outer loop
      vertex 63.4483 20.7641 0
      vertex 63.5808 39.0808 0
      vertex 63.5808 20.9192 0
    endloop
  endfacet
  facet normal 0 0 -1
    outer loop
      vertex 63.4483 20.7641 0
      vertex 63.4483 39.2359 0
      vertex 63.5808 39.0808 0
    endloop
  endfacet
  facet normal 0 0 -1
    outer loop
      vertex 63.3417 20.5902 0
      vertex 63.4483 39.2359 0
      vertex 63.4483 20.7641 0
    endloop
  endfacet
  facet normal 0 0 -1
    outer loop
      vertex 63.3417 20.5902 0
      vertex 63.3417 39.4098 0
      vertex 63.4483 39.2359 0
    endloop
  endfacet
  facet normal 0 0 -1
    outer loop
      vertex 63.2636 20.4017 0
      vertex 63.3417 39.4098 0
      vertex 63.3417 20.5902 0
    endloop
  endfacet
  facet normal 0 0 -1
    outer loop
      vertex 63.2636 20.4017 0
      vertex 63.2636 39.5983 0
      vertex 63.3417 39.4098 0
    endloop
  endfacet
  facet normal 0 0 -1
    outer loop
      vertex 16.784 20.2034 0
      vertex 63.216 20.2034 0
      vertex 16.8 20 0
    endloop
  endfacet
  facet normal 0 0 -1
    outer loop
      vertex 63.216 20.2034 0
      vertex 16.784 20.2034 0
      vertex 63.2636 20.4017 0
    endloop
  endfacet
  facet normal 0 0 -1
    outer loop
      vertex 16.8 20 0
      vertex 63.216 20.2034 0
      vertex 63.2 20 0
    endloop
  endfacet
  facet normal 0 0 -1
    outer loop
      vertex 16.7364 20.4017 0
      vertex 63.2636 20.4017 0
      vertex 16.784 20.2034 0
    endloop
  endfacet
  facet normal 0 0 -1
    outer loop
      vertex 75.5147 6.77178 0
      vertex 80 2 0
      vertex 75.6168 6.52533 0
    endloop
  endfacet
  facet normal 0 0 -1
    outer loop
      vertex 80 58 0
      vertex 75.6791 53.7341 0
      vertex 75.7 54 0
    endloop
  endfacet
  facet normal 0 0 -1
    outer loop
      vertex 75.3753 6.99923 0
      vertex 80 2 0
      vertex 75.5147 6.77178 0
    endloop
  endfacet
  facet normal 0 0 -1
    outer loop
      vertex 80 58 0
      vertex 75.6168 53.4747 0
      vertex 75.6791 53.7341 0
    endloop
  endfacet
  facet normal 0 0 -1
    outer loop
      vertex 80 2 0
      vertex 75.3753 6.99923 0
      vertex 80 58 0
    endloop
  endfacet
  facet normal 0 0 -1
    outer loop
      vertex 80 58 0
      vertex 75.5147 53.2282 0
      vertex 75.6168 53.4747 0
    endloop
  endfacet
  facet normal 0 0 -1
    outer loop
      vertex 75.3753 53.0008 0
      vertex 80 58 0
      vertex 75.3753 6.99923 0
    endloop
  endfacet
  facet normal 0 0 -1
    outer loop
      vertex 80 58 0
      vertex 75.3753 53.0008 0
      vertex 75.5147 53.2282 0
    endloop
  endfacet
  facet normal 0 0 -1
    outer loop
      vertex 75.2021 7.20208 0
      vertex 75.3753 53.0008 0
      vertex 75.3753 6.99923 0
    endloop
  endfacet
  facet normal 0 0 -1
    outer loop
      vertex 75.2021 7.20208 0
      vertex 75.2021 52.7979 0
      vertex 75.3753 53.0008 0
    endloop
  endfacet
  facet normal 0 0 -1
    outer loop
      vertex 74.9992 7.37533 0
      vertex 75.2021 52.7979 0
      vertex 75.2021 7.20208 0
    endloop
  endfacet
  facet normal 0 0 -1
    outer loop
      vertex 74.9992 7.37533 0
      vertex 74.9992 52.6247 0
      vertex 75.2021 52.7979 0
    endloop
  endfacet
  facet normal 0 0 -1
    outer loop
      vertex 65.784 20.2034 0
      vertex 74.7718 7.51471 0
      vertex 65.8 20 0
    endloop
  endfacet
  facet normal 0 0 -1
    outer loop
      vertex 74.7718 7.51471 0
      vertex 65.784 20.2034 0
      vertex 74.9992 7.37533 0
    endloop
  endfacet
  facet normal 0 0 -1
    outer loop
      vertex 65.8 20 0
      vertex 74.7718 7.51471 0
      vertex 74.5253 7.6168 0
    endloop
  endfacet
  facet normal 0 0 -1
    outer loop
      vertex 65.7364 20.4017 0
      vertex 74.9992 7.37533 0
      vertex 65.784 20.2034 0
    endloop
  endfacet
  facet normal 0 0 -1
    outer loop
      vertex 65.784 19.7966 0
      vertex 74.5253 7.6168 0
      vertex 74.2659 7.67907 0
    endloop
  endfacet
  facet normal 0 0 -1
    outer loop
      vertex 74.9992 52.6247 0
      vertex 65.8 40 0
      vertex 74.7718 52.4853 0
    endloop
  endfacet
  facet normal 0 0 -1
    outer loop
      vertex 65.7364 19.5983 0
      vertex 74.2659 7.67907 0
      vertex 74 7.7 0
    endloop
  endfacet
  facet normal 0 0 -1
    outer loop
      vertex 74.7718 52.4853 0
      vertex 65.8 40 0
      vertex 74.5253 52.3832 0
    endloop
  endfacet
  facet normal 0 0 -1
    outer loop
      vertex 65.6583 19.4098 0
      vertex 74 7.7 0
      vertex 73.7341 7.67907 0
    endloop
  endfacet
  facet normal 0 0 -1
    outer loop
      vertex 65.784 40.2034 0
      vertex 74.5253 52.3832 0
      vertex 65.8 40 0
    endloop
  endfacet
  facet normal 0 0 -1
    outer loop
      vertex 65.5517 19.2359 0
      vertex 73.7341 7.67907 0
      vertex 73.4747 7.6168 0
    endloop
  endfacet
  facet normal 0 0 -1
    outer loop
      vertex 74.5253 52.3832 0
      vertex 65.784 40.2034 0
      vertex 74.2659 52.3209 0
    endloop
  endfacet
  facet normal 0 0 -1
    outer loop
      vertex 65.4192 19.0808 0
      vertex 73.4747 7.6168 0
      vertex 73.2282 7.51471 0
    endloop
  endfacet
  facet normal 0 0 -1
    outer loop
      vertex 65.7364 40.4017 0
      vertex 74.2659 52.3209 0
      vertex 65.784 40.2034 0
    endloop
  endfacet
  facet normal 0 0 -1
    outer loop
      vertex 65.2641 18.9483 0
      vertex 73.2282 7.51471 0
      vertex 73.0008 7.37533 0
    endloop
  endfacet
  facet normal 0 0 -1
    outer loop
      vertex 74.2659 52.3209 0
      vertex 65.7364 40.4017 0
      vertex 74 52.3 0
    endloop
  endfacet
  facet normal 0 0 -1
    outer loop
      vertex 65.0902 18.8417 0
      vertex 73.0008 7.37533 0
      vertex 72.7979 7.20208 0
    endloop
  endfacet
  facet normal 0 0 -1
    outer loop
      vertex 65.6583 40.5902 0
      vertex 74 52.3 0
      vertex 65.7364 40.4017 0
    endloop
  endfacet
  facet normal 0 0 -1
    outer loop
      vertex 64.9017 18.7636 0
      vertex 72.7979 7.20208 0
      vertex 72.6247 6.99923 0
    endloop
  endfacet
  facet normal -0 0 -1
    outer loop
      vertex 74 52.3 0
      vertex 65.6583 40.5902 0
      vertex 73.7341 52.3209 0
    endloop
  endfacet
  facet normal 0 0 -1
    outer loop
      vertex 64.7034 18.716 0
      vertex 72.6247 6.99923 0
      vertex 72.4853 6.77178 0
    endloop
  endfacet
  facet normal 0 0 -1
    outer loop
      vertex 65.5517 40.7641 0
      vertex 73.7341 52.3209 0
      vertex 65.6583 40.5902 0
    endloop
  endfacet
  facet normal 0 0 -1
    outer loop
      vertex 64.5 18.7 0
      vertex 72.4853 6.77178 0
      vertex 72.3832 6.52533 0
    endloop
  endfacet
  facet normal -0 0 -1
    outer loop
      vertex 73.7341 52.3209 0
      vertex 65.5517 40.7641 0
      vertex 73.4747 52.3832 0
    endloop
  endfacet
  facet normal 0 0 -1
    outer loop
      vertex 64.2966 18.716 0
      vertex 72.3832 6.52533 0
      vertex 72.3209 6.26594 0
    endloop
  endfacet
  facet normal 0 0 -1
    outer loop
      vertex 65.4192 40.9192 0
      vertex 73.4747 52.3832 0
      vertex 65.5517 40.7641 0
    endloop
  endfacet
  facet normal 0 0 -1
    outer loop
      vertex 64.0983 18.7636 0
      vertex 72.3209 6.26594 0
      vertex 72.3 6 0
    endloop
  endfacet
  facet normal -0 0 -1
    outer loop
      vertex 73.4747 52.3832 0
      vertex 65.4192 40.9192 0
      vertex 73.2282 52.4853 0
    endloop
  endfacet
  facet normal 0 0 -1
    outer loop
      vertex 78 0 0
      vertex 80 2 0
      vertex 79.9754 1.68713 0
    endloop
  endfacet
  facet normal 0 0 -1
    outer loop
      vertex 75.6791 6.26594 0
      vertex 80 2 0
      vertex 75.7 6 0
    endloop
  endfacet
  facet normal 0 0 -1
    outer loop
      vertex 78 0 0
      vertex 79.9754 1.68713 0
      vertex 79.9021 1.38197 0
    endloop
  endfacet
  facet normal 0 0 -1
    outer loop
      vertex 75.6168 6.52533 0
      vertex 80 2 0
      vertex 75.6791 6.26594 0
    endloop
  endfacet
  facet normal 0 0 -1
    outer loop
      vertex 78 0 0
      vertex 79.9021 1.38197 0
      vertex 79.782 1.09202 0
    endloop
  endfacet
  facet normal 0 0 -1
    outer loop
      vertex 75.6791 54.2659 0
      vertex 80 58 0
      vertex 75.7 54 0
    endloop
  endfacet
  facet normal 0 0 -1
    outer loop
      vertex 78 0 0
      vertex 79.782 1.09202 0
      vertex 79.618 0.824429 0
    endloop
  endfacet
  facet normal 0 0 -1
    outer loop
      vertex 75.6168 54.5253 0
      vertex 80 58 0
      vertex 75.6791 54.2659 0
    endloop
  endfacet
  facet normal 0 0 -1
    outer loop
      vertex 78 0 0
      vertex 79.618 0.824429 0
      vertex 79.4142 0.585786 0
    endloop
  endfacet
  facet normal 0 0 -1
    outer loop
      vertex 75.5147 54.7718 0
      vertex 80 58 0
      vertex 75.6168 54.5253 0
    endloop
  endfacet
  facet normal 0 0 -1
    outer loop
      vertex 78 0 0
      vertex 79.4142 0.585786 0
      vertex 79.1756 0.381966 0
    endloop
  endfacet
  facet normal 0 0 -1
    outer loop
      vertex 75.3753 54.9992 0
      vertex 80 58 0
      vertex 75.5147 54.7718 0
    endloop
  endfacet
  facet normal 0 0 -1
    outer loop
      vertex 78 0 0
      vertex 79.1756 0.381966 0
      vertex 78.908 0.217986 0
    endloop
  endfacet
  facet normal 0 0 -1
    outer loop
      vertex 75.2021 55.2021 0
      vertex 80 58 0
      vertex 75.3753 54.9992 0
    endloop
  endfacet
  facet normal 0 0 -1
    outer loop
      vertex 78 0 0
      vertex 78.908 0.217986 0
      vertex 78.618 0.0978861 0
    endloop
  endfacet
  facet normal 0 -0 -1
    outer loop
      vertex 78 60 0
      vertex 80 58 0
      vertex 75.2021 55.2021 0
    endloop
  endfacet
  facet normal 0 0 -1
    outer loop
      vertex 78 0 0
      vertex 78.618 0.0978861 0
      vertex 78.3129 0.0246229 0
    endloop
  endfacet
  facet normal 0 0 -1
    outer loop
      vertex 80 58 0
      vertex 78 60 0
      vertex 79.9754 58.3129 0
    endloop
  endfacet
  facet normal -0 0 -1
    outer loop
      vertex 80 2 0
      vertex 78 0 0
      vertex 75.2021 4.79792 0
    endloop
  endfacet
  facet normal 0 0 -1
    outer loop
      vertex 79.9754 58.3129 0
      vertex 78 60 0
      vertex 79.9021 58.618 0
    endloop
  endfacet
  facet normal 0 0 -1
    outer loop
      vertex 79.9021 58.618 0
      vertex 78 60 0
      vertex 79.782 58.908 0
    endloop
  endfacet
  facet normal 0 0 -1
    outer loop
      vertex 80 2 0
      vertex 75.6791 5.73406 0
      vertex 75.7 6 0
    endloop
  endfacet
  facet normal 0 0 -1
    outer loop
      vertex 80 2 0
      vertex 75.6168 5.47467 0
      vertex 75.6791 5.73406 0
    endloop
  endfacet
  facet normal 0 0 -1
    outer loop
      vertex 80 2 0
      vertex 75.5147 5.22822 0
      vertex 75.6168 5.47467 0
    endloop
  endfacet
  facet normal 0 0 -1
    outer loop
      vertex 80 2 0
      vertex 75.3753 5.00076 0
      vertex 75.5147 5.22822 0
    endloop
  endfacet
  facet normal 0 0 -1
    outer loop
      vertex 80 2 0
      vertex 75.2021 4.79792 0
      vertex 75.3753 5.00076 0
    endloop
  endfacet
  facet normal 0 0 -1
    outer loop
      vertex 78 0 0
      vertex 74.9992 4.62467 0
      vertex 75.2021 4.79792 0
    endloop
  endfacet
  facet normal 0 0 -1
    outer loop
      vertex 78 0 0
      vertex 74.7718 4.48529 0
      vertex 74.9992 4.62467 0
    endloop
  endfacet
  facet normal 0 0 -1
    outer loop
      vertex 78 0 0
      vertex 74.5253 4.3832 0
      vertex 74.7718 4.48529 0
    endloop
  endfacet
  facet normal 0 0 -1
    outer loop
      vertex 78 0 0
      vertex 74.2659 4.32093 0
      vertex 74.5253 4.3832 0
    endloop
  endfacet
  facet normal 0 0 -1
    outer loop
      vertex 78 0 0
      vertex 74 4.3 0
      vertex 74.2659 4.32093 0
    endloop
  endfacet
  facet normal 0 0 -1
    outer loop
      vertex 78 0 0
      vertex 73.7341 4.32093 0
      vertex 74 4.3 0
    endloop
  endfacet
  facet normal 0 0 -1
    outer loop
      vertex 78 0 0
      vertex 73.4747 4.3832 0
      vertex 73.7341 4.32093 0
    endloop
  endfacet
  facet normal 0 0 -1
    outer loop
      vertex 78 0 0
      vertex 73.2282 4.48529 0
      vertex 73.4747 4.3832 0
    endloop
  endfacet
  facet normal 0 0 -1
    outer loop
      vertex 78 0 0
      vertex 73.0008 4.62467 0
      vertex 73.2282 4.48529 0
    endloop
  endfacet
  facet normal 0 0 -1
    outer loop
      vertex 6.99923 4.62467 0
      vertex 73.0008 4.62467 0
      vertex 78 0 0
    endloop
  endfacet
  facet normal 0 0 -1
    outer loop
      vertex 65.2641 41.0517 0
      vertex 73.2282 52.4853 0
      vertex 65.4192 40.9192 0
    endloop
  endfacet
  facet normal 0 0 -1
    outer loop
      vertex 63.9098 18.8417 0
      vertex 72.3 6 0
      vertex 72.3209 5.73406 0
    endloop
  endfacet
  facet normal 0 0 -1
    outer loop
      vertex 63.7359 18.9483 0
      vertex 72.3209 5.73406 0
      vertex 72.3832 5.47467 0
    endloop
  endfacet
  facet normal 0 0 -1
    outer loop
      vertex 7.6168 5.47467 0
      vertex 72.3832 5.47467 0
      vertex 72.4853 5.22822 0
    endloop
  endfacet
  facet normal 0 0 -1
    outer loop
      vertex 74.5253 7.6168 0
      vertex 65.784 19.7966 0
      vertex 65.8 20 0
    endloop
  endfacet
  facet normal 0 0 -1
    outer loop
      vertex 74.2659 7.67907 0
      vertex 65.7364 19.5983 0
      vertex 65.784 19.7966 0
    endloop
  endfacet
  facet normal 0 0 -1
    outer loop
      vertex 74 7.7 0
      vertex 65.6583 19.4098 0
      vertex 65.7364 19.5983 0
    endloop
  endfacet
  facet normal 0 0 -1
    outer loop
      vertex 73.7341 7.67907 0
      vertex 65.5517 19.2359 0
      vertex 65.6583 19.4098 0
    endloop
  endfacet
  facet normal 0 0 -1
    outer loop
      vertex 73.4747 7.6168 0
      vertex 65.4192 19.0808 0
      vertex 65.5517 19.2359 0
    endloop
  endfacet
  facet normal 0 0 -1
    outer loop
      vertex 73.2282 7.51471 0
      vertex 65.2641 18.9483 0
      vertex 65.4192 19.0808 0
    endloop
  endfacet
  facet normal 0 0 -1
    outer loop
      vertex 73.0008 7.37533 0
      vertex 65.0902 18.8417 0
      vertex 65.2641 18.9483 0
    endloop
  endfacet
  facet normal 0 0 -1
    outer loop
      vertex 72.7979 7.20208 0
      vertex 64.9017 18.7636 0
      vertex 65.0902 18.8417 0
    endloop
  endfacet
  facet normal 0 0 -1
    outer loop
      vertex 72.6247 6.99923 0
      vertex 64.7034 18.716 0
      vertex 64.9017 18.7636 0
    endloop
  endfacet
  facet normal 0 0 -1
    outer loop
      vertex 72.4853 6.77178 0
      vertex 64.5 18.7 0
      vertex 64.7034 18.716 0
    endloop
  endfacet
  facet normal 0 0 -1
    outer loop
      vertex 72.3832 6.52533 0
      vertex 64.2966 18.716 0
      vertex 64.5 18.7 0
    endloop
  endfacet
  facet normal 0 0 -1
    outer loop
      vertex 72.3209 6.26594 0
      vertex 64.0983 18.7636 0
      vertex 64.2966 18.716 0
    endloop
  endfacet
  facet normal 0 0 -1
    outer loop
      vertex 7.51471 5.22822 0
      vertex 72.4853 5.22822 0
      vertex 72.6247 5.00076 0
    endloop
  endfacet
  facet normal 0 0 -1
    outer loop
      vertex 72.3 6 0
      vertex 63.9098 18.8417 0
      vertex 64.0983 18.7636 0
    endloop
  endfacet
  facet normal 0 0 -1
    outer loop
      vertex 72.3209 5.73406 0
      vertex 63.7359 18.9483 0
      vertex 63.9098 18.8417 0
    endloop
  endfacet
  facet normal 0 0 -1
    outer loop
      vertex 72.3832 5.47467 0
      vertex 63.5808 19.0808 0
      vertex 63.7359 18.9483 0
    endloop
  endfacet
  facet normal 0 0 -1
    outer loop
      vertex 72.3832 5.47467 0
      vertex 16.4192 19.0808 0
      vertex 63.5808 19.0808 0
    endloop
  endfacet
  facet normal 0 0 -1
    outer loop
      vertex 63.2636 39.5983 0
      vertex 16.8 40 0
      vertex 63.216 39.7966 0
    endloop
  endfacet
  facet normal 0 0 -1
    outer loop
      vertex 63.216 19.7966 0
      vertex 16.8 20 0
      vertex 63.2 20 0
    endloop
  endfacet
  facet normal 0 0 -1
    outer loop
      vertex 16.784 19.7966 0
      vertex 63.216 19.7966 0
      vertex 63.2636 19.5983 0
    endloop
  endfacet
  facet normal 0 0 -1
    outer loop
      vertex 16.7364 19.5983 0
      vertex 63.2636 19.5983 0
      vertex 63.3417 19.4098 0
    endloop
  endfacet
  facet normal 0 0 -1
    outer loop
      vertex 16.6583 19.4098 0
      vertex 63.3417 19.4098 0
      vertex 63.4483 19.2359 0
    endloop
  endfacet
  facet normal 0 0 -1
    outer loop
      vertex 63.5808 19.0808 0
      vertex 16.4192 19.0808 0
      vertex 63.4483 19.2359 0
    endloop
  endfacet
  facet normal 0 0 -1
    outer loop
      vertex 7.37533 5.00076 0
      vertex 72.6247 5.00076 0
      vertex 72.7979 4.79792 0
    endloop
  endfacet
  facet normal 0 0 -1
    outer loop
      vertex 73.0008 4.62467 0
      vertex 6.99923 4.62467 0
      vertex 72.7979 4.79792 0
    endloop
  endfacet
  facet normal 0 0 -1
    outer loop
      vertex 63.216 19.7966 0
      vertex 16.784 19.7966 0
      vertex 16.8 20 0
    endloop
  endfacet
  facet normal 0 0 -1
    outer loop
      vertex 63.2636 19.5983 0
      vertex 16.7364 19.5983 0
      vertex 16.784 19.7966 0
    endloop
  endfacet
  facet normal 0 0 -1
    outer loop
      vertex 63.3417 19.4098 0
      vertex 16.6583 19.4098 0
      vertex 16.7364 19.5983 0
    endloop
  endfacet
  facet normal 0 0 -1
    outer loop
      vertex 63.4483 19.2359 0
      vertex 16.5517 19.2359 0
      vertex 16.6583 19.4098 0
    endloop
  endfacet
  facet normal -0 0 -1
    outer loop
      vertex 63.4483 19.2359 0
      vertex 16.4192 19.0808 0
      vertex 16.5517 19.2359 0
    endloop
  endfacet
  facet normal 0 0 -1
    outer loop
      vertex 72.3832 5.47467 0
      vertex 7.6168 5.47467 0
      vertex 16.4192 19.0808 0
    endloop
  endfacet
  facet normal 0 0 -1
    outer loop
      vertex 16.4192 19.0808 0
      vertex 7.6168 5.47467 0
      vertex 16.2641 18.9483 0
    endloop
  endfacet
  facet normal 0 -0 -1
    outer loop
      vertex 7.67907 5.73406 0
      vertex 16.2641 18.9483 0
      vertex 7.6168 5.47467 0
    endloop
  endfacet
  facet normal 0 0 -1
    outer loop
      vertex 16.2641 18.9483 0
      vertex 7.67907 5.73406 0
      vertex 16.0902 18.8417 0
    endloop
  endfacet
  facet normal 0 -0 -1
    outer loop
      vertex 7.7 6 0
      vertex 16.0902 18.8417 0
      vertex 7.67907 5.73406 0
    endloop
  endfacet
  facet normal 0 0 -1
    outer loop
      vertex 16.0902 18.8417 0
      vertex 7.7 6 0
      vertex 15.9017 18.7636 0
    endloop
  endfacet
  facet normal 0 0 -1
    outer loop
      vertex 7.67907 6.26594 0
      vertex 15.9017 18.7636 0
      vertex 7.7 6 0
    endloop
  endfacet
  facet normal 0 0 -1
    outer loop
      vertex 6.52533 7.6168 0
      vertex 14.5808 19.0808 0
      vertex 6.77178 7.51471 0
    endloop
  endfacet
  facet normal -0 0 -1
    outer loop
      vertex 14.9098 18.8417 0
      vertex 6.99923 7.37533 0
      vertex 14.7359 18.9483 0
    endloop
  endfacet
  facet normal 0 0 -1
    outer loop
      vertex 6.99923 7.37533 0
      vertex 14.9098 18.8417 0
      vertex 7.20208 7.20208 0
    endloop
  endfacet
  facet normal -0 0 -1
    outer loop
      vertex 15.0983 18.7636 0
      vertex 7.20208 7.20208 0
      vertex 14.9098 18.8417 0
    endloop
  endfacet
  facet normal 0 0 -1
    outer loop
      vertex 7.20208 7.20208 0
      vertex 15.0983 18.7636 0
      vertex 7.37533 6.99923 0
    endloop
  endfacet
  facet normal -0 0 -1
    outer loop
      vertex 15.2966 18.716 0
      vertex 7.37533 6.99923 0
      vertex 15.0983 18.7636 0
    endloop
  endfacet
  facet normal 0 0 -1
    outer loop
      vertex 7.37533 6.99923 0
      vertex 15.2966 18.716 0
      vertex 7.51471 6.77178 0
    endloop
  endfacet
  facet normal -0 0 -1
    outer loop
      vertex 15.5 18.7 0
      vertex 7.51471 6.77178 0
      vertex 15.2966 18.716 0
    endloop
  endfacet
  facet normal 0 0 -1
    outer loop
      vertex 7.51471 6.77178 0
      vertex 15.5 18.7 0
      vertex 7.6168 6.52533 0
    endloop
  endfacet
  facet normal 0 0 -1
    outer loop
      vertex 15.9017 18.7636 0
      vertex 7.67907 6.26594 0
      vertex 15.7034 18.716 0
    endloop
  endfacet
  facet normal 0 0 -1
    outer loop
      vertex 15.7034 18.716 0
      vertex 7.6168 6.52533 0
      vertex 15.5 18.7 0
    endloop
  endfacet
  facet normal 0 0 -1
    outer loop
      vertex 7.6168 6.52533 0
      vertex 15.7034 18.716 0
      vertex 7.67907 6.26594 0
    endloop
  endfacet
  facet normal 0 0 -1
    outer loop
      vertex 72.4853 5.22822 0
      vertex 7.51471 5.22822 0
      vertex 7.6168 5.47467 0
    endloop
  endfacet
  facet normal 0 0 -1
    outer loop
      vertex 72.6247 5.00076 0
      vertex 7.37533 5.00076 0
      vertex 7.51471 5.22822 0
    endloop
  endfacet
  facet normal 0 0 -1
    outer loop
      vertex 72.7979 4.79792 0
      vertex 7.20208 4.79792 0
      vertex 7.37533 5.00076 0
    endloop
  endfacet
  facet normal -0 0 -1
    outer loop
      vertex 72.7979 4.79792 0
      vertex 6.99923 4.62467 0
      vertex 7.20208 4.79792 0
    endloop
  endfacet
  facet normal 0 0 -1
    outer loop
      vertex 2 0 0
      vertex 6.99923 4.62467 0
      vertex 78 0 0
    endloop
  endfacet
  facet normal 0 0 -1
    outer loop
      vertex 6.99923 4.62467 0
      vertex 2 0 0
      vertex 6.77178 4.48529 0
    endloop
  endfacet
  facet normal 0 0 -1
    outer loop
      vertex 6.77178 4.48529 0
      vertex 2 0 0
      vertex 6.52533 4.3832 0
    endloop
  endfacet
  facet normal 0 0 -1
    outer loop
      vertex 6.52533 4.3832 0
      vertex 2 0 0
      vertex 6.26594 4.32093 0
    endloop
  endfacet
  facet normal -0 0 -1
    outer loop
      vertex 4.32093 5.73406 0
      vertex 0 2 0
      vertex 4.3 6 0
    endloop
  endfacet
  facet normal -0 0 -1
    outer loop
      vertex 4.3832 5.47467 0
      vertex 0 2 0
      vertex 4.32093 5.73406 0
    endloop
  endfacet
  facet normal -0 0 -1
    outer loop
      vertex 4.48529 5.22822 0
      vertex 0 2 0
      vertex 4.3832 5.47467 0
    endloop
  endfacet
  facet normal -0 0 -1
    outer loop
      vertex 4.62467 5.00076 0
      vertex 0 2 0
      vertex 4.48529 5.22822 0
    endloop
  endfacet
  facet normal -0 0 -1
    outer loop
      vertex 4.79792 4.79792 0
      vertex 0 2 0
      vertex 4.62467 5.00076 0
    endloop
  endfacet
  facet normal 0 0 -1
    outer loop
      vertex 0 2 0
      vertex 4.79792 4.79792 0
      vertex 2 0 0
    endloop
  endfacet
  facet normal -0 0 -1
    outer loop
      vertex 5.00076 4.62467 0
      vertex 2 0 0
      vertex 4.79792 4.79792 0
    endloop
  endfacet
  facet normal -0 0 -1
    outer loop
      vertex 5.22822 4.48529 0
      vertex 2 0 0
      vertex 5.00076 4.62467 0
    endloop
  endfacet
  facet normal -0 0 -1
    outer loop
      vertex 5.47467 4.3832 0
      vertex 2 0 0
      vertex 5.22822 4.48529 0
    endloop
  endfacet
  facet normal -0 0 -1
    outer loop
      vertex 5.73406 4.32093 0
      vertex 2 0 0
      vertex 5.47467 4.3832 0
    endloop
  endfacet
  facet normal -0 0 -1
    outer loop
      vertex 6 4.3 0
      vertex 2 0 0
      vertex 5.73406 4.32093 0
    endloop
  endfacet
  facet normal 0 0 -1
    outer loop
      vertex 6.26594 4.32093 0
      vertex 2 0 0
      vertex 6 4.3 0
    endloop
  endfacet
  facet normal 0 0 -1
    outer loop
      vertex 79.618 59.1756 0
      vertex 78 60 0
      vertex 79.4142 59.4142 0
    endloop
  endfacet
  facet normal 0 0 -1
    outer loop
      vertex 79.4142 59.4142 0
      vertex 78 60 0
      vertex 79.1756 59.618 0
    endloop
  endfacet
  facet normal 0 0 -1
    outer loop
      vertex 79.1756 59.618 0
      vertex 78 60 0
      vertex 78.908 59.782 0
    endloop
  endfacet
  facet normal 0 0 -1
    outer loop
      vertex 78.908 59.782 0
      vertex 78 60 0
      vertex 78.618 59.9021 0
    endloop
  endfacet
  facet normal 0 0 -1
    outer loop
      vertex 78.618 59.9021 0
      vertex 78 60 0
      vertex 78.3129 59.9754 0
    endloop
  endfacet
  facet normal 0 0 -1
    outer loop
      vertex 79.782 58.908 0
      vertex 78 60 0
      vertex 79.618 59.1756 0
    endloop
  endfacet
  facet normal 0 0 -1
    outer loop
      vertex 74.9992 55.3753 0
      vertex 78 60 0
      vertex 75.2021 55.2021 0
    endloop
  endfacet
  facet normal 0 0 -1
    outer loop
      vertex 74.7718 55.5147 0
      vertex 78 60 0
      vertex 74.9992 55.3753 0
    endloop
  endfacet
  facet normal 0 0 -1
    outer loop
      vertex 74.5253 55.6168 0
      vertex 78 60 0
      vertex 74.7718 55.5147 0
    endloop
  endfacet
  facet normal 0 0 -1
    outer loop
      vertex 74.2659 55.6791 0
      vertex 78 60 0
      vertex 74.5253 55.6168 0
    endloop
  endfacet
  facet normal 0 0 -1
    outer loop
      vertex 74 55.7 0
      vertex 78 60 0
      vertex 74.2659 55.6791 0
    endloop
  endfacet
  facet normal 0 0 -1
    outer loop
      vertex 73.7341 55.6791 0
      vertex 78 60 0
      vertex 74 55.7 0
    endloop
  endfacet
  facet normal 0 0 -1
    outer loop
      vertex 73.4747 55.6168 0
      vertex 78 60 0
      vertex 73.7341 55.6791 0
    endloop
  endfacet
  facet normal 0 0 -1
    outer loop
      vertex 73.2282 55.5147 0
      vertex 78 60 0
      vertex 73.4747 55.6168 0
    endloop
  endfacet
  facet normal 0 0 -1
    outer loop
      vertex 73.0008 55.3753 0
      vertex 78 60 0
      vertex 73.2282 55.5147 0
    endloop
  endfacet
  facet normal 0 0 -1
    outer loop
      vertex 6.99923 55.3753 0
      vertex 73.0008 55.3753 0
      vertex 72.7979 55.2021 0
    endloop
  endfacet
  facet normal -0 0 -1
    outer loop
      vertex 73.2282 52.4853 0
      vertex 65.2641 41.0517 0
      vertex 73.0008 52.6247 0
    endloop
  endfacet
  facet normal 0 0 -1
    outer loop
      vertex 65.0902 41.1583 0
      vertex 73.0008 52.6247 0
      vertex 65.2641 41.0517 0
    endloop
  endfacet
  facet normal -0 0 -1
    outer loop
      vertex 73.0008 52.6247 0
      vertex 65.0902 41.1583 0
      vertex 72.7979 52.7979 0
    endloop
  endfacet
  facet normal 0 0 -1
    outer loop
      vertex 64.9017 41.2364 0
      vertex 72.7979 52.7979 0
      vertex 65.0902 41.1583 0
    endloop
  endfacet
  facet normal -0 0 -1
    outer loop
      vertex 72.7979 52.7979 0
      vertex 64.9017 41.2364 0
      vertex 72.6247 53.0008 0
    endloop
  endfacet
  facet normal 0 0 -1
    outer loop
      vertex 64.7034 41.284 0
      vertex 72.6247 53.0008 0
      vertex 64.9017 41.2364 0
    endloop
  endfacet
  facet normal -0 0 -1
    outer loop
      vertex 72.6247 53.0008 0
      vertex 64.7034 41.284 0
      vertex 72.4853 53.2282 0
    endloop
  endfacet
  facet normal 0 0 -1
    outer loop
      vertex 64.5 41.3 0
      vertex 72.4853 53.2282 0
      vertex 64.7034 41.284 0
    endloop
  endfacet
  facet normal -0 0 -1
    outer loop
      vertex 72.4853 53.2282 0
      vertex 64.5 41.3 0
      vertex 72.3832 53.4747 0
    endloop
  endfacet
  facet normal 0 0 -1
    outer loop
      vertex 64.2966 41.284 0
      vertex 72.3832 53.4747 0
      vertex 64.5 41.3 0
    endloop
  endfacet
  facet normal -0 0 -1
    outer loop
      vertex 72.3832 53.4747 0
      vertex 64.2966 41.284 0
      vertex 72.3209 53.7341 0
    endloop
  endfacet
  facet normal 0 0 -1
    outer loop
      vertex 64.0983 41.2364 0
      vertex 72.3209 53.7341 0
      vertex 64.2966 41.284 0
    endloop
  endfacet
  facet normal -0 0 -1
    outer loop
      vertex 72.3209 53.7341 0
      vertex 64.0983 41.2364 0
      vertex 72.3 54 0
    endloop
  endfacet
  facet normal 0 0 -1
    outer loop
      vertex 63.9098 41.1583 0
      vertex 72.3 54 0
      vertex 64.0983 41.2364 0
    endloop
  endfacet
  facet normal -0 0 -1
    outer loop
      vertex 72.3 54 0
      vertex 63.9098 41.1583 0
      vertex 72.3209 54.2659 0
    endloop
  endfacet
  facet normal 0 0 -1
    outer loop
      vertex 63.7359 41.0517 0
      vertex 72.3209 54.2659 0
      vertex 63.9098 41.1583 0
    endloop
  endfacet
  facet normal -0 0 -1
    outer loop
      vertex 72.3209 54.2659 0
      vertex 63.7359 41.0517 0
      vertex 72.3832 54.5253 0
    endloop
  endfacet
  facet normal 0 0 -1
    outer loop
      vertex 63.5808 40.9192 0
      vertex 72.3832 54.5253 0
      vertex 63.7359 41.0517 0
    endloop
  endfacet
  facet normal 0 0 -1
    outer loop
      vertex 16.4192 40.9192 0
      vertex 72.3832 54.5253 0
      vertex 63.5808 40.9192 0
    endloop
  endfacet
  facet normal 0 0 -1
    outer loop
      vertex 7.6168 54.5253 0
      vertex 72.3832 54.5253 0
      vertex 16.4192 40.9192 0
    endloop
  endfacet
  facet normal 0 0 -1
    outer loop
      vertex 16.4192 40.9192 0
      vertex 63.5808 40.9192 0
      vertex 63.4483 40.7641 0
    endloop
  endfacet
  facet normal 0 0 -1
    outer loop
      vertex 63.216 39.7966 0
      vertex 16.8 40 0
      vertex 63.2 40 0
    endloop
  endfacet
  facet normal 0 0 -1
    outer loop
      vertex 63.2 40 0
      vertex 16.8 40 0
      vertex 63.216 40.2034 0
    endloop
  endfacet
  facet normal 0 0 -1
    outer loop
      vertex 16.784 40.2034 0
      vertex 63.216 40.2034 0
      vertex 16.8 40 0
    endloop
  endfacet
  facet normal 0 0 -1
    outer loop
      vertex 63.216 40.2034 0
      vertex 16.784 40.2034 0
      vertex 63.2636 40.4017 0
    endloop
  endfacet
  facet normal 0 0 -1
    outer loop
      vertex 16.7364 40.4017 0
      vertex 63.2636 40.4017 0
      vertex 16.784 40.2034 0
    endloop
  endfacet
  facet normal 0 0 -1
    outer loop
      vertex 63.2636 40.4017 0
      vertex 16.7364 40.4017 0
      vertex 63.3417 40.5902 0
    endloop
  endfacet
  facet normal 0 0 -1
    outer loop
      vertex 16.6583 40.5902 0
      vertex 63.3417 40.5902 0
      vertex 16.7364 40.4017 0
    endloop
  endfacet
  facet normal 0 0 -1
    outer loop
      vertex 63.3417 40.5902 0
      vertex 16.6583 40.5902 0
      vertex 63.4483 40.7641 0
    endloop
  endfacet
  facet normal 0 0 -1
    outer loop
      vertex 16.5517 40.7641 0
      vertex 63.4483 40.7641 0
      vertex 16.6583 40.5902 0
    endloop
  endfacet
  facet normal 0 0 -1
    outer loop
      vertex 16.4192 40.9192 0
      vertex 63.4483 40.7641 0
      vertex 16.5517 40.7641 0
    endloop
  endfacet
  facet normal 0 0 -1
    outer loop
      vertex 72.3832 54.5253 0
      vertex 7.6168 54.5253 0
      vertex 72.4853 54.7718 0
    endloop
  endfacet
  facet normal 0 0 -1
    outer loop
      vertex 7.51471 54.7718 0
      vertex 72.4853 54.7718 0
      vertex 7.6168 54.5253 0
    endloop
  endfacet
  facet normal 0 0 -1
    outer loop
      vertex 72.4853 54.7718 0
      vertex 7.51471 54.7718 0
      vertex 72.6247 54.9992 0
    endloop
  endfacet
  facet normal 0 0 -1
    outer loop
      vertex 7.6168 54.5253 0
      vertex 16.4192 40.9192 0
      vertex 16.2641 41.0517 0
    endloop
  endfacet
  facet normal 0 0 -1
    outer loop
      vertex 7.67907 54.2659 0
      vertex 16.2641 41.0517 0
      vertex 16.0902 41.1583 0
    endloop
  endfacet
  facet normal 0 0 -1
    outer loop
      vertex 7.7 54 0
      vertex 16.0902 41.1583 0
      vertex 15.9017 41.2364 0
    endloop
  endfacet
  facet normal 0 0 -1
    outer loop
      vertex 7.7 54 0
      vertex 15.9017 41.2364 0
      vertex 15.7034 41.284 0
    endloop
  endfacet
  facet normal 0 0 -1
    outer loop
      vertex 7.7 54 0
      vertex 15.7034 41.284 0
      vertex 15.5 41.3 0
    endloop
  endfacet
  facet normal 0 0 -1
    outer loop
      vertex 7.7 54 0
      vertex 15.5 41.3 0
      vertex 15.2966 41.284 0
    endloop
  endfacet
  facet normal 0 0 -1
    outer loop
      vertex 7.7 54 0
      vertex 15.2966 41.284 0
      vertex 15.0983 41.2364 0
    endloop
  endfacet
  facet normal 0 0 -1
    outer loop
      vertex 14.216 39.7966 0
      vertex 7.7 54 0
      vertex 14.2 40 0
    endloop
  endfacet
  facet normal 0 0 -1
    outer loop
      vertex 14.2 40 0
      vertex 7.7 54 0
      vertex 14.216 40.2034 0
    endloop
  endfacet
  facet normal 0 0 -1
    outer loop
      vertex 7.7 54 0
      vertex 14.2636 40.4017 0
      vertex 14.216 40.2034 0
    endloop
  endfacet
  facet normal 0 0 -1
    outer loop
      vertex 7.7 54 0
      vertex 14.3417 40.5902 0
      vertex 14.2636 40.4017 0
    endloop
  endfacet
  facet normal 0 0 -1
    outer loop
      vertex 7.7 54 0
      vertex 14.4483 40.7641 0
      vertex 14.3417 40.5902 0
    endloop
  endfacet
  facet normal 0 0 -1
    outer loop
      vertex 7.7 54 0
      vertex 14.5808 40.9192 0
      vertex 14.4483 40.7641 0
    endloop
  endfacet
  facet normal 0 0 -1
    outer loop
      vertex 7.7 54 0
      vertex 14.7359 41.0517 0
      vertex 14.5808 40.9192 0
    endloop
  endfacet
  facet normal 0 0 -1
    outer loop
      vertex 7.7 54 0
      vertex 14.9098 41.1583 0
      vertex 14.7359 41.0517 0
    endloop
  endfacet
  facet normal 0 0 -1
    outer loop
      vertex 7.7 54 0
      vertex 15.0983 41.2364 0
      vertex 14.9098 41.1583 0
    endloop
  endfacet
  facet normal 0 0 -1
    outer loop
      vertex 16.0902 41.1583 0
      vertex 7.7 54 0
      vertex 7.67907 54.2659 0
    endloop
  endfacet
  facet normal 0 0 -1
    outer loop
      vertex 16.2641 41.0517 0
      vertex 7.67907 54.2659 0
      vertex 7.6168 54.5253 0
    endloop
  endfacet
  facet normal 0 0 -1
    outer loop
      vertex 7.37533 54.9992 0
      vertex 72.6247 54.9992 0
      vertex 7.51471 54.7718 0
    endloop
  endfacet
  facet normal 0 0 -1
    outer loop
      vertex 72.6247 54.9992 0
      vertex 7.37533 54.9992 0
      vertex 72.7979 55.2021 0
    endloop
  endfacet
  facet normal 0 0 -1
    outer loop
      vertex 7.20208 55.2021 0
      vertex 72.7979 55.2021 0
      vertex 7.37533 54.9992 0
    endloop
  endfacet
  facet normal 0 0 -1
    outer loop
      vertex 6.99923 55.3753 0
      vertex 72.7979 55.2021 0
      vertex 7.20208 55.2021 0
    endloop
  endfacet
  facet normal 0 0 -1
    outer loop
      vertex 73.0008 55.3753 0
      vertex 6.99923 55.3753 0
      vertex 78 60 0
    endloop
  endfacet
  facet normal 0 0 -1
    outer loop
      vertex 2 60 0
      vertex 6.99923 55.3753 0
      vertex 6.77178 55.5147 0
    endloop
  endfacet
  facet normal 0 0 -1
    outer loop
      vertex 2 60 0
      vertex 6.77178 55.5147 0
      vertex 6.52533 55.6168 0
    endloop
  endfacet
  facet normal 0 0 -1
    outer loop
      vertex 2 60 0
      vertex 6.52533 55.6168 0
      vertex 6.26594 55.6791 0
    endloop
  endfacet
  facet normal 0 0 -1
    outer loop
      vertex 2 60 0
      vertex 6.26594 55.6791 0
      vertex 6 55.7 0
    endloop
  endfacet
  facet normal 0 0 -1
    outer loop
      vertex 6.99923 55.3753 0
      vertex 2 60 0
      vertex 78 60 0
    endloop
  endfacet
  facet normal 0 0 -1
    outer loop
      vertex 5.73406 55.6791 0
      vertex 2 60 0
      vertex 6 55.7 0
    endloop
  endfacet
  facet normal 0 0 -1
    outer loop
      vertex 5.47467 55.6168 0
      vertex 2 60 0
      vertex 5.73406 55.6791 0
    endloop
  endfacet
  facet normal 0 0 -1
    outer loop
      vertex 5.22822 55.5147 0
      vertex 2 60 0
      vertex 5.47467 55.6168 0
    endloop
  endfacet
  facet normal 0 0 -1
    outer loop
      vertex 5.00076 55.3753 0
      vertex 2 60 0
      vertex 5.22822 55.5147 0
    endloop
  endfacet
  facet normal 0 0 -1
    outer loop
      vertex 4.79792 55.2021 0
      vertex 2 60 0
      vertex 5.00076 55.3753 0
    endloop
  endfacet
  facet normal 0 0 -1
    outer loop
      vertex 0 58 0
      vertex 4.79792 55.2021 0
      vertex 4.62467 54.9992 0
    endloop
  endfacet
  facet normal 0 0 -1
    outer loop
      vertex 0 58 0
      vertex 4.62467 54.9992 0
      vertex 4.48529 54.7718 0
    endloop
  endfacet
  facet normal 0 0 -1
    outer loop
      vertex 0 58 0
      vertex 4.48529 54.7718 0
      vertex 4.3832 54.5253 0
    endloop
  endfacet
  facet normal 0 0 -1
    outer loop
      vertex 0 58 0
      vertex 4.3832 54.5253 0
      vertex 4.32093 54.2659 0
    endloop
  endfacet
  facet normal 0 0 -1
    outer loop
      vertex 0 58 0
      vertex 4.32093 54.2659 0
      vertex 4.3 54 0
    endloop
  endfacet
  facet normal 0 0 -1
    outer loop
      vertex 4.3832 53.4747 0
      vertex 0 58 0
      vertex 4.32093 53.7341 0
    endloop
  endfacet
  facet normal 0 0 -1
    outer loop
      vertex 0 2 0
      vertex 2 0 0
      vertex 1.68713 0.0246229 0
    endloop
  endfacet
  facet normal 0 0 -1
    outer loop
      vertex 4.32093 53.7341 0
      vertex 0 58 0
      vertex 4.3 54 0
    endloop
  endfacet
  facet normal 0 0 -1
    outer loop
      vertex 0 2 0
      vertex 1.68713 0.0246229 0
      vertex 1.38197 0.0978861 0
    endloop
  endfacet
  facet normal 0 0 -1
    outer loop
      vertex 4.79792 55.2021 0
      vertex 0 58 0
      vertex 2 60 0
    endloop
  endfacet
  facet normal 0 0 -1
    outer loop
      vertex 0 2 0
      vertex 1.38197 0.0978861 0
      vertex 1.09202 0.217986 0
    endloop
  endfacet
  facet normal 0 0 -1
    outer loop
      vertex 2 60 0
      vertex 0 58 0
      vertex 1.68713 59.9754 0
    endloop
  endfacet
  facet normal 0 0 -1
    outer loop
      vertex 0 2 0
      vertex 1.09202 0.217986 0
      vertex 0.824429 0.381966 0
    endloop
  endfacet
  facet normal 0 0 -1
    outer loop
      vertex 1.68713 59.9754 0
      vertex 0 58 0
      vertex 1.38197 59.9021 0
    endloop
  endfacet
  facet normal 0 0 -1
    outer loop
      vertex 0 2 0
      vertex 0.824429 0.381966 0
      vertex 0.585786 0.585786 0
    endloop
  endfacet
  facet normal 0 0 -1
    outer loop
      vertex 1.38197 59.9021 0
      vertex 0 58 0
      vertex 1.09202 59.782 0
    endloop
  endfacet
  facet normal 0 0 -1
    outer loop
      vertex 0 2 0
      vertex 0.585786 0.585786 0
      vertex 0.381966 0.824429 0
    endloop
  endfacet
  facet normal 0 0 -1
    outer loop
      vertex 1.09202 59.782 0
      vertex 0 58 0
      vertex 0.824429 59.618 0
    endloop
  endfacet
  facet normal 0 0 -1
    outer loop
      vertex 0 2 0
      vertex 0.381966 0.824429 0
      vertex 0.217986 1.09202 0
    endloop
  endfacet
  facet normal 0 0 -1
    outer loop
      vertex 0.824429 59.618 0
      vertex 0 58 0
      vertex 0.585786 59.4142 0
    endloop
  endfacet
  facet normal 0 0 -1
    outer loop
      vertex 0 2 0
      vertex 0.217986 1.09202 0
      vertex 0.0978861 1.38197 0
    endloop
  endfacet
  facet normal 0 0 -1
    outer loop
      vertex 0.585786 59.4142 0
      vertex 0 58 0
      vertex 0.381966 59.1756 0
    endloop
  endfacet
  facet normal 0 0 -1
    outer loop
      vertex 0 2 0
      vertex 0.0978861 1.38197 0
      vertex 0.0246229 1.68713 0
    endloop
  endfacet
  facet normal 0 0 -1
    outer loop
      vertex 0.381966 59.1756 0
      vertex 0 58 0
      vertex 0.217986 58.908 0
    endloop
  endfacet
  facet normal 0 0 -1
    outer loop
      vertex 0.217986 58.908 0
      vertex 0 58 0
      vertex 0.0978861 58.618 0
    endloop
  endfacet
  facet normal 0 0 -1
    outer loop
      vertex 0.0978861 58.618 0
      vertex 0 58 0
      vertex 0.0246229 58.3129 0
    endloop
  endfacet
  facet normal -0.996918 0.07845 0
    outer loop
      vertex 0 58 0
      vertex 0.0246229 58.3129 30
      vertex 0.0246229 58.3129 0
    endloop
  endfacet
  facet normal -0.996918 0.07845 0
    outer loop
      vertex 0.0246229 58.3129 30
      vertex 0 58 0
      vertex 0 58 30
    endloop
  endfacet
  facet normal -0.522545 0.852612 0
    outer loop
      vertex 1.09202 59.782 0
      vertex 0.824429 59.618 30
      vertex 1.09202 59.782 30
    endloop
  endfacet
  facet normal -0.522545 0.852612 0
    outer loop
      vertex 0.824429 59.618 30
      vertex 1.09202 59.782 0
      vertex 0.824429 59.618 0
    endloop
  endfacet
  facet normal 0.233602 0.972332 -0
    outer loop
      vertex 78.618 59.9021 0
      vertex 78.3129 59.9754 30
      vertex 78.618 59.9021 30
    endloop
  endfacet
  facet normal 0.233602 0.972332 0
    outer loop
      vertex 78.3129 59.9754 30
      vertex 78.618 59.9021 0
      vertex 78.3129 59.9754 0
    endloop
  endfacet
  facet normal 0.972343 -0.233559 0
    outer loop
      vertex 79.9021 1.38197 30
      vertex 79.9754 1.68713 0
      vertex 79.9754 1.68713 30
    endloop
  endfacet
  facet normal 0.972343 -0.233559 0
    outer loop
      vertex 79.9754 1.68713 0
      vertex 79.9021 1.38197 30
      vertex 79.9021 1.38197 0
    endloop
  endfacet
  facet normal 0.996923 -0.078385 0
    outer loop
      vertex 79.9754 1.68713 30
      vertex 80 2 0
      vertex 80 2 30
    endloop
  endfacet
  facet normal 0.996923 -0.078385 0
    outer loop
      vertex 80 2 0
      vertex 79.9754 1.68713 30
      vertex 79.9754 1.68713 0
    endloop
  endfacet
  facet normal -0.233448 -0.972369 0
    outer loop
      vertex 1.38197 0.0978861 0
      vertex 1.68713 0.0246229 30
      vertex 1.38197 0.0978861 30
    endloop
  endfacet
  facet normal -0.233448 -0.972369 -0
    outer loop
      vertex 1.68713 0.0246229 30
      vertex 1.38197 0.0978861 0
      vertex 1.68713 0.0246229 0
    endloop
  endfacet
  facet normal 0.382624 -0.923904 0
    outer loop
      vertex 78.618 0.0978861 0
      vertex 78.908 0.217986 30
      vertex 78.618 0.0978861 30
    endloop
  endfacet
  facet normal 0.382624 -0.923904 0
    outer loop
      vertex 78.908 0.217986 30
      vertex 78.618 0.0978861 0
      vertex 78.908 0.217986 0
    endloop
  endfacet
  facet normal -0.852648 0.522486 0
    outer loop
      vertex 0.217986 58.908 0
      vertex 0.381966 59.1756 30
      vertex 0.381966 59.1756 0
    endloop
  endfacet
  facet normal -0.852648 0.522486 0
    outer loop
      vertex 0.381966 59.1756 30
      vertex 0.217986 58.908 0
      vertex 0.217986 58.908 30
    endloop
  endfacet
  facet normal -0.923904 0.382624 0
    outer loop
      vertex 0.0978861 58.618 0
      vertex 0.217986 58.908 30
      vertex 0.217986 58.908 0
    endloop
  endfacet
  facet normal -0.923904 0.382624 0
    outer loop
      vertex 0.217986 58.908 30
      vertex 0.0978861 58.618 0
      vertex 0.0978861 58.618 30
    endloop
  endfacet
  facet normal -0.233559 0.972343 0
    outer loop
      vertex 1.68713 59.9754 0
      vertex 1.38197 59.9021 30
      vertex 1.68713 59.9754 30
    endloop
  endfacet
  facet normal -0.233559 0.972343 0
    outer loop
      vertex 1.38197 59.9021 30
      vertex 1.68713 59.9754 0
      vertex 1.38197 59.9021 0
    endloop
  endfacet
  facet normal -0.078385 0.996923 0
    outer loop
      vertex 2 60 0
      vertex 1.68713 59.9754 30
      vertex 2 60 30
    endloop
  endfacet
  facet normal -0.078385 0.996923 0
    outer loop
      vertex 1.68713 59.9754 30
      vertex 2 60 0
      vertex 1.68713 59.9754 0
    endloop
  endfacet
  facet normal -0.38268 0.923881 0
    outer loop
      vertex 1.38197 59.9021 0
      vertex 1.09202 59.782 30
      vertex 1.38197 59.9021 30
    endloop
  endfacet
  facet normal -0.38268 0.923881 0
    outer loop
      vertex 1.09202 59.782 30
      vertex 1.38197 59.9021 0
      vertex 1.09202 59.782 0
    endloop
  endfacet
  facet normal 0.852612 -0.522545 0
    outer loop
      vertex 79.618 0.824429 30
      vertex 79.782 1.09202 0
      vertex 79.782 1.09202 30
    endloop
  endfacet
  facet normal 0.852612 -0.522545 0
    outer loop
      vertex 79.782 1.09202 0
      vertex 79.618 0.824429 30
      vertex 79.618 0.824429 0
    endloop
  endfacet
  facet normal 0.923881 -0.38268 0
    outer loop
      vertex 79.782 1.09202 30
      vertex 79.9021 1.38197 0
      vertex 79.9021 1.38197 30
    endloop
  endfacet
  facet normal 0.923881 -0.38268 0
    outer loop
      vertex 79.9021 1.38197 0
      vertex 79.782 1.09202 30
      vertex 79.782 1.09202 0
    endloop
  endfacet
  facet normal -0.38268 -0.923881 0
    outer loop
      vertex 1.09202 0.217986 0
      vertex 1.38197 0.0978861 30
      vertex 1.09202 0.217986 30
    endloop
  endfacet
  facet normal -0.38268 -0.923881 -0
    outer loop
      vertex 1.38197 0.0978861 30
      vertex 1.09202 0.217986 0
      vertex 1.38197 0.0978861 0
    endloop
  endfacet
  facet normal -0.972369 -0.233448 0
    outer loop
      vertex 0.0978861 1.38197 0
      vertex 0.0246229 1.68713 30
      vertex 0.0246229 1.68713 0
    endloop
  endfacet
  facet normal -0.972369 -0.233448 0
    outer loop
      vertex 0.0246229 1.68713 30
      vertex 0.0978861 1.38197 0
      vertex 0.0978861 1.38197 30
    endloop
  endfacet
  facet normal -0.760407 -0.649447 0
    outer loop
      vertex 0.585786 0.585786 0
      vertex 0.381966 0.824429 30
      vertex 0.381966 0.824429 0
    endloop
  endfacet
  facet normal -0.760407 -0.649447 0
    outer loop
      vertex 0.381966 0.824429 30
      vertex 0.585786 0.585786 0
      vertex 0.585786 0.585786 30
    endloop
  endfacet
  facet normal 0.522486 -0.852648 0
    outer loop
      vertex 78.908 0.217986 0
      vertex 79.1756 0.381966 30
      vertex 78.908 0.217986 30
    endloop
  endfacet
  facet normal 0.522486 -0.852648 0
    outer loop
      vertex 79.1756 0.381966 30
      vertex 78.908 0.217986 0
      vertex 79.1756 0.381966 0
    endloop
  endfacet
  facet normal 0.233491 -0.972359 0
    outer loop
      vertex 78.3129 0.0246229 0
      vertex 78.618 0.0978861 30
      vertex 78.3129 0.0246229 30
    endloop
  endfacet
  facet normal 0.233491 -0.972359 0
    outer loop
      vertex 78.618 0.0978861 30
      vertex 78.3129 0.0246229 0
      vertex 78.618 0.0978861 0
    endloop
  endfacet
  facet normal -0.972359 0.233491 0
    outer loop
      vertex 0.0246229 58.3129 0
      vertex 0.0978861 58.618 30
      vertex 0.0978861 58.618 0
    endloop
  endfacet
  facet normal -0.972359 0.233491 0
    outer loop
      vertex 0.0978861 58.618 30
      vertex 0.0246229 58.3129 0
      vertex 0.0246229 58.3129 30
    endloop
  endfacet
  facet normal -0.760349 0.649515 0
    outer loop
      vertex 0.381966 59.1756 0
      vertex 0.585786 59.4142 30
      vertex 0.585786 59.4142 0
    endloop
  endfacet
  facet normal -0.760349 0.649515 0
    outer loop
      vertex 0.585786 59.4142 30
      vertex 0.381966 59.1756 0
      vertex 0.381966 59.1756 30
    endloop
  endfacet
  facet normal -0.649411 0.760438 0
    outer loop
      vertex 0.824429 59.618 0
      vertex 0.585786 59.4142 30
      vertex 0.824429 59.618 30
    endloop
  endfacet
  facet normal -0.649411 0.760438 0
    outer loop
      vertex 0.585786 59.4142 30
      vertex 0.824429 59.618 0
      vertex 0.585786 59.4142 0
    endloop
  endfacet
  facet normal 0.0783775 0.996924 -0
    outer loop
      vertex 78.3129 59.9754 0
      vertex 78 60 30
      vertex 78.3129 59.9754 30
    endloop
  endfacet
  facet normal 0.0783775 0.996924 0
    outer loop
      vertex 78 60 30
      vertex 78.3129 59.9754 0
      vertex 78 60 0
    endloop
  endfacet
  facet normal 0.85262 0.522532 0
    outer loop
      vertex 79.782 58.908 30
      vertex 79.618 59.1756 0
      vertex 79.618 59.1756 30
    endloop
  endfacet
  facet normal 0.85262 0.522532 0
    outer loop
      vertex 79.618 59.1756 0
      vertex 79.782 58.908 30
      vertex 79.782 58.908 0
    endloop
  endfacet
  facet normal 0.760438 -0.649411 0
    outer loop
      vertex 79.4142 0.585786 30
      vertex 79.618 0.824429 0
      vertex 79.618 0.824429 30
    endloop
  endfacet
  facet normal 0.760438 -0.649411 0
    outer loop
      vertex 79.618 0.824429 0
      vertex 79.4142 0.585786 30
      vertex 79.4142 0.585786 0
    endloop
  endfacet
  facet normal 0.649515 -0.760349 0
    outer loop
      vertex 79.1756 0.381966 0
      vertex 79.4142 0.585786 30
      vertex 79.1756 0.381966 30
    endloop
  endfacet
  facet normal 0.649515 -0.760349 0
    outer loop
      vertex 79.4142 0.585786 30
      vertex 79.1756 0.381966 0
      vertex 79.4142 0.585786 0
    endloop
  endfacet
  facet normal -0.923881 -0.38268 0
    outer loop
      vertex 0.217986 1.09202 0
      vertex 0.0978861 1.38197 30
      vertex 0.0978861 1.38197 0
    endloop
  endfacet
  facet normal -0.923881 -0.38268 0
    outer loop
      vertex 0.0978861 1.38197 30
      vertex 0.217986 1.09202 0
      vertex 0.217986 1.09202 30
    endloop
  endfacet
  facet normal -0.649447 -0.760407 0
    outer loop
      vertex 0.585786 0.585786 0
      vertex 0.824429 0.381966 30
      vertex 0.585786 0.585786 30
    endloop
  endfacet
  facet normal -0.649447 -0.760407 -0
    outer loop
      vertex 0.824429 0.381966 30
      vertex 0.585786 0.585786 0
      vertex 0.824429 0.381966 0
    endloop
  endfacet
  facet normal 0.382624 0.923904 -0
    outer loop
      vertex 78.908 59.782 0
      vertex 78.618 59.9021 30
      vertex 78.908 59.782 30
    endloop
  endfacet
  facet normal 0.382624 0.923904 0
    outer loop
      vertex 78.618 59.9021 30
      vertex 78.908 59.782 0
      vertex 78.618 59.9021 0
    endloop
  endfacet
  facet normal 0.76038 0.649478 0
    outer loop
      vertex 79.618 59.1756 30
      vertex 79.4142 59.4142 0
      vertex 79.4142 59.4142 30
    endloop
  endfacet
  facet normal 0.76038 0.649478 0
    outer loop
      vertex 79.4142 59.4142 0
      vertex 79.618 59.1756 30
      vertex 79.618 59.1756 0
    endloop
  endfacet
  facet normal 0.923904 0.382624 0
    outer loop
      vertex 79.9021 58.618 30
      vertex 79.782 58.908 0
      vertex 79.782 58.908 30
    endloop
  endfacet
  facet normal 0.923904 0.382624 0
    outer loop
      vertex 79.782 58.908 0
      vertex 79.9021 58.618 30
      vertex 79.9021 58.618 0
    endloop
  endfacet
  facet normal 0.972332 0.233602 0
    outer loop
      vertex 79.9754 58.3129 30
      vertex 79.9021 58.618 0
      vertex 79.9021 58.618 30
    endloop
  endfacet
  facet normal 0.972332 0.233602 0
    outer loop
      vertex 79.9021 58.618 0
      vertex 79.9754 58.3129 30
      vertex 79.9754 58.3129 0
    endloop
  endfacet
  facet normal 0.522532 0.85262 -0
    outer loop
      vertex 79.1756 59.618 0
      vertex 78.908 59.782 30
      vertex 79.1756 59.618 30
    endloop
  endfacet
  facet normal 0.522532 0.85262 0
    outer loop
      vertex 78.908 59.782 30
      vertex 79.1756 59.618 0
      vertex 78.908 59.782 0
    endloop
  endfacet
  facet normal 1 0 0
    outer loop
      vertex 2.5 57.5 30
      vertex 2.5 55.9204 27
      vertex 2.5 57.5 2.5
    endloop
  endfacet
  facet normal 1 0 0
    outer loop
      vertex 2.5 57.5 30
      vertex 2.5 52.0796 27
      vertex 2.5 55.9204 27
    endloop
  endfacet
  facet normal 1 0 0
    outer loop
      vertex 2.5 52.0796 27
      vertex 2.5 39 13.5
      vertex 2.5 52.0796 2.5
    endloop
  endfacet
  facet normal 1 0 0
    outer loop
      vertex 2.5 52.0796 27
      vertex 2.5 21 13.5
      vertex 2.5 39 13.5
    endloop
  endfacet
  facet normal 1 0 0
    outer loop
      vertex 2.5 7.92044 27
      vertex 2.5 52.0796 27
      vertex 2.5 57.5 30
    endloop
  endfacet
  facet normal 1 0 0
    outer loop
      vertex 2.5 7.92044 2.5
      vertex 2.5 21 13.5
      vertex 2.5 7.92044 27
    endloop
  endfacet
  facet normal 1 0 0
    outer loop
      vertex 2.5 52.0796 27
      vertex 2.5 7.92044 27
      vertex 2.5 21 13.5
    endloop
  endfacet
  facet normal 1 -0 0
    outer loop
      vertex 2.5 2.5 30
      vertex 2.5 7.92044 27
      vertex 2.5 57.5 30
    endloop
  endfacet
  facet normal 1 0 0
    outer loop
      vertex 2.5 7.92044 27
      vertex 2.5 2.5 30
      vertex 2.5 4.07956 27
    endloop
  endfacet
  facet normal 1 0 0
    outer loop
      vertex 2.5 2.5 2.5
      vertex 2.5 4.07956 27
      vertex 2.5 2.5 30
    endloop
  endfacet
  facet normal 1 0 0
    outer loop
      vertex 2.5 4.07956 27
      vertex 2.5 2.5 2.5
      vertex 2.5 4.07956 2.5
    endloop
  endfacet
  facet normal 1 0 0
    outer loop
      vertex 2.5 57.5 2.5
      vertex 2.5 55.9204 27
      vertex 2.5 55.9204 2.5
    endloop
  endfacet
  facet normal 1 -0 0
    outer loop
      vertex 2.5 39 5.5
      vertex 2.5 52.0796 2.5
      vertex 2.5 39 13.5
    endloop
  endfacet
  facet normal 1 -0 0
    outer loop
      vertex 2.5 21 5.5
      vertex 2.5 52.0796 2.5
      vertex 2.5 39 5.5
    endloop
  endfacet
  facet normal 1 0 0
    outer loop
      vertex 2.5 21 5.5
      vertex 2.5 7.92044 2.5
      vertex 2.5 52.0796 2.5
    endloop
  endfacet
  facet normal 1 0 0
    outer loop
      vertex 2.5 21 13.5
      vertex 2.5 7.92044 2.5
      vertex 2.5 21 5.5
    endloop
  endfacet
  facet normal -1 0 0
    outer loop
      vertex 77.5 4.07956 2.5
      vertex 77.5 2.5 2.5
      vertex 77.5 4.07956 27
    endloop
  endfacet
  facet normal -1 0 0
    outer loop
      vertex 77.5 37 13.5
      vertex 77.5 52.0796 2.5
      vertex 77.5 37 5.5
    endloop
  endfacet
  facet normal -1 0 0
    outer loop
      vertex 77.5 52.0796 2.5
      vertex 77.5 23 5.5
      vertex 77.5 37 5.5
    endloop
  endfacet
  facet normal -1 -0 0
    outer loop
      vertex 77.5 23 5.5
      vertex 77.5 7.92044 2.5
      vertex 77.5 23 13.5
    endloop
  endfacet
  facet normal -1 0 0
    outer loop
      vertex 77.5 7.92044 2.5
      vertex 77.5 23 5.5
      vertex 77.5 52.0796 2.5
    endloop
  endfacet
  facet normal -1 0 0
    outer loop
      vertex 77.5 55.9204 27
      vertex 77.5 57.5 2.5
      vertex 77.5 55.9204 2.5
    endloop
  endfacet
  facet normal -1 0 0
    outer loop
      vertex 77.5 57.5 2.5
      vertex 77.5 55.9204 27
      vertex 77.5 57.5 30
    endloop
  endfacet
  facet normal -1 0 0
    outer loop
      vertex 77.5 52.0796 27
      vertex 77.5 57.5 30
      vertex 77.5 55.9204 27
    endloop
  endfacet
  facet normal -1 0 0
    outer loop
      vertex 77.5 52.0796 2.5
      vertex 77.5 37 13.5
      vertex 77.5 52.0796 27
    endloop
  endfacet
  facet normal -1 0 0
    outer loop
      vertex 77.5 23 13.5
      vertex 77.5 52.0796 27
      vertex 77.5 37 13.5
    endloop
  endfacet
  facet normal -1 0 0
    outer loop
      vertex 77.5 7.92044 27
      vertex 77.5 52.0796 27
      vertex 77.5 23 13.5
    endloop
  endfacet
  facet normal -1 0 0
    outer loop
      vertex 77.5 7.92044 27
      vertex 77.5 23 13.5
      vertex 77.5 7.92044 2.5
    endloop
  endfacet
  facet normal -1 0 0
    outer loop
      vertex 77.5 52.0796 27
      vertex 77.5 7.92044 27
      vertex 77.5 57.5 30
    endloop
  endfacet
  facet normal -1 0 0
    outer loop
      vertex 77.5 2.5 30
      vertex 77.5 7.92044 27
      vertex 77.5 4.07956 27
    endloop
  endfacet
  facet normal -1 0 0
    outer loop
      vertex 77.5 7.92044 27
      vertex 77.5 2.5 30
      vertex 77.5 57.5 30
    endloop
  endfacet
  facet normal -1 0 0
    outer loop
      vertex 77.5 2.5 30
      vertex 77.5 4.07956 27
      vertex 77.5 2.5 2.5
    endloop
  endfacet
  facet normal 0 -1 0
    outer loop
      vertex 7.92044 57.5 2.5
      vertex 72.0796 57.5 27
      vertex 7.92044 57.5 27
    endloop
  endfacet
  facet normal 0 -1 -0
    outer loop
      vertex 72.0796 57.5 27
      vertex 7.92044 57.5 2.5
      vertex 72.0796 57.5 2.5
    endloop
  endfacet
  facet normal 0 -1 0
    outer loop
      vertex 7.92044 57.5 27
      vertex 2.5 57.5 30
      vertex 4.07956 57.5 27
    endloop
  endfacet
  facet normal 0 -1 0
    outer loop
      vertex 2.5 57.5 2.5
      vertex 4.07956 57.5 27
      vertex 2.5 57.5 30
    endloop
  endfacet
  facet normal 0 -1 -0
    outer loop
      vertex 4.07956 57.5 27
      vertex 2.5 57.5 2.5
      vertex 4.07956 57.5 2.5
    endloop
  endfacet
  facet normal 0 -1 0
    outer loop
      vertex 2.5 57.5 30
      vertex 7.92044 57.5 27
      vertex 77.5 57.5 30
    endloop
  endfacet
  facet normal 0 -1 0
    outer loop
      vertex 72.0796 57.5 27
      vertex 77.5 57.5 30
      vertex 7.92044 57.5 27
    endloop
  endfacet
  facet normal 0 -1 0
    outer loop
      vertex 75.9204 57.5 27
      vertex 77.5 57.5 30
      vertex 72.0796 57.5 27
    endloop
  endfacet
  facet normal 0 -1 0
    outer loop
      vertex 77.5 57.5 2.5
      vertex 75.9204 57.5 27
      vertex 75.9204 57.5 2.5
    endloop
  endfacet
  facet normal 0 -1 0
    outer loop
      vertex 75.9204 57.5 27
      vertex 77.5 57.5 2.5
      vertex 77.5 57.5 30
    endloop
  endfacet
  facet normal 0 0 1
    outer loop
      vertex 3.64886 2.76393 2.5
      vertex 2.5 2.5 2.5
      vertex 4.07956 2.5 2.5
    endloop
  endfacet
  facet normal 0 0 1
    outer loop
      vertex 3.17157 3.17157 2.5
      vertex 2.5 2.5 2.5
      vertex 3.64886 2.76393 2.5
    endloop
  endfacet
  facet normal 0 0 1
    outer loop
      vertex 2.76393 3.64886 2.5
      vertex 2.5 2.5 2.5
      vertex 3.17157 3.17157 2.5
    endloop
  endfacet
  facet normal 0 0 1
    outer loop
      vertex 2.5 2.5 2.5
      vertex 2.76393 3.64886 2.5
      vertex 2.5 4.07956 2.5
    endloop
  endfacet
  facet normal 0 0 1
    outer loop
      vertex 77.5 57.5 2.5
      vertex 77.2361 56.3511 2.5
      vertex 77.5 55.9204 2.5
    endloop
  endfacet
  facet normal 0 0 1
    outer loop
      vertex 77.5 57.5 2.5
      vertex 76.8284 56.8284 2.5
      vertex 77.2361 56.3511 2.5
    endloop
  endfacet
  facet normal 0 0 1
    outer loop
      vertex 77.5 57.5 2.5
      vertex 76.3511 57.2361 2.5
      vertex 76.8284 56.8284 2.5
    endloop
  endfacet
  facet normal 0 -0 1
    outer loop
      vertex 76.3511 57.2361 2.5
      vertex 77.5 57.5 2.5
      vertex 75.9204 57.5 2.5
    endloop
  endfacet
  facet normal -0 0 1
    outer loop
      vertex 2.5 57.5 2.5
      vertex 3.64886 57.2361 2.5
      vertex 4.07956 57.5 2.5
    endloop
  endfacet
  facet normal 0 0 1
    outer loop
      vertex 2.5 57.5 2.5
      vertex 3.17157 56.8284 2.5
      vertex 3.64886 57.2361 2.5
    endloop
  endfacet
  facet normal 0 0 1
    outer loop
      vertex 2.5 57.5 2.5
      vertex 2.76393 56.3511 2.5
      vertex 3.17157 56.8284 2.5
    endloop
  endfacet
  facet normal 0 0 1
    outer loop
      vertex 2.76393 56.3511 2.5
      vertex 2.5 57.5 2.5
      vertex 2.5 55.9204 2.5
    endloop
  endfacet
  facet normal -0 0 1
    outer loop
      vertex 77.2361 3.64886 2.5
      vertex 77.5 2.5 2.5
      vertex 77.5 4.07956 2.5
    endloop
  endfacet
  facet normal -0 0 1
    outer loop
      vertex 76.8284 3.17157 2.5
      vertex 77.5 2.5 2.5
      vertex 77.2361 3.64886 2.5
    endloop
  endfacet
  facet normal -0 0 1
    outer loop
      vertex 76.3511 2.76393 2.5
      vertex 77.5 2.5 2.5
      vertex 76.8284 3.17157 2.5
    endloop
  endfacet
  facet normal 0 0 1
    outer loop
      vertex 77.5 2.5 2.5
      vertex 76.3511 2.76393 2.5
      vertex 75.9204 2.5 2.5
    endloop
  endfacet
  facet normal 0 0 1
    outer loop
      vertex 13.3787 42.1213 2.5
      vertex 7.23607 50.1958 2.5
      vertex 13.0729 41.7634 2.5
    endloop
  endfacet
  facet normal 0 0 1
    outer loop
      vertex 12.5369 20.4693 2.5
      vertex 9.95075 6.62574 2.5
      vertex 10 6 2.5
    endloop
  endfacet
  facet normal -0 0 1
    outer loop
      vertex 6.62574 50.0492 2.5
      vertex 13.0729 41.7634 2.5
      vertex 7.23607 50.1958 2.5
    endloop
  endfacet
  facet normal 0 0 1
    outer loop
      vertex 12.5369 20.4693 2.5
      vertex 9.80423 7.23607 2.5
      vertex 9.95075 6.62574 2.5
    endloop
  endfacet
  facet normal 0 0 1
    outer loop
      vertex 13.0729 41.7634 2.5
      vertex 6.62574 50.0492 2.5
      vertex 12.827 41.362 2.5
    endloop
  endfacet
  facet normal 0 0 1
    outer loop
      vertex 12.5369 20.4693 2.5
      vertex 9.56403 7.81596 2.5
      vertex 9.80423 7.23607 2.5
    endloop
  endfacet
  facet normal 0 0 1
    outer loop
      vertex 12.827 41.362 2.5
      vertex 6.62574 50.0492 2.5
      vertex 12.6468 40.9271 2.5
    endloop
  endfacet
  facet normal 0 0 1
    outer loop
      vertex 12.5369 20.4693 2.5
      vertex 9.23607 8.35114 2.5
      vertex 9.56403 7.81596 2.5
    endloop
  endfacet
  facet normal -0 0 1
    outer loop
      vertex 6 50 2.5
      vertex 12.6468 40.9271 2.5
      vertex 6.62574 50.0492 2.5
    endloop
  endfacet
  facet normal 0 0 1
    outer loop
      vertex 12.5369 20.4693 2.5
      vertex 8.82843 8.82843 2.5
      vertex 9.23607 8.35114 2.5
    endloop
  endfacet
  facet normal 0 0 1
    outer loop
      vertex 12.6468 40.9271 2.5
      vertex 6 50 2.5
      vertex 12.5369 40.4693 2.5
    endloop
  endfacet
  facet normal 0 0 1
    outer loop
      vertex 12.5369 20.4693 2.5
      vertex 8.35114 9.23607 2.5
      vertex 8.82843 8.82843 2.5
    endloop
  endfacet
  facet normal 0 0 1
    outer loop
      vertex 5.37426 50.0492 2.5
      vertex 12.5369 40.4693 2.5
      vertex 6 50 2.5
    endloop
  endfacet
  facet normal 0 0 1
    outer loop
      vertex 12.5369 20.4693 2.5
      vertex 7.81596 9.56403 2.5
      vertex 8.35114 9.23607 2.5
    endloop
  endfacet
  facet normal 0 0 1
    outer loop
      vertex 12.5369 40.4693 2.5
      vertex 5.37426 50.0492 2.5
      vertex 12.5 40 2.5
    endloop
  endfacet
  facet normal 0 0 1
    outer loop
      vertex 12.5369 20.4693 2.5
      vertex 7.23607 9.80423 2.5
      vertex 7.81596 9.56403 2.5
    endloop
  endfacet
  facet normal 0 0 1
    outer loop
      vertex 4.76393 50.1958 2.5
      vertex 12.5 40 2.5
      vertex 5.37426 50.0492 2.5
    endloop
  endfacet
  facet normal 0 0 1
    outer loop
      vertex 12.5369 20.4693 2.5
      vertex 6.62574 9.95075 2.5
      vertex 7.23607 9.80423 2.5
    endloop
  endfacet
  facet normal 0 0 1
    outer loop
      vertex 12.5 40 2.5
      vertex 4.76393 50.1958 2.5
      vertex 12.5369 39.5307 2.5
    endloop
  endfacet
  facet normal 0 0 1
    outer loop
      vertex 12.5369 20.4693 2.5
      vertex 6 10 2.5
      vertex 6.62574 9.95075 2.5
    endloop
  endfacet
  facet normal 0 0 1
    outer loop
      vertex 4.18404 50.436 2.5
      vertex 12.5369 39.5307 2.5
      vertex 4.76393 50.1958 2.5
    endloop
  endfacet
  facet normal 0 0 1
    outer loop
      vertex 12.5369 20.4693 2.5
      vertex 5.37426 9.95075 2.5
      vertex 6 10 2.5
    endloop
  endfacet
  facet normal 0 0 1
    outer loop
      vertex 3.64886 50.7639 2.5
      vertex 12.5369 39.5307 2.5
      vertex 4.18404 50.436 2.5
    endloop
  endfacet
  facet normal 0 0 1
    outer loop
      vertex 12.5369 20.4693 2.5
      vertex 4.76393 9.80423 2.5
      vertex 5.37426 9.95075 2.5
    endloop
  endfacet
  facet normal 0 0 1
    outer loop
      vertex 12.5369 39.5307 2.5
      vertex 3.64886 50.7639 2.5
      vertex 12.5369 20.4693 2.5
    endloop
  endfacet
  facet normal 0 0 1
    outer loop
      vertex 12.5369 20.4693 2.5
      vertex 4.18404 9.56403 2.5
      vertex 4.76393 9.80423 2.5
    endloop
  endfacet
  facet normal 0 0 1
    outer loop
      vertex 3.64886 9.23607 2.5
      vertex 12.5369 20.4693 2.5
      vertex 3.64886 50.7639 2.5
    endloop
  endfacet
  facet normal 0 0 1
    outer loop
      vertex 12.5369 20.4693 2.5
      vertex 3.64886 9.23607 2.5
      vertex 4.18404 9.56403 2.5
    endloop
  endfacet
  facet normal 0 0 1
    outer loop
      vertex 3.17157 51.1716 2.5
      vertex 3.64886 9.23607 2.5
      vertex 3.64886 50.7639 2.5
    endloop
  endfacet
  facet normal 0 0 1
    outer loop
      vertex 3.17157 51.1716 2.5
      vertex 3.17157 8.82843 2.5
      vertex 3.64886 9.23607 2.5
    endloop
  endfacet
  facet normal 0 0 1
    outer loop
      vertex 2.76393 51.6489 2.5
      vertex 3.17157 8.82843 2.5
      vertex 3.17157 51.1716 2.5
    endloop
  endfacet
  facet normal 0 0 1
    outer loop
      vertex 2.76393 51.6489 2.5
      vertex 2.76393 8.35114 2.5
      vertex 3.17157 8.82843 2.5
    endloop
  endfacet
  facet normal 0 0 1
    outer loop
      vertex 2.5 52.0796 2.5
      vertex 2.76393 8.35114 2.5
      vertex 2.76393 51.6489 2.5
    endloop
  endfacet
  facet normal 0 0 1
    outer loop
      vertex 2.76393 8.35114 2.5
      vertex 2.5 52.0796 2.5
      vertex 2.5 7.92044 2.5
    endloop
  endfacet
  facet normal 0 0 1
    outer loop
      vertex 61.6468 39.0729 2.5
      vertex 18.3532 39.0729 2.5
      vertex 61.6468 20.9271 2.5
    endloop
  endfacet
  facet normal 0 0 1
    outer loop
      vertex 61.6468 20.9271 2.5
      vertex 18.4631 20.4693 2.5
      vertex 18.5 20 2.5
    endloop
  endfacet
  facet normal 0 0 1
    outer loop
      vertex 18.3532 20.9271 2.5
      vertex 61.6468 20.9271 2.5
      vertex 18.3532 39.0729 2.5
    endloop
  endfacet
  facet normal 0 0 1
    outer loop
      vertex 61.6468 20.9271 2.5
      vertex 18.3532 20.9271 2.5
      vertex 18.4631 20.4693 2.5
    endloop
  endfacet
  facet normal -0 0 1
    outer loop
      vertex 18.173 38.638 2.5
      vertex 18.3532 20.9271 2.5
      vertex 18.3532 39.0729 2.5
    endloop
  endfacet
  facet normal 0 0 1
    outer loop
      vertex 18.173 38.638 2.5
      vertex 18.173 21.362 2.5
      vertex 18.3532 20.9271 2.5
    endloop
  endfacet
  facet normal -0 0 1
    outer loop
      vertex 17.9271 38.2366 2.5
      vertex 18.173 21.362 2.5
      vertex 18.173 38.638 2.5
    endloop
  endfacet
  facet normal 0 0 1
    outer loop
      vertex 17.9271 38.2366 2.5
      vertex 17.9271 21.7634 2.5
      vertex 18.173 21.362 2.5
    endloop
  endfacet
  facet normal -0 0 1
    outer loop
      vertex 17.6213 37.8787 2.5
      vertex 17.9271 21.7634 2.5
      vertex 17.9271 38.2366 2.5
    endloop
  endfacet
  facet normal 0 0 1
    outer loop
      vertex 17.6213 37.8787 2.5
      vertex 17.6213 22.1213 2.5
      vertex 17.9271 21.7634 2.5
    endloop
  endfacet
  facet normal -0 0 1
    outer loop
      vertex 17.2634 37.5729 2.5
      vertex 17.6213 22.1213 2.5
      vertex 17.6213 37.8787 2.5
    endloop
  endfacet
  facet normal 0 0 1
    outer loop
      vertex 17.2634 37.5729 2.5
      vertex 17.2634 22.4271 2.5
      vertex 17.6213 22.1213 2.5
    endloop
  endfacet
  facet normal -0 0 1
    outer loop
      vertex 16.862 37.327 2.5
      vertex 17.2634 22.4271 2.5
      vertex 17.2634 37.5729 2.5
    endloop
  endfacet
  facet normal 0 0 1
    outer loop
      vertex 16.862 37.327 2.5
      vertex 16.862 22.673 2.5
      vertex 17.2634 22.4271 2.5
    endloop
  endfacet
  facet normal -0 0 1
    outer loop
      vertex 16.4271 37.1468 2.5
      vertex 16.862 22.673 2.5
      vertex 16.862 37.327 2.5
    endloop
  endfacet
  facet normal 0 0 1
    outer loop
      vertex 16.4271 37.1468 2.5
      vertex 16.4271 22.8532 2.5
      vertex 16.862 22.673 2.5
    endloop
  endfacet
  facet normal -0 0 1
    outer loop
      vertex 15.9693 37.0369 2.5
      vertex 16.4271 22.8532 2.5
      vertex 16.4271 37.1468 2.5
    endloop
  endfacet
  facet normal 0 0 1
    outer loop
      vertex 15.9693 37.0369 2.5
      vertex 15.9693 22.9631 2.5
      vertex 16.4271 22.8532 2.5
    endloop
  endfacet
  facet normal -0 0 1
    outer loop
      vertex 15.5 37 2.5
      vertex 15.9693 22.9631 2.5
      vertex 15.9693 37.0369 2.5
    endloop
  endfacet
  facet normal 0 0 1
    outer loop
      vertex 15.5 37 2.5
      vertex 15.5 23 2.5
      vertex 15.9693 22.9631 2.5
    endloop
  endfacet
  facet normal 0 0 1
    outer loop
      vertex 15.0307 37.0369 2.5
      vertex 15.5 23 2.5
      vertex 15.5 37 2.5
    endloop
  endfacet
  facet normal 0 0 1
    outer loop
      vertex 15.0307 37.0369 2.5
      vertex 15.0307 22.9631 2.5
      vertex 15.5 23 2.5
    endloop
  endfacet
  facet normal 0 0 1
    outer loop
      vertex 14.5729 37.1468 2.5
      vertex 15.0307 22.9631 2.5
      vertex 15.0307 37.0369 2.5
    endloop
  endfacet
  facet normal 0 0 1
    outer loop
      vertex 14.5729 37.1468 2.5
      vertex 14.5729 22.8532 2.5
      vertex 15.0307 22.9631 2.5
    endloop
  endfacet
  facet normal 0 0 1
    outer loop
      vertex 14.138 37.327 2.5
      vertex 14.5729 22.8532 2.5
      vertex 14.5729 37.1468 2.5
    endloop
  endfacet
  facet normal 0 0 1
    outer loop
      vertex 14.138 37.327 2.5
      vertex 14.138 22.673 2.5
      vertex 14.5729 22.8532 2.5
    endloop
  endfacet
  facet normal 0 0 1
    outer loop
      vertex 13.7366 37.5729 2.5
      vertex 14.138 22.673 2.5
      vertex 14.138 37.327 2.5
    endloop
  endfacet
  facet normal 0 0 1
    outer loop
      vertex 13.7366 37.5729 2.5
      vertex 13.7366 22.4271 2.5
      vertex 14.138 22.673 2.5
    endloop
  endfacet
  facet normal 0 0 1
    outer loop
      vertex 13.3787 37.8787 2.5
      vertex 13.7366 22.4271 2.5
      vertex 13.7366 37.5729 2.5
    endloop
  endfacet
  facet normal 0 0 1
    outer loop
      vertex 13.3787 37.8787 2.5
      vertex 13.3787 22.1213 2.5
      vertex 13.7366 22.4271 2.5
    endloop
  endfacet
  facet normal 0 0 1
    outer loop
      vertex 13.0729 38.2366 2.5
      vertex 13.3787 22.1213 2.5
      vertex 13.3787 37.8787 2.5
    endloop
  endfacet
  facet normal 0 0 1
    outer loop
      vertex 13.0729 38.2366 2.5
      vertex 13.0729 21.7634 2.5
      vertex 13.3787 22.1213 2.5
    endloop
  endfacet
  facet normal 0 0 1
    outer loop
      vertex 12.827 38.638 2.5
      vertex 13.0729 21.7634 2.5
      vertex 13.0729 38.2366 2.5
    endloop
  endfacet
  facet normal 0 0 1
    outer loop
      vertex 12.827 38.638 2.5
      vertex 12.827 21.362 2.5
      vertex 13.0729 21.7634 2.5
    endloop
  endfacet
  facet normal 0 0 1
    outer loop
      vertex 12.6468 39.0729 2.5
      vertex 12.827 21.362 2.5
      vertex 12.827 38.638 2.5
    endloop
  endfacet
  facet normal 0 0 1
    outer loop
      vertex 12.6468 39.0729 2.5
      vertex 12.6468 20.9271 2.5
      vertex 12.827 21.362 2.5
    endloop
  endfacet
  facet normal 0 0 1
    outer loop
      vertex 12.5369 39.5307 2.5
      vertex 12.6468 20.9271 2.5
      vertex 12.6468 39.0729 2.5
    endloop
  endfacet
  facet normal 0 0 1
    outer loop
      vertex 12.5369 39.5307 2.5
      vertex 12.5369 20.4693 2.5
      vertex 12.6468 20.9271 2.5
    endloop
  endfacet
  facet normal -0 0 1
    outer loop
      vertex 7.81596 50.436 2.5
      vertex 13.7366 42.4271 2.5
      vertex 8.35114 50.7639 2.5
    endloop
  endfacet
  facet normal 0 0 1
    outer loop
      vertex 13.7366 42.4271 2.5
      vertex 7.81596 50.436 2.5
      vertex 13.3787 42.1213 2.5
    endloop
  endfacet
  facet normal 0 0 1
    outer loop
      vertex 76.3511 50.7639 2.5
      vertex 67.3532 39.0729 2.5
      vertex 76.3511 9.23607 2.5
    endloop
  endfacet
  facet normal 0 0 1
    outer loop
      vertex 76.3511 9.23607 2.5
      vertex 67.4631 20.4693 2.5
      vertex 67.5 20 2.5
    endloop
  endfacet
  facet normal -0 0 1
    outer loop
      vertex 67.3532 20.9271 2.5
      vertex 76.3511 9.23607 2.5
      vertex 67.3532 39.0729 2.5
    endloop
  endfacet
  facet normal 0 0 1
    outer loop
      vertex 76.3511 9.23607 2.5
      vertex 67.3532 20.9271 2.5
      vertex 67.4631 20.4693 2.5
    endloop
  endfacet
  facet normal -0 0 1
    outer loop
      vertex 67.173 38.638 2.5
      vertex 67.3532 20.9271 2.5
      vertex 67.3532 39.0729 2.5
    endloop
  endfacet
  facet normal 0 0 1
    outer loop
      vertex 67.173 38.638 2.5
      vertex 67.173 21.362 2.5
      vertex 67.3532 20.9271 2.5
    endloop
  endfacet
  facet normal -0 0 1
    outer loop
      vertex 66.927 38.2366 2.5
      vertex 67.173 21.362 2.5
      vertex 67.173 38.638 2.5
    endloop
  endfacet
  facet normal 0 0 1
    outer loop
      vertex 66.927 38.2366 2.5
      vertex 66.927 21.7634 2.5
      vertex 67.173 21.362 2.5
    endloop
  endfacet
  facet normal -0 0 1
    outer loop
      vertex 66.6213 37.8787 2.5
      vertex 66.927 21.7634 2.5
      vertex 66.927 38.2366 2.5
    endloop
  endfacet
  facet normal 0 0 1
    outer loop
      vertex 66.6213 37.8787 2.5
      vertex 66.6213 22.1213 2.5
      vertex 66.927 21.7634 2.5
    endloop
  endfacet
  facet normal -0 0 1
    outer loop
      vertex 66.2634 37.5729 2.5
      vertex 66.6213 22.1213 2.5
      vertex 66.6213 37.8787 2.5
    endloop
  endfacet
  facet normal 0 0 1
    outer loop
      vertex 66.2634 37.5729 2.5
      vertex 66.2634 22.4271 2.5
      vertex 66.6213 22.1213 2.5
    endloop
  endfacet
  facet normal -0 0 1
    outer loop
      vertex 65.862 37.327 2.5
      vertex 66.2634 22.4271 2.5
      vertex 66.2634 37.5729 2.5
    endloop
  endfacet
  facet normal 0 0 1
    outer loop
      vertex 65.862 37.327 2.5
      vertex 65.862 22.673 2.5
      vertex 66.2634 22.4271 2.5
    endloop
  endfacet
  facet normal -0 0 1
    outer loop
      vertex 65.427 37.1468 2.5
      vertex 65.862 22.673 2.5
      vertex 65.862 37.327 2.5
    endloop
  endfacet
  facet normal 0 0 1
    outer loop
      vertex 65.427 37.1468 2.5
      vertex 65.427 22.8532 2.5
      vertex 65.862 22.673 2.5
    endloop
  endfacet
  facet normal -0 0 1
    outer loop
      vertex 64.9693 37.0369 2.5
      vertex 65.427 22.8532 2.5
      vertex 65.427 37.1468 2.5
    endloop
  endfacet
  facet normal 0 0 1
    outer loop
      vertex 64.9693 37.0369 2.5
      vertex 64.9693 22.9631 2.5
      vertex 65.427 22.8532 2.5
    endloop
  endfacet
  facet normal -0 0 1
    outer loop
      vertex 64.5 37 2.5
      vertex 64.9693 22.9631 2.5
      vertex 64.9693 37.0369 2.5
    endloop
  endfacet
  facet normal 0 0 1
    outer loop
      vertex 64.5 37 2.5
      vertex 64.5 23 2.5
      vertex 64.9693 22.9631 2.5
    endloop
  endfacet
  facet normal 0 0 1
    outer loop
      vertex 64.0307 37.0369 2.5
      vertex 64.5 23 2.5
      vertex 64.5 37 2.5
    endloop
  endfacet
  facet normal 0 0 1
    outer loop
      vertex 64.0307 37.0369 2.5
      vertex 64.0307 22.9631 2.5
      vertex 64.5 23 2.5
    endloop
  endfacet
  facet normal 0 0 1
    outer loop
      vertex 63.5729 37.1468 2.5
      vertex 64.0307 22.9631 2.5
      vertex 64.0307 37.0369 2.5
    endloop
  endfacet
  facet normal 0 0 1
    outer loop
      vertex 63.5729 37.1468 2.5
      vertex 63.5729 22.8532 2.5
      vertex 64.0307 22.9631 2.5
    endloop
  endfacet
  facet normal 0 0 1
    outer loop
      vertex 63.138 37.327 2.5
      vertex 63.5729 22.8532 2.5
      vertex 63.5729 37.1468 2.5
    endloop
  endfacet
  facet normal 0 0 1
    outer loop
      vertex 63.138 37.327 2.5
      vertex 63.138 22.673 2.5
      vertex 63.5729 22.8532 2.5
    endloop
  endfacet
  facet normal 0 0 1
    outer loop
      vertex 62.7366 37.5729 2.5
      vertex 63.138 22.673 2.5
      vertex 63.138 37.327 2.5
    endloop
  endfacet
  facet normal 0 0 1
    outer loop
      vertex 62.7366 37.5729 2.5
      vertex 62.7366 22.4271 2.5
      vertex 63.138 22.673 2.5
    endloop
  endfacet
  facet normal 0 0 1
    outer loop
      vertex 62.3787 37.8787 2.5
      vertex 62.7366 22.4271 2.5
      vertex 62.7366 37.5729 2.5
    endloop
  endfacet
  facet normal 0 0 1
    outer loop
      vertex 62.3787 37.8787 2.5
      vertex 62.3787 22.1213 2.5
      vertex 62.7366 22.4271 2.5
    endloop
  endfacet
  facet normal 0 0 1
    outer loop
      vertex 62.0729 38.2366 2.5
      vertex 62.3787 22.1213 2.5
      vertex 62.3787 37.8787 2.5
    endloop
  endfacet
  facet normal 0 0 1
    outer loop
      vertex 62.0729 38.2366 2.5
      vertex 62.0729 21.7634 2.5
      vertex 62.3787 22.1213 2.5
    endloop
  endfacet
  facet normal 0 0 1
    outer loop
      vertex 61.827 38.638 2.5
      vertex 62.0729 21.7634 2.5
      vertex 62.0729 38.2366 2.5
    endloop
  endfacet
  facet normal 0 0 1
    outer loop
      vertex 61.827 38.638 2.5
      vertex 61.827 21.362 2.5
      vertex 62.0729 21.7634 2.5
    endloop
  endfacet
  facet normal 0 0 1
    outer loop
      vertex 61.6468 39.0729 2.5
      vertex 61.827 21.362 2.5
      vertex 61.827 38.638 2.5
    endloop
  endfacet
  facet normal 0 0 1
    outer loop
      vertex 61.6468 39.0729 2.5
      vertex 61.6468 20.9271 2.5
      vertex 61.827 21.362 2.5
    endloop
  endfacet
  facet normal 0 0 1
    outer loop
      vertex 18.4631 39.5307 2.5
      vertex 61.5369 39.5307 2.5
      vertex 18.5 40 2.5
    endloop
  endfacet
  facet normal 0 0 1
    outer loop
      vertex 61.5369 39.5307 2.5
      vertex 18.4631 39.5307 2.5
      vertex 61.6468 39.0729 2.5
    endloop
  endfacet
  facet normal -0 0 1
    outer loop
      vertex 18.5 40 2.5
      vertex 61.5369 39.5307 2.5
      vertex 61.5 40 2.5
    endloop
  endfacet
  facet normal 0 0 1
    outer loop
      vertex 18.3532 39.0729 2.5
      vertex 61.6468 39.0729 2.5
      vertex 18.4631 39.5307 2.5
    endloop
  endfacet
  facet normal -0 0 1
    outer loop
      vertex 66.2634 17.5729 2.5
      vertex 72.184 9.56403 2.5
      vertex 66.6213 17.8787 2.5
    endloop
  endfacet
  facet normal 0 0 1
    outer loop
      vertex 62.7366 42.4271 2.5
      vertex 70 54 2.5
      vertex 70.0492 54.6257 2.5
    endloop
  endfacet
  facet normal 0 0 1
    outer loop
      vertex 70.0492 53.3743 2.5
      vertex 67.4631 40.4693 2.5
      vertex 67.5 40 2.5
    endloop
  endfacet
  facet normal 0 0 1
    outer loop
      vertex 70.0492 53.3743 2.5
      vertex 67.3532 40.9271 2.5
      vertex 67.4631 40.4693 2.5
    endloop
  endfacet
  facet normal 0 0 1
    outer loop
      vertex 70.0492 53.3743 2.5
      vertex 67.173 41.362 2.5
      vertex 67.3532 40.9271 2.5
    endloop
  endfacet
  facet normal 0 0 1
    outer loop
      vertex 70.0492 53.3743 2.5
      vertex 66.927 41.7634 2.5
      vertex 67.173 41.362 2.5
    endloop
  endfacet
  facet normal 0 0 1
    outer loop
      vertex 62.3787 42.1213 2.5
      vertex 70.0492 54.6257 2.5
      vertex 70.1958 55.2361 2.5
    endloop
  endfacet
  facet normal 0 0 1
    outer loop
      vertex 70.0492 53.3743 2.5
      vertex 66.6213 42.1213 2.5
      vertex 66.927 41.7634 2.5
    endloop
  endfacet
  facet normal 0 0 1
    outer loop
      vertex 70.0492 53.3743 2.5
      vertex 66.2634 42.4271 2.5
      vertex 66.6213 42.1213 2.5
    endloop
  endfacet
  facet normal 0 0 1
    outer loop
      vertex 70.0492 53.3743 2.5
      vertex 65.862 42.673 2.5
      vertex 66.2634 42.4271 2.5
    endloop
  endfacet
  facet normal 0 0 1
    outer loop
      vertex 70.0492 53.3743 2.5
      vertex 65.427 42.8532 2.5
      vertex 65.862 42.673 2.5
    endloop
  endfacet
  facet normal 0 0 1
    outer loop
      vertex 70.0492 53.3743 2.5
      vertex 64.9693 42.9631 2.5
      vertex 65.427 42.8532 2.5
    endloop
  endfacet
  facet normal 0 0 1
    outer loop
      vertex 9.80423 55.2361 2.5
      vertex 70.1958 55.2361 2.5
      vertex 70.436 55.816 2.5
    endloop
  endfacet
  facet normal 0 0 1
    outer loop
      vertex 70.0492 53.3743 2.5
      vertex 64.5 43 2.5
      vertex 64.9693 42.9631 2.5
    endloop
  endfacet
  facet normal 0 0 1
    outer loop
      vertex 70.0492 53.3743 2.5
      vertex 64.0307 42.9631 2.5
      vertex 64.5 43 2.5
    endloop
  endfacet
  facet normal 0 0 1
    outer loop
      vertex 70.0492 53.3743 2.5
      vertex 63.5729 42.8532 2.5
      vertex 64.0307 42.9631 2.5
    endloop
  endfacet
  facet normal 0 0 1
    outer loop
      vertex 70 54 2.5
      vertex 63.138 42.673 2.5
      vertex 63.5729 42.8532 2.5
    endloop
  endfacet
  facet normal 0 0 1
    outer loop
      vertex 70 54 2.5
      vertex 62.7366 42.4271 2.5
      vertex 63.138 42.673 2.5
    endloop
  endfacet
  facet normal 0 0 1
    outer loop
      vertex 70.0492 54.6257 2.5
      vertex 62.3787 42.1213 2.5
      vertex 62.7366 42.4271 2.5
    endloop
  endfacet
  facet normal 0 0 1
    outer loop
      vertex 70.1958 55.2361 2.5
      vertex 17.6213 42.1213 2.5
      vertex 62.3787 42.1213 2.5
    endloop
  endfacet
  facet normal 0 0 1
    outer loop
      vertex 62.3787 42.1213 2.5
      vertex 17.6213 42.1213 2.5
      vertex 62.0729 41.7634 2.5
    endloop
  endfacet
  facet normal 0 0 1
    outer loop
      vertex 61.6468 20.9271 2.5
      vertex 18.5 20 2.5
      vertex 61.5369 20.4693 2.5
    endloop
  endfacet
  facet normal 0 0 1
    outer loop
      vertex 61.5369 40.4693 2.5
      vertex 18.5 40 2.5
      vertex 61.5 40 2.5
    endloop
  endfacet
  facet normal 0 0 1
    outer loop
      vertex 18.4631 40.4693 2.5
      vertex 61.5369 40.4693 2.5
      vertex 61.6468 40.9271 2.5
    endloop
  endfacet
  facet normal 0 0 1
    outer loop
      vertex 18.3532 40.9271 2.5
      vertex 61.6468 40.9271 2.5
      vertex 61.827 41.362 2.5
    endloop
  endfacet
  facet normal 0 -0 1
    outer loop
      vertex 17.9271 41.7634 2.5
      vertex 62.0729 41.7634 2.5
      vertex 17.6213 42.1213 2.5
    endloop
  endfacet
  facet normal 0 0 1
    outer loop
      vertex 9.56403 55.816 2.5
      vertex 70.436 55.816 2.5
      vertex 70.7639 56.3511 2.5
    endloop
  endfacet
  facet normal 0 0 1
    outer loop
      vertex 9.23607 56.3511 2.5
      vertex 70.7639 56.3511 2.5
      vertex 71.1716 56.8284 2.5
    endloop
  endfacet
  facet normal 0 0 1
    outer loop
      vertex 8.82843 56.8284 2.5
      vertex 71.1716 56.8284 2.5
      vertex 71.6489 57.2361 2.5
    endloop
  endfacet
  facet normal 0 0 1
    outer loop
      vertex 8.35114 57.2361 2.5
      vertex 71.6489 57.2361 2.5
      vertex 72.0796 57.5 2.5
    endloop
  endfacet
  facet normal 0 0 1
    outer loop
      vertex 61.5369 40.4693 2.5
      vertex 18.4631 40.4693 2.5
      vertex 18.5 40 2.5
    endloop
  endfacet
  facet normal 0 0 1
    outer loop
      vertex 61.6468 40.9271 2.5
      vertex 18.3532 40.9271 2.5
      vertex 18.4631 40.4693 2.5
    endloop
  endfacet
  facet normal 0 0 1
    outer loop
      vertex 61.827 41.362 2.5
      vertex 18.173 41.362 2.5
      vertex 18.3532 40.9271 2.5
    endloop
  endfacet
  facet normal 0 0 1
    outer loop
      vertex 61.827 41.362 2.5
      vertex 17.9271 41.7634 2.5
      vertex 18.173 41.362 2.5
    endloop
  endfacet
  facet normal 0 0 1
    outer loop
      vertex 62.0729 41.7634 2.5
      vertex 17.9271 41.7634 2.5
      vertex 61.827 41.362 2.5
    endloop
  endfacet
  facet normal 0 0 1
    outer loop
      vertex 70.1958 55.2361 2.5
      vertex 9.80423 55.2361 2.5
      vertex 17.6213 42.1213 2.5
    endloop
  endfacet
  facet normal -0 -0 1
    outer loop
      vertex 9.95075 54.6257 2.5
      vertex 17.6213 42.1213 2.5
      vertex 9.80423 55.2361 2.5
    endloop
  endfacet
  facet normal 0 0 1
    outer loop
      vertex 17.6213 42.1213 2.5
      vertex 9.95075 54.6257 2.5
      vertex 17.2634 42.4271 2.5
    endloop
  endfacet
  facet normal -0 -0 1
    outer loop
      vertex 10 54 2.5
      vertex 17.2634 42.4271 2.5
      vertex 9.95075 54.6257 2.5
    endloop
  endfacet
  facet normal 0 0 1
    outer loop
      vertex 17.2634 42.4271 2.5
      vertex 10 54 2.5
      vertex 16.862 42.673 2.5
    endloop
  endfacet
  facet normal -0 0 1
    outer loop
      vertex 9.95075 53.3743 2.5
      vertex 16.4271 42.8532 2.5
      vertex 10 54 2.5
    endloop
  endfacet
  facet normal 0 0 1
    outer loop
      vertex 16.4271 42.8532 2.5
      vertex 9.95075 53.3743 2.5
      vertex 15.9693 42.9631 2.5
    endloop
  endfacet
  facet normal -0 0 1
    outer loop
      vertex 7.23607 50.1958 2.5
      vertex 13.3787 42.1213 2.5
      vertex 7.81596 50.436 2.5
    endloop
  endfacet
  facet normal 0 0 1
    outer loop
      vertex 14.138 42.673 2.5
      vertex 8.35114 50.7639 2.5
      vertex 13.7366 42.4271 2.5
    endloop
  endfacet
  facet normal -0 0 1
    outer loop
      vertex 8.35114 50.7639 2.5
      vertex 14.138 42.673 2.5
      vertex 8.82843 51.1716 2.5
    endloop
  endfacet
  facet normal 0 0 1
    outer loop
      vertex 14.5729 42.8532 2.5
      vertex 8.82843 51.1716 2.5
      vertex 14.138 42.673 2.5
    endloop
  endfacet
  facet normal -0 0 1
    outer loop
      vertex 8.82843 51.1716 2.5
      vertex 14.5729 42.8532 2.5
      vertex 9.23607 51.6489 2.5
    endloop
  endfacet
  facet normal 0 0 1
    outer loop
      vertex 15.0307 42.9631 2.5
      vertex 9.23607 51.6489 2.5
      vertex 14.5729 42.8532 2.5
    endloop
  endfacet
  facet normal -0 0 1
    outer loop
      vertex 9.23607 51.6489 2.5
      vertex 15.0307 42.9631 2.5
      vertex 9.56403 52.184 2.5
    endloop
  endfacet
  facet normal 0 0 1
    outer loop
      vertex 15.5 43 2.5
      vertex 9.56403 52.184 2.5
      vertex 15.0307 42.9631 2.5
    endloop
  endfacet
  facet normal -0 0 1
    outer loop
      vertex 9.56403 52.184 2.5
      vertex 15.5 43 2.5
      vertex 9.80423 52.7639 2.5
    endloop
  endfacet
  facet normal -0 0 1
    outer loop
      vertex 9.80423 52.7639 2.5
      vertex 15.9693 42.9631 2.5
      vertex 9.95075 53.3743 2.5
    endloop
  endfacet
  facet normal 0 0 1
    outer loop
      vertex 15.9693 42.9631 2.5
      vertex 9.80423 52.7639 2.5
      vertex 15.5 43 2.5
    endloop
  endfacet
  facet normal 0 0 1
    outer loop
      vertex 16.862 42.673 2.5
      vertex 10 54 2.5
      vertex 16.4271 42.8532 2.5
    endloop
  endfacet
  facet normal 0 0 1
    outer loop
      vertex 70.436 55.816 2.5
      vertex 9.56403 55.816 2.5
      vertex 9.80423 55.2361 2.5
    endloop
  endfacet
  facet normal 0 0 1
    outer loop
      vertex 70.7639 56.3511 2.5
      vertex 9.23607 56.3511 2.5
      vertex 9.56403 55.816 2.5
    endloop
  endfacet
  facet normal 0 0 1
    outer loop
      vertex 71.1716 56.8284 2.5
      vertex 8.82843 56.8284 2.5
      vertex 9.23607 56.3511 2.5
    endloop
  endfacet
  facet normal 0 0 1
    outer loop
      vertex 71.6489 57.2361 2.5
      vertex 8.35114 57.2361 2.5
      vertex 8.82843 56.8284 2.5
    endloop
  endfacet
  facet normal 0 -0 1
    outer loop
      vertex 8.35114 57.2361 2.5
      vertex 72.0796 57.5 2.5
      vertex 7.92044 57.5 2.5
    endloop
  endfacet
  facet normal -0 0 1
    outer loop
      vertex 77.2361 51.6489 2.5
      vertex 77.5 7.92044 2.5
      vertex 77.5 52.0796 2.5
    endloop
  endfacet
  facet normal 0 0 1
    outer loop
      vertex 77.2361 51.6489 2.5
      vertex 77.2361 8.35114 2.5
      vertex 77.5 7.92044 2.5
    endloop
  endfacet
  facet normal -0 0 1
    outer loop
      vertex 76.8284 51.1716 2.5
      vertex 77.2361 8.35114 2.5
      vertex 77.2361 51.6489 2.5
    endloop
  endfacet
  facet normal 0 0 1
    outer loop
      vertex 76.8284 51.1716 2.5
      vertex 76.8284 8.82843 2.5
      vertex 77.2361 8.35114 2.5
    endloop
  endfacet
  facet normal -0 0 1
    outer loop
      vertex 76.3511 50.7639 2.5
      vertex 76.8284 8.82843 2.5
      vertex 76.8284 51.1716 2.5
    endloop
  endfacet
  facet normal 0 0 1
    outer loop
      vertex 76.3511 50.7639 2.5
      vertex 76.3511 9.23607 2.5
      vertex 76.8284 8.82843 2.5
    endloop
  endfacet
  facet normal -0 0 1
    outer loop
      vertex 75.2361 50.1958 2.5
      vertex 67.4631 39.5307 2.5
      vertex 75.816 50.436 2.5
    endloop
  endfacet
  facet normal 0 0 1
    outer loop
      vertex 67.3532 39.0729 2.5
      vertex 75.816 50.436 2.5
      vertex 67.4631 39.5307 2.5
    endloop
  endfacet
  facet normal 0 0 1
    outer loop
      vertex 67.4631 39.5307 2.5
      vertex 75.2361 50.1958 2.5
      vertex 67.5 40 2.5
    endloop
  endfacet
  facet normal -0 0 1
    outer loop
      vertex 75.816 50.436 2.5
      vertex 67.3532 39.0729 2.5
      vertex 76.3511 50.7639 2.5
    endloop
  endfacet
  facet normal 0 0 1
    outer loop
      vertex 67.5 40 2.5
      vertex 75.2361 50.1958 2.5
      vertex 74.6257 50.0492 2.5
    endloop
  endfacet
  facet normal 0 0 1
    outer loop
      vertex 76.3511 9.23607 2.5
      vertex 67.5 20 2.5
      vertex 75.816 9.56403 2.5
    endloop
  endfacet
  facet normal 0 0 1
    outer loop
      vertex 67.5 40 2.5
      vertex 74.6257 50.0492 2.5
      vertex 74 50 2.5
    endloop
  endfacet
  facet normal 0 0 1
    outer loop
      vertex 75.816 9.56403 2.5
      vertex 67.5 20 2.5
      vertex 75.2361 9.80423 2.5
    endloop
  endfacet
  facet normal 0 0 1
    outer loop
      vertex 67.5 40 2.5
      vertex 74 50 2.5
      vertex 73.3743 50.0492 2.5
    endloop
  endfacet
  facet normal 0 0 1
    outer loop
      vertex 75.2361 9.80423 2.5
      vertex 67.5 20 2.5
      vertex 74.6257 9.95075 2.5
    endloop
  endfacet
  facet normal 0 0 1
    outer loop
      vertex 67.5 40 2.5
      vertex 73.3743 50.0492 2.5
      vertex 72.7639 50.1958 2.5
    endloop
  endfacet
  facet normal -0 0 1
    outer loop
      vertex 67.4631 19.5307 2.5
      vertex 74.6257 9.95075 2.5
      vertex 67.5 20 2.5
    endloop
  endfacet
  facet normal 0 0 1
    outer loop
      vertex 67.5 40 2.5
      vertex 72.7639 50.1958 2.5
      vertex 72.184 50.436 2.5
    endloop
  endfacet
  facet normal 0 0 1
    outer loop
      vertex 74.6257 9.95075 2.5
      vertex 67.4631 19.5307 2.5
      vertex 74 10 2.5
    endloop
  endfacet
  facet normal 0 0 1
    outer loop
      vertex 67.5 40 2.5
      vertex 72.184 50.436 2.5
      vertex 71.6489 50.7639 2.5
    endloop
  endfacet
  facet normal -0 0 1
    outer loop
      vertex 67.3532 19.0729 2.5
      vertex 74 10 2.5
      vertex 67.4631 19.5307 2.5
    endloop
  endfacet
  facet normal 0 0 1
    outer loop
      vertex 67.5 40 2.5
      vertex 71.6489 50.7639 2.5
      vertex 71.1716 51.1716 2.5
    endloop
  endfacet
  facet normal 0 0 1
    outer loop
      vertex 74 10 2.5
      vertex 67.3532 19.0729 2.5
      vertex 73.3743 9.95075 2.5
    endloop
  endfacet
  facet normal 0 0 1
    outer loop
      vertex 67.5 40 2.5
      vertex 71.1716 51.1716 2.5
      vertex 70.7639 51.6489 2.5
    endloop
  endfacet
  facet normal -0 0 1
    outer loop
      vertex 67.173 18.638 2.5
      vertex 73.3743 9.95075 2.5
      vertex 67.3532 19.0729 2.5
    endloop
  endfacet
  facet normal 0 0 1
    outer loop
      vertex 67.5 40 2.5
      vertex 70.7639 51.6489 2.5
      vertex 70.436 52.184 2.5
    endloop
  endfacet
  facet normal -0 0 1
    outer loop
      vertex 66.927 18.2366 2.5
      vertex 73.3743 9.95075 2.5
      vertex 67.173 18.638 2.5
    endloop
  endfacet
  facet normal 0 0 1
    outer loop
      vertex 67.5 40 2.5
      vertex 70.436 52.184 2.5
      vertex 70.1958 52.7639 2.5
    endloop
  endfacet
  facet normal 0 0 1
    outer loop
      vertex 73.3743 9.95075 2.5
      vertex 66.927 18.2366 2.5
      vertex 72.7639 9.80423 2.5
    endloop
  endfacet
  facet normal 0 0 1
    outer loop
      vertex 67.5 40 2.5
      vertex 70.1958 52.7639 2.5
      vertex 70.0492 53.3743 2.5
    endloop
  endfacet
  facet normal -0 0 1
    outer loop
      vertex 66.6213 17.8787 2.5
      vertex 72.7639 9.80423 2.5
      vertex 66.927 18.2366 2.5
    endloop
  endfacet
  facet normal 0 0 1
    outer loop
      vertex 63.5729 42.8532 2.5
      vertex 70.0492 53.3743 2.5
      vertex 70 54 2.5
    endloop
  endfacet
  facet normal 0 0 1
    outer loop
      vertex 72.7639 9.80423 2.5
      vertex 66.6213 17.8787 2.5
      vertex 72.184 9.56403 2.5
    endloop
  endfacet
  facet normal 0 0 1
    outer loop
      vertex 72.184 9.56403 2.5
      vertex 66.2634 17.5729 2.5
      vertex 71.6489 9.23607 2.5
    endloop
  endfacet
  facet normal -0 0 1
    outer loop
      vertex 65.862 17.327 2.5
      vertex 71.6489 9.23607 2.5
      vertex 66.2634 17.5729 2.5
    endloop
  endfacet
  facet normal 0 0 1
    outer loop
      vertex 71.6489 9.23607 2.5
      vertex 65.862 17.327 2.5
      vertex 71.1716 8.82843 2.5
    endloop
  endfacet
  facet normal -0 0 1
    outer loop
      vertex 65.427 17.1468 2.5
      vertex 71.1716 8.82843 2.5
      vertex 65.862 17.327 2.5
    endloop
  endfacet
  facet normal 0 0 1
    outer loop
      vertex 71.1716 8.82843 2.5
      vertex 65.427 17.1468 2.5
      vertex 70.7639 8.35114 2.5
    endloop
  endfacet
  facet normal -0 0 1
    outer loop
      vertex 64.9693 17.0369 2.5
      vertex 70.7639 8.35114 2.5
      vertex 65.427 17.1468 2.5
    endloop
  endfacet
  facet normal 0 0 1
    outer loop
      vertex 70.7639 8.35114 2.5
      vertex 64.9693 17.0369 2.5
      vertex 70.436 7.81596 2.5
    endloop
  endfacet
  facet normal -0 0 1
    outer loop
      vertex 64.5 17 2.5
      vertex 70.436 7.81596 2.5
      vertex 64.9693 17.0369 2.5
    endloop
  endfacet
  facet normal 0 0 1
    outer loop
      vertex 70.436 7.81596 2.5
      vertex 64.5 17 2.5
      vertex 70.1958 7.23607 2.5
    endloop
  endfacet
  facet normal 0 0 1
    outer loop
      vertex 64.0307 17.0369 2.5
      vertex 70.1958 7.23607 2.5
      vertex 64.5 17 2.5
    endloop
  endfacet
  facet normal 0 0 1
    outer loop
      vertex 70.1958 7.23607 2.5
      vertex 64.0307 17.0369 2.5
      vertex 70.0492 6.62574 2.5
    endloop
  endfacet
  facet normal 0 0 1
    outer loop
      vertex 63.5729 17.1468 2.5
      vertex 70.0492 6.62574 2.5
      vertex 64.0307 17.0369 2.5
    endloop
  endfacet
  facet normal 0 0 1
    outer loop
      vertex 70.0492 6.62574 2.5
      vertex 63.5729 17.1468 2.5
      vertex 70 6 2.5
    endloop
  endfacet
  facet normal 0 0 1
    outer loop
      vertex 63.138 17.327 2.5
      vertex 70 6 2.5
      vertex 63.5729 17.1468 2.5
    endloop
  endfacet
  facet normal 0 0 1
    outer loop
      vertex 62.7366 17.5729 2.5
      vertex 70 6 2.5
      vertex 63.138 17.327 2.5
    endloop
  endfacet
  facet normal 0 0 1
    outer loop
      vertex 70 6 2.5
      vertex 62.7366 17.5729 2.5
      vertex 70.0492 5.37426 2.5
    endloop
  endfacet
  facet normal 0 0 1
    outer loop
      vertex 62.3787 17.8787 2.5
      vertex 70.0492 5.37426 2.5
      vertex 62.7366 17.5729 2.5
    endloop
  endfacet
  facet normal 0 0 1
    outer loop
      vertex 70.0492 5.37426 2.5
      vertex 62.3787 17.8787 2.5
      vertex 70.1958 4.76393 2.5
    endloop
  endfacet
  facet normal -0 0 1
    outer loop
      vertex 17.6213 17.8787 2.5
      vertex 70.1958 4.76393 2.5
      vertex 62.3787 17.8787 2.5
    endloop
  endfacet
  facet normal 0 0 1
    outer loop
      vertex 17.6213 17.8787 2.5
      vertex 62.3787 17.8787 2.5
      vertex 62.0729 18.2366 2.5
    endloop
  endfacet
  facet normal 0 0 1
    outer loop
      vertex 17.9271 18.2366 2.5
      vertex 62.0729 18.2366 2.5
      vertex 61.827 18.638 2.5
    endloop
  endfacet
  facet normal 0 0 1
    outer loop
      vertex 61.5369 20.4693 2.5
      vertex 18.5 20 2.5
      vertex 61.5 20 2.5
    endloop
  endfacet
  facet normal 0 0 1
    outer loop
      vertex 61.5 20 2.5
      vertex 18.5 20 2.5
      vertex 61.5369 19.5307 2.5
    endloop
  endfacet
  facet normal 0 0 1
    outer loop
      vertex 18.4631 19.5307 2.5
      vertex 61.5369 19.5307 2.5
      vertex 18.5 20 2.5
    endloop
  endfacet
  facet normal 0 0 1
    outer loop
      vertex 61.5369 19.5307 2.5
      vertex 18.4631 19.5307 2.5
      vertex 61.6468 19.0729 2.5
    endloop
  endfacet
  facet normal 0 0 1
    outer loop
      vertex 18.3532 19.0729 2.5
      vertex 61.6468 19.0729 2.5
      vertex 18.4631 19.5307 2.5
    endloop
  endfacet
  facet normal 0 0 1
    outer loop
      vertex 61.6468 19.0729 2.5
      vertex 18.3532 19.0729 2.5
      vertex 61.827 18.638 2.5
    endloop
  endfacet
  facet normal 0 0 1
    outer loop
      vertex 18.173 18.638 2.5
      vertex 61.827 18.638 2.5
      vertex 18.3532 19.0729 2.5
    endloop
  endfacet
  facet normal 0 0 1
    outer loop
      vertex 17.9271 18.2366 2.5
      vertex 61.827 18.638 2.5
      vertex 18.173 18.638 2.5
    endloop
  endfacet
  facet normal 0 0 1
    outer loop
      vertex 62.0729 18.2366 2.5
      vertex 17.9271 18.2366 2.5
      vertex 17.6213 17.8787 2.5
    endloop
  endfacet
  facet normal 0 0 1
    outer loop
      vertex 9.80423 4.76393 2.5
      vertex 70.1958 4.76393 2.5
      vertex 17.6213 17.8787 2.5
    endloop
  endfacet
  facet normal 0 0 1
    outer loop
      vertex 70.1958 4.76393 2.5
      vertex 9.80423 4.76393 2.5
      vertex 70.436 4.18404 2.5
    endloop
  endfacet
  facet normal 0 0 1
    outer loop
      vertex 9.56403 4.18404 2.5
      vertex 70.436 4.18404 2.5
      vertex 9.80423 4.76393 2.5
    endloop
  endfacet
  facet normal 0 0 1
    outer loop
      vertex 70.436 4.18404 2.5
      vertex 9.56403 4.18404 2.5
      vertex 70.7639 3.64886 2.5
    endloop
  endfacet
  facet normal 0 0 1
    outer loop
      vertex 9.23607 3.64886 2.5
      vertex 70.7639 3.64886 2.5
      vertex 9.56403 4.18404 2.5
    endloop
  endfacet
  facet normal 0 0 1
    outer loop
      vertex 9.95075 5.37426 2.5
      vertex 17.6213 17.8787 2.5
      vertex 17.2634 17.5729 2.5
    endloop
  endfacet
  facet normal 0 0 1
    outer loop
      vertex 10 6 2.5
      vertex 17.2634 17.5729 2.5
      vertex 16.862 17.327 2.5
    endloop
  endfacet
  facet normal 0 0 1
    outer loop
      vertex 10 6 2.5
      vertex 16.862 17.327 2.5
      vertex 16.4271 17.1468 2.5
    endloop
  endfacet
  facet normal 0 0 1
    outer loop
      vertex 10 6 2.5
      vertex 16.4271 17.1468 2.5
      vertex 15.9693 17.0369 2.5
    endloop
  endfacet
  facet normal 0 0 1
    outer loop
      vertex 10 6 2.5
      vertex 15.9693 17.0369 2.5
      vertex 15.5 17 2.5
    endloop
  endfacet
  facet normal 0 0 1
    outer loop
      vertex 10 6 2.5
      vertex 15.5 17 2.5
      vertex 15.0307 17.0369 2.5
    endloop
  endfacet
  facet normal 0 0 1
    outer loop
      vertex 10 6 2.5
      vertex 15.0307 17.0369 2.5
      vertex 14.5729 17.1468 2.5
    endloop
  endfacet
  facet normal 0 0 1
    outer loop
      vertex 12.5369 20.4693 2.5
      vertex 10 6 2.5
      vertex 12.5 20 2.5
    endloop
  endfacet
  facet normal 0 0 1
    outer loop
      vertex 10 6 2.5
      vertex 12.5369 19.5307 2.5
      vertex 12.5 20 2.5
    endloop
  endfacet
  facet normal 0 0 1
    outer loop
      vertex 10 6 2.5
      vertex 12.6468 19.0729 2.5
      vertex 12.5369 19.5307 2.5
    endloop
  endfacet
  facet normal 0 0 1
    outer loop
      vertex 10 6 2.5
      vertex 12.827 18.638 2.5
      vertex 12.6468 19.0729 2.5
    endloop
  endfacet
  facet normal 0 0 1
    outer loop
      vertex 10 6 2.5
      vertex 13.0729 18.2366 2.5
      vertex 12.827 18.638 2.5
    endloop
  endfacet
  facet normal 0 0 1
    outer loop
      vertex 10 6 2.5
      vertex 13.3787 17.8787 2.5
      vertex 13.0729 18.2366 2.5
    endloop
  endfacet
  facet normal 0 0 1
    outer loop
      vertex 10 6 2.5
      vertex 13.7366 17.5729 2.5
      vertex 13.3787 17.8787 2.5
    endloop
  endfacet
  facet normal 0 0 1
    outer loop
      vertex 10 6 2.5
      vertex 14.138 17.327 2.5
      vertex 13.7366 17.5729 2.5
    endloop
  endfacet
  facet normal 0 0 1
    outer loop
      vertex 10 6 2.5
      vertex 14.5729 17.1468 2.5
      vertex 14.138 17.327 2.5
    endloop
  endfacet
  facet normal 0 0 1
    outer loop
      vertex 17.2634 17.5729 2.5
      vertex 10 6 2.5
      vertex 9.95075 5.37426 2.5
    endloop
  endfacet
  facet normal 0 0 1
    outer loop
      vertex 17.6213 17.8787 2.5
      vertex 9.95075 5.37426 2.5
      vertex 9.80423 4.76393 2.5
    endloop
  endfacet
  facet normal 0 0 1
    outer loop
      vertex 70.7639 3.64886 2.5
      vertex 9.23607 3.64886 2.5
      vertex 71.1716 3.17157 2.5
    endloop
  endfacet
  facet normal 0 0 1
    outer loop
      vertex 8.82843 3.17157 2.5
      vertex 71.1716 3.17157 2.5
      vertex 9.23607 3.64886 2.5
    endloop
  endfacet
  facet normal 0 0 1
    outer loop
      vertex 71.1716 3.17157 2.5
      vertex 8.82843 3.17157 2.5
      vertex 71.6489 2.76393 2.5
    endloop
  endfacet
  facet normal 0 0 1
    outer loop
      vertex 8.35114 2.76393 2.5
      vertex 71.6489 2.76393 2.5
      vertex 8.82843 3.17157 2.5
    endloop
  endfacet
  facet normal 0 0 1
    outer loop
      vertex 71.6489 2.76393 2.5
      vertex 8.35114 2.76393 2.5
      vertex 72.0796 2.5 2.5
    endloop
  endfacet
  facet normal 0 0 1
    outer loop
      vertex 72.0796 2.5 2.5
      vertex 8.35114 2.76393 2.5
      vertex 7.92044 2.5 2.5
    endloop
  endfacet
  facet normal 0 1 -0
    outer loop
      vertex 72.0796 2.5 2.5
      vertex 7.92044 2.5 27
      vertex 72.0796 2.5 27
    endloop
  endfacet
  facet normal 0 1 0
    outer loop
      vertex 7.92044 2.5 27
      vertex 72.0796 2.5 2.5
      vertex 7.92044 2.5 2.5
    endloop
  endfacet
  facet normal 0 1 0
    outer loop
      vertex 72.0796 2.5 27
      vertex 77.5 2.5 30
      vertex 75.9204 2.5 27
    endloop
  endfacet
  facet normal 0 1 -0
    outer loop
      vertex 77.5 2.5 2.5
      vertex 75.9204 2.5 27
      vertex 77.5 2.5 30
    endloop
  endfacet
  facet normal 0 1 0
    outer loop
      vertex 75.9204 2.5 27
      vertex 77.5 2.5 2.5
      vertex 75.9204 2.5 2.5
    endloop
  endfacet
  facet normal 0 1 0
    outer loop
      vertex 77.5 2.5 30
      vertex 72.0796 2.5 27
      vertex 2.5 2.5 30
    endloop
  endfacet
  facet normal 0 1 -0
    outer loop
      vertex 7.92044 2.5 27
      vertex 2.5 2.5 30
      vertex 72.0796 2.5 27
    endloop
  endfacet
  facet normal 0 1 -0
    outer loop
      vertex 4.07956 2.5 27
      vertex 2.5 2.5 30
      vertex 7.92044 2.5 27
    endloop
  endfacet
  facet normal 0 1 0
    outer loop
      vertex 2.5 2.5 2.5
      vertex 4.07956 2.5 27
      vertex 4.07956 2.5 2.5
    endloop
  endfacet
  facet normal 0 1 0
    outer loop
      vertex 4.07956 2.5 27
      vertex 2.5 2.5 2.5
      vertex 2.5 2.5 30
    endloop
  endfacet
  facet normal 0.996923 0.0783858 0
    outer loop
      vertex 18.5 20 6.5
      vertex 18.4631 20.4693 2.5
      vertex 18.4631 20.4693 6.5
    endloop
  endfacet
  facet normal 0.996923 0.0783858 0
    outer loop
      vertex 18.4631 20.4693 2.5
      vertex 18.5 20 6.5
      vertex 18.5 20 2.5
    endloop
  endfacet
  facet normal -0.0783858 0.996923 0
    outer loop
      vertex 15.5 23 2.5
      vertex 15.0307 22.9631 6.5
      vertex 15.5 23 6.5
    endloop
  endfacet
  facet normal -0.0783858 0.996923 0
    outer loop
      vertex 15.0307 22.9631 6.5
      vertex 15.5 23 2.5
      vertex 15.0307 22.9631 2.5
    endloop
  endfacet
  facet normal 0.649601 0.760275 -0
    outer loop
      vertex 17.6213 22.1213 2.5
      vertex 17.2634 22.4271 6.5
      vertex 17.6213 22.1213 6.5
    endloop
  endfacet
  facet normal 0.649601 0.760275 0
    outer loop
      vertex 17.2634 22.4271 6.5
      vertex 17.6213 22.1213 2.5
      vertex 17.2634 22.4271 2.5
    endloop
  endfacet
  facet normal -0.760275 0.649601 0
    outer loop
      vertex 13.0729 21.7634 2.5
      vertex 13.3787 22.1213 6.5
      vertex 13.3787 22.1213 2.5
    endloop
  endfacet
  facet normal -0.760275 0.649601 0
    outer loop
      vertex 13.3787 22.1213 6.5
      vertex 13.0729 21.7634 2.5
      vertex 13.0729 21.7634 6.5
    endloop
  endfacet
  facet normal -0.38279 0.923836 0
    outer loop
      vertex 14.5729 22.8532 2.5
      vertex 14.138 22.673 6.5
      vertex 14.5729 22.8532 6.5
    endloop
  endfacet
  facet normal -0.38279 0.923836 0
    outer loop
      vertex 14.138 22.673 6.5
      vertex 14.5729 22.8532 2.5
      vertex 14.138 22.673 2.5
    endloop
  endfacet
  facet normal 0.852714 -0.522378 0
    outer loop
      vertex 17.9271 18.2366 6.5
      vertex 18.173 18.638 2.5
      vertex 18.173 18.638 6.5
    endloop
  endfacet
  facet normal 0.852714 -0.522378 0
    outer loop
      vertex 18.173 18.638 2.5
      vertex 17.9271 18.2366 6.5
      vertex 17.9271 18.2366 2.5
    endloop
  endfacet
  facet normal 0.923836 0.38279 0
    outer loop
      vertex 18.3532 20.9271 6.5
      vertex 18.173 21.362 2.5
      vertex 18.173 21.362 6.5
    endloop
  endfacet
  facet normal 0.923836 0.38279 0
    outer loop
      vertex 18.173 21.362 2.5
      vertex 18.3532 20.9271 6.5
      vertex 18.3532 20.9271 2.5
    endloop
  endfacet
  facet normal 0.972374 0.233429 0
    outer loop
      vertex 18.4631 20.4693 6.5
      vertex 18.3532 20.9271 2.5
      vertex 18.3532 20.9271 6.5
    endloop
  endfacet
  facet normal 0.972374 0.233429 0
    outer loop
      vertex 18.3532 20.9271 2.5
      vertex 18.4631 20.4693 6.5
      vertex 18.4631 20.4693 2.5
    endloop
  endfacet
  facet normal 0.852714 0.522378 0
    outer loop
      vertex 18.173 21.362 6.5
      vertex 17.9271 21.7634 2.5
      vertex 17.9271 21.7634 6.5
    endloop
  endfacet
  facet normal 0.852714 0.522378 0
    outer loop
      vertex 17.9271 21.7634 2.5
      vertex 18.173 21.362 6.5
      vertex 18.173 21.362 2.5
    endloop
  endfacet
  facet normal 0.38279 0.923836 -0
    outer loop
      vertex 16.862 22.673 2.5
      vertex 16.4271 22.8532 6.5
      vertex 16.862 22.673 6.5
    endloop
  endfacet
  facet normal 0.38279 0.923836 0
    outer loop
      vertex 16.4271 22.8532 6.5
      vertex 16.862 22.673 2.5
      vertex 16.4271 22.8532 2.5
    endloop
  endfacet
  facet normal 0.522378 0.852714 -0
    outer loop
      vertex 17.2634 22.4271 2.5
      vertex 16.862 22.673 6.5
      vertex 17.2634 22.4271 6.5
    endloop
  endfacet
  facet normal 0.522378 0.852714 0
    outer loop
      vertex 16.862 22.673 6.5
      vertex 17.2634 22.4271 2.5
      vertex 16.862 22.673 2.5
    endloop
  endfacet
  facet normal -0.923836 0.38279 0
    outer loop
      vertex 12.6468 20.9271 2.5
      vertex 12.827 21.362 6.5
      vertex 12.827 21.362 2.5
    endloop
  endfacet
  facet normal -0.923836 0.38279 0
    outer loop
      vertex 12.827 21.362 6.5
      vertex 12.6468 20.9271 2.5
      vertex 12.6468 20.9271 6.5
    endloop
  endfacet
  facet normal -0.852714 0.522378 0
    outer loop
      vertex 12.827 21.362 2.5
      vertex 13.0729 21.7634 6.5
      vertex 13.0729 21.7634 2.5
    endloop
  endfacet
  facet normal -0.852714 0.522378 0
    outer loop
      vertex 13.0729 21.7634 6.5
      vertex 12.827 21.362 2.5
      vertex 12.827 21.362 6.5
    endloop
  endfacet
  facet normal 0 0 1
    outer loop
      vertex 16.8 20 6.5
      vertex 18.5 20 6.5
      vertex 18.4631 20.4693 6.5
    endloop
  endfacet
  facet normal 0 0 1
    outer loop
      vertex 16.784 20.2034 6.5
      vertex 18.4631 20.4693 6.5
      vertex 18.3532 20.9271 6.5
    endloop
  endfacet
  facet normal 0 0 1
    outer loop
      vertex 18.5 20 6.5
      vertex 16.8 20 6.5
      vertex 18.4631 19.5307 6.5
    endloop
  endfacet
  facet normal 0 0 1
    outer loop
      vertex 16.7364 20.4017 6.5
      vertex 18.3532 20.9271 6.5
      vertex 18.173 21.362 6.5
    endloop
  endfacet
  facet normal -0 0 1
    outer loop
      vertex 16.784 19.7966 6.5
      vertex 18.4631 19.5307 6.5
      vertex 16.8 20 6.5
    endloop
  endfacet
  facet normal 0 0 1
    outer loop
      vertex 16.6583 20.5902 6.5
      vertex 18.173 21.362 6.5
      vertex 17.9271 21.7634 6.5
    endloop
  endfacet
  facet normal 0 0 1
    outer loop
      vertex 18.4631 19.5307 6.5
      vertex 16.784 19.7966 6.5
      vertex 18.3532 19.0729 6.5
    endloop
  endfacet
  facet normal 0 0 1
    outer loop
      vertex 16.5517 20.7641 6.5
      vertex 17.9271 21.7634 6.5
      vertex 17.6213 22.1213 6.5
    endloop
  endfacet
  facet normal -0 0 1
    outer loop
      vertex 16.7364 19.5983 6.5
      vertex 18.3532 19.0729 6.5
      vertex 16.784 19.7966 6.5
    endloop
  endfacet
  facet normal 0 0 1
    outer loop
      vertex 16.4192 20.9192 6.5
      vertex 17.6213 22.1213 6.5
      vertex 17.2634 22.4271 6.5
    endloop
  endfacet
  facet normal 0 0 1
    outer loop
      vertex 18.3532 19.0729 6.5
      vertex 16.7364 19.5983 6.5
      vertex 18.173 18.638 6.5
    endloop
  endfacet
  facet normal 0 0 1
    outer loop
      vertex 16.2641 21.0517 6.5
      vertex 17.2634 22.4271 6.5
      vertex 16.862 22.673 6.5
    endloop
  endfacet
  facet normal -0 0 1
    outer loop
      vertex 16.6583 19.4098 6.5
      vertex 18.173 18.638 6.5
      vertex 16.7364 19.5983 6.5
    endloop
  endfacet
  facet normal 0 0 1
    outer loop
      vertex 18.173 18.638 6.5
      vertex 16.6583 19.4098 6.5
      vertex 17.9271 18.2366 6.5
    endloop
  endfacet
  facet normal 0 0 1
    outer loop
      vertex 18.4631 20.4693 6.5
      vertex 16.784 20.2034 6.5
      vertex 16.8 20 6.5
    endloop
  endfacet
  facet normal 0 0 1
    outer loop
      vertex 18.3532 20.9271 6.5
      vertex 16.7364 20.4017 6.5
      vertex 16.784 20.2034 6.5
    endloop
  endfacet
  facet normal 0 0 1
    outer loop
      vertex 18.173 21.362 6.5
      vertex 16.6583 20.5902 6.5
      vertex 16.7364 20.4017 6.5
    endloop
  endfacet
  facet normal 0 0 1
    outer loop
      vertex 17.9271 21.7634 6.5
      vertex 16.5517 20.7641 6.5
      vertex 16.6583 20.5902 6.5
    endloop
  endfacet
  facet normal 0 0 1
    outer loop
      vertex 16.0902 21.1583 6.5
      vertex 16.862 22.673 6.5
      vertex 16.4271 22.8532 6.5
    endloop
  endfacet
  facet normal 0 0 1
    outer loop
      vertex 17.6213 22.1213 6.5
      vertex 16.4192 20.9192 6.5
      vertex 16.5517 20.7641 6.5
    endloop
  endfacet
  facet normal 0 0 1
    outer loop
      vertex 17.2634 22.4271 6.5
      vertex 16.2641 21.0517 6.5
      vertex 16.4192 20.9192 6.5
    endloop
  endfacet
  facet normal 0 0 1
    outer loop
      vertex 16.862 22.673 6.5
      vertex 16.0902 21.1583 6.5
      vertex 16.2641 21.0517 6.5
    endloop
  endfacet
  facet normal 0 0 1
    outer loop
      vertex 15.9017 21.2364 6.5
      vertex 16.4271 22.8532 6.5
      vertex 15.9693 22.9631 6.5
    endloop
  endfacet
  facet normal 0 0 1
    outer loop
      vertex 16.4271 22.8532 6.5
      vertex 15.9017 21.2364 6.5
      vertex 16.0902 21.1583 6.5
    endloop
  endfacet
  facet normal 0 0 1
    outer loop
      vertex 15.9693 22.9631 6.5
      vertex 15.7034 21.284 6.5
      vertex 15.9017 21.2364 6.5
    endloop
  endfacet
  facet normal 0 0 1
    outer loop
      vertex 15.5 23 6.5
      vertex 15.7034 21.284 6.5
      vertex 15.9693 22.9631 6.5
    endloop
  endfacet
  facet normal 0 0 1
    outer loop
      vertex 15.5 23 6.5
      vertex 15.5 21.3 6.5
      vertex 15.7034 21.284 6.5
    endloop
  endfacet
  facet normal 0 0 1
    outer loop
      vertex 15.5 23 6.5
      vertex 15.2966 21.284 6.5
      vertex 15.5 21.3 6.5
    endloop
  endfacet
  facet normal -0 0 1
    outer loop
      vertex 15.0307 22.9631 6.5
      vertex 15.2966 21.284 6.5
      vertex 15.5 23 6.5
    endloop
  endfacet
  facet normal 0 0 1
    outer loop
      vertex 15.2966 21.284 6.5
      vertex 15.0307 22.9631 6.5
      vertex 15.0983 21.2364 6.5
    endloop
  endfacet
  facet normal -0 0 1
    outer loop
      vertex 14.5729 22.8532 6.5
      vertex 15.0983 21.2364 6.5
      vertex 15.0307 22.9631 6.5
    endloop
  endfacet
  facet normal 0 0 1
    outer loop
      vertex 15.0983 21.2364 6.5
      vertex 14.5729 22.8532 6.5
      vertex 14.9098 21.1583 6.5
    endloop
  endfacet
  facet normal -0 0 1
    outer loop
      vertex 14.138 22.673 6.5
      vertex 14.9098 21.1583 6.5
      vertex 14.5729 22.8532 6.5
    endloop
  endfacet
  facet normal 0 0 1
    outer loop
      vertex 14.9098 21.1583 6.5
      vertex 14.138 22.673 6.5
      vertex 14.7359 21.0517 6.5
    endloop
  endfacet
  facet normal -0 0 1
    outer loop
      vertex 13.7366 22.4271 6.5
      vertex 14.7359 21.0517 6.5
      vertex 14.138 22.673 6.5
    endloop
  endfacet
  facet normal 0 0 1
    outer loop
      vertex 14.7359 21.0517 6.5
      vertex 13.7366 22.4271 6.5
      vertex 14.5808 20.9192 6.5
    endloop
  endfacet
  facet normal -0 0 1
    outer loop
      vertex 13.3787 22.1213 6.5
      vertex 14.5808 20.9192 6.5
      vertex 13.7366 22.4271 6.5
    endloop
  endfacet
  facet normal 0 0 1
    outer loop
      vertex 14.5808 20.9192 6.5
      vertex 13.3787 22.1213 6.5
      vertex 14.4483 20.7641 6.5
    endloop
  endfacet
  facet normal 0 0 1
    outer loop
      vertex 14.4483 20.7641 6.5
      vertex 13.0729 21.7634 6.5
      vertex 14.3417 20.5902 6.5
    endloop
  endfacet
  facet normal -0 0 1
    outer loop
      vertex 13.0729 21.7634 6.5
      vertex 14.4483 20.7641 6.5
      vertex 13.3787 22.1213 6.5
    endloop
  endfacet
  facet normal -0 0 1
    outer loop
      vertex 16.5517 19.2359 6.5
      vertex 17.9271 18.2366 6.5
      vertex 16.6583 19.4098 6.5
    endloop
  endfacet
  facet normal 0 0 1
    outer loop
      vertex 17.9271 18.2366 6.5
      vertex 16.5517 19.2359 6.5
      vertex 17.6213 17.8787 6.5
    endloop
  endfacet
  facet normal -0 0 1
    outer loop
      vertex 16.4192 19.0808 6.5
      vertex 17.6213 17.8787 6.5
      vertex 16.5517 19.2359 6.5
    endloop
  endfacet
  facet normal 0 0 1
    outer loop
      vertex 17.6213 17.8787 6.5
      vertex 16.4192 19.0808 6.5
      vertex 17.2634 17.5729 6.5
    endloop
  endfacet
  facet normal -0 0 1
    outer loop
      vertex 16.2641 18.9483 6.5
      vertex 17.2634 17.5729 6.5
      vertex 16.4192 19.0808 6.5
    endloop
  endfacet
  facet normal 0 0 1
    outer loop
      vertex 17.2634 17.5729 6.5
      vertex 16.2641 18.9483 6.5
      vertex 16.862 17.327 6.5
    endloop
  endfacet
  facet normal -0 0 1
    outer loop
      vertex 16.0902 18.8417 6.5
      vertex 16.862 17.327 6.5
      vertex 16.2641 18.9483 6.5
    endloop
  endfacet
  facet normal 0 0 1
    outer loop
      vertex 16.862 17.327 6.5
      vertex 16.0902 18.8417 6.5
      vertex 16.4271 17.1468 6.5
    endloop
  endfacet
  facet normal -0 0 1
    outer loop
      vertex 15.9017 18.7636 6.5
      vertex 16.4271 17.1468 6.5
      vertex 16.0902 18.8417 6.5
    endloop
  endfacet
  facet normal 0 0 1
    outer loop
      vertex 16.4271 17.1468 6.5
      vertex 15.9017 18.7636 6.5
      vertex 15.9693 17.0369 6.5
    endloop
  endfacet
  facet normal -0 0 1
    outer loop
      vertex 15.7034 18.716 6.5
      vertex 15.9693 17.0369 6.5
      vertex 15.9017 18.7636 6.5
    endloop
  endfacet
  facet normal -0 0 1
    outer loop
      vertex 15.5 18.7 6.5
      vertex 15.9693 17.0369 6.5
      vertex 15.7034 18.716 6.5
    endloop
  endfacet
  facet normal 0 0 1
    outer loop
      vertex 15.5 18.7 6.5
      vertex 15.5 17 6.5
      vertex 15.9693 17.0369 6.5
    endloop
  endfacet
  facet normal 0 0 1
    outer loop
      vertex 15.2966 18.716 6.5
      vertex 15.5 17 6.5
      vertex 15.5 18.7 6.5
    endloop
  endfacet
  facet normal 0 0 1
    outer loop
      vertex 15.0307 17.0369 6.5
      vertex 15.2966 18.716 6.5
      vertex 15.0983 18.7636 6.5
    endloop
  endfacet
  facet normal 0 0 1
    outer loop
      vertex 15.2966 18.716 6.5
      vertex 15.0307 17.0369 6.5
      vertex 15.5 17 6.5
    endloop
  endfacet
  facet normal 0 0 1
    outer loop
      vertex 14.5729 17.1468 6.5
      vertex 15.0983 18.7636 6.5
      vertex 14.9098 18.8417 6.5
    endloop
  endfacet
  facet normal 0 0 1
    outer loop
      vertex 14.138 17.327 6.5
      vertex 14.9098 18.8417 6.5
      vertex 14.7359 18.9483 6.5
    endloop
  endfacet
  facet normal 0 0 1
    outer loop
      vertex 13.7366 17.5729 6.5
      vertex 14.7359 18.9483 6.5
      vertex 14.5808 19.0808 6.5
    endloop
  endfacet
  facet normal 0 0 1
    outer loop
      vertex 15.0983 18.7636 6.5
      vertex 14.5729 17.1468 6.5
      vertex 15.0307 17.0369 6.5
    endloop
  endfacet
  facet normal 0 0 1
    outer loop
      vertex 13.3787 17.8787 6.5
      vertex 14.5808 19.0808 6.5
      vertex 14.4483 19.2359 6.5
    endloop
  endfacet
  facet normal 0 0 1
    outer loop
      vertex 13.0729 18.2366 6.5
      vertex 14.4483 19.2359 6.5
      vertex 14.3417 19.4098 6.5
    endloop
  endfacet
  facet normal 0 0 1
    outer loop
      vertex 12.827 18.638 6.5
      vertex 14.3417 19.4098 6.5
      vertex 14.2636 19.5983 6.5
    endloop
  endfacet
  facet normal 0 0 1
    outer loop
      vertex 12.6468 19.0729 6.5
      vertex 14.2636 19.5983 6.5
      vertex 14.216 19.7966 6.5
    endloop
  endfacet
  facet normal 0 0 1
    outer loop
      vertex 14.9098 18.8417 6.5
      vertex 14.138 17.327 6.5
      vertex 14.5729 17.1468 6.5
    endloop
  endfacet
  facet normal 0 0 1
    outer loop
      vertex 12.5369 19.5307 6.5
      vertex 14.216 19.7966 6.5
      vertex 14.2 20 6.5
    endloop
  endfacet
  facet normal -0 0 1
    outer loop
      vertex 12.827 21.362 6.5
      vertex 14.3417 20.5902 6.5
      vertex 13.0729 21.7634 6.5
    endloop
  endfacet
  facet normal 0 0 1
    outer loop
      vertex 14.3417 20.5902 6.5
      vertex 12.827 21.362 6.5
      vertex 14.2636 20.4017 6.5
    endloop
  endfacet
  facet normal 0 0 1
    outer loop
      vertex 14.7359 18.9483 6.5
      vertex 13.7366 17.5729 6.5
      vertex 14.138 17.327 6.5
    endloop
  endfacet
  facet normal -0 0 1
    outer loop
      vertex 12.6468 20.9271 6.5
      vertex 14.2636 20.4017 6.5
      vertex 12.827 21.362 6.5
    endloop
  endfacet
  facet normal 0 0 1
    outer loop
      vertex 14.5808 19.0808 6.5
      vertex 13.3787 17.8787 6.5
      vertex 13.7366 17.5729 6.5
    endloop
  endfacet
  facet normal 0 0 1
    outer loop
      vertex 14.2636 20.4017 6.5
      vertex 12.6468 20.9271 6.5
      vertex 14.216 20.2034 6.5
    endloop
  endfacet
  facet normal 0 0 1
    outer loop
      vertex 14.4483 19.2359 6.5
      vertex 13.0729 18.2366 6.5
      vertex 13.3787 17.8787 6.5
    endloop
  endfacet
  facet normal -0 0 1
    outer loop
      vertex 12.5369 20.4693 6.5
      vertex 14.216 20.2034 6.5
      vertex 12.6468 20.9271 6.5
    endloop
  endfacet
  facet normal 0 0 1
    outer loop
      vertex 14.3417 19.4098 6.5
      vertex 12.827 18.638 6.5
      vertex 13.0729 18.2366 6.5
    endloop
  endfacet
  facet normal 0 0 1
    outer loop
      vertex 14.216 20.2034 6.5
      vertex 12.5369 20.4693 6.5
      vertex 14.2 20 6.5
    endloop
  endfacet
  facet normal 0 0 1
    outer loop
      vertex 14.2636 19.5983 6.5
      vertex 12.6468 19.0729 6.5
      vertex 12.827 18.638 6.5
    endloop
  endfacet
  facet normal 0 0 1
    outer loop
      vertex 12.5 20 6.5
      vertex 14.2 20 6.5
      vertex 12.5369 20.4693 6.5
    endloop
  endfacet
  facet normal 0 0 1
    outer loop
      vertex 14.216 19.7966 6.5
      vertex 12.5369 19.5307 6.5
      vertex 12.6468 19.0729 6.5
    endloop
  endfacet
  facet normal 0 0 1
    outer loop
      vertex 14.2 20 6.5
      vertex 12.5 20 6.5
      vertex 12.5369 19.5307 6.5
    endloop
  endfacet
  facet normal -0.522378 0.852714 0
    outer loop
      vertex 14.138 22.673 2.5
      vertex 13.7366 22.4271 6.5
      vertex 14.138 22.673 6.5
    endloop
  endfacet
  facet normal -0.522378 0.852714 0
    outer loop
      vertex 13.7366 22.4271 6.5
      vertex 14.138 22.673 2.5
      vertex 13.7366 22.4271 2.5
    endloop
  endfacet
  facet normal -0.233429 0.972374 0
    outer loop
      vertex 15.0307 22.9631 2.5
      vertex 14.5729 22.8532 6.5
      vertex 15.0307 22.9631 6.5
    endloop
  endfacet
  facet normal -0.233429 0.972374 0
    outer loop
      vertex 14.5729 22.8532 6.5
      vertex 15.0307 22.9631 2.5
      vertex 14.5729 22.8532 2.5
    endloop
  endfacet
  facet normal 0.233429 -0.972374 0
    outer loop
      vertex 15.9693 17.0369 2.5
      vertex 16.4271 17.1468 6.5
      vertex 15.9693 17.0369 6.5
    endloop
  endfacet
  facet normal 0.233429 -0.972374 0
    outer loop
      vertex 16.4271 17.1468 6.5
      vertex 15.9693 17.0369 2.5
      vertex 16.4271 17.1468 2.5
    endloop
  endfacet
  facet normal 0.522378 -0.852714 0
    outer loop
      vertex 16.862 17.327 2.5
      vertex 17.2634 17.5729 6.5
      vertex 16.862 17.327 6.5
    endloop
  endfacet
  facet normal 0.522378 -0.852714 0
    outer loop
      vertex 17.2634 17.5729 6.5
      vertex 16.862 17.327 2.5
      vertex 17.2634 17.5729 2.5
    endloop
  endfacet
  facet normal -0.522378 -0.852714 0
    outer loop
      vertex 13.7366 17.5729 2.5
      vertex 14.138 17.327 6.5
      vertex 13.7366 17.5729 6.5
    endloop
  endfacet
  facet normal -0.522378 -0.852714 -0
    outer loop
      vertex 14.138 17.327 6.5
      vertex 13.7366 17.5729 2.5
      vertex 14.138 17.327 2.5
    endloop
  endfacet
  facet normal -0.852714 -0.522378 0
    outer loop
      vertex 13.0729 18.2366 2.5
      vertex 12.827 18.638 6.5
      vertex 12.827 18.638 2.5
    endloop
  endfacet
  facet normal -0.852714 -0.522378 0
    outer loop
      vertex 12.827 18.638 6.5
      vertex 13.0729 18.2366 2.5
      vertex 13.0729 18.2366 6.5
    endloop
  endfacet
  facet normal -0.972374 -0.233429 0
    outer loop
      vertex 12.6468 19.0729 2.5
      vertex 12.5369 19.5307 6.5
      vertex 12.5369 19.5307 2.5
    endloop
  endfacet
  facet normal -0.972374 -0.233429 0
    outer loop
      vertex 12.5369 19.5307 6.5
      vertex 12.6468 19.0729 2.5
      vertex 12.6468 19.0729 6.5
    endloop
  endfacet
  facet normal 0.760275 0.649601 0
    outer loop
      vertex 17.9271 21.7634 6.5
      vertex 17.6213 22.1213 2.5
      vertex 17.6213 22.1213 6.5
    endloop
  endfacet
  facet normal 0.760275 0.649601 0
    outer loop
      vertex 17.6213 22.1213 2.5
      vertex 17.9271 21.7634 6.5
      vertex 17.9271 21.7634 2.5
    endloop
  endfacet
  facet normal 0.233429 0.972374 -0
    outer loop
      vertex 16.4271 22.8532 2.5
      vertex 15.9693 22.9631 6.5
      vertex 16.4271 22.8532 6.5
    endloop
  endfacet
  facet normal 0.233429 0.972374 0
    outer loop
      vertex 15.9693 22.9631 6.5
      vertex 16.4271 22.8532 2.5
      vertex 15.9693 22.9631 2.5
    endloop
  endfacet
  facet normal 0.0783858 0.996923 -0
    outer loop
      vertex 15.9693 22.9631 2.5
      vertex 15.5 23 6.5
      vertex 15.9693 22.9631 6.5
    endloop
  endfacet
  facet normal 0.0783858 0.996923 0
    outer loop
      vertex 15.5 23 6.5
      vertex 15.9693 22.9631 2.5
      vertex 15.5 23 2.5
    endloop
  endfacet
  facet normal -0.972374 0.233429 0
    outer loop
      vertex 12.5369 20.4693 2.5
      vertex 12.6468 20.9271 6.5
      vertex 12.6468 20.9271 2.5
    endloop
  endfacet
  facet normal -0.972374 0.233429 0
    outer loop
      vertex 12.6468 20.9271 6.5
      vertex 12.5369 20.4693 2.5
      vertex 12.5369 20.4693 6.5
    endloop
  endfacet
  facet normal -0.996923 0.0783858 0
    outer loop
      vertex 12.5 20 2.5
      vertex 12.5369 20.4693 6.5
      vertex 12.5369 20.4693 2.5
    endloop
  endfacet
  facet normal -0.996923 0.0783858 0
    outer loop
      vertex 12.5369 20.4693 6.5
      vertex 12.5 20 2.5
      vertex 12.5 20 6.5
    endloop
  endfacet
  facet normal -0.996923 -0.0783858 0
    outer loop
      vertex 12.5369 19.5307 2.5
      vertex 12.5 20 6.5
      vertex 12.5 20 2.5
    endloop
  endfacet
  facet normal -0.996923 -0.0783858 0
    outer loop
      vertex 12.5 20 6.5
      vertex 12.5369 19.5307 2.5
      vertex 12.5369 19.5307 6.5
    endloop
  endfacet
  facet normal -0.649601 0.760275 0
    outer loop
      vertex 13.7366 22.4271 2.5
      vertex 13.3787 22.1213 6.5
      vertex 13.7366 22.4271 6.5
    endloop
  endfacet
  facet normal -0.649601 0.760275 0
    outer loop
      vertex 13.3787 22.1213 6.5
      vertex 13.7366 22.4271 2.5
      vertex 13.3787 22.1213 2.5
    endloop
  endfacet
  facet normal 0.996923 -0.0783858 0
    outer loop
      vertex 18.4631 19.5307 6.5
      vertex 18.5 20 2.5
      vertex 18.5 20 6.5
    endloop
  endfacet
  facet normal 0.996923 -0.0783858 0
    outer loop
      vertex 18.5 20 2.5
      vertex 18.4631 19.5307 6.5
      vertex 18.4631 19.5307 2.5
    endloop
  endfacet
  facet normal 0.38279 -0.923836 0
    outer loop
      vertex 16.4271 17.1468 2.5
      vertex 16.862 17.327 6.5
      vertex 16.4271 17.1468 6.5
    endloop
  endfacet
  facet normal 0.38279 -0.923836 0
    outer loop
      vertex 16.862 17.327 6.5
      vertex 16.4271 17.1468 2.5
      vertex 16.862 17.327 2.5
    endloop
  endfacet
  facet normal 0.649601 -0.760275 0
    outer loop
      vertex 17.2634 17.5729 2.5
      vertex 17.6213 17.8787 6.5
      vertex 17.2634 17.5729 6.5
    endloop
  endfacet
  facet normal 0.649601 -0.760275 0
    outer loop
      vertex 17.6213 17.8787 6.5
      vertex 17.2634 17.5729 2.5
      vertex 17.6213 17.8787 2.5
    endloop
  endfacet
  facet normal 0.923836 -0.38279 0
    outer loop
      vertex 18.173 18.638 6.5
      vertex 18.3532 19.0729 2.5
      vertex 18.3532 19.0729 6.5
    endloop
  endfacet
  facet normal 0.923836 -0.38279 0
    outer loop
      vertex 18.3532 19.0729 2.5
      vertex 18.173 18.638 6.5
      vertex 18.173 18.638 2.5
    endloop
  endfacet
  facet normal 0.972374 -0.233429 0
    outer loop
      vertex 18.3532 19.0729 6.5
      vertex 18.4631 19.5307 2.5
      vertex 18.4631 19.5307 6.5
    endloop
  endfacet
  facet normal 0.972374 -0.233429 0
    outer loop
      vertex 18.4631 19.5307 2.5
      vertex 18.3532 19.0729 6.5
      vertex 18.3532 19.0729 2.5
    endloop
  endfacet
  facet normal -0.38279 -0.923836 0
    outer loop
      vertex 14.138 17.327 2.5
      vertex 14.5729 17.1468 6.5
      vertex 14.138 17.327 6.5
    endloop
  endfacet
  facet normal -0.38279 -0.923836 -0
    outer loop
      vertex 14.5729 17.1468 6.5
      vertex 14.138 17.327 2.5
      vertex 14.5729 17.1468 2.5
    endloop
  endfacet
  facet normal -0.233429 -0.972374 0
    outer loop
      vertex 14.5729 17.1468 2.5
      vertex 15.0307 17.0369 6.5
      vertex 14.5729 17.1468 6.5
    endloop
  endfacet
  facet normal -0.233429 -0.972374 -0
    outer loop
      vertex 15.0307 17.0369 6.5
      vertex 14.5729 17.1468 2.5
      vertex 15.0307 17.0369 2.5
    endloop
  endfacet
  facet normal 0.0783858 -0.996923 0
    outer loop
      vertex 15.5 17 2.5
      vertex 15.9693 17.0369 6.5
      vertex 15.5 17 6.5
    endloop
  endfacet
  facet normal 0.0783858 -0.996923 0
    outer loop
      vertex 15.9693 17.0369 6.5
      vertex 15.5 17 2.5
      vertex 15.9693 17.0369 2.5
    endloop
  endfacet
  facet normal -0.760275 -0.649601 0
    outer loop
      vertex 13.3787 17.8787 2.5
      vertex 13.0729 18.2366 6.5
      vertex 13.0729 18.2366 2.5
    endloop
  endfacet
  facet normal -0.760275 -0.649601 0
    outer loop
      vertex 13.0729 18.2366 6.5
      vertex 13.3787 17.8787 2.5
      vertex 13.3787 17.8787 6.5
    endloop
  endfacet
  facet normal -0.923836 -0.38279 0
    outer loop
      vertex 12.827 18.638 2.5
      vertex 12.6468 19.0729 6.5
      vertex 12.6468 19.0729 2.5
    endloop
  endfacet
  facet normal -0.923836 -0.38279 0
    outer loop
      vertex 12.6468 19.0729 6.5
      vertex 12.827 18.638 2.5
      vertex 12.827 18.638 6.5
    endloop
  endfacet
  facet normal 0.760275 -0.649601 0
    outer loop
      vertex 17.6213 17.8787 6.5
      vertex 17.9271 18.2366 2.5
      vertex 17.9271 18.2366 6.5
    endloop
  endfacet
  facet normal 0.760275 -0.649601 0
    outer loop
      vertex 17.9271 18.2366 2.5
      vertex 17.6213 17.8787 6.5
      vertex 17.6213 17.8787 2.5
    endloop
  endfacet
  facet normal -0.0783858 -0.996923 0
    outer loop
      vertex 15.0307 17.0369 2.5
      vertex 15.5 17 6.5
      vertex 15.0307 17.0369 6.5
    endloop
  endfacet
  facet normal -0.0783858 -0.996923 -0
    outer loop
      vertex 15.5 17 6.5
      vertex 15.0307 17.0369 2.5
      vertex 15.5 17 2.5
    endloop
  endfacet
  facet normal -0.649601 -0.760275 0
    outer loop
      vertex 13.3787 17.8787 2.5
      vertex 13.7366 17.5729 6.5
      vertex 13.3787 17.8787 6.5
    endloop
  endfacet
  facet normal -0.649601 -0.760275 -0
    outer loop
      vertex 13.7366 17.5729 6.5
      vertex 13.3787 17.8787 2.5
      vertex 13.7366 17.5729 2.5
    endloop
  endfacet
  facet normal 0.996923 0.0783858 0
    outer loop
      vertex 18.5 40 6.5
      vertex 18.4631 40.4693 2.5
      vertex 18.4631 40.4693 6.5
    endloop
  endfacet
  facet normal 0.996923 0.0783858 0
    outer loop
      vertex 18.4631 40.4693 2.5
      vertex 18.5 40 6.5
      vertex 18.5 40 2.5
    endloop
  endfacet
  facet normal -0.0783858 0.996923 0
    outer loop
      vertex 15.5 43 2.5
      vertex 15.0307 42.9631 6.5
      vertex 15.5 43 6.5
    endloop
  endfacet
  facet normal -0.0783858 0.996923 0
    outer loop
      vertex 15.0307 42.9631 6.5
      vertex 15.5 43 2.5
      vertex 15.0307 42.9631 2.5
    endloop
  endfacet
  facet normal 0.0783858 -0.996923 0
    outer loop
      vertex 15.5 37 2.5
      vertex 15.9693 37.0369 6.5
      vertex 15.5 37 6.5
    endloop
  endfacet
  facet normal 0.0783858 -0.996923 0
    outer loop
      vertex 15.9693 37.0369 6.5
      vertex 15.5 37 2.5
      vertex 15.9693 37.0369 2.5
    endloop
  endfacet
  facet normal -0.649601 -0.760275 0
    outer loop
      vertex 13.3787 37.8787 2.5
      vertex 13.7366 37.5729 6.5
      vertex 13.3787 37.8787 6.5
    endloop
  endfacet
  facet normal -0.649601 -0.760275 -0
    outer loop
      vertex 13.7366 37.5729 6.5
      vertex 13.3787 37.8787 2.5
      vertex 13.7366 37.5729 2.5
    endloop
  endfacet
  facet normal 0.649601 0.760275 -0
    outer loop
      vertex 17.6213 42.1213 2.5
      vertex 17.2634 42.4271 6.5
      vertex 17.6213 42.1213 6.5
    endloop
  endfacet
  facet normal 0.649601 0.760275 0
    outer loop
      vertex 17.2634 42.4271 6.5
      vertex 17.6213 42.1213 2.5
      vertex 17.2634 42.4271 2.5
    endloop
  endfacet
  facet normal -0.760275 0.649601 0
    outer loop
      vertex 13.0729 41.7634 2.5
      vertex 13.3787 42.1213 6.5
      vertex 13.3787 42.1213 2.5
    endloop
  endfacet
  facet normal -0.760275 0.649601 0
    outer loop
      vertex 13.3787 42.1213 6.5
      vertex 13.0729 41.7634 2.5
      vertex 13.0729 41.7634 6.5
    endloop
  endfacet
  facet normal -0.38279 0.923836 0
    outer loop
      vertex 14.5729 42.8532 2.5
      vertex 14.138 42.673 6.5
      vertex 14.5729 42.8532 6.5
    endloop
  endfacet
  facet normal -0.38279 0.923836 0
    outer loop
      vertex 14.138 42.673 6.5
      vertex 14.5729 42.8532 2.5
      vertex 14.138 42.673 2.5
    endloop
  endfacet
  facet normal 0.923836 0.38279 0
    outer loop
      vertex 18.3532 40.9271 6.5
      vertex 18.173 41.362 2.5
      vertex 18.173 41.362 6.5
    endloop
  endfacet
  facet normal 0.923836 0.38279 0
    outer loop
      vertex 18.173 41.362 2.5
      vertex 18.3532 40.9271 6.5
      vertex 18.3532 40.9271 2.5
    endloop
  endfacet
  facet normal 0.972374 0.233429 0
    outer loop
      vertex 18.4631 40.4693 6.5
      vertex 18.3532 40.9271 2.5
      vertex 18.3532 40.9271 6.5
    endloop
  endfacet
  facet normal 0.972374 0.233429 0
    outer loop
      vertex 18.3532 40.9271 2.5
      vertex 18.4631 40.4693 6.5
      vertex 18.4631 40.4693 2.5
    endloop
  endfacet
  facet normal 0.852714 0.522378 0
    outer loop
      vertex 18.173 41.362 6.5
      vertex 17.9271 41.7634 2.5
      vertex 17.9271 41.7634 6.5
    endloop
  endfacet
  facet normal 0.852714 0.522378 0
    outer loop
      vertex 17.9271 41.7634 2.5
      vertex 18.173 41.362 6.5
      vertex 18.173 41.362 2.5
    endloop
  endfacet
  facet normal 0.38279 0.923836 -0
    outer loop
      vertex 16.862 42.673 2.5
      vertex 16.4271 42.8532 6.5
      vertex 16.862 42.673 6.5
    endloop
  endfacet
  facet normal 0.38279 0.923836 0
    outer loop
      vertex 16.4271 42.8532 6.5
      vertex 16.862 42.673 2.5
      vertex 16.4271 42.8532 2.5
    endloop
  endfacet
  facet normal 0.522378 0.852714 -0
    outer loop
      vertex 17.2634 42.4271 2.5
      vertex 16.862 42.673 6.5
      vertex 17.2634 42.4271 6.5
    endloop
  endfacet
  facet normal 0.522378 0.852714 0
    outer loop
      vertex 16.862 42.673 6.5
      vertex 17.2634 42.4271 2.5
      vertex 16.862 42.673 2.5
    endloop
  endfacet
  facet normal -0.923836 0.38279 0
    outer loop
      vertex 12.6468 40.9271 2.5
      vertex 12.827 41.362 6.5
      vertex 12.827 41.362 2.5
    endloop
  endfacet
  facet normal -0.923836 0.38279 0
    outer loop
      vertex 12.827 41.362 6.5
      vertex 12.6468 40.9271 2.5
      vertex 12.6468 40.9271 6.5
    endloop
  endfacet
  facet normal -0.852714 0.522378 0
    outer loop
      vertex 12.827 41.362 2.5
      vertex 13.0729 41.7634 6.5
      vertex 13.0729 41.7634 2.5
    endloop
  endfacet
  facet normal -0.852714 0.522378 0
    outer loop
      vertex 13.0729 41.7634 6.5
      vertex 12.827 41.362 2.5
      vertex 12.827 41.362 6.5
    endloop
  endfacet
  facet normal -0.522378 0.852714 0
    outer loop
      vertex 14.138 42.673 2.5
      vertex 13.7366 42.4271 6.5
      vertex 14.138 42.673 6.5
    endloop
  endfacet
  facet normal -0.522378 0.852714 0
    outer loop
      vertex 13.7366 42.4271 6.5
      vertex 14.138 42.673 2.5
      vertex 13.7366 42.4271 2.5
    endloop
  endfacet
  facet normal -0.233429 0.972374 0
    outer loop
      vertex 15.0307 42.9631 2.5
      vertex 14.5729 42.8532 6.5
      vertex 15.0307 42.9631 6.5
    endloop
  endfacet
  facet normal -0.233429 0.972374 0
    outer loop
      vertex 14.5729 42.8532 6.5
      vertex 15.0307 42.9631 2.5
      vertex 14.5729 42.8532 2.5
    endloop
  endfacet
  facet normal 0.233429 -0.972374 0
    outer loop
      vertex 15.9693 37.0369 2.5
      vertex 16.4271 37.1468 6.5
      vertex 15.9693 37.0369 6.5
    endloop
  endfacet
  facet normal 0.233429 -0.972374 0
    outer loop
      vertex 16.4271 37.1468 6.5
      vertex 15.9693 37.0369 2.5
      vertex 16.4271 37.1468 2.5
    endloop
  endfacet
  facet normal 0.522378 -0.852714 0
    outer loop
      vertex 16.862 37.327 2.5
      vertex 17.2634 37.5729 6.5
      vertex 16.862 37.327 6.5
    endloop
  endfacet
  facet normal 0.522378 -0.852714 0
    outer loop
      vertex 17.2634 37.5729 6.5
      vertex 16.862 37.327 2.5
      vertex 17.2634 37.5729 2.5
    endloop
  endfacet
  facet normal -0.522378 -0.852714 0
    outer loop
      vertex 13.7366 37.5729 2.5
      vertex 14.138 37.327 6.5
      vertex 13.7366 37.5729 6.5
    endloop
  endfacet
  facet normal -0.522378 -0.852714 -0
    outer loop
      vertex 14.138 37.327 6.5
      vertex 13.7366 37.5729 2.5
      vertex 14.138 37.327 2.5
    endloop
  endfacet
  facet normal -0.852714 -0.522378 0
    outer loop
      vertex 13.0729 38.2366 2.5
      vertex 12.827 38.638 6.5
      vertex 12.827 38.638 2.5
    endloop
  endfacet
  facet normal -0.852714 -0.522378 0
    outer loop
      vertex 12.827 38.638 6.5
      vertex 13.0729 38.2366 2.5
      vertex 13.0729 38.2366 6.5
    endloop
  endfacet
  facet normal -0.972374 -0.233429 0
    outer loop
      vertex 12.6468 39.0729 2.5
      vertex 12.5369 39.5307 6.5
      vertex 12.5369 39.5307 2.5
    endloop
  endfacet
  facet normal -0.972374 -0.233429 0
    outer loop
      vertex 12.5369 39.5307 6.5
      vertex 12.6468 39.0729 2.5
      vertex 12.6468 39.0729 6.5
    endloop
  endfacet
  facet normal 0.760275 0.649601 0
    outer loop
      vertex 17.9271 41.7634 6.5
      vertex 17.6213 42.1213 2.5
      vertex 17.6213 42.1213 6.5
    endloop
  endfacet
  facet normal 0.760275 0.649601 0
    outer loop
      vertex 17.6213 42.1213 2.5
      vertex 17.9271 41.7634 6.5
      vertex 17.9271 41.7634 2.5
    endloop
  endfacet
  facet normal 0.233429 0.972374 -0
    outer loop
      vertex 16.4271 42.8532 2.5
      vertex 15.9693 42.9631 6.5
      vertex 16.4271 42.8532 6.5
    endloop
  endfacet
  facet normal 0.233429 0.972374 0
    outer loop
      vertex 15.9693 42.9631 6.5
      vertex 16.4271 42.8532 2.5
      vertex 15.9693 42.9631 2.5
    endloop
  endfacet
  facet normal 0.0783858 0.996923 -0
    outer loop
      vertex 15.9693 42.9631 2.5
      vertex 15.5 43 6.5
      vertex 15.9693 42.9631 6.5
    endloop
  endfacet
  facet normal 0.0783858 0.996923 0
    outer loop
      vertex 15.5 43 6.5
      vertex 15.9693 42.9631 2.5
      vertex 15.5 43 2.5
    endloop
  endfacet
  facet normal -0.972374 0.233429 0
    outer loop
      vertex 12.5369 40.4693 2.5
      vertex 12.6468 40.9271 6.5
      vertex 12.6468 40.9271 2.5
    endloop
  endfacet
  facet normal -0.972374 0.233429 0
    outer loop
      vertex 12.6468 40.9271 6.5
      vertex 12.5369 40.4693 2.5
      vertex 12.5369 40.4693 6.5
    endloop
  endfacet
  facet normal -0.996923 0.0783858 0
    outer loop
      vertex 12.5 40 2.5
      vertex 12.5369 40.4693 6.5
      vertex 12.5369 40.4693 2.5
    endloop
  endfacet
  facet normal -0.996923 0.0783858 0
    outer loop
      vertex 12.5369 40.4693 6.5
      vertex 12.5 40 2.5
      vertex 12.5 40 6.5
    endloop
  endfacet
  facet normal -0.996923 -0.0783858 0
    outer loop
      vertex 12.5369 39.5307 2.5
      vertex 12.5 40 6.5
      vertex 12.5 40 2.5
    endloop
  endfacet
  facet normal -0.996923 -0.0783858 0
    outer loop
      vertex 12.5 40 6.5
      vertex 12.5369 39.5307 2.5
      vertex 12.5369 39.5307 6.5
    endloop
  endfacet
  facet normal -0.649601 0.760275 0
    outer loop
      vertex 13.7366 42.4271 2.5
      vertex 13.3787 42.1213 6.5
      vertex 13.7366 42.4271 6.5
    endloop
  endfacet
  facet normal -0.649601 0.760275 0
    outer loop
      vertex 13.3787 42.1213 6.5
      vertex 13.7366 42.4271 2.5
      vertex 13.3787 42.1213 2.5
    endloop
  endfacet
  facet normal 0.996923 -0.0783858 0
    outer loop
      vertex 18.4631 39.5307 6.5
      vertex 18.5 40 2.5
      vertex 18.5 40 6.5
    endloop
  endfacet
  facet normal 0.996923 -0.0783858 0
    outer loop
      vertex 18.5 40 2.5
      vertex 18.4631 39.5307 6.5
      vertex 18.4631 39.5307 2.5
    endloop
  endfacet
  facet normal 0.38279 -0.923836 0
    outer loop
      vertex 16.4271 37.1468 2.5
      vertex 16.862 37.327 6.5
      vertex 16.4271 37.1468 6.5
    endloop
  endfacet
  facet normal 0.38279 -0.923836 0
    outer loop
      vertex 16.862 37.327 6.5
      vertex 16.4271 37.1468 2.5
      vertex 16.862 37.327 2.5
    endloop
  endfacet
  facet normal 0.649601 -0.760275 0
    outer loop
      vertex 17.2634 37.5729 2.5
      vertex 17.6213 37.8787 6.5
      vertex 17.2634 37.5729 6.5
    endloop
  endfacet
  facet normal 0.649601 -0.760275 0
    outer loop
      vertex 17.6213 37.8787 6.5
      vertex 17.2634 37.5729 2.5
      vertex 17.6213 37.8787 2.5
    endloop
  endfacet
  facet normal 0.923836 -0.38279 0
    outer loop
      vertex 18.173 38.638 6.5
      vertex 18.3532 39.0729 2.5
      vertex 18.3532 39.0729 6.5
    endloop
  endfacet
  facet normal 0.923836 -0.38279 0
    outer loop
      vertex 18.3532 39.0729 2.5
      vertex 18.173 38.638 6.5
      vertex 18.173 38.638 2.5
    endloop
  endfacet
  facet normal 0.852714 -0.522378 0
    outer loop
      vertex 17.9271 38.2366 6.5
      vertex 18.173 38.638 2.5
      vertex 18.173 38.638 6.5
    endloop
  endfacet
  facet normal 0.852714 -0.522378 0
    outer loop
      vertex 18.173 38.638 2.5
      vertex 17.9271 38.2366 6.5
      vertex 17.9271 38.2366 2.5
    endloop
  endfacet
  facet normal 0.972374 -0.233429 0
    outer loop
      vertex 18.3532 39.0729 6.5
      vertex 18.4631 39.5307 2.5
      vertex 18.4631 39.5307 6.5
    endloop
  endfacet
  facet normal 0.972374 -0.233429 0
    outer loop
      vertex 18.4631 39.5307 2.5
      vertex 18.3532 39.0729 6.5
      vertex 18.3532 39.0729 2.5
    endloop
  endfacet
  facet normal -0.38279 -0.923836 0
    outer loop
      vertex 14.138 37.327 2.5
      vertex 14.5729 37.1468 6.5
      vertex 14.138 37.327 6.5
    endloop
  endfacet
  facet normal -0.38279 -0.923836 -0
    outer loop
      vertex 14.5729 37.1468 6.5
      vertex 14.138 37.327 2.5
      vertex 14.5729 37.1468 2.5
    endloop
  endfacet
  facet normal -0.233429 -0.972374 0
    outer loop
      vertex 14.5729 37.1468 2.5
      vertex 15.0307 37.0369 6.5
      vertex 14.5729 37.1468 6.5
    endloop
  endfacet
  facet normal -0.233429 -0.972374 -0
    outer loop
      vertex 15.0307 37.0369 6.5
      vertex 14.5729 37.1468 2.5
      vertex 15.0307 37.0369 2.5
    endloop
  endfacet
  facet normal -0.760275 -0.649601 0
    outer loop
      vertex 13.3787 37.8787 2.5
      vertex 13.0729 38.2366 6.5
      vertex 13.0729 38.2366 2.5
    endloop
  endfacet
  facet normal -0.760275 -0.649601 0
    outer loop
      vertex 13.0729 38.2366 6.5
      vertex 13.3787 37.8787 2.5
      vertex 13.3787 37.8787 6.5
    endloop
  endfacet
  facet normal -0.923836 -0.38279 0
    outer loop
      vertex 12.827 38.638 2.5
      vertex 12.6468 39.0729 6.5
      vertex 12.6468 39.0729 2.5
    endloop
  endfacet
  facet normal -0.923836 -0.38279 0
    outer loop
      vertex 12.6468 39.0729 6.5
      vertex 12.827 38.638 2.5
      vertex 12.827 38.638 6.5
    endloop
  endfacet
  facet normal 0 0 1
    outer loop
      vertex 16.8 40 6.5
      vertex 18.5 40 6.5
      vertex 18.4631 40.4693 6.5
    endloop
  endfacet
  facet normal 0 0 1
    outer loop
      vertex 16.784 40.2034 6.5
      vertex 18.4631 40.4693 6.5
      vertex 18.3532 40.9271 6.5
    endloop
  endfacet
  facet normal 0 0 1
    outer loop
      vertex 18.5 40 6.5
      vertex 16.8 40 6.5
      vertex 18.4631 39.5307 6.5
    endloop
  endfacet
  facet normal 0 0 1
    outer loop
      vertex 16.7364 40.4017 6.5
      vertex 18.3532 40.9271 6.5
      vertex 18.173 41.362 6.5
    endloop
  endfacet
  facet normal -0 0 1
    outer loop
      vertex 16.784 39.7966 6.5
      vertex 18.4631 39.5307 6.5
      vertex 16.8 40 6.5
    endloop
  endfacet
  facet normal 0 0 1
    outer loop
      vertex 16.6583 40.5902 6.5
      vertex 18.173 41.362 6.5
      vertex 17.9271 41.7634 6.5
    endloop
  endfacet
  facet normal 0 0 1
    outer loop
      vertex 18.4631 39.5307 6.5
      vertex 16.784 39.7966 6.5
      vertex 18.3532 39.0729 6.5
    endloop
  endfacet
  facet normal 0 0 1
    outer loop
      vertex 16.5517 40.7641 6.5
      vertex 17.9271 41.7634 6.5
      vertex 17.6213 42.1213 6.5
    endloop
  endfacet
  facet normal -0 0 1
    outer loop
      vertex 16.7364 39.5983 6.5
      vertex 18.3532 39.0729 6.5
      vertex 16.784 39.7966 6.5
    endloop
  endfacet
  facet normal 0 0 1
    outer loop
      vertex 16.4192 40.9192 6.5
      vertex 17.6213 42.1213 6.5
      vertex 17.2634 42.4271 6.5
    endloop
  endfacet
  facet normal 0 0 1
    outer loop
      vertex 18.3532 39.0729 6.5
      vertex 16.7364 39.5983 6.5
      vertex 18.173 38.638 6.5
    endloop
  endfacet
  facet normal 0 0 1
    outer loop
      vertex 16.2641 41.0517 6.5
      vertex 17.2634 42.4271 6.5
      vertex 16.862 42.673 6.5
    endloop
  endfacet
  facet normal -0 0 1
    outer loop
      vertex 16.6583 39.4098 6.5
      vertex 18.173 38.638 6.5
      vertex 16.7364 39.5983 6.5
    endloop
  endfacet
  facet normal 0 0 1
    outer loop
      vertex 18.173 38.638 6.5
      vertex 16.6583 39.4098 6.5
      vertex 17.9271 38.2366 6.5
    endloop
  endfacet
  facet normal 0 0 1
    outer loop
      vertex 18.4631 40.4693 6.5
      vertex 16.784 40.2034 6.5
      vertex 16.8 40 6.5
    endloop
  endfacet
  facet normal 0 0 1
    outer loop
      vertex 18.3532 40.9271 6.5
      vertex 16.7364 40.4017 6.5
      vertex 16.784 40.2034 6.5
    endloop
  endfacet
  facet normal 0 0 1
    outer loop
      vertex 18.173 41.362 6.5
      vertex 16.6583 40.5902 6.5
      vertex 16.7364 40.4017 6.5
    endloop
  endfacet
  facet normal 0 0 1
    outer loop
      vertex 17.9271 41.7634 6.5
      vertex 16.5517 40.7641 6.5
      vertex 16.6583 40.5902 6.5
    endloop
  endfacet
  facet normal 0 0 1
    outer loop
      vertex 16.0902 41.1583 6.5
      vertex 16.862 42.673 6.5
      vertex 16.4271 42.8532 6.5
    endloop
  endfacet
  facet normal 0 0 1
    outer loop
      vertex 17.6213 42.1213 6.5
      vertex 16.4192 40.9192 6.5
      vertex 16.5517 40.7641 6.5
    endloop
  endfacet
  facet normal 0 0 1
    outer loop
      vertex 17.2634 42.4271 6.5
      vertex 16.2641 41.0517 6.5
      vertex 16.4192 40.9192 6.5
    endloop
  endfacet
  facet normal 0 0 1
    outer loop
      vertex 16.862 42.673 6.5
      vertex 16.0902 41.1583 6.5
      vertex 16.2641 41.0517 6.5
    endloop
  endfacet
  facet normal 0 0 1
    outer loop
      vertex 15.9017 41.2364 6.5
      vertex 16.4271 42.8532 6.5
      vertex 15.9693 42.9631 6.5
    endloop
  endfacet
  facet normal 0 0 1
    outer loop
      vertex 16.4271 42.8532 6.5
      vertex 15.9017 41.2364 6.5
      vertex 16.0902 41.1583 6.5
    endloop
  endfacet
  facet normal 0 0 1
    outer loop
      vertex 15.9693 42.9631 6.5
      vertex 15.7034 41.284 6.5
      vertex 15.9017 41.2364 6.5
    endloop
  endfacet
  facet normal 0 0 1
    outer loop
      vertex 15.5 43 6.5
      vertex 15.7034 41.284 6.5
      vertex 15.9693 42.9631 6.5
    endloop
  endfacet
  facet normal 0 0 1
    outer loop
      vertex 15.5 43 6.5
      vertex 15.5 41.3 6.5
      vertex 15.7034 41.284 6.5
    endloop
  endfacet
  facet normal 0 0 1
    outer loop
      vertex 15.5 43 6.5
      vertex 15.2966 41.284 6.5
      vertex 15.5 41.3 6.5
    endloop
  endfacet
  facet normal -0 0 1
    outer loop
      vertex 15.0307 42.9631 6.5
      vertex 15.2966 41.284 6.5
      vertex 15.5 43 6.5
    endloop
  endfacet
  facet normal 0 0 1
    outer loop
      vertex 15.2966 41.284 6.5
      vertex 15.0307 42.9631 6.5
      vertex 15.0983 41.2364 6.5
    endloop
  endfacet
  facet normal -0 0 1
    outer loop
      vertex 14.5729 42.8532 6.5
      vertex 15.0983 41.2364 6.5
      vertex 15.0307 42.9631 6.5
    endloop
  endfacet
  facet normal 0 0 1
    outer loop
      vertex 15.0983 41.2364 6.5
      vertex 14.5729 42.8532 6.5
      vertex 14.9098 41.1583 6.5
    endloop
  endfacet
  facet normal -0 0 1
    outer loop
      vertex 14.138 42.673 6.5
      vertex 14.9098 41.1583 6.5
      vertex 14.5729 42.8532 6.5
    endloop
  endfacet
  facet normal 0 0 1
    outer loop
      vertex 14.9098 41.1583 6.5
      vertex 14.138 42.673 6.5
      vertex 14.7359 41.0517 6.5
    endloop
  endfacet
  facet normal -0 0 1
    outer loop
      vertex 13.7366 42.4271 6.5
      vertex 14.7359 41.0517 6.5
      vertex 14.138 42.673 6.5
    endloop
  endfacet
  facet normal 0 0 1
    outer loop
      vertex 14.7359 41.0517 6.5
      vertex 13.7366 42.4271 6.5
      vertex 14.5808 40.9192 6.5
    endloop
  endfacet
  facet normal -0 0 1
    outer loop
      vertex 13.3787 42.1213 6.5
      vertex 14.5808 40.9192 6.5
      vertex 13.7366 42.4271 6.5
    endloop
  endfacet
  facet normal 0 0 1
    outer loop
      vertex 14.5808 40.9192 6.5
      vertex 13.3787 42.1213 6.5
      vertex 14.4483 40.7641 6.5
    endloop
  endfacet
  facet normal 0 0 1
    outer loop
      vertex 14.4483 40.7641 6.5
      vertex 13.0729 41.7634 6.5
      vertex 14.3417 40.5902 6.5
    endloop
  endfacet
  facet normal -0 0 1
    outer loop
      vertex 13.0729 41.7634 6.5
      vertex 14.4483 40.7641 6.5
      vertex 13.3787 42.1213 6.5
    endloop
  endfacet
  facet normal -0 0 1
    outer loop
      vertex 16.5517 39.2359 6.5
      vertex 17.9271 38.2366 6.5
      vertex 16.6583 39.4098 6.5
    endloop
  endfacet
  facet normal 0 0 1
    outer loop
      vertex 17.9271 38.2366 6.5
      vertex 16.5517 39.2359 6.5
      vertex 17.6213 37.8787 6.5
    endloop
  endfacet
  facet normal -0 0 1
    outer loop
      vertex 16.4192 39.0808 6.5
      vertex 17.6213 37.8787 6.5
      vertex 16.5517 39.2359 6.5
    endloop
  endfacet
  facet normal 0 0 1
    outer loop
      vertex 17.6213 37.8787 6.5
      vertex 16.4192 39.0808 6.5
      vertex 17.2634 37.5729 6.5
    endloop
  endfacet
  facet normal -0 0 1
    outer loop
      vertex 16.2641 38.9483 6.5
      vertex 17.2634 37.5729 6.5
      vertex 16.4192 39.0808 6.5
    endloop
  endfacet
  facet normal 0 0 1
    outer loop
      vertex 17.2634 37.5729 6.5
      vertex 16.2641 38.9483 6.5
      vertex 16.862 37.327 6.5
    endloop
  endfacet
  facet normal -0 0 1
    outer loop
      vertex 16.0902 38.8417 6.5
      vertex 16.862 37.327 6.5
      vertex 16.2641 38.9483 6.5
    endloop
  endfacet
  facet normal 0 0 1
    outer loop
      vertex 16.862 37.327 6.5
      vertex 16.0902 38.8417 6.5
      vertex 16.4271 37.1468 6.5
    endloop
  endfacet
  facet normal -0 0 1
    outer loop
      vertex 15.9017 38.7636 6.5
      vertex 16.4271 37.1468 6.5
      vertex 16.0902 38.8417 6.5
    endloop
  endfacet
  facet normal 0 0 1
    outer loop
      vertex 16.4271 37.1468 6.5
      vertex 15.9017 38.7636 6.5
      vertex 15.9693 37.0369 6.5
    endloop
  endfacet
  facet normal -0 0 1
    outer loop
      vertex 15.7034 38.716 6.5
      vertex 15.9693 37.0369 6.5
      vertex 15.9017 38.7636 6.5
    endloop
  endfacet
  facet normal -0 0 1
    outer loop
      vertex 15.5 38.7 6.5
      vertex 15.9693 37.0369 6.5
      vertex 15.7034 38.716 6.5
    endloop
  endfacet
  facet normal 0 0 1
    outer loop
      vertex 15.5 38.7 6.5
      vertex 15.5 37 6.5
      vertex 15.9693 37.0369 6.5
    endloop
  endfacet
  facet normal 0 0 1
    outer loop
      vertex 15.2966 38.716 6.5
      vertex 15.5 37 6.5
      vertex 15.5 38.7 6.5
    endloop
  endfacet
  facet normal 0 0 1
    outer loop
      vertex 15.0307 37.0369 6.5
      vertex 15.2966 38.716 6.5
      vertex 15.0983 38.7636 6.5
    endloop
  endfacet
  facet normal 0 0 1
    outer loop
      vertex 15.2966 38.716 6.5
      vertex 15.0307 37.0369 6.5
      vertex 15.5 37 6.5
    endloop
  endfacet
  facet normal 0 0 1
    outer loop
      vertex 14.5729 37.1468 6.5
      vertex 15.0983 38.7636 6.5
      vertex 14.9098 38.8417 6.5
    endloop
  endfacet
  facet normal 0 0 1
    outer loop
      vertex 14.138 37.327 6.5
      vertex 14.9098 38.8417 6.5
      vertex 14.7359 38.9483 6.5
    endloop
  endfacet
  facet normal 0 0 1
    outer loop
      vertex 13.7366 37.5729 6.5
      vertex 14.7359 38.9483 6.5
      vertex 14.5808 39.0808 6.5
    endloop
  endfacet
  facet normal 0 0 1
    outer loop
      vertex 15.0983 38.7636 6.5
      vertex 14.5729 37.1468 6.5
      vertex 15.0307 37.0369 6.5
    endloop
  endfacet
  facet normal 0 0 1
    outer loop
      vertex 13.3787 37.8787 6.5
      vertex 14.5808 39.0808 6.5
      vertex 14.4483 39.2359 6.5
    endloop
  endfacet
  facet normal 0 0 1
    outer loop
      vertex 13.0729 38.2366 6.5
      vertex 14.4483 39.2359 6.5
      vertex 14.3417 39.4098 6.5
    endloop
  endfacet
  facet normal 0 0 1
    outer loop
      vertex 12.827 38.638 6.5
      vertex 14.3417 39.4098 6.5
      vertex 14.2636 39.5983 6.5
    endloop
  endfacet
  facet normal 0 0 1
    outer loop
      vertex 12.6468 39.0729 6.5
      vertex 14.2636 39.5983 6.5
      vertex 14.216 39.7966 6.5
    endloop
  endfacet
  facet normal 0 0 1
    outer loop
      vertex 14.9098 38.8417 6.5
      vertex 14.138 37.327 6.5
      vertex 14.5729 37.1468 6.5
    endloop
  endfacet
  facet normal 0 0 1
    outer loop
      vertex 12.5369 39.5307 6.5
      vertex 14.216 39.7966 6.5
      vertex 14.2 40 6.5
    endloop
  endfacet
  facet normal -0 0 1
    outer loop
      vertex 12.827 41.362 6.5
      vertex 14.3417 40.5902 6.5
      vertex 13.0729 41.7634 6.5
    endloop
  endfacet
  facet normal 0 0 1
    outer loop
      vertex 14.3417 40.5902 6.5
      vertex 12.827 41.362 6.5
      vertex 14.2636 40.4017 6.5
    endloop
  endfacet
  facet normal 0 0 1
    outer loop
      vertex 14.7359 38.9483 6.5
      vertex 13.7366 37.5729 6.5
      vertex 14.138 37.327 6.5
    endloop
  endfacet
  facet normal -0 0 1
    outer loop
      vertex 12.6468 40.9271 6.5
      vertex 14.2636 40.4017 6.5
      vertex 12.827 41.362 6.5
    endloop
  endfacet
  facet normal 0 0 1
    outer loop
      vertex 14.5808 39.0808 6.5
      vertex 13.3787 37.8787 6.5
      vertex 13.7366 37.5729 6.5
    endloop
  endfacet
  facet normal 0 0 1
    outer loop
      vertex 14.2636 40.4017 6.5
      vertex 12.6468 40.9271 6.5
      vertex 14.216 40.2034 6.5
    endloop
  endfacet
  facet normal 0 0 1
    outer loop
      vertex 14.4483 39.2359 6.5
      vertex 13.0729 38.2366 6.5
      vertex 13.3787 37.8787 6.5
    endloop
  endfacet
  facet normal -0 0 1
    outer loop
      vertex 12.5369 40.4693 6.5
      vertex 14.216 40.2034 6.5
      vertex 12.6468 40.9271 6.5
    endloop
  endfacet
  facet normal 0 0 1
    outer loop
      vertex 14.3417 39.4098 6.5
      vertex 12.827 38.638 6.5
      vertex 13.0729 38.2366 6.5
    endloop
  endfacet
  facet normal 0 0 1
    outer loop
      vertex 14.216 40.2034 6.5
      vertex 12.5369 40.4693 6.5
      vertex 14.2 40 6.5
    endloop
  endfacet
  facet normal 0 0 1
    outer loop
      vertex 14.2636 39.5983 6.5
      vertex 12.6468 39.0729 6.5
      vertex 12.827 38.638 6.5
    endloop
  endfacet
  facet normal 0 0 1
    outer loop
      vertex 12.5 40 6.5
      vertex 14.2 40 6.5
      vertex 12.5369 40.4693 6.5
    endloop
  endfacet
  facet normal 0 0 1
    outer loop
      vertex 14.216 39.7966 6.5
      vertex 12.5369 39.5307 6.5
      vertex 12.6468 39.0729 6.5
    endloop
  endfacet
  facet normal 0 0 1
    outer loop
      vertex 14.2 40 6.5
      vertex 12.5 40 6.5
      vertex 12.5369 39.5307 6.5
    endloop
  endfacet
  facet normal 0.760275 -0.649601 0
    outer loop
      vertex 17.6213 37.8787 6.5
      vertex 17.9271 38.2366 2.5
      vertex 17.9271 38.2366 6.5
    endloop
  endfacet
  facet normal 0.760275 -0.649601 0
    outer loop
      vertex 17.9271 38.2366 2.5
      vertex 17.6213 37.8787 6.5
      vertex 17.6213 37.8787 2.5
    endloop
  endfacet
  facet normal -0.0783858 -0.996923 0
    outer loop
      vertex 15.0307 37.0369 2.5
      vertex 15.5 37 6.5
      vertex 15.0307 37.0369 6.5
    endloop
  endfacet
  facet normal -0.0783858 -0.996923 -0
    outer loop
      vertex 15.5 37 6.5
      vertex 15.0307 37.0369 2.5
      vertex 15.5 37 2.5
    endloop
  endfacet
  facet normal 0.996923 0.0783858 0
    outer loop
      vertex 67.5 20 6.5
      vertex 67.4631 20.4693 2.5
      vertex 67.4631 20.4693 6.5
    endloop
  endfacet
  facet normal 0.996923 0.0783858 0
    outer loop
      vertex 67.4631 20.4693 2.5
      vertex 67.5 20 6.5
      vertex 67.5 20 2.5
    endloop
  endfacet
  facet normal -0.0783858 0.996923 0
    outer loop
      vertex 64.5 23 2.5
      vertex 64.0307 22.9631 6.5
      vertex 64.5 23 6.5
    endloop
  endfacet
  facet normal -0.0783858 0.996923 0
    outer loop
      vertex 64.0307 22.9631 6.5
      vertex 64.5 23 2.5
      vertex 64.0307 22.9631 2.5
    endloop
  endfacet
  facet normal -0.649601 -0.760275 0
    outer loop
      vertex 62.3787 17.8787 2.5
      vertex 62.7366 17.5729 6.5
      vertex 62.3787 17.8787 6.5
    endloop
  endfacet
  facet normal -0.649601 -0.760275 -0
    outer loop
      vertex 62.7366 17.5729 6.5
      vertex 62.3787 17.8787 2.5
      vertex 62.7366 17.5729 2.5
    endloop
  endfacet
  facet normal 0.649601 0.760275 -0
    outer loop
      vertex 66.6213 22.1213 2.5
      vertex 66.2634 22.4271 6.5
      vertex 66.6213 22.1213 6.5
    endloop
  endfacet
  facet normal 0.649601 0.760275 0
    outer loop
      vertex 66.2634 22.4271 6.5
      vertex 66.6213 22.1213 2.5
      vertex 66.2634 22.4271 2.5
    endloop
  endfacet
  facet normal -0.760275 0.649601 0
    outer loop
      vertex 62.0729 21.7634 2.5
      vertex 62.3787 22.1213 6.5
      vertex 62.3787 22.1213 2.5
    endloop
  endfacet
  facet normal -0.760275 0.649601 0
    outer loop
      vertex 62.3787 22.1213 6.5
      vertex 62.0729 21.7634 2.5
      vertex 62.0729 21.7634 6.5
    endloop
  endfacet
  facet normal -0.38279 0.923836 0
    outer loop
      vertex 63.5729 22.8532 2.5
      vertex 63.138 22.673 6.5
      vertex 63.5729 22.8532 6.5
    endloop
  endfacet
  facet normal -0.38279 0.923836 0
    outer loop
      vertex 63.138 22.673 6.5
      vertex 63.5729 22.8532 2.5
      vertex 63.138 22.673 2.5
    endloop
  endfacet
  facet normal 0.85262 -0.522532 0
    outer loop
      vertex 66.927 18.2366 6.5
      vertex 67.173 18.638 2.5
      vertex 67.173 18.638 6.5
    endloop
  endfacet
  facet normal 0.85262 -0.522532 0
    outer loop
      vertex 67.173 18.638 2.5
      vertex 66.927 18.2366 6.5
      vertex 66.927 18.2366 2.5
    endloop
  endfacet
  facet normal 0.923836 0.38279 0
    outer loop
      vertex 67.3532 20.9271 6.5
      vertex 67.173 21.362 2.5
      vertex 67.173 21.362 6.5
    endloop
  endfacet
  facet normal 0.923836 0.38279 0
    outer loop
      vertex 67.173 21.362 2.5
      vertex 67.3532 20.9271 6.5
      vertex 67.3532 20.9271 2.5
    endloop
  endfacet
  facet normal 0.972374 0.233429 0
    outer loop
      vertex 67.4631 20.4693 6.5
      vertex 67.3532 20.9271 2.5
      vertex 67.3532 20.9271 6.5
    endloop
  endfacet
  facet normal 0.972374 0.233429 0
    outer loop
      vertex 67.3532 20.9271 2.5
      vertex 67.4631 20.4693 6.5
      vertex 67.4631 20.4693 2.5
    endloop
  endfacet
  facet normal 0.85262 0.522532 0
    outer loop
      vertex 67.173 21.362 6.5
      vertex 66.927 21.7634 2.5
      vertex 66.927 21.7634 6.5
    endloop
  endfacet
  facet normal 0.85262 0.522532 0
    outer loop
      vertex 66.927 21.7634 2.5
      vertex 67.173 21.362 6.5
      vertex 67.173 21.362 2.5
    endloop
  endfacet
  facet normal 0.382714 0.923867 -0
    outer loop
      vertex 65.862 22.673 2.5
      vertex 65.427 22.8532 6.5
      vertex 65.862 22.673 6.5
    endloop
  endfacet
  facet normal 0.382714 0.923867 0
    outer loop
      vertex 65.427 22.8532 6.5
      vertex 65.862 22.673 2.5
      vertex 65.427 22.8532 2.5
    endloop
  endfacet
  facet normal 0.522378 0.852714 -0
    outer loop
      vertex 66.2634 22.4271 2.5
      vertex 65.862 22.673 6.5
      vertex 66.2634 22.4271 6.5
    endloop
  endfacet
  facet normal 0.522378 0.852714 0
    outer loop
      vertex 65.862 22.673 6.5
      vertex 66.2634 22.4271 2.5
      vertex 65.862 22.673 2.5
    endloop
  endfacet
  facet normal -0.923836 0.38279 0
    outer loop
      vertex 61.6468 20.9271 2.5
      vertex 61.827 21.362 6.5
      vertex 61.827 21.362 2.5
    endloop
  endfacet
  facet normal -0.923836 0.38279 0
    outer loop
      vertex 61.827 21.362 6.5
      vertex 61.6468 20.9271 2.5
      vertex 61.6468 20.9271 6.5
    endloop
  endfacet
  facet normal -0.852714 0.522378 0
    outer loop
      vertex 61.827 21.362 2.5
      vertex 62.0729 21.7634 6.5
      vertex 62.0729 21.7634 2.5
    endloop
  endfacet
  facet normal -0.852714 0.522378 0
    outer loop
      vertex 62.0729 21.7634 6.5
      vertex 61.827 21.362 2.5
      vertex 61.827 21.362 6.5
    endloop
  endfacet
  facet normal -0.522378 0.852714 0
    outer loop
      vertex 63.138 22.673 2.5
      vertex 62.7366 22.4271 6.5
      vertex 63.138 22.673 6.5
    endloop
  endfacet
  facet normal -0.522378 0.852714 0
    outer loop
      vertex 62.7366 22.4271 6.5
      vertex 63.138 22.673 2.5
      vertex 62.7366 22.4271 2.5
    endloop
  endfacet
  facet normal -0.233429 0.972374 0
    outer loop
      vertex 64.0307 22.9631 2.5
      vertex 63.5729 22.8532 6.5
      vertex 64.0307 22.9631 6.5
    endloop
  endfacet
  facet normal -0.233429 0.972374 0
    outer loop
      vertex 63.5729 22.8532 6.5
      vertex 64.0307 22.9631 2.5
      vertex 63.5729 22.8532 2.5
    endloop
  endfacet
  facet normal 0.233477 -0.972362 0
    outer loop
      vertex 64.9693 17.0369 2.5
      vertex 65.427 17.1468 6.5
      vertex 64.9693 17.0369 6.5
    endloop
  endfacet
  facet normal 0.233477 -0.972362 0
    outer loop
      vertex 65.427 17.1468 6.5
      vertex 64.9693 17.0369 2.5
      vertex 65.427 17.1468 2.5
    endloop
  endfacet
  facet normal 0.522378 -0.852714 0
    outer loop
      vertex 65.862 17.327 2.5
      vertex 66.2634 17.5729 6.5
      vertex 65.862 17.327 6.5
    endloop
  endfacet
  facet normal 0.522378 -0.852714 0
    outer loop
      vertex 66.2634 17.5729 6.5
      vertex 65.862 17.327 2.5
      vertex 66.2634 17.5729 2.5
    endloop
  endfacet
  facet normal -0.522378 -0.852714 0
    outer loop
      vertex 62.7366 17.5729 2.5
      vertex 63.138 17.327 6.5
      vertex 62.7366 17.5729 6.5
    endloop
  endfacet
  facet normal -0.522378 -0.852714 -0
    outer loop
      vertex 63.138 17.327 6.5
      vertex 62.7366 17.5729 2.5
      vertex 63.138 17.327 2.5
    endloop
  endfacet
  facet normal -0.852714 -0.522378 0
    outer loop
      vertex 62.0729 18.2366 2.5
      vertex 61.827 18.638 6.5
      vertex 61.827 18.638 2.5
    endloop
  endfacet
  facet normal -0.852714 -0.522378 0
    outer loop
      vertex 61.827 18.638 6.5
      vertex 62.0729 18.2366 2.5
      vertex 62.0729 18.2366 6.5
    endloop
  endfacet
  facet normal -0.972374 -0.233429 0
    outer loop
      vertex 61.6468 19.0729 2.5
      vertex 61.5369 19.5307 6.5
      vertex 61.5369 19.5307 2.5
    endloop
  endfacet
  facet normal -0.972374 -0.233429 0
    outer loop
      vertex 61.5369 19.5307 6.5
      vertex 61.6468 19.0729 2.5
      vertex 61.6468 19.0729 6.5
    endloop
  endfacet
  facet normal 0.76038 0.649478 0
    outer loop
      vertex 66.927 21.7634 6.5
      vertex 66.6213 22.1213 2.5
      vertex 66.6213 22.1213 6.5
    endloop
  endfacet
  facet normal 0.76038 0.649478 0
    outer loop
      vertex 66.6213 22.1213 2.5
      vertex 66.927 21.7634 6.5
      vertex 66.927 21.7634 2.5
    endloop
  endfacet
  facet normal 0.233477 0.972362 -0
    outer loop
      vertex 65.427 22.8532 2.5
      vertex 64.9693 22.9631 6.5
      vertex 65.427 22.8532 6.5
    endloop
  endfacet
  facet normal 0.233477 0.972362 0
    outer loop
      vertex 64.9693 22.9631 6.5
      vertex 65.427 22.8532 2.5
      vertex 64.9693 22.9631 2.5
    endloop
  endfacet
  facet normal 0.0783858 0.996923 -0
    outer loop
      vertex 64.9693 22.9631 2.5
      vertex 64.5 23 6.5
      vertex 64.9693 22.9631 6.5
    endloop
  endfacet
  facet normal 0.0783858 0.996923 0
    outer loop
      vertex 64.5 23 6.5
      vertex 64.9693 22.9631 2.5
      vertex 64.5 23 2.5
    endloop
  endfacet
  facet normal -0.972374 0.233429 0
    outer loop
      vertex 61.5369 20.4693 2.5
      vertex 61.6468 20.9271 6.5
      vertex 61.6468 20.9271 2.5
    endloop
  endfacet
  facet normal -0.972374 0.233429 0
    outer loop
      vertex 61.6468 20.9271 6.5
      vertex 61.5369 20.4693 2.5
      vertex 61.5369 20.4693 6.5
    endloop
  endfacet
  facet normal -0.996923 0.0783858 0
    outer loop
      vertex 61.5 20 2.5
      vertex 61.5369 20.4693 6.5
      vertex 61.5369 20.4693 2.5
    endloop
  endfacet
  facet normal -0.996923 0.0783858 0
    outer loop
      vertex 61.5369 20.4693 6.5
      vertex 61.5 20 2.5
      vertex 61.5 20 6.5
    endloop
  endfacet
  facet normal -0.996923 -0.0783858 0
    outer loop
      vertex 61.5369 19.5307 2.5
      vertex 61.5 20 6.5
      vertex 61.5 20 2.5
    endloop
  endfacet
  facet normal -0.996923 -0.0783858 0
    outer loop
      vertex 61.5 20 6.5
      vertex 61.5369 19.5307 2.5
      vertex 61.5369 19.5307 6.5
    endloop
  endfacet
  facet normal -0.649601 0.760275 0
    outer loop
      vertex 62.7366 22.4271 2.5
      vertex 62.3787 22.1213 6.5
      vertex 62.7366 22.4271 6.5
    endloop
  endfacet
  facet normal -0.649601 0.760275 0
    outer loop
      vertex 62.3787 22.1213 6.5
      vertex 62.7366 22.4271 2.5
      vertex 62.3787 22.1213 2.5
    endloop
  endfacet
  facet normal 0.996923 -0.0783858 0
    outer loop
      vertex 67.4631 19.5307 6.5
      vertex 67.5 20 2.5
      vertex 67.5 20 6.5
    endloop
  endfacet
  facet normal 0.996923 -0.0783858 0
    outer loop
      vertex 67.5 20 2.5
      vertex 67.4631 19.5307 6.5
      vertex 67.4631 19.5307 2.5
    endloop
  endfacet
  facet normal 0.382714 -0.923867 0
    outer loop
      vertex 65.427 17.1468 2.5
      vertex 65.862 17.327 6.5
      vertex 65.427 17.1468 6.5
    endloop
  endfacet
  facet normal 0.382714 -0.923867 0
    outer loop
      vertex 65.862 17.327 6.5
      vertex 65.427 17.1468 2.5
      vertex 65.862 17.327 2.5
    endloop
  endfacet
  facet normal 0.649601 -0.760275 0
    outer loop
      vertex 66.2634 17.5729 2.5
      vertex 66.6213 17.8787 6.5
      vertex 66.2634 17.5729 6.5
    endloop
  endfacet
  facet normal 0.649601 -0.760275 0
    outer loop
      vertex 66.6213 17.8787 6.5
      vertex 66.2634 17.5729 2.5
      vertex 66.6213 17.8787 2.5
    endloop
  endfacet
  facet normal 0.923836 -0.38279 0
    outer loop
      vertex 67.173 18.638 6.5
      vertex 67.3532 19.0729 2.5
      vertex 67.3532 19.0729 6.5
    endloop
  endfacet
  facet normal 0.923836 -0.38279 0
    outer loop
      vertex 67.3532 19.0729 2.5
      vertex 67.173 18.638 6.5
      vertex 67.173 18.638 2.5
    endloop
  endfacet
  facet normal 0.972374 -0.233429 0
    outer loop
      vertex 67.3532 19.0729 6.5
      vertex 67.4631 19.5307 2.5
      vertex 67.4631 19.5307 6.5
    endloop
  endfacet
  facet normal 0.972374 -0.233429 0
    outer loop
      vertex 67.4631 19.5307 2.5
      vertex 67.3532 19.0729 6.5
      vertex 67.3532 19.0729 2.5
    endloop
  endfacet
  facet normal -0.38279 -0.923836 0
    outer loop
      vertex 63.138 17.327 2.5
      vertex 63.5729 17.1468 6.5
      vertex 63.138 17.327 6.5
    endloop
  endfacet
  facet normal -0.38279 -0.923836 -0
    outer loop
      vertex 63.5729 17.1468 6.5
      vertex 63.138 17.327 2.5
      vertex 63.5729 17.1468 2.5
    endloop
  endfacet
  facet normal -0.233429 -0.972374 0
    outer loop
      vertex 63.5729 17.1468 2.5
      vertex 64.0307 17.0369 6.5
      vertex 63.5729 17.1468 6.5
    endloop
  endfacet
  facet normal -0.233429 -0.972374 -0
    outer loop
      vertex 64.0307 17.0369 6.5
      vertex 63.5729 17.1468 2.5
      vertex 64.0307 17.0369 2.5
    endloop
  endfacet
  facet normal 0.0783858 -0.996923 0
    outer loop
      vertex 64.5 17 2.5
      vertex 64.9693 17.0369 6.5
      vertex 64.5 17 6.5
    endloop
  endfacet
  facet normal 0.0783858 -0.996923 0
    outer loop
      vertex 64.9693 17.0369 6.5
      vertex 64.5 17 2.5
      vertex 64.9693 17.0369 2.5
    endloop
  endfacet
  facet normal -0.760275 -0.649601 0
    outer loop
      vertex 62.3787 17.8787 2.5
      vertex 62.0729 18.2366 6.5
      vertex 62.0729 18.2366 2.5
    endloop
  endfacet
  facet normal -0.760275 -0.649601 0
    outer loop
      vertex 62.0729 18.2366 6.5
      vertex 62.3787 17.8787 2.5
      vertex 62.3787 17.8787 6.5
    endloop
  endfacet
  facet normal -0.923836 -0.38279 0
    outer loop
      vertex 61.827 18.638 2.5
      vertex 61.6468 19.0729 6.5
      vertex 61.6468 19.0729 2.5
    endloop
  endfacet
  facet normal -0.923836 -0.38279 0
    outer loop
      vertex 61.6468 19.0729 6.5
      vertex 61.827 18.638 2.5
      vertex 61.827 18.638 6.5
    endloop
  endfacet
  facet normal 0 0 1
    outer loop
      vertex 65.8 20 6.5
      vertex 67.5 20 6.5
      vertex 67.4631 20.4693 6.5
    endloop
  endfacet
  facet normal 0 0 1
    outer loop
      vertex 65.784 20.2034 6.5
      vertex 67.4631 20.4693 6.5
      vertex 67.3532 20.9271 6.5
    endloop
  endfacet
  facet normal 0 0 1
    outer loop
      vertex 67.5 20 6.5
      vertex 65.8 20 6.5
      vertex 67.4631 19.5307 6.5
    endloop
  endfacet
  facet normal 0 0 1
    outer loop
      vertex 65.7364 20.4017 6.5
      vertex 67.3532 20.9271 6.5
      vertex 67.173 21.362 6.5
    endloop
  endfacet
  facet normal -0 0 1
    outer loop
      vertex 65.784 19.7966 6.5
      vertex 67.4631 19.5307 6.5
      vertex 65.8 20 6.5
    endloop
  endfacet
  facet normal 0 0 1
    outer loop
      vertex 65.6583 20.5902 6.5
      vertex 67.173 21.362 6.5
      vertex 66.927 21.7634 6.5
    endloop
  endfacet
  facet normal 0 0 1
    outer loop
      vertex 67.4631 19.5307 6.5
      vertex 65.784 19.7966 6.5
      vertex 67.3532 19.0729 6.5
    endloop
  endfacet
  facet normal 0 0 1
    outer loop
      vertex 65.5517 20.7641 6.5
      vertex 66.927 21.7634 6.5
      vertex 66.6213 22.1213 6.5
    endloop
  endfacet
  facet normal -0 0 1
    outer loop
      vertex 65.7364 19.5983 6.5
      vertex 67.3532 19.0729 6.5
      vertex 65.784 19.7966 6.5
    endloop
  endfacet
  facet normal 0 0 1
    outer loop
      vertex 65.4192 20.9192 6.5
      vertex 66.6213 22.1213 6.5
      vertex 66.2634 22.4271 6.5
    endloop
  endfacet
  facet normal 0 0 1
    outer loop
      vertex 67.3532 19.0729 6.5
      vertex 65.7364 19.5983 6.5
      vertex 67.173 18.638 6.5
    endloop
  endfacet
  facet normal 0 0 1
    outer loop
      vertex 65.2641 21.0517 6.5
      vertex 66.2634 22.4271 6.5
      vertex 65.862 22.673 6.5
    endloop
  endfacet
  facet normal -0 0 1
    outer loop
      vertex 65.6583 19.4098 6.5
      vertex 67.173 18.638 6.5
      vertex 65.7364 19.5983 6.5
    endloop
  endfacet
  facet normal 0 0 1
    outer loop
      vertex 67.173 18.638 6.5
      vertex 65.6583 19.4098 6.5
      vertex 66.927 18.2366 6.5
    endloop
  endfacet
  facet normal 0 0 1
    outer loop
      vertex 67.4631 20.4693 6.5
      vertex 65.784 20.2034 6.5
      vertex 65.8 20 6.5
    endloop
  endfacet
  facet normal 0 0 1
    outer loop
      vertex 67.3532 20.9271 6.5
      vertex 65.7364 20.4017 6.5
      vertex 65.784 20.2034 6.5
    endloop
  endfacet
  facet normal 0 0 1
    outer loop
      vertex 67.173 21.362 6.5
      vertex 65.6583 20.5902 6.5
      vertex 65.7364 20.4017 6.5
    endloop
  endfacet
  facet normal 0 0 1
    outer loop
      vertex 66.927 21.7634 6.5
      vertex 65.5517 20.7641 6.5
      vertex 65.6583 20.5902 6.5
    endloop
  endfacet
  facet normal 0 0 1
    outer loop
      vertex 65.0902 21.1583 6.5
      vertex 65.862 22.673 6.5
      vertex 65.427 22.8532 6.5
    endloop
  endfacet
  facet normal 0 0 1
    outer loop
      vertex 66.6213 22.1213 6.5
      vertex 65.4192 20.9192 6.5
      vertex 65.5517 20.7641 6.5
    endloop
  endfacet
  facet normal 0 0 1
    outer loop
      vertex 66.2634 22.4271 6.5
      vertex 65.2641 21.0517 6.5
      vertex 65.4192 20.9192 6.5
    endloop
  endfacet
  facet normal 0 0 1
    outer loop
      vertex 65.862 22.673 6.5
      vertex 65.0902 21.1583 6.5
      vertex 65.2641 21.0517 6.5
    endloop
  endfacet
  facet normal 0 0 1
    outer loop
      vertex 64.9017 21.2364 6.5
      vertex 65.427 22.8532 6.5
      vertex 64.9693 22.9631 6.5
    endloop
  endfacet
  facet normal 0 0 1
    outer loop
      vertex 65.427 22.8532 6.5
      vertex 64.9017 21.2364 6.5
      vertex 65.0902 21.1583 6.5
    endloop
  endfacet
  facet normal 0 0 1
    outer loop
      vertex 64.9693 22.9631 6.5
      vertex 64.7034 21.284 6.5
      vertex 64.9017 21.2364 6.5
    endloop
  endfacet
  facet normal 0 0 1
    outer loop
      vertex 64.5 23 6.5
      vertex 64.7034 21.284 6.5
      vertex 64.9693 22.9631 6.5
    endloop
  endfacet
  facet normal 0 0 1
    outer loop
      vertex 64.5 23 6.5
      vertex 64.5 21.3 6.5
      vertex 64.7034 21.284 6.5
    endloop
  endfacet
  facet normal 0 0 1
    outer loop
      vertex 64.5 23 6.5
      vertex 64.2966 21.284 6.5
      vertex 64.5 21.3 6.5
    endloop
  endfacet
  facet normal -0 0 1
    outer loop
      vertex 64.0307 22.9631 6.5
      vertex 64.2966 21.284 6.5
      vertex 64.5 23 6.5
    endloop
  endfacet
  facet normal 0 0 1
    outer loop
      vertex 64.2966 21.284 6.5
      vertex 64.0307 22.9631 6.5
      vertex 64.0983 21.2364 6.5
    endloop
  endfacet
  facet normal -0 0 1
    outer loop
      vertex 63.5729 22.8532 6.5
      vertex 64.0983 21.2364 6.5
      vertex 64.0307 22.9631 6.5
    endloop
  endfacet
  facet normal 0 0 1
    outer loop
      vertex 64.0983 21.2364 6.5
      vertex 63.5729 22.8532 6.5
      vertex 63.9098 21.1583 6.5
    endloop
  endfacet
  facet normal -0 0 1
    outer loop
      vertex 63.138 22.673 6.5
      vertex 63.9098 21.1583 6.5
      vertex 63.5729 22.8532 6.5
    endloop
  endfacet
  facet normal 0 0 1
    outer loop
      vertex 63.9098 21.1583 6.5
      vertex 63.138 22.673 6.5
      vertex 63.7359 21.0517 6.5
    endloop
  endfacet
  facet normal -0 0 1
    outer loop
      vertex 62.7366 22.4271 6.5
      vertex 63.7359 21.0517 6.5
      vertex 63.138 22.673 6.5
    endloop
  endfacet
  facet normal 0 0 1
    outer loop
      vertex 63.7359 21.0517 6.5
      vertex 62.7366 22.4271 6.5
      vertex 63.5808 20.9192 6.5
    endloop
  endfacet
  facet normal -0 0 1
    outer loop
      vertex 62.3787 22.1213 6.5
      vertex 63.5808 20.9192 6.5
      vertex 62.7366 22.4271 6.5
    endloop
  endfacet
  facet normal 0 0 1
    outer loop
      vertex 63.5808 20.9192 6.5
      vertex 62.3787 22.1213 6.5
      vertex 63.4483 20.7641 6.5
    endloop
  endfacet
  facet normal 0 0 1
    outer loop
      vertex 63.4483 20.7641 6.5
      vertex 62.0729 21.7634 6.5
      vertex 63.3417 20.5902 6.5
    endloop
  endfacet
  facet normal -0 0 1
    outer loop
      vertex 62.0729 21.7634 6.5
      vertex 63.4483 20.7641 6.5
      vertex 62.3787 22.1213 6.5
    endloop
  endfacet
  facet normal -0 0 1
    outer loop
      vertex 65.5517 19.2359 6.5
      vertex 66.927 18.2366 6.5
      vertex 65.6583 19.4098 6.5
    endloop
  endfacet
  facet normal 0 0 1
    outer loop
      vertex 66.927 18.2366 6.5
      vertex 65.5517 19.2359 6.5
      vertex 66.6213 17.8787 6.5
    endloop
  endfacet
  facet normal -0 0 1
    outer loop
      vertex 65.4192 19.0808 6.5
      vertex 66.6213 17.8787 6.5
      vertex 65.5517 19.2359 6.5
    endloop
  endfacet
  facet normal 0 0 1
    outer loop
      vertex 66.6213 17.8787 6.5
      vertex 65.4192 19.0808 6.5
      vertex 66.2634 17.5729 6.5
    endloop
  endfacet
  facet normal -0 0 1
    outer loop
      vertex 65.2641 18.9483 6.5
      vertex 66.2634 17.5729 6.5
      vertex 65.4192 19.0808 6.5
    endloop
  endfacet
  facet normal 0 0 1
    outer loop
      vertex 66.2634 17.5729 6.5
      vertex 65.2641 18.9483 6.5
      vertex 65.862 17.327 6.5
    endloop
  endfacet
  facet normal -0 0 1
    outer loop
      vertex 65.0902 18.8417 6.5
      vertex 65.862 17.327 6.5
      vertex 65.2641 18.9483 6.5
    endloop
  endfacet
  facet normal 0 0 1
    outer loop
      vertex 65.862 17.327 6.5
      vertex 65.0902 18.8417 6.5
      vertex 65.427 17.1468 6.5
    endloop
  endfacet
  facet normal -0 0 1
    outer loop
      vertex 64.9017 18.7636 6.5
      vertex 65.427 17.1468 6.5
      vertex 65.0902 18.8417 6.5
    endloop
  endfacet
  facet normal 0 0 1
    outer loop
      vertex 65.427 17.1468 6.5
      vertex 64.9017 18.7636 6.5
      vertex 64.9693 17.0369 6.5
    endloop
  endfacet
  facet normal -0 0 1
    outer loop
      vertex 64.7034 18.716 6.5
      vertex 64.9693 17.0369 6.5
      vertex 64.9017 18.7636 6.5
    endloop
  endfacet
  facet normal -0 0 1
    outer loop
      vertex 64.5 18.7 6.5
      vertex 64.9693 17.0369 6.5
      vertex 64.7034 18.716 6.5
    endloop
  endfacet
  facet normal 0 0 1
    outer loop
      vertex 64.5 18.7 6.5
      vertex 64.5 17 6.5
      vertex 64.9693 17.0369 6.5
    endloop
  endfacet
  facet normal 0 0 1
    outer loop
      vertex 64.2966 18.716 6.5
      vertex 64.5 17 6.5
      vertex 64.5 18.7 6.5
    endloop
  endfacet
  facet normal 0 0 1
    outer loop
      vertex 64.0307 17.0369 6.5
      vertex 64.2966 18.716 6.5
      vertex 64.0983 18.7636 6.5
    endloop
  endfacet
  facet normal 0 0 1
    outer loop
      vertex 64.2966 18.716 6.5
      vertex 64.0307 17.0369 6.5
      vertex 64.5 17 6.5
    endloop
  endfacet
  facet normal 0 0 1
    outer loop
      vertex 63.5729 17.1468 6.5
      vertex 64.0983 18.7636 6.5
      vertex 63.9098 18.8417 6.5
    endloop
  endfacet
  facet normal 0 0 1
    outer loop
      vertex 63.138 17.327 6.5
      vertex 63.9098 18.8417 6.5
      vertex 63.7359 18.9483 6.5
    endloop
  endfacet
  facet normal 0 0 1
    outer loop
      vertex 62.7366 17.5729 6.5
      vertex 63.7359 18.9483 6.5
      vertex 63.5808 19.0808 6.5
    endloop
  endfacet
  facet normal 0 0 1
    outer loop
      vertex 64.0983 18.7636 6.5
      vertex 63.5729 17.1468 6.5
      vertex 64.0307 17.0369 6.5
    endloop
  endfacet
  facet normal 0 0 1
    outer loop
      vertex 62.3787 17.8787 6.5
      vertex 63.5808 19.0808 6.5
      vertex 63.4483 19.2359 6.5
    endloop
  endfacet
  facet normal 0 0 1
    outer loop
      vertex 62.0729 18.2366 6.5
      vertex 63.4483 19.2359 6.5
      vertex 63.3417 19.4098 6.5
    endloop
  endfacet
  facet normal 0 0 1
    outer loop
      vertex 61.827 18.638 6.5
      vertex 63.3417 19.4098 6.5
      vertex 63.2636 19.5983 6.5
    endloop
  endfacet
  facet normal 0 0 1
    outer loop
      vertex 61.6468 19.0729 6.5
      vertex 63.2636 19.5983 6.5
      vertex 63.216 19.7966 6.5
    endloop
  endfacet
  facet normal 0 0 1
    outer loop
      vertex 63.9098 18.8417 6.5
      vertex 63.138 17.327 6.5
      vertex 63.5729 17.1468 6.5
    endloop
  endfacet
  facet normal 0 0 1
    outer loop
      vertex 61.5369 19.5307 6.5
      vertex 63.216 19.7966 6.5
      vertex 63.2 20 6.5
    endloop
  endfacet
  facet normal -0 0 1
    outer loop
      vertex 61.827 21.362 6.5
      vertex 63.3417 20.5902 6.5
      vertex 62.0729 21.7634 6.5
    endloop
  endfacet
  facet normal 0 0 1
    outer loop
      vertex 63.3417 20.5902 6.5
      vertex 61.827 21.362 6.5
      vertex 63.2636 20.4017 6.5
    endloop
  endfacet
  facet normal 0 0 1
    outer loop
      vertex 63.7359 18.9483 6.5
      vertex 62.7366 17.5729 6.5
      vertex 63.138 17.327 6.5
    endloop
  endfacet
  facet normal -0 0 1
    outer loop
      vertex 61.6468 20.9271 6.5
      vertex 63.2636 20.4017 6.5
      vertex 61.827 21.362 6.5
    endloop
  endfacet
  facet normal 0 0 1
    outer loop
      vertex 63.5808 19.0808 6.5
      vertex 62.3787 17.8787 6.5
      vertex 62.7366 17.5729 6.5
    endloop
  endfacet
  facet normal 0 0 1
    outer loop
      vertex 63.2636 20.4017 6.5
      vertex 61.6468 20.9271 6.5
      vertex 63.216 20.2034 6.5
    endloop
  endfacet
  facet normal 0 0 1
    outer loop
      vertex 63.4483 19.2359 6.5
      vertex 62.0729 18.2366 6.5
      vertex 62.3787 17.8787 6.5
    endloop
  endfacet
  facet normal -0 0 1
    outer loop
      vertex 61.5369 20.4693 6.5
      vertex 63.216 20.2034 6.5
      vertex 61.6468 20.9271 6.5
    endloop
  endfacet
  facet normal 0 0 1
    outer loop
      vertex 63.3417 19.4098 6.5
      vertex 61.827 18.638 6.5
      vertex 62.0729 18.2366 6.5
    endloop
  endfacet
  facet normal 0 0 1
    outer loop
      vertex 63.216 20.2034 6.5
      vertex 61.5369 20.4693 6.5
      vertex 63.2 20 6.5
    endloop
  endfacet
  facet normal 0 0 1
    outer loop
      vertex 63.2636 19.5983 6.5
      vertex 61.6468 19.0729 6.5
      vertex 61.827 18.638 6.5
    endloop
  endfacet
  facet normal 0 0 1
    outer loop
      vertex 61.5 20 6.5
      vertex 63.2 20 6.5
      vertex 61.5369 20.4693 6.5
    endloop
  endfacet
  facet normal 0 0 1
    outer loop
      vertex 63.216 19.7966 6.5
      vertex 61.5369 19.5307 6.5
      vertex 61.6468 19.0729 6.5
    endloop
  endfacet
  facet normal 0 0 1
    outer loop
      vertex 63.2 20 6.5
      vertex 61.5 20 6.5
      vertex 61.5369 19.5307 6.5
    endloop
  endfacet
  facet normal 0.76038 -0.649478 0
    outer loop
      vertex 66.6213 17.8787 6.5
      vertex 66.927 18.2366 2.5
      vertex 66.927 18.2366 6.5
    endloop
  endfacet
  facet normal 0.76038 -0.649478 0
    outer loop
      vertex 66.927 18.2366 2.5
      vertex 66.6213 17.8787 6.5
      vertex 66.6213 17.8787 2.5
    endloop
  endfacet
  facet normal -0.0783858 -0.996923 0
    outer loop
      vertex 64.0307 17.0369 2.5
      vertex 64.5 17 6.5
      vertex 64.0307 17.0369 6.5
    endloop
  endfacet
  facet normal -0.0783858 -0.996923 -0
    outer loop
      vertex 64.5 17 6.5
      vertex 64.0307 17.0369 2.5
      vertex 64.5 17 2.5
    endloop
  endfacet
  facet normal 0.996923 0.0783858 0
    outer loop
      vertex 67.5 40 6.5
      vertex 67.4631 40.4693 2.5
      vertex 67.4631 40.4693 6.5
    endloop
  endfacet
  facet normal 0.996923 0.0783858 0
    outer loop
      vertex 67.4631 40.4693 2.5
      vertex 67.5 40 6.5
      vertex 67.5 40 2.5
    endloop
  endfacet
  facet normal -0.0783858 0.996923 0
    outer loop
      vertex 64.5 43 2.5
      vertex 64.0307 42.9631 6.5
      vertex 64.5 43 6.5
    endloop
  endfacet
  facet normal -0.0783858 0.996923 0
    outer loop
      vertex 64.0307 42.9631 6.5
      vertex 64.5 43 2.5
      vertex 64.0307 42.9631 2.5
    endloop
  endfacet
  facet normal 0.649601 0.760275 -0
    outer loop
      vertex 66.6213 42.1213 2.5
      vertex 66.2634 42.4271 6.5
      vertex 66.6213 42.1213 6.5
    endloop
  endfacet
  facet normal 0.649601 0.760275 0
    outer loop
      vertex 66.2634 42.4271 6.5
      vertex 66.6213 42.1213 2.5
      vertex 66.2634 42.4271 2.5
    endloop
  endfacet
  facet normal -0.760275 0.649601 0
    outer loop
      vertex 62.0729 41.7634 2.5
      vertex 62.3787 42.1213 6.5
      vertex 62.3787 42.1213 2.5
    endloop
  endfacet
  facet normal -0.760275 0.649601 0
    outer loop
      vertex 62.3787 42.1213 6.5
      vertex 62.0729 41.7634 2.5
      vertex 62.0729 41.7634 6.5
    endloop
  endfacet
  facet normal -0.38279 0.923836 0
    outer loop
      vertex 63.5729 42.8532 2.5
      vertex 63.138 42.673 6.5
      vertex 63.5729 42.8532 6.5
    endloop
  endfacet
  facet normal -0.38279 0.923836 0
    outer loop
      vertex 63.138 42.673 6.5
      vertex 63.5729 42.8532 2.5
      vertex 63.138 42.673 2.5
    endloop
  endfacet
  facet normal 0.923836 0.38279 0
    outer loop
      vertex 67.3532 40.9271 6.5
      vertex 67.173 41.362 2.5
      vertex 67.173 41.362 6.5
    endloop
  endfacet
  facet normal 0.923836 0.38279 0
    outer loop
      vertex 67.173 41.362 2.5
      vertex 67.3532 40.9271 6.5
      vertex 67.3532 40.9271 2.5
    endloop
  endfacet
  facet normal 0.972374 0.233429 0
    outer loop
      vertex 67.4631 40.4693 6.5
      vertex 67.3532 40.9271 2.5
      vertex 67.3532 40.9271 6.5
    endloop
  endfacet
  facet normal 0.972374 0.233429 0
    outer loop
      vertex 67.3532 40.9271 2.5
      vertex 67.4631 40.4693 6.5
      vertex 67.4631 40.4693 2.5
    endloop
  endfacet
  facet normal 0.85262 0.522532 0
    outer loop
      vertex 67.173 41.362 6.5
      vertex 66.927 41.7634 2.5
      vertex 66.927 41.7634 6.5
    endloop
  endfacet
  facet normal 0.85262 0.522532 0
    outer loop
      vertex 66.927 41.7634 2.5
      vertex 67.173 41.362 6.5
      vertex 67.173 41.362 2.5
    endloop
  endfacet
  facet normal 0.382714 0.923867 -0
    outer loop
      vertex 65.862 42.673 2.5
      vertex 65.427 42.8532 6.5
      vertex 65.862 42.673 6.5
    endloop
  endfacet
  facet normal 0.382714 0.923867 0
    outer loop
      vertex 65.427 42.8532 6.5
      vertex 65.862 42.673 2.5
      vertex 65.427 42.8532 2.5
    endloop
  endfacet
  facet normal 0.522378 0.852714 -0
    outer loop
      vertex 66.2634 42.4271 2.5
      vertex 65.862 42.673 6.5
      vertex 66.2634 42.4271 6.5
    endloop
  endfacet
  facet normal 0.522378 0.852714 0
    outer loop
      vertex 65.862 42.673 6.5
      vertex 66.2634 42.4271 2.5
      vertex 65.862 42.673 2.5
    endloop
  endfacet
  facet normal -0.923836 0.38279 0
    outer loop
      vertex 61.6468 40.9271 2.5
      vertex 61.827 41.362 6.5
      vertex 61.827 41.362 2.5
    endloop
  endfacet
  facet normal -0.923836 0.38279 0
    outer loop
      vertex 61.827 41.362 6.5
      vertex 61.6468 40.9271 2.5
      vertex 61.6468 40.9271 6.5
    endloop
  endfacet
  facet normal -0.852714 0.522378 0
    outer loop
      vertex 61.827 41.362 2.5
      vertex 62.0729 41.7634 6.5
      vertex 62.0729 41.7634 2.5
    endloop
  endfacet
  facet normal -0.852714 0.522378 0
    outer loop
      vertex 62.0729 41.7634 6.5
      vertex 61.827 41.362 2.5
      vertex 61.827 41.362 6.5
    endloop
  endfacet
  facet normal -0.522378 0.852714 0
    outer loop
      vertex 63.138 42.673 2.5
      vertex 62.7366 42.4271 6.5
      vertex 63.138 42.673 6.5
    endloop
  endfacet
  facet normal -0.522378 0.852714 0
    outer loop
      vertex 62.7366 42.4271 6.5
      vertex 63.138 42.673 2.5
      vertex 62.7366 42.4271 2.5
    endloop
  endfacet
  facet normal -0.233429 0.972374 0
    outer loop
      vertex 64.0307 42.9631 2.5
      vertex 63.5729 42.8532 6.5
      vertex 64.0307 42.9631 6.5
    endloop
  endfacet
  facet normal -0.233429 0.972374 0
    outer loop
      vertex 63.5729 42.8532 6.5
      vertex 64.0307 42.9631 2.5
      vertex 63.5729 42.8532 2.5
    endloop
  endfacet
  facet normal 0.233477 -0.972362 0
    outer loop
      vertex 64.9693 37.0369 2.5
      vertex 65.427 37.1468 6.5
      vertex 64.9693 37.0369 6.5
    endloop
  endfacet
  facet normal 0.233477 -0.972362 0
    outer loop
      vertex 65.427 37.1468 6.5
      vertex 64.9693 37.0369 2.5
      vertex 65.427 37.1468 2.5
    endloop
  endfacet
  facet normal 0.76038 -0.649478 0
    outer loop
      vertex 66.6213 37.8787 6.5
      vertex 66.927 38.2366 2.5
      vertex 66.927 38.2366 6.5
    endloop
  endfacet
  facet normal 0.76038 -0.649478 0
    outer loop
      vertex 66.927 38.2366 2.5
      vertex 66.6213 37.8787 6.5
      vertex 66.6213 37.8787 2.5
    endloop
  endfacet
  facet normal 0.522378 -0.852714 0
    outer loop
      vertex 65.862 37.327 2.5
      vertex 66.2634 37.5729 6.5
      vertex 65.862 37.327 6.5
    endloop
  endfacet
  facet normal 0.522378 -0.852714 0
    outer loop
      vertex 66.2634 37.5729 6.5
      vertex 65.862 37.327 2.5
      vertex 66.2634 37.5729 2.5
    endloop
  endfacet
  facet normal -0.522378 -0.852714 0
    outer loop
      vertex 62.7366 37.5729 2.5
      vertex 63.138 37.327 6.5
      vertex 62.7366 37.5729 6.5
    endloop
  endfacet
  facet normal -0.522378 -0.852714 -0
    outer loop
      vertex 63.138 37.327 6.5
      vertex 62.7366 37.5729 2.5
      vertex 63.138 37.327 2.5
    endloop
  endfacet
  facet normal -0.233429 -0.972374 0
    outer loop
      vertex 63.5729 37.1468 2.5
      vertex 64.0307 37.0369 6.5
      vertex 63.5729 37.1468 6.5
    endloop
  endfacet
  facet normal -0.233429 -0.972374 -0
    outer loop
      vertex 64.0307 37.0369 6.5
      vertex 63.5729 37.1468 2.5
      vertex 64.0307 37.0369 2.5
    endloop
  endfacet
  facet normal -0.852714 -0.522378 0
    outer loop
      vertex 62.0729 38.2366 2.5
      vertex 61.827 38.638 6.5
      vertex 61.827 38.638 2.5
    endloop
  endfacet
  facet normal -0.852714 -0.522378 0
    outer loop
      vertex 61.827 38.638 6.5
      vertex 62.0729 38.2366 2.5
      vertex 62.0729 38.2366 6.5
    endloop
  endfacet
  facet normal -0.760275 -0.649601 0
    outer loop
      vertex 62.3787 37.8787 2.5
      vertex 62.0729 38.2366 6.5
      vertex 62.0729 38.2366 2.5
    endloop
  endfacet
  facet normal -0.760275 -0.649601 0
    outer loop
      vertex 62.0729 38.2366 6.5
      vertex 62.3787 37.8787 2.5
      vertex 62.3787 37.8787 6.5
    endloop
  endfacet
  facet normal -0.972374 -0.233429 0
    outer loop
      vertex 61.6468 39.0729 2.5
      vertex 61.5369 39.5307 6.5
      vertex 61.5369 39.5307 2.5
    endloop
  endfacet
  facet normal -0.972374 -0.233429 0
    outer loop
      vertex 61.5369 39.5307 6.5
      vertex 61.6468 39.0729 2.5
      vertex 61.6468 39.0729 6.5
    endloop
  endfacet
  facet normal 0.0783858 0.996923 -0
    outer loop
      vertex 64.9693 42.9631 2.5
      vertex 64.5 43 6.5
      vertex 64.9693 42.9631 6.5
    endloop
  endfacet
  facet normal 0.0783858 0.996923 0
    outer loop
      vertex 64.5 43 6.5
      vertex 64.9693 42.9631 2.5
      vertex 64.5 43 2.5
    endloop
  endfacet
  facet normal -0.972374 0.233429 0
    outer loop
      vertex 61.5369 40.4693 2.5
      vertex 61.6468 40.9271 6.5
      vertex 61.6468 40.9271 2.5
    endloop
  endfacet
  facet normal -0.972374 0.233429 0
    outer loop
      vertex 61.6468 40.9271 6.5
      vertex 61.5369 40.4693 2.5
      vertex 61.5369 40.4693 6.5
    endloop
  endfacet
  facet normal -0.996923 0.0783858 0
    outer loop
      vertex 61.5 40 2.5
      vertex 61.5369 40.4693 6.5
      vertex 61.5369 40.4693 2.5
    endloop
  endfacet
  facet normal -0.996923 0.0783858 0
    outer loop
      vertex 61.5369 40.4693 6.5
      vertex 61.5 40 2.5
      vertex 61.5 40 6.5
    endloop
  endfacet
  facet normal -0.996923 -0.0783858 0
    outer loop
      vertex 61.5369 39.5307 2.5
      vertex 61.5 40 6.5
      vertex 61.5 40 2.5
    endloop
  endfacet
  facet normal -0.996923 -0.0783858 0
    outer loop
      vertex 61.5 40 6.5
      vertex 61.5369 39.5307 2.5
      vertex 61.5369 39.5307 6.5
    endloop
  endfacet
  facet normal -0.649601 0.760275 0
    outer loop
      vertex 62.7366 42.4271 2.5
      vertex 62.3787 42.1213 6.5
      vertex 62.7366 42.4271 6.5
    endloop
  endfacet
  facet normal -0.649601 0.760275 0
    outer loop
      vertex 62.3787 42.1213 6.5
      vertex 62.7366 42.4271 2.5
      vertex 62.3787 42.1213 2.5
    endloop
  endfacet
  facet normal 0.382714 -0.923867 0
    outer loop
      vertex 65.427 37.1468 2.5
      vertex 65.862 37.327 6.5
      vertex 65.427 37.1468 6.5
    endloop
  endfacet
  facet normal 0.382714 -0.923867 0
    outer loop
      vertex 65.862 37.327 6.5
      vertex 65.427 37.1468 2.5
      vertex 65.862 37.327 2.5
    endloop
  endfacet
  facet normal 0.649601 -0.760275 0
    outer loop
      vertex 66.2634 37.5729 2.5
      vertex 66.6213 37.8787 6.5
      vertex 66.2634 37.5729 6.5
    endloop
  endfacet
  facet normal 0.649601 -0.760275 0
    outer loop
      vertex 66.6213 37.8787 6.5
      vertex 66.2634 37.5729 2.5
      vertex 66.6213 37.8787 2.5
    endloop
  endfacet
  facet normal 0.923836 -0.38279 0
    outer loop
      vertex 67.173 38.638 6.5
      vertex 67.3532 39.0729 2.5
      vertex 67.3532 39.0729 6.5
    endloop
  endfacet
  facet normal 0.923836 -0.38279 0
    outer loop
      vertex 67.3532 39.0729 2.5
      vertex 67.173 38.638 6.5
      vertex 67.173 38.638 2.5
    endloop
  endfacet
  facet normal 0.85262 -0.522532 0
    outer loop
      vertex 66.927 38.2366 6.5
      vertex 67.173 38.638 2.5
      vertex 67.173 38.638 6.5
    endloop
  endfacet
  facet normal 0.85262 -0.522532 0
    outer loop
      vertex 67.173 38.638 2.5
      vertex 66.927 38.2366 6.5
      vertex 66.927 38.2366 2.5
    endloop
  endfacet
  facet normal 0.972374 -0.233429 0
    outer loop
      vertex 67.3532 39.0729 6.5
      vertex 67.4631 39.5307 2.5
      vertex 67.4631 39.5307 6.5
    endloop
  endfacet
  facet normal 0.972374 -0.233429 0
    outer loop
      vertex 67.4631 39.5307 2.5
      vertex 67.3532 39.0729 6.5
      vertex 67.3532 39.0729 2.5
    endloop
  endfacet
  facet normal -0.38279 -0.923836 0
    outer loop
      vertex 63.138 37.327 2.5
      vertex 63.5729 37.1468 6.5
      vertex 63.138 37.327 6.5
    endloop
  endfacet
  facet normal -0.38279 -0.923836 -0
    outer loop
      vertex 63.5729 37.1468 6.5
      vertex 63.138 37.327 2.5
      vertex 63.5729 37.1468 2.5
    endloop
  endfacet
  facet normal 0.0783858 -0.996923 0
    outer loop
      vertex 64.5 37 2.5
      vertex 64.9693 37.0369 6.5
      vertex 64.5 37 6.5
    endloop
  endfacet
  facet normal 0.0783858 -0.996923 0
    outer loop
      vertex 64.9693 37.0369 6.5
      vertex 64.5 37 2.5
      vertex 64.9693 37.0369 2.5
    endloop
  endfacet
  facet normal -0.649601 -0.760275 0
    outer loop
      vertex 62.3787 37.8787 2.5
      vertex 62.7366 37.5729 6.5
      vertex 62.3787 37.8787 6.5
    endloop
  endfacet
  facet normal -0.649601 -0.760275 -0
    outer loop
      vertex 62.7366 37.5729 6.5
      vertex 62.3787 37.8787 2.5
      vertex 62.7366 37.5729 2.5
    endloop
  endfacet
  facet normal -0.923836 -0.38279 0
    outer loop
      vertex 61.827 38.638 2.5
      vertex 61.6468 39.0729 6.5
      vertex 61.6468 39.0729 2.5
    endloop
  endfacet
  facet normal -0.923836 -0.38279 0
    outer loop
      vertex 61.6468 39.0729 6.5
      vertex 61.827 38.638 2.5
      vertex 61.827 38.638 6.5
    endloop
  endfacet
  facet normal 0.76038 0.649478 0
    outer loop
      vertex 66.927 41.7634 6.5
      vertex 66.6213 42.1213 2.5
      vertex 66.6213 42.1213 6.5
    endloop
  endfacet
  facet normal 0.76038 0.649478 0
    outer loop
      vertex 66.6213 42.1213 2.5
      vertex 66.927 41.7634 6.5
      vertex 66.927 41.7634 2.5
    endloop
  endfacet
  facet normal 0.233477 0.972362 -0
    outer loop
      vertex 65.427 42.8532 2.5
      vertex 64.9693 42.9631 6.5
      vertex 65.427 42.8532 6.5
    endloop
  endfacet
  facet normal 0.233477 0.972362 0
    outer loop
      vertex 64.9693 42.9631 6.5
      vertex 65.427 42.8532 2.5
      vertex 64.9693 42.9631 2.5
    endloop
  endfacet
  facet normal 0 0 1
    outer loop
      vertex 65.8 40 6.5
      vertex 67.5 40 6.5
      vertex 67.4631 40.4693 6.5
    endloop
  endfacet
  facet normal 0 0 1
    outer loop
      vertex 65.784 40.2034 6.5
      vertex 67.4631 40.4693 6.5
      vertex 67.3532 40.9271 6.5
    endloop
  endfacet
  facet normal 0 0 1
    outer loop
      vertex 67.5 40 6.5
      vertex 65.8 40 6.5
      vertex 67.4631 39.5307 6.5
    endloop
  endfacet
  facet normal 0 0 1
    outer loop
      vertex 65.7364 40.4017 6.5
      vertex 67.3532 40.9271 6.5
      vertex 67.173 41.362 6.5
    endloop
  endfacet
  facet normal -0 0 1
    outer loop
      vertex 65.784 39.7966 6.5
      vertex 67.4631 39.5307 6.5
      vertex 65.8 40 6.5
    endloop
  endfacet
  facet normal 0 0 1
    outer loop
      vertex 65.6583 40.5902 6.5
      vertex 67.173 41.362 6.5
      vertex 66.927 41.7634 6.5
    endloop
  endfacet
  facet normal 0 0 1
    outer loop
      vertex 67.4631 39.5307 6.5
      vertex 65.784 39.7966 6.5
      vertex 67.3532 39.0729 6.5
    endloop
  endfacet
  facet normal 0 0 1
    outer loop
      vertex 65.5517 40.7641 6.5
      vertex 66.927 41.7634 6.5
      vertex 66.6213 42.1213 6.5
    endloop
  endfacet
  facet normal -0 0 1
    outer loop
      vertex 65.7364 39.5983 6.5
      vertex 67.3532 39.0729 6.5
      vertex 65.784 39.7966 6.5
    endloop
  endfacet
  facet normal 0 0 1
    outer loop
      vertex 65.4192 40.9192 6.5
      vertex 66.6213 42.1213 6.5
      vertex 66.2634 42.4271 6.5
    endloop
  endfacet
  facet normal 0 0 1
    outer loop
      vertex 67.3532 39.0729 6.5
      vertex 65.7364 39.5983 6.5
      vertex 67.173 38.638 6.5
    endloop
  endfacet
  facet normal 0 0 1
    outer loop
      vertex 65.2641 41.0517 6.5
      vertex 66.2634 42.4271 6.5
      vertex 65.862 42.673 6.5
    endloop
  endfacet
  facet normal -0 0 1
    outer loop
      vertex 65.6583 39.4098 6.5
      vertex 67.173 38.638 6.5
      vertex 65.7364 39.5983 6.5
    endloop
  endfacet
  facet normal 0 0 1
    outer loop
      vertex 67.173 38.638 6.5
      vertex 65.6583 39.4098 6.5
      vertex 66.927 38.2366 6.5
    endloop
  endfacet
  facet normal 0 0 1
    outer loop
      vertex 67.4631 40.4693 6.5
      vertex 65.784 40.2034 6.5
      vertex 65.8 40 6.5
    endloop
  endfacet
  facet normal 0 0 1
    outer loop
      vertex 67.3532 40.9271 6.5
      vertex 65.7364 40.4017 6.5
      vertex 65.784 40.2034 6.5
    endloop
  endfacet
  facet normal 0 0 1
    outer loop
      vertex 67.173 41.362 6.5
      vertex 65.6583 40.5902 6.5
      vertex 65.7364 40.4017 6.5
    endloop
  endfacet
  facet normal 0 0 1
    outer loop
      vertex 66.927 41.7634 6.5
      vertex 65.5517 40.7641 6.5
      vertex 65.6583 40.5902 6.5
    endloop
  endfacet
  facet normal 0 0 1
    outer loop
      vertex 65.0902 41.1583 6.5
      vertex 65.862 42.673 6.5
      vertex 65.427 42.8532 6.5
    endloop
  endfacet
  facet normal 0 0 1
    outer loop
      vertex 66.6213 42.1213 6.5
      vertex 65.4192 40.9192 6.5
      vertex 65.5517 40.7641 6.5
    endloop
  endfacet
  facet normal 0 0 1
    outer loop
      vertex 66.2634 42.4271 6.5
      vertex 65.2641 41.0517 6.5
      vertex 65.4192 40.9192 6.5
    endloop
  endfacet
  facet normal 0 0 1
    outer loop
      vertex 65.862 42.673 6.5
      vertex 65.0902 41.1583 6.5
      vertex 65.2641 41.0517 6.5
    endloop
  endfacet
  facet normal 0 0 1
    outer loop
      vertex 64.9017 41.2364 6.5
      vertex 65.427 42.8532 6.5
      vertex 64.9693 42.9631 6.5
    endloop
  endfacet
  facet normal 0 0 1
    outer loop
      vertex 65.427 42.8532 6.5
      vertex 64.9017 41.2364 6.5
      vertex 65.0902 41.1583 6.5
    endloop
  endfacet
  facet normal 0 0 1
    outer loop
      vertex 64.9693 42.9631 6.5
      vertex 64.7034 41.284 6.5
      vertex 64.9017 41.2364 6.5
    endloop
  endfacet
  facet normal 0 0 1
    outer loop
      vertex 64.5 43 6.5
      vertex 64.7034 41.284 6.5
      vertex 64.9693 42.9631 6.5
    endloop
  endfacet
  facet normal 0 0 1
    outer loop
      vertex 64.5 43 6.5
      vertex 64.5 41.3 6.5
      vertex 64.7034 41.284 6.5
    endloop
  endfacet
  facet normal 0 0 1
    outer loop
      vertex 64.5 43 6.5
      vertex 64.2966 41.284 6.5
      vertex 64.5 41.3 6.5
    endloop
  endfacet
  facet normal -0 0 1
    outer loop
      vertex 64.0307 42.9631 6.5
      vertex 64.2966 41.284 6.5
      vertex 64.5 43 6.5
    endloop
  endfacet
  facet normal 0 0 1
    outer loop
      vertex 64.2966 41.284 6.5
      vertex 64.0307 42.9631 6.5
      vertex 64.0983 41.2364 6.5
    endloop
  endfacet
  facet normal -0 0 1
    outer loop
      vertex 63.5729 42.8532 6.5
      vertex 64.0983 41.2364 6.5
      vertex 64.0307 42.9631 6.5
    endloop
  endfacet
  facet normal 0 0 1
    outer loop
      vertex 64.0983 41.2364 6.5
      vertex 63.5729 42.8532 6.5
      vertex 63.9098 41.1583 6.5
    endloop
  endfacet
  facet normal -0 0 1
    outer loop
      vertex 63.138 42.673 6.5
      vertex 63.9098 41.1583 6.5
      vertex 63.5729 42.8532 6.5
    endloop
  endfacet
  facet normal 0 0 1
    outer loop
      vertex 63.9098 41.1583 6.5
      vertex 63.138 42.673 6.5
      vertex 63.7359 41.0517 6.5
    endloop
  endfacet
  facet normal -0 0 1
    outer loop
      vertex 62.7366 42.4271 6.5
      vertex 63.7359 41.0517 6.5
      vertex 63.138 42.673 6.5
    endloop
  endfacet
  facet normal 0 0 1
    outer loop
      vertex 63.7359 41.0517 6.5
      vertex 62.7366 42.4271 6.5
      vertex 63.5808 40.9192 6.5
    endloop
  endfacet
  facet normal -0 0 1
    outer loop
      vertex 62.3787 42.1213 6.5
      vertex 63.5808 40.9192 6.5
      vertex 62.7366 42.4271 6.5
    endloop
  endfacet
  facet normal 0 0 1
    outer loop
      vertex 63.5808 40.9192 6.5
      vertex 62.3787 42.1213 6.5
      vertex 63.4483 40.7641 6.5
    endloop
  endfacet
  facet normal 0 0 1
    outer loop
      vertex 63.4483 40.7641 6.5
      vertex 62.0729 41.7634 6.5
      vertex 63.3417 40.5902 6.5
    endloop
  endfacet
  facet normal -0 0 1
    outer loop
      vertex 62.0729 41.7634 6.5
      vertex 63.4483 40.7641 6.5
      vertex 62.3787 42.1213 6.5
    endloop
  endfacet
  facet normal -0 0 1
    outer loop
      vertex 65.5517 39.2359 6.5
      vertex 66.927 38.2366 6.5
      vertex 65.6583 39.4098 6.5
    endloop
  endfacet
  facet normal 0 0 1
    outer loop
      vertex 66.927 38.2366 6.5
      vertex 65.5517 39.2359 6.5
      vertex 66.6213 37.8787 6.5
    endloop
  endfacet
  facet normal -0 0 1
    outer loop
      vertex 65.4192 39.0808 6.5
      vertex 66.6213 37.8787 6.5
      vertex 65.5517 39.2359 6.5
    endloop
  endfacet
  facet normal 0 0 1
    outer loop
      vertex 66.6213 37.8787 6.5
      vertex 65.4192 39.0808 6.5
      vertex 66.2634 37.5729 6.5
    endloop
  endfacet
  facet normal -0 0 1
    outer loop
      vertex 65.2641 38.9483 6.5
      vertex 66.2634 37.5729 6.5
      vertex 65.4192 39.0808 6.5
    endloop
  endfacet
  facet normal 0 0 1
    outer loop
      vertex 66.2634 37.5729 6.5
      vertex 65.2641 38.9483 6.5
      vertex 65.862 37.327 6.5
    endloop
  endfacet
  facet normal -0 0 1
    outer loop
      vertex 65.0902 38.8417 6.5
      vertex 65.862 37.327 6.5
      vertex 65.2641 38.9483 6.5
    endloop
  endfacet
  facet normal 0 0 1
    outer loop
      vertex 65.862 37.327 6.5
      vertex 65.0902 38.8417 6.5
      vertex 65.427 37.1468 6.5
    endloop
  endfacet
  facet normal -0 0 1
    outer loop
      vertex 64.9017 38.7636 6.5
      vertex 65.427 37.1468 6.5
      vertex 65.0902 38.8417 6.5
    endloop
  endfacet
  facet normal 0 0 1
    outer loop
      vertex 65.427 37.1468 6.5
      vertex 64.9017 38.7636 6.5
      vertex 64.9693 37.0369 6.5
    endloop
  endfacet
  facet normal -0 0 1
    outer loop
      vertex 64.7034 38.716 6.5
      vertex 64.9693 37.0369 6.5
      vertex 64.9017 38.7636 6.5
    endloop
  endfacet
  facet normal -0 0 1
    outer loop
      vertex 64.5 38.7 6.5
      vertex 64.9693 37.0369 6.5
      vertex 64.7034 38.716 6.5
    endloop
  endfacet
  facet normal 0 0 1
    outer loop
      vertex 64.5 38.7 6.5
      vertex 64.5 37 6.5
      vertex 64.9693 37.0369 6.5
    endloop
  endfacet
  facet normal 0 0 1
    outer loop
      vertex 64.2966 38.716 6.5
      vertex 64.5 37 6.5
      vertex 64.5 38.7 6.5
    endloop
  endfacet
  facet normal 0 0 1
    outer loop
      vertex 64.0307 37.0369 6.5
      vertex 64.2966 38.716 6.5
      vertex 64.0983 38.7636 6.5
    endloop
  endfacet
  facet normal 0 0 1
    outer loop
      vertex 64.2966 38.716 6.5
      vertex 64.0307 37.0369 6.5
      vertex 64.5 37 6.5
    endloop
  endfacet
  facet normal 0 0 1
    outer loop
      vertex 63.5729 37.1468 6.5
      vertex 64.0983 38.7636 6.5
      vertex 63.9098 38.8417 6.5
    endloop
  endfacet
  facet normal 0 0 1
    outer loop
      vertex 63.138 37.327 6.5
      vertex 63.9098 38.8417 6.5
      vertex 63.7359 38.9483 6.5
    endloop
  endfacet
  facet normal 0 0 1
    outer loop
      vertex 62.7366 37.5729 6.5
      vertex 63.7359 38.9483 6.5
      vertex 63.5808 39.0808 6.5
    endloop
  endfacet
  facet normal 0 0 1
    outer loop
      vertex 64.0983 38.7636 6.5
      vertex 63.5729 37.1468 6.5
      vertex 64.0307 37.0369 6.5
    endloop
  endfacet
  facet normal 0 0 1
    outer loop
      vertex 62.3787 37.8787 6.5
      vertex 63.5808 39.0808 6.5
      vertex 63.4483 39.2359 6.5
    endloop
  endfacet
  facet normal 0 0 1
    outer loop
      vertex 62.0729 38.2366 6.5
      vertex 63.4483 39.2359 6.5
      vertex 63.3417 39.4098 6.5
    endloop
  endfacet
  facet normal 0 0 1
    outer loop
      vertex 61.827 38.638 6.5
      vertex 63.3417 39.4098 6.5
      vertex 63.2636 39.5983 6.5
    endloop
  endfacet
  facet normal 0 0 1
    outer loop
      vertex 61.6468 39.0729 6.5
      vertex 63.2636 39.5983 6.5
      vertex 63.216 39.7966 6.5
    endloop
  endfacet
  facet normal 0 0 1
    outer loop
      vertex 63.9098 38.8417 6.5
      vertex 63.138 37.327 6.5
      vertex 63.5729 37.1468 6.5
    endloop
  endfacet
  facet normal 0 0 1
    outer loop
      vertex 61.5369 39.5307 6.5
      vertex 63.216 39.7966 6.5
      vertex 63.2 40 6.5
    endloop
  endfacet
  facet normal -0 0 1
    outer loop
      vertex 61.827 41.362 6.5
      vertex 63.3417 40.5902 6.5
      vertex 62.0729 41.7634 6.5
    endloop
  endfacet
  facet normal 0 0 1
    outer loop
      vertex 63.3417 40.5902 6.5
      vertex 61.827 41.362 6.5
      vertex 63.2636 40.4017 6.5
    endloop
  endfacet
  facet normal 0 0 1
    outer loop
      vertex 63.7359 38.9483 6.5
      vertex 62.7366 37.5729 6.5
      vertex 63.138 37.327 6.5
    endloop
  endfacet
  facet normal -0 0 1
    outer loop
      vertex 61.6468 40.9271 6.5
      vertex 63.2636 40.4017 6.5
      vertex 61.827 41.362 6.5
    endloop
  endfacet
  facet normal 0 0 1
    outer loop
      vertex 63.5808 39.0808 6.5
      vertex 62.3787 37.8787 6.5
      vertex 62.7366 37.5729 6.5
    endloop
  endfacet
  facet normal 0 0 1
    outer loop
      vertex 63.2636 40.4017 6.5
      vertex 61.6468 40.9271 6.5
      vertex 63.216 40.2034 6.5
    endloop
  endfacet
  facet normal 0 0 1
    outer loop
      vertex 63.4483 39.2359 6.5
      vertex 62.0729 38.2366 6.5
      vertex 62.3787 37.8787 6.5
    endloop
  endfacet
  facet normal -0 0 1
    outer loop
      vertex 61.5369 40.4693 6.5
      vertex 63.216 40.2034 6.5
      vertex 61.6468 40.9271 6.5
    endloop
  endfacet
  facet normal 0 0 1
    outer loop
      vertex 63.3417 39.4098 6.5
      vertex 61.827 38.638 6.5
      vertex 62.0729 38.2366 6.5
    endloop
  endfacet
  facet normal 0 0 1
    outer loop
      vertex 63.216 40.2034 6.5
      vertex 61.5369 40.4693 6.5
      vertex 63.2 40 6.5
    endloop
  endfacet
  facet normal 0 0 1
    outer loop
      vertex 63.2636 39.5983 6.5
      vertex 61.6468 39.0729 6.5
      vertex 61.827 38.638 6.5
    endloop
  endfacet
  facet normal 0 0 1
    outer loop
      vertex 61.5 40 6.5
      vertex 63.2 40 6.5
      vertex 61.5369 40.4693 6.5
    endloop
  endfacet
  facet normal 0 0 1
    outer loop
      vertex 63.216 39.7966 6.5
      vertex 61.5369 39.5307 6.5
      vertex 61.6468 39.0729 6.5
    endloop
  endfacet
  facet normal 0 0 1
    outer loop
      vertex 63.2 40 6.5
      vertex 61.5 40 6.5
      vertex 61.5369 39.5307 6.5
    endloop
  endfacet
  facet normal 0.996923 -0.0783858 0
    outer loop
      vertex 67.4631 39.5307 6.5
      vertex 67.5 40 2.5
      vertex 67.5 40 6.5
    endloop
  endfacet
  facet normal 0.996923 -0.0783858 0
    outer loop
      vertex 67.5 40 2.5
      vertex 67.4631 39.5307 6.5
      vertex 67.4631 39.5307 2.5
    endloop
  endfacet
  facet normal -0.0783858 -0.996923 0
    outer loop
      vertex 64.0307 37.0369 2.5
      vertex 64.5 37 6.5
      vertex 64.0307 37.0369 6.5
    endloop
  endfacet
  facet normal -0.0783858 -0.996923 -0
    outer loop
      vertex 64.5 37 6.5
      vertex 64.0307 37.0369 2.5
      vertex 64.5 37 2.5
    endloop
  endfacet
  facet normal 0.996917 0.0784642 0
    outer loop
      vertex 10 6 27
      vertex 9.95075 6.62574 2.5
      vertex 9.95075 6.62574 27
    endloop
  endfacet
  facet normal 0.996917 0.0784642 0
    outer loop
      vertex 9.95075 6.62574 2.5
      vertex 10 6 27
      vertex 10 6 2.5
    endloop
  endfacet
  facet normal -0.0784642 0.996917 0
    outer loop
      vertex 6 10 2.5
      vertex 5.37426 9.95075 27
      vertex 6 10 27
    endloop
  endfacet
  facet normal -0.0784642 0.996917 0
    outer loop
      vertex 5.37426 9.95075 27
      vertex 6 10 2.5
      vertex 5.37426 9.95075 2.5
    endloop
  endfacet
  facet normal 0.649444 0.760409 -0
    outer loop
      vertex 8.82843 8.82843 2.5
      vertex 8.35114 9.23607 27
      vertex 8.82843 8.82843 27
    endloop
  endfacet
  facet normal 0.649444 0.760409 0
    outer loop
      vertex 8.35114 9.23607 27
      vertex 8.82843 8.82843 2.5
      vertex 8.35114 9.23607 2.5
    endloop
  endfacet
  facet normal -0.760409 0.649444 0
    outer loop
      vertex 2.76393 8.35114 2.5
      vertex 3.17157 8.82843 27
      vertex 3.17157 8.82843 2.5
    endloop
  endfacet
  facet normal -0.760409 0.649444 0
    outer loop
      vertex 3.17157 8.82843 27
      vertex 2.76393 8.35114 2.5
      vertex 2.76393 8.35114 27
    endloop
  endfacet
  facet normal -0.5225 0.852639 0
    outer loop
      vertex 4.18404 9.56403 2.5
      vertex 3.64886 9.23607 27
      vertex 4.18404 9.56403 27
    endloop
  endfacet
  facet normal -0.5225 0.852639 0
    outer loop
      vertex 3.64886 9.23607 27
      vertex 4.18404 9.56403 2.5
      vertex 3.64886 9.23607 2.5
    endloop
  endfacet
  facet normal 0.852639 0.5225 0
    outer loop
      vertex 9.56403 7.81596 27
      vertex 9.23607 8.35114 2.5
      vertex 9.23607 8.35114 27
    endloop
  endfacet
  facet normal 0.852639 0.5225 0
    outer loop
      vertex 9.23607 8.35114 2.5
      vertex 9.56403 7.81596 27
      vertex 9.56403 7.81596 2.5
    endloop
  endfacet
  facet normal 0.972373 0.233434 0
    outer loop
      vertex 9.95075 6.62574 27
      vertex 9.80423 7.23607 2.5
      vertex 9.80423 7.23607 27
    endloop
  endfacet
  facet normal 0.972373 0.233434 0
    outer loop
      vertex 9.80423 7.23607 2.5
      vertex 9.95075 6.62574 27
      vertex 9.95075 6.62574 2.5
    endloop
  endfacet
  facet normal 0.760409 0.649444 0
    outer loop
      vertex 9.23607 8.35114 27
      vertex 8.82843 8.82843 2.5
      vertex 8.82843 8.82843 27
    endloop
  endfacet
  facet normal 0.760409 0.649444 0
    outer loop
      vertex 8.82843 8.82843 2.5
      vertex 9.23607 8.35114 27
      vertex 9.23607 8.35114 2.5
    endloop
  endfacet
  facet normal 0.382686 0.923879 -0
    outer loop
      vertex 7.81596 9.56403 2.5
      vertex 7.23607 9.80423 27
      vertex 7.81596 9.56403 27
    endloop
  endfacet
  facet normal 0.382686 0.923879 0
    outer loop
      vertex 7.23607 9.80423 27
      vertex 7.81596 9.56403 2.5
      vertex 7.23607 9.80423 2.5
    endloop
  endfacet
  facet normal 0.5225 0.852639 -0
    outer loop
      vertex 8.35114 9.23607 2.5
      vertex 7.81596 9.56403 27
      vertex 8.35114 9.23607 27
    endloop
  endfacet
  facet normal 0.5225 0.852639 0
    outer loop
      vertex 7.81596 9.56403 27
      vertex 8.35114 9.23607 2.5
      vertex 7.81596 9.56403 2.5
    endloop
  endfacet
  facet normal -0.852643 0.522494 0
    outer loop
      vertex 2.5 7.92044 2.5
      vertex 2.76393 8.35114 27
      vertex 2.76393 8.35114 2.5
    endloop
  endfacet
  facet normal -0.852643 0.522494 0
    outer loop
      vertex 2.76393 8.35114 27
      vertex 2.5 7.92044 2.5
      vertex 2.5 7.92044 27
    endloop
  endfacet
  facet normal -0.649444 0.760409 0
    outer loop
      vertex 3.64886 9.23607 2.5
      vertex 3.17157 8.82843 27
      vertex 3.64886 9.23607 27
    endloop
  endfacet
  facet normal -0.649444 0.760409 0
    outer loop
      vertex 3.17157 8.82843 27
      vertex 3.64886 9.23607 2.5
      vertex 3.17157 8.82843 2.5
    endloop
  endfacet
  facet normal -0.233434 0.972373 0
    outer loop
      vertex 5.37426 9.95075 2.5
      vertex 4.76393 9.80423 27
      vertex 5.37426 9.95075 27
    endloop
  endfacet
  facet normal -0.233434 0.972373 0
    outer loop
      vertex 4.76393 9.80423 27
      vertex 5.37426 9.95075 2.5
      vertex 4.76393 9.80423 2.5
    endloop
  endfacet
  facet normal 0.522494 -0.852643 0
    outer loop
      vertex 7.92044 2.5 2.5
      vertex 8.35114 2.76393 27
      vertex 7.92044 2.5 27
    endloop
  endfacet
  facet normal 0.522494 -0.852643 0
    outer loop
      vertex 8.35114 2.76393 27
      vertex 7.92044 2.5 2.5
      vertex 8.35114 2.76393 2.5
    endloop
  endfacet
  facet normal 0.649444 -0.760409 0
    outer loop
      vertex 8.35114 2.76393 2.5
      vertex 8.82843 3.17157 27
      vertex 8.35114 2.76393 27
    endloop
  endfacet
  facet normal 0.649444 -0.760409 0
    outer loop
      vertex 8.82843 3.17157 27
      vertex 8.35114 2.76393 2.5
      vertex 8.82843 3.17157 2.5
    endloop
  endfacet
  facet normal -0.522494 -0.852643 0
    outer loop
      vertex 3.64886 2.76393 2.5
      vertex 4.07956 2.5 27
      vertex 3.64886 2.76393 27
    endloop
  endfacet
  facet normal -0.522494 -0.852643 -0
    outer loop
      vertex 4.07956 2.5 27
      vertex 3.64886 2.76393 2.5
      vertex 4.07956 2.5 2.5
    endloop
  endfacet
  facet normal -0.760409 -0.649444 0
    outer loop
      vertex 3.17157 3.17157 2.5
      vertex 2.76393 3.64886 27
      vertex 2.76393 3.64886 2.5
    endloop
  endfacet
  facet normal -0.760409 -0.649444 0
    outer loop
      vertex 2.76393 3.64886 27
      vertex 3.17157 3.17157 2.5
      vertex 3.17157 3.17157 27
    endloop
  endfacet
  facet normal 0.923879 0.382686 0
    outer loop
      vertex 9.80423 7.23607 27
      vertex 9.56403 7.81596 2.5
      vertex 9.56403 7.81596 27
    endloop
  endfacet
  facet normal 0.923879 0.382686 0
    outer loop
      vertex 9.56403 7.81596 2.5
      vertex 9.80423 7.23607 27
      vertex 9.80423 7.23607 2.5
    endloop
  endfacet
  facet normal 0.233434 0.972373 -0
    outer loop
      vertex 7.23607 9.80423 2.5
      vertex 6.62574 9.95075 27
      vertex 7.23607 9.80423 27
    endloop
  endfacet
  facet normal 0.233434 0.972373 0
    outer loop
      vertex 6.62574 9.95075 27
      vertex 7.23607 9.80423 2.5
      vertex 6.62574 9.95075 2.5
    endloop
  endfacet
  facet normal 0.0784642 0.996917 -0
    outer loop
      vertex 6.62574 9.95075 2.5
      vertex 6 10 27
      vertex 6.62574 9.95075 27
    endloop
  endfacet
  facet normal 0.0784642 0.996917 0
    outer loop
      vertex 6 10 27
      vertex 6.62574 9.95075 2.5
      vertex 6 10 2.5
    endloop
  endfacet
  facet normal 0 0 1
    outer loop
      vertex 9.95075 6.62574 27
      vertex 7.67907 6.26594 27
      vertex 7.7 6 27
    endloop
  endfacet
  facet normal 0 0 1
    outer loop
      vertex 8.35114 9.23607 27
      vertex 7.6168 6.52533 27
      vertex 7.67907 6.26594 27
    endloop
  endfacet
  facet normal 0 0 1
    outer loop
      vertex 8.35114 9.23607 27
      vertex 7.51471 6.77178 27
      vertex 7.6168 6.52533 27
    endloop
  endfacet
  facet normal 0 0 1
    outer loop
      vertex 8.35114 9.23607 27
      vertex 7.37533 6.99923 27
      vertex 7.51471 6.77178 27
    endloop
  endfacet
  facet normal 0 0 1
    outer loop
      vertex 6.77178 7.51471 27
      vertex 7.81596 9.56403 27
      vertex 7.23607 9.80423 27
    endloop
  endfacet
  facet normal 0 0 1
    outer loop
      vertex 8.35114 9.23607 27
      vertex 7.20208 7.20208 27
      vertex 7.37533 6.99923 27
    endloop
  endfacet
  facet normal 0 0 1
    outer loop
      vertex 8.35114 9.23607 27
      vertex 6.99923 7.37533 27
      vertex 7.20208 7.20208 27
    endloop
  endfacet
  facet normal 0 0 1
    outer loop
      vertex 7.81596 9.56403 27
      vertex 6.77178 7.51471 27
      vertex 6.99923 7.37533 27
    endloop
  endfacet
  facet normal 0 0 1
    outer loop
      vertex 6.52533 7.6168 27
      vertex 7.23607 9.80423 27
      vertex 6.62574 9.95075 27
    endloop
  endfacet
  facet normal 0 0 1
    outer loop
      vertex 7.23607 9.80423 27
      vertex 6.52533 7.6168 27
      vertex 6.77178 7.51471 27
    endloop
  endfacet
  facet normal 0 0 1
    outer loop
      vertex 6.62574 9.95075 27
      vertex 6.26594 7.67907 27
      vertex 6.52533 7.6168 27
    endloop
  endfacet
  facet normal 0 0 1
    outer loop
      vertex 6 10 27
      vertex 6.26594 7.67907 27
      vertex 6.62574 9.95075 27
    endloop
  endfacet
  facet normal 0 0 1
    outer loop
      vertex 6 10 27
      vertex 6 7.7 27
      vertex 6.26594 7.67907 27
    endloop
  endfacet
  facet normal 0 0 1
    outer loop
      vertex 6 10 27
      vertex 5.73406 7.67907 27
      vertex 6 7.7 27
    endloop
  endfacet
  facet normal -0 0 1
    outer loop
      vertex 5.37426 9.95075 27
      vertex 5.73406 7.67907 27
      vertex 6 10 27
    endloop
  endfacet
  facet normal 0 0 1
    outer loop
      vertex 5.73406 7.67907 27
      vertex 5.37426 9.95075 27
      vertex 5.47467 7.6168 27
    endloop
  endfacet
  facet normal -0 0 1
    outer loop
      vertex 4.76393 9.80423 27
      vertex 5.47467 7.6168 27
      vertex 5.37426 9.95075 27
    endloop
  endfacet
  facet normal 0 0 1
    outer loop
      vertex 5.47467 7.6168 27
      vertex 4.76393 9.80423 27
      vertex 5.22822 7.51471 27
    endloop
  endfacet
  facet normal -0 0 1
    outer loop
      vertex 4.18404 9.56403 27
      vertex 5.22822 7.51471 27
      vertex 4.76393 9.80423 27
    endloop
  endfacet
  facet normal 0 0 1
    outer loop
      vertex 5.22822 7.51471 27
      vertex 4.18404 9.56403 27
      vertex 5.00076 7.37533 27
    endloop
  endfacet
  facet normal -0 0 1
    outer loop
      vertex 3.64886 9.23607 27
      vertex 5.00076 7.37533 27
      vertex 4.18404 9.56403 27
    endloop
  endfacet
  facet normal 0 0 1
    outer loop
      vertex 5.00076 7.37533 27
      vertex 3.64886 9.23607 27
      vertex 4.79792 7.20208 27
    endloop
  endfacet
  facet normal -0 0 1
    outer loop
      vertex 3.17157 8.82843 27
      vertex 4.79792 7.20208 27
      vertex 3.64886 9.23607 27
    endloop
  endfacet
  facet normal 0 0 1
    outer loop
      vertex 4.79792 7.20208 27
      vertex 3.17157 8.82843 27
      vertex 4.62467 6.99923 27
    endloop
  endfacet
  facet normal -0 0 1
    outer loop
      vertex 2.5 7.92044 27
      vertex 4.62467 6.99923 27
      vertex 2.76393 8.35114 27
    endloop
  endfacet
  facet normal -0 0 1
    outer loop
      vertex 2.76393 8.35114 27
      vertex 4.62467 6.99923 27
      vertex 3.17157 8.82843 27
    endloop
  endfacet
  facet normal 0 0 1
    outer loop
      vertex 7.7 6 27
      vertex 10 6 27
      vertex 9.95075 6.62574 27
    endloop
  endfacet
  facet normal 0 0 1
    outer loop
      vertex 7.67907 6.26594 27
      vertex 9.95075 6.62574 27
      vertex 9.80423 7.23607 27
    endloop
  endfacet
  facet normal 0 0 1
    outer loop
      vertex 10 6 27
      vertex 7.7 6 27
      vertex 9.95075 5.37426 27
    endloop
  endfacet
  facet normal 0 0 1
    outer loop
      vertex 7.67907 6.26594 27
      vertex 9.80423 7.23607 27
      vertex 9.56403 7.81596 27
    endloop
  endfacet
  facet normal -0 0 1
    outer loop
      vertex 7.67907 5.73406 27
      vertex 9.95075 5.37426 27
      vertex 7.7 6 27
    endloop
  endfacet
  facet normal 0 0 1
    outer loop
      vertex 7.67907 6.26594 27
      vertex 9.56403 7.81596 27
      vertex 9.23607 8.35114 27
    endloop
  endfacet
  facet normal 0 0 1
    outer loop
      vertex 9.95075 5.37426 27
      vertex 7.67907 5.73406 27
      vertex 9.80423 4.76393 27
    endloop
  endfacet
  facet normal 0 0 1
    outer loop
      vertex 7.67907 6.26594 27
      vertex 9.23607 8.35114 27
      vertex 8.82843 8.82843 27
    endloop
  endfacet
  facet normal -0 0 1
    outer loop
      vertex 7.6168 5.47467 27
      vertex 9.80423 4.76393 27
      vertex 7.67907 5.73406 27
    endloop
  endfacet
  facet normal 0 0 1
    outer loop
      vertex 7.67907 6.26594 27
      vertex 8.82843 8.82843 27
      vertex 8.35114 9.23607 27
    endloop
  endfacet
  facet normal 0 0 1
    outer loop
      vertex 9.80423 4.76393 27
      vertex 7.6168 5.47467 27
      vertex 9.56403 4.18404 27
    endloop
  endfacet
  facet normal -0 0 1
    outer loop
      vertex 7.51471 5.22822 27
      vertex 9.56403 4.18404 27
      vertex 7.6168 5.47467 27
    endloop
  endfacet
  facet normal 0 0 1
    outer loop
      vertex 6.99923 7.37533 27
      vertex 8.35114 9.23607 27
      vertex 7.81596 9.56403 27
    endloop
  endfacet
  facet normal 0 0 1
    outer loop
      vertex 9.56403 4.18404 27
      vertex 7.51471 5.22822 27
      vertex 9.23607 3.64886 27
    endloop
  endfacet
  facet normal -0 0 1
    outer loop
      vertex 7.37533 5.00076 27
      vertex 9.23607 3.64886 27
      vertex 7.51471 5.22822 27
    endloop
  endfacet
  facet normal 0 0 1
    outer loop
      vertex 9.23607 3.64886 27
      vertex 7.37533 5.00076 27
      vertex 8.82843 3.17157 27
    endloop
  endfacet
  facet normal -0 0 1
    outer loop
      vertex 7.20208 4.79792 27
      vertex 8.82843 3.17157 27
      vertex 7.37533 5.00076 27
    endloop
  endfacet
  facet normal 0 0 1
    outer loop
      vertex 8.82843 3.17157 27
      vertex 7.20208 4.79792 27
      vertex 8.35114 2.76393 27
    endloop
  endfacet
  facet normal -0 0 1
    outer loop
      vertex 6.99923 4.62467 27
      vertex 8.35114 2.76393 27
      vertex 7.20208 4.79792 27
    endloop
  endfacet
  facet normal 0 0 1
    outer loop
      vertex 8.35114 2.76393 27
      vertex 6.99923 4.62467 27
      vertex 7.92044 2.5 27
    endloop
  endfacet
  facet normal -0 0 1
    outer loop
      vertex 6.77178 4.48529 27
      vertex 7.92044 2.5 27
      vertex 6.99923 4.62467 27
    endloop
  endfacet
  facet normal -0 0 1
    outer loop
      vertex 6.52533 4.3832 27
      vertex 7.92044 2.5 27
      vertex 6.77178 4.48529 27
    endloop
  endfacet
  facet normal -0 0 1
    outer loop
      vertex 6.26594 4.32093 27
      vertex 7.92044 2.5 27
      vertex 6.52533 4.3832 27
    endloop
  endfacet
  facet normal -0 0 1
    outer loop
      vertex 6 4.3 27
      vertex 7.92044 2.5 27
      vertex 6.26594 4.32093 27
    endloop
  endfacet
  facet normal 0 0 1
    outer loop
      vertex 4.07956 2.5 27
      vertex 6 4.3 27
      vertex 5.73406 4.32093 27
    endloop
  endfacet
  facet normal 0 0 1
    outer loop
      vertex 4.07956 2.5 27
      vertex 5.73406 4.32093 27
      vertex 5.47467 4.3832 27
    endloop
  endfacet
  facet normal 0 0 1
    outer loop
      vertex 4.07956 2.5 27
      vertex 5.47467 4.3832 27
      vertex 5.22822 4.48529 27
    endloop
  endfacet
  facet normal 0 0 1
    outer loop
      vertex 4.07956 2.5 27
      vertex 5.22822 4.48529 27
      vertex 5.00076 4.62467 27
    endloop
  endfacet
  facet normal 0 0 1
    outer loop
      vertex 6 4.3 27
      vertex 4.07956 2.5 27
      vertex 7.92044 2.5 27
    endloop
  endfacet
  facet normal 0 0 1
    outer loop
      vertex 3.64886 2.76393 27
      vertex 5.00076 4.62467 27
      vertex 4.79792 4.79792 27
    endloop
  endfacet
  facet normal 0 0 1
    outer loop
      vertex 3.17157 3.17157 27
      vertex 4.79792 4.79792 27
      vertex 4.62467 5.00076 27
    endloop
  endfacet
  facet normal 0 0 1
    outer loop
      vertex 2.5 4.07956 27
      vertex 4.62467 5.00076 27
      vertex 4.48529 5.22822 27
    endloop
  endfacet
  facet normal 0 0 1
    outer loop
      vertex 2.5 4.07956 27
      vertex 4.48529 5.22822 27
      vertex 4.3832 5.47467 27
    endloop
  endfacet
  facet normal 0 0 1
    outer loop
      vertex 2.5 4.07956 27
      vertex 4.3832 5.47467 27
      vertex 4.32093 5.73406 27
    endloop
  endfacet
  facet normal 0 0 1
    outer loop
      vertex 2.5 4.07956 27
      vertex 4.32093 5.73406 27
      vertex 4.3 6 27
    endloop
  endfacet
  facet normal 0 0 1
    outer loop
      vertex 4.62467 6.99923 27
      vertex 2.5 7.92044 27
      vertex 4.48529 6.77178 27
    endloop
  endfacet
  facet normal 0 0 1
    outer loop
      vertex 4.48529 6.77178 27
      vertex 2.5 7.92044 27
      vertex 4.3832 6.52533 27
    endloop
  endfacet
  facet normal 0 0 1
    outer loop
      vertex 4.3832 6.52533 27
      vertex 2.5 7.92044 27
      vertex 4.32093 6.26594 27
    endloop
  endfacet
  facet normal 0 0 1
    outer loop
      vertex 2.5 4.07956 27
      vertex 4.3 6 27
      vertex 2.5 7.92044 27
    endloop
  endfacet
  facet normal 0 0 1
    outer loop
      vertex 5.00076 4.62467 27
      vertex 3.64886 2.76393 27
      vertex 4.07956 2.5 27
    endloop
  endfacet
  facet normal 0 0 1
    outer loop
      vertex 4.32093 6.26594 27
      vertex 2.5 7.92044 27
      vertex 4.3 6 27
    endloop
  endfacet
  facet normal 0 0 1
    outer loop
      vertex 4.62467 5.00076 27
      vertex 2.5 4.07956 27
      vertex 2.76393 3.64886 27
    endloop
  endfacet
  facet normal 0 0 1
    outer loop
      vertex 4.79792 4.79792 27
      vertex 3.17157 3.17157 27
      vertex 3.64886 2.76393 27
    endloop
  endfacet
  facet normal 0 0 1
    outer loop
      vertex 4.62467 5.00076 27
      vertex 2.76393 3.64886 27
      vertex 3.17157 3.17157 27
    endloop
  endfacet
  facet normal -0.382686 0.923879 0
    outer loop
      vertex 4.76393 9.80423 2.5
      vertex 4.18404 9.56403 27
      vertex 4.76393 9.80423 27
    endloop
  endfacet
  facet normal -0.382686 0.923879 0
    outer loop
      vertex 4.18404 9.56403 27
      vertex 4.76393 9.80423 2.5
      vertex 4.18404 9.56403 2.5
    endloop
  endfacet
  facet normal 0.760409 -0.649444 0
    outer loop
      vertex 8.82843 3.17157 27
      vertex 9.23607 3.64886 2.5
      vertex 9.23607 3.64886 27
    endloop
  endfacet
  facet normal 0.760409 -0.649444 0
    outer loop
      vertex 9.23607 3.64886 2.5
      vertex 8.82843 3.17157 27
      vertex 8.82843 3.17157 2.5
    endloop
  endfacet
  facet normal 0.923879 -0.382686 0
    outer loop
      vertex 9.56403 4.18404 27
      vertex 9.80423 4.76393 2.5
      vertex 9.80423 4.76393 27
    endloop
  endfacet
  facet normal 0.923879 -0.382686 0
    outer loop
      vertex 9.80423 4.76393 2.5
      vertex 9.56403 4.18404 27
      vertex 9.56403 4.18404 2.5
    endloop
  endfacet
  facet normal 0.852639 -0.5225 0
    outer loop
      vertex 9.23607 3.64886 27
      vertex 9.56403 4.18404 2.5
      vertex 9.56403 4.18404 27
    endloop
  endfacet
  facet normal 0.852639 -0.5225 0
    outer loop
      vertex 9.56403 4.18404 2.5
      vertex 9.23607 3.64886 27
      vertex 9.23607 3.64886 2.5
    endloop
  endfacet
  facet normal 0.972373 -0.233434 0
    outer loop
      vertex 9.80423 4.76393 27
      vertex 9.95075 5.37426 2.5
      vertex 9.95075 5.37426 27
    endloop
  endfacet
  facet normal 0.972373 -0.233434 0
    outer loop
      vertex 9.95075 5.37426 2.5
      vertex 9.80423 4.76393 27
      vertex 9.80423 4.76393 2.5
    endloop
  endfacet
  facet normal -0.649444 -0.760409 0
    outer loop
      vertex 3.17157 3.17157 2.5
      vertex 3.64886 2.76393 27
      vertex 3.17157 3.17157 27
    endloop
  endfacet
  facet normal -0.649444 -0.760409 -0
    outer loop
      vertex 3.64886 2.76393 27
      vertex 3.17157 3.17157 2.5
      vertex 3.64886 2.76393 2.5
    endloop
  endfacet
  facet normal 0.996917 -0.0784642 0
    outer loop
      vertex 9.95075 5.37426 27
      vertex 10 6 2.5
      vertex 10 6 27
    endloop
  endfacet
  facet normal 0.996917 -0.0784642 0
    outer loop
      vertex 10 6 2.5
      vertex 9.95075 5.37426 27
      vertex 9.95075 5.37426 2.5
    endloop
  endfacet
  facet normal -0.852643 -0.522494 0
    outer loop
      vertex 2.76393 3.64886 2.5
      vertex 2.5 4.07956 27
      vertex 2.5 4.07956 2.5
    endloop
  endfacet
  facet normal -0.852643 -0.522494 0
    outer loop
      vertex 2.5 4.07956 27
      vertex 2.76393 3.64886 2.5
      vertex 2.76393 3.64886 27
    endloop
  endfacet
  facet normal -0.996923 -0.078385 0
    outer loop
      vertex 70.0492 5.37426 2.5
      vertex 70 6 27
      vertex 70 6 2.5
    endloop
  endfacet
  facet normal -0.996923 -0.078385 0
    outer loop
      vertex 70 6 27
      vertex 70.0492 5.37426 2.5
      vertex 70.0492 5.37426 27
    endloop
  endfacet
  facet normal -0.0784691 0.996917 0
    outer loop
      vertex 74 10 2.5
      vertex 73.3743 9.95075 27
      vertex 74 10 27
    endloop
  endfacet
  facet normal -0.0784691 0.996917 0
    outer loop
      vertex 73.3743 9.95075 27
      vertex 74 10 2.5
      vertex 73.3743 9.95075 2.5
    endloop
  endfacet
  facet normal 0.649436 0.760416 -0
    outer loop
      vertex 76.8284 8.82843 2.5
      vertex 76.3511 9.23607 27
      vertex 76.8284 8.82843 27
    endloop
  endfacet
  facet normal 0.649436 0.760416 0
    outer loop
      vertex 76.3511 9.23607 27
      vertex 76.8284 8.82843 2.5
      vertex 76.3511 9.23607 2.5
    endloop
  endfacet
  facet normal -0.760362 0.649499 0
    outer loop
      vertex 70.7639 8.35114 2.5
      vertex 71.1716 8.82843 27
      vertex 71.1716 8.82843 2.5
    endloop
  endfacet
  facet normal -0.760362 0.649499 0
    outer loop
      vertex 71.1716 8.82843 27
      vertex 70.7639 8.35114 2.5
      vertex 70.7639 8.35114 27
    endloop
  endfacet
  facet normal -0.522557 0.852604 0
    outer loop
      vertex 72.184 9.56403 2.5
      vertex 71.6489 9.23607 27
      vertex 72.184 9.56403 27
    endloop
  endfacet
  facet normal -0.522557 0.852604 0
    outer loop
      vertex 71.6489 9.23607 27
      vertex 72.184 9.56403 2.5
      vertex 71.6489 9.23607 2.5
    endloop
  endfacet
  facet normal 0.760362 -0.649499 0
    outer loop
      vertex 76.8284 3.17157 27
      vertex 77.2361 3.64886 2.5
      vertex 77.2361 3.64886 27
    endloop
  endfacet
  facet normal 0.760362 -0.649499 0
    outer loop
      vertex 77.2361 3.64886 2.5
      vertex 76.8284 3.17157 27
      vertex 76.8284 3.17157 2.5
    endloop
  endfacet
  facet normal -0.923879 -0.382686 0
    outer loop
      vertex 70.436 4.18404 2.5
      vertex 70.1958 4.76393 27
      vertex 70.1958 4.76393 2.5
    endloop
  endfacet
  facet normal -0.923879 -0.382686 0
    outer loop
      vertex 70.1958 4.76393 27
      vertex 70.436 4.18404 2.5
      vertex 70.436 4.18404 27
    endloop
  endfacet
  facet normal 0.85267 0.522451 0
    outer loop
      vertex 77.5 7.92044 27
      vertex 77.2361 8.35114 2.5
      vertex 77.2361 8.35114 27
    endloop
  endfacet
  facet normal 0.85267 0.522451 0
    outer loop
      vertex 77.2361 8.35114 2.5
      vertex 77.5 7.92044 27
      vertex 77.5 7.92044 2.5
    endloop
  endfacet
  facet normal 0.760362 0.649499 0
    outer loop
      vertex 77.2361 8.35114 27
      vertex 76.8284 8.82843 2.5
      vertex 76.8284 8.82843 27
    endloop
  endfacet
  facet normal 0.760362 0.649499 0
    outer loop
      vertex 76.8284 8.82843 2.5
      vertex 77.2361 8.35114 27
      vertex 77.2361 8.35114 2.5
    endloop
  endfacet
  facet normal 0.38268 0.923881 -0
    outer loop
      vertex 75.816 9.56403 2.5
      vertex 75.2361 9.80423 27
      vertex 75.816 9.56403 27
    endloop
  endfacet
  facet normal 0.38268 0.923881 0
    outer loop
      vertex 75.2361 9.80423 27
      vertex 75.816 9.56403 2.5
      vertex 75.2361 9.80423 2.5
    endloop
  endfacet
  facet normal 0.522557 0.852604 -0
    outer loop
      vertex 76.3511 9.23607 2.5
      vertex 75.816 9.56403 27
      vertex 76.3511 9.23607 27
    endloop
  endfacet
  facet normal 0.522557 0.852604 0
    outer loop
      vertex 75.816 9.56403 27
      vertex 76.3511 9.23607 2.5
      vertex 75.816 9.56403 2.5
    endloop
  endfacet
  facet normal -0.923879 0.382686 0
    outer loop
      vertex 70.1958 7.23607 2.5
      vertex 70.436 7.81596 27
      vertex 70.436 7.81596 2.5
    endloop
  endfacet
  facet normal -0.923879 0.382686 0
    outer loop
      vertex 70.436 7.81596 27
      vertex 70.1958 7.23607 2.5
      vertex 70.1958 7.23607 27
    endloop
  endfacet
  facet normal -0.852682 0.522431 0
    outer loop
      vertex 70.436 7.81596 2.5
      vertex 70.7639 8.35114 27
      vertex 70.7639 8.35114 2.5
    endloop
  endfacet
  facet normal -0.852682 0.522431 0
    outer loop
      vertex 70.7639 8.35114 27
      vertex 70.436 7.81596 2.5
      vertex 70.436 7.81596 27
    endloop
  endfacet
  facet normal -0.972344 0.233555 0
    outer loop
      vertex 70.0492 6.62574 2.5
      vertex 70.1958 7.23607 27
      vertex 70.1958 7.23607 2.5
    endloop
  endfacet
  facet normal -0.972344 0.233555 0
    outer loop
      vertex 70.1958 7.23607 27
      vertex 70.0492 6.62574 2.5
      vertex 70.0492 6.62574 27
    endloop
  endfacet
  facet normal -0.649436 0.760416 0
    outer loop
      vertex 71.6489 9.23607 2.5
      vertex 71.1716 8.82843 27
      vertex 71.6489 9.23607 27
    endloop
  endfacet
  facet normal -0.649436 0.760416 0
    outer loop
      vertex 71.1716 8.82843 27
      vertex 71.6489 9.23607 2.5
      vertex 71.1716 8.82843 2.5
    endloop
  endfacet
  facet normal -0.233409 0.972379 0
    outer loop
      vertex 73.3743 9.95075 2.5
      vertex 72.7639 9.80423 27
      vertex 73.3743 9.95075 27
    endloop
  endfacet
  facet normal -0.233409 0.972379 0
    outer loop
      vertex 72.7639 9.80423 27
      vertex 73.3743 9.95075 2.5
      vertex 72.7639 9.80423 2.5
    endloop
  endfacet
  facet normal 0.649436 -0.760416 0
    outer loop
      vertex 76.3511 2.76393 2.5
      vertex 76.8284 3.17157 27
      vertex 76.3511 2.76393 27
    endloop
  endfacet
  facet normal 0.649436 -0.760416 0
    outer loop
      vertex 76.8284 3.17157 27
      vertex 76.3511 2.76393 2.5
      vertex 76.8284 3.17157 2.5
    endloop
  endfacet
  facet normal -0.522494 -0.852643 0
    outer loop
      vertex 71.6489 2.76393 2.5
      vertex 72.0796 2.5 27
      vertex 71.6489 2.76393 27
    endloop
  endfacet
  facet normal -0.522494 -0.852643 -0
    outer loop
      vertex 72.0796 2.5 27
      vertex 71.6489 2.76393 2.5
      vertex 72.0796 2.5 2.5
    endloop
  endfacet
  facet normal -0.760362 -0.649499 0
    outer loop
      vertex 71.1716 3.17157 2.5
      vertex 70.7639 3.64886 27
      vertex 70.7639 3.64886 2.5
    endloop
  endfacet
  facet normal -0.760362 -0.649499 0
    outer loop
      vertex 70.7639 3.64886 27
      vertex 71.1716 3.17157 2.5
      vertex 71.1716 3.17157 27
    endloop
  endfacet
  facet normal -0.649436 -0.760416 0
    outer loop
      vertex 71.1716 3.17157 2.5
      vertex 71.6489 2.76393 27
      vertex 71.1716 3.17157 27
    endloop
  endfacet
  facet normal -0.649436 -0.760416 -0
    outer loop
      vertex 71.6489 2.76393 27
      vertex 71.1716 3.17157 2.5
      vertex 71.6489 2.76393 2.5
    endloop
  endfacet
  facet normal -0.972344 -0.233555 0
    outer loop
      vertex 70.1958 4.76393 2.5
      vertex 70.0492 5.37426 27
      vertex 70.0492 5.37426 2.5
    endloop
  endfacet
  facet normal -0.972344 -0.233555 0
    outer loop
      vertex 70.0492 5.37426 27
      vertex 70.1958 4.76393 2.5
      vertex 70.1958 4.76393 27
    endloop
  endfacet
  facet normal 0.0784691 0.996917 -0
    outer loop
      vertex 74.6257 9.95075 2.5
      vertex 74 10 27
      vertex 74.6257 9.95075 27
    endloop
  endfacet
  facet normal 0.0784691 0.996917 0
    outer loop
      vertex 74 10 27
      vertex 74.6257 9.95075 2.5
      vertex 74 10 2.5
    endloop
  endfacet
  facet normal -0.996923 0.078385 0
    outer loop
      vertex 70 6 2.5
      vertex 70.0492 6.62574 27
      vertex 70.0492 6.62574 2.5
    endloop
  endfacet
  facet normal -0.996923 0.078385 0
    outer loop
      vertex 70.0492 6.62574 27
      vertex 70 6 2.5
      vertex 70 6 27
    endloop
  endfacet
  facet normal 0 0 1
    outer loop
      vertex 77.5 7.92044 27
      vertex 75.6791 6.26594 27
      vertex 75.7 6 27
    endloop
  endfacet
  facet normal 0 0 1
    outer loop
      vertex 76.3511 9.23607 27
      vertex 75.6168 6.52533 27
      vertex 75.6791 6.26594 27
    endloop
  endfacet
  facet normal 0 0 1
    outer loop
      vertex 76.3511 9.23607 27
      vertex 75.5147 6.77178 27
      vertex 75.6168 6.52533 27
    endloop
  endfacet
  facet normal 0 0 1
    outer loop
      vertex 76.3511 9.23607 27
      vertex 75.3753 6.99923 27
      vertex 75.5147 6.77178 27
    endloop
  endfacet
  facet normal 0 0 1
    outer loop
      vertex 74.7718 7.51471 27
      vertex 75.816 9.56403 27
      vertex 75.2361 9.80423 27
    endloop
  endfacet
  facet normal 0 0 1
    outer loop
      vertex 76.3511 9.23607 27
      vertex 75.2021 7.20208 27
      vertex 75.3753 6.99923 27
    endloop
  endfacet
  facet normal 0 0 1
    outer loop
      vertex 76.3511 9.23607 27
      vertex 74.9992 7.37533 27
      vertex 75.2021 7.20208 27
    endloop
  endfacet
  facet normal 0 0 1
    outer loop
      vertex 75.816 9.56403 27
      vertex 74.7718 7.51471 27
      vertex 74.9992 7.37533 27
    endloop
  endfacet
  facet normal 0 0 1
    outer loop
      vertex 74.5253 7.6168 27
      vertex 75.2361 9.80423 27
      vertex 74.6257 9.95075 27
    endloop
  endfacet
  facet normal 0 0 1
    outer loop
      vertex 75.2361 9.80423 27
      vertex 74.5253 7.6168 27
      vertex 74.7718 7.51471 27
    endloop
  endfacet
  facet normal 0 0 1
    outer loop
      vertex 74.6257 9.95075 27
      vertex 74.2659 7.67907 27
      vertex 74.5253 7.6168 27
    endloop
  endfacet
  facet normal 0 0 1
    outer loop
      vertex 74 10 27
      vertex 74.2659 7.67907 27
      vertex 74.6257 9.95075 27
    endloop
  endfacet
  facet normal 0 0 1
    outer loop
      vertex 74 10 27
      vertex 74 7.7 27
      vertex 74.2659 7.67907 27
    endloop
  endfacet
  facet normal 0 0 1
    outer loop
      vertex 74 10 27
      vertex 73.7341 7.67907 27
      vertex 74 7.7 27
    endloop
  endfacet
  facet normal -0 0 1
    outer loop
      vertex 73.3743 9.95075 27
      vertex 73.7341 7.67907 27
      vertex 74 10 27
    endloop
  endfacet
  facet normal 0 0 1
    outer loop
      vertex 73.7341 7.67907 27
      vertex 73.3743 9.95075 27
      vertex 73.4747 7.6168 27
    endloop
  endfacet
  facet normal -0 0 1
    outer loop
      vertex 72.7639 9.80423 27
      vertex 73.4747 7.6168 27
      vertex 73.3743 9.95075 27
    endloop
  endfacet
  facet normal 0 0 1
    outer loop
      vertex 73.4747 7.6168 27
      vertex 72.7639 9.80423 27
      vertex 73.2282 7.51471 27
    endloop
  endfacet
  facet normal -0 0 1
    outer loop
      vertex 72.184 9.56403 27
      vertex 73.2282 7.51471 27
      vertex 72.7639 9.80423 27
    endloop
  endfacet
  facet normal 0 0 1
    outer loop
      vertex 73.2282 7.51471 27
      vertex 72.184 9.56403 27
      vertex 73.0008 7.37533 27
    endloop
  endfacet
  facet normal -0 0 1
    outer loop
      vertex 71.6489 9.23607 27
      vertex 73.0008 7.37533 27
      vertex 72.184 9.56403 27
    endloop
  endfacet
  facet normal 0 0 1
    outer loop
      vertex 73.0008 7.37533 27
      vertex 71.6489 9.23607 27
      vertex 72.7979 7.20208 27
    endloop
  endfacet
  facet normal -0 0 1
    outer loop
      vertex 71.1716 8.82843 27
      vertex 72.7979 7.20208 27
      vertex 71.6489 9.23607 27
    endloop
  endfacet
  facet normal 0 0 1
    outer loop
      vertex 72.7979 7.20208 27
      vertex 71.1716 8.82843 27
      vertex 72.6247 6.99923 27
    endloop
  endfacet
  facet normal 0 0 1
    outer loop
      vertex 72.6247 6.99923 27
      vertex 70.7639 8.35114 27
      vertex 72.4853 6.77178 27
    endloop
  endfacet
  facet normal -0 0 1
    outer loop
      vertex 70.7639 8.35114 27
      vertex 72.6247 6.99923 27
      vertex 71.1716 8.82843 27
    endloop
  endfacet
  facet normal 0 0 1
    outer loop
      vertex 75.6791 6.26594 27
      vertex 77.5 7.92044 27
      vertex 77.2361 8.35114 27
    endloop
  endfacet
  facet normal 0 0 1
    outer loop
      vertex 77.5 7.92044 27
      vertex 75.7 6 27
      vertex 77.5 4.07956 27
    endloop
  endfacet
  facet normal 0 0 1
    outer loop
      vertex 75.6791 6.26594 27
      vertex 77.2361 8.35114 27
      vertex 76.8284 8.82843 27
    endloop
  endfacet
  facet normal -0 0 1
    outer loop
      vertex 75.6791 5.73406 27
      vertex 77.5 4.07956 27
      vertex 75.7 6 27
    endloop
  endfacet
  facet normal 0 0 1
    outer loop
      vertex 75.6791 6.26594 27
      vertex 76.8284 8.82843 27
      vertex 76.3511 9.23607 27
    endloop
  endfacet
  facet normal -0 0 1
    outer loop
      vertex 75.6168 5.47467 27
      vertex 77.5 4.07956 27
      vertex 75.6791 5.73406 27
    endloop
  endfacet
  facet normal -0 0 1
    outer loop
      vertex 75.5147 5.22822 27
      vertex 77.5 4.07956 27
      vertex 75.6168 5.47467 27
    endloop
  endfacet
  facet normal 0 0 1
    outer loop
      vertex 74.9992 7.37533 27
      vertex 76.3511 9.23607 27
      vertex 75.816 9.56403 27
    endloop
  endfacet
  facet normal -0 0 1
    outer loop
      vertex 75.3753 5.00076 27
      vertex 77.5 4.07956 27
      vertex 75.5147 5.22822 27
    endloop
  endfacet
  facet normal 0 0 1
    outer loop
      vertex 77.5 4.07956 27
      vertex 75.3753 5.00076 27
      vertex 77.2361 3.64886 27
    endloop
  endfacet
  facet normal 0 0 1
    outer loop
      vertex 77.2361 3.64886 27
      vertex 75.3753 5.00076 27
      vertex 76.8284 3.17157 27
    endloop
  endfacet
  facet normal -0 0 1
    outer loop
      vertex 75.2021 4.79792 27
      vertex 76.8284 3.17157 27
      vertex 75.3753 5.00076 27
    endloop
  endfacet
  facet normal 0 0 1
    outer loop
      vertex 76.8284 3.17157 27
      vertex 75.2021 4.79792 27
      vertex 76.3511 2.76393 27
    endloop
  endfacet
  facet normal -0 0 1
    outer loop
      vertex 74.9992 4.62467 27
      vertex 76.3511 2.76393 27
      vertex 75.2021 4.79792 27
    endloop
  endfacet
  facet normal 0 0 1
    outer loop
      vertex 76.3511 2.76393 27
      vertex 74.9992 4.62467 27
      vertex 75.9204 2.5 27
    endloop
  endfacet
  facet normal -0 0 1
    outer loop
      vertex 74.7718 4.48529 27
      vertex 75.9204 2.5 27
      vertex 74.9992 4.62467 27
    endloop
  endfacet
  facet normal -0 0 1
    outer loop
      vertex 74.5253 4.3832 27
      vertex 75.9204 2.5 27
      vertex 74.7718 4.48529 27
    endloop
  endfacet
  facet normal -0 0 1
    outer loop
      vertex 74.2659 4.32093 27
      vertex 75.9204 2.5 27
      vertex 74.5253 4.3832 27
    endloop
  endfacet
  facet normal -0 0 1
    outer loop
      vertex 74 4.3 27
      vertex 75.9204 2.5 27
      vertex 74.2659 4.32093 27
    endloop
  endfacet
  facet normal 0 0 1
    outer loop
      vertex 72.0796 2.5 27
      vertex 74 4.3 27
      vertex 73.7341 4.32093 27
    endloop
  endfacet
  facet normal 0 0 1
    outer loop
      vertex 72.0796 2.5 27
      vertex 73.7341 4.32093 27
      vertex 73.4747 4.3832 27
    endloop
  endfacet
  facet normal 0 0 1
    outer loop
      vertex 72.0796 2.5 27
      vertex 73.4747 4.3832 27
      vertex 73.2282 4.48529 27
    endloop
  endfacet
  facet normal 0 0 1
    outer loop
      vertex 72.0796 2.5 27
      vertex 73.2282 4.48529 27
      vertex 73.0008 4.62467 27
    endloop
  endfacet
  facet normal 0 0 1
    outer loop
      vertex 74 4.3 27
      vertex 72.0796 2.5 27
      vertex 75.9204 2.5 27
    endloop
  endfacet
  facet normal 0 0 1
    outer loop
      vertex 71.6489 2.76393 27
      vertex 73.0008 4.62467 27
      vertex 72.7979 4.79792 27
    endloop
  endfacet
  facet normal 0 0 1
    outer loop
      vertex 71.1716 3.17157 27
      vertex 72.7979 4.79792 27
      vertex 72.6247 5.00076 27
    endloop
  endfacet
  facet normal 0 0 1
    outer loop
      vertex 70.7639 3.64886 27
      vertex 72.6247 5.00076 27
      vertex 72.4853 5.22822 27
    endloop
  endfacet
  facet normal 0 0 1
    outer loop
      vertex 70.436 4.18404 27
      vertex 72.4853 5.22822 27
      vertex 72.3832 5.47467 27
    endloop
  endfacet
  facet normal 0 0 1
    outer loop
      vertex 70.1958 4.76393 27
      vertex 72.3832 5.47467 27
      vertex 72.3209 5.73406 27
    endloop
  endfacet
  facet normal 0 0 1
    outer loop
      vertex 70.0492 5.37426 27
      vertex 72.3209 5.73406 27
      vertex 72.3 6 27
    endloop
  endfacet
  facet normal -0 0 1
    outer loop
      vertex 70.436 7.81596 27
      vertex 72.4853 6.77178 27
      vertex 70.7639 8.35114 27
    endloop
  endfacet
  facet normal 0 0 1
    outer loop
      vertex 72.4853 6.77178 27
      vertex 70.436 7.81596 27
      vertex 72.3832 6.52533 27
    endloop
  endfacet
  facet normal -0 0 1
    outer loop
      vertex 70.1958 7.23607 27
      vertex 72.3832 6.52533 27
      vertex 70.436 7.81596 27
    endloop
  endfacet
  facet normal 0 0 1
    outer loop
      vertex 72.7979 4.79792 27
      vertex 71.1716 3.17157 27
      vertex 71.6489 2.76393 27
    endloop
  endfacet
  facet normal 0 0 1
    outer loop
      vertex 73.0008 4.62467 27
      vertex 71.6489 2.76393 27
      vertex 72.0796 2.5 27
    endloop
  endfacet
  facet normal 0 0 1
    outer loop
      vertex 72.3832 6.52533 27
      vertex 70.1958 7.23607 27
      vertex 72.3209 6.26594 27
    endloop
  endfacet
  facet normal 0 0 1
    outer loop
      vertex 72.6247 5.00076 27
      vertex 70.7639 3.64886 27
      vertex 71.1716 3.17157 27
    endloop
  endfacet
  facet normal -0 0 1
    outer loop
      vertex 70.0492 6.62574 27
      vertex 72.3209 6.26594 27
      vertex 70.1958 7.23607 27
    endloop
  endfacet
  facet normal 0 0 1
    outer loop
      vertex 72.4853 5.22822 27
      vertex 70.436 4.18404 27
      vertex 70.7639 3.64886 27
    endloop
  endfacet
  facet normal 0 0 1
    outer loop
      vertex 72.3209 6.26594 27
      vertex 70.0492 6.62574 27
      vertex 72.3 6 27
    endloop
  endfacet
  facet normal 0 0 1
    outer loop
      vertex 72.3832 5.47467 27
      vertex 70.1958 4.76393 27
      vertex 70.436 4.18404 27
    endloop
  endfacet
  facet normal 0 0 1
    outer loop
      vertex 70 6 27
      vertex 72.3 6 27
      vertex 70.0492 6.62574 27
    endloop
  endfacet
  facet normal 0 0 1
    outer loop
      vertex 72.3209 5.73406 27
      vertex 70.0492 5.37426 27
      vertex 70.1958 4.76393 27
    endloop
  endfacet
  facet normal 0 0 1
    outer loop
      vertex 72.3 6 27
      vertex 70 6 27
      vertex 70.0492 5.37426 27
    endloop
  endfacet
  facet normal -0.38268 0.923881 0
    outer loop
      vertex 72.7639 9.80423 2.5
      vertex 72.184 9.56403 27
      vertex 72.7639 9.80423 27
    endloop
  endfacet
  facet normal -0.38268 0.923881 0
    outer loop
      vertex 72.184 9.56403 27
      vertex 72.7639 9.80423 2.5
      vertex 72.184 9.56403 2.5
    endloop
  endfacet
  facet normal 0.85267 -0.522451 0
    outer loop
      vertex 77.2361 3.64886 27
      vertex 77.5 4.07956 2.5
      vertex 77.5 4.07956 27
    endloop
  endfacet
  facet normal 0.85267 -0.522451 0
    outer loop
      vertex 77.5 4.07956 2.5
      vertex 77.2361 3.64886 27
      vertex 77.2361 3.64886 2.5
    endloop
  endfacet
  facet normal 0.233409 0.972379 -0
    outer loop
      vertex 75.2361 9.80423 2.5
      vertex 74.6257 9.95075 27
      vertex 75.2361 9.80423 27
    endloop
  endfacet
  facet normal 0.233409 0.972379 0
    outer loop
      vertex 74.6257 9.95075 27
      vertex 75.2361 9.80423 2.5
      vertex 74.6257 9.95075 2.5
    endloop
  endfacet
  facet normal 0.522494 -0.852643 0
    outer loop
      vertex 75.9204 2.5 2.5
      vertex 76.3511 2.76393 27
      vertex 75.9204 2.5 27
    endloop
  endfacet
  facet normal 0.522494 -0.852643 0
    outer loop
      vertex 76.3511 2.76393 27
      vertex 75.9204 2.5 2.5
      vertex 76.3511 2.76393 2.5
    endloop
  endfacet
  facet normal -0.852682 -0.522431 0
    outer loop
      vertex 70.7639 3.64886 2.5
      vertex 70.436 4.18404 27
      vertex 70.436 4.18404 2.5
    endloop
  endfacet
  facet normal -0.852682 -0.522431 0
    outer loop
      vertex 70.436 4.18404 27
      vertex 70.7639 3.64886 2.5
      vertex 70.7639 3.64886 27
    endloop
  endfacet
  facet normal 0.996917 0.0784691 0
    outer loop
      vertex 10 54 27
      vertex 9.95075 54.6257 2.5
      vertex 9.95075 54.6257 27
    endloop
  endfacet
  facet normal 0.996917 0.0784691 0
    outer loop
      vertex 9.95075 54.6257 2.5
      vertex 10 54 27
      vertex 10 54 2.5
    endloop
  endfacet
  facet normal 0.078385 -0.996923 0
    outer loop
      vertex 6 50 2.5
      vertex 6.62574 50.0492 27
      vertex 6 50 27
    endloop
  endfacet
  facet normal 0.078385 -0.996923 0
    outer loop
      vertex 6.62574 50.0492 27
      vertex 6 50 2.5
      vertex 6.62574 50.0492 2.5
    endloop
  endfacet
  facet normal 0.649499 0.760362 -0
    outer loop
      vertex 8.82843 56.8284 2.5
      vertex 8.35114 57.2361 27
      vertex 8.82843 56.8284 27
    endloop
  endfacet
  facet normal 0.649499 0.760362 0
    outer loop
      vertex 8.35114 57.2361 27
      vertex 8.82843 56.8284 2.5
      vertex 8.35114 57.2361 2.5
    endloop
  endfacet
  facet normal -0.760416 0.649436 0
    outer loop
      vertex 2.76393 56.3511 2.5
      vertex 3.17157 56.8284 27
      vertex 3.17157 56.8284 2.5
    endloop
  endfacet
  facet normal -0.760416 0.649436 0
    outer loop
      vertex 3.17157 56.8284 27
      vertex 2.76393 56.3511 2.5
      vertex 2.76393 56.3511 27
    endloop
  endfacet
  facet normal -0.522451 0.85267 0
    outer loop
      vertex 4.07956 57.5 2.5
      vertex 3.64886 57.2361 27
      vertex 4.07956 57.5 27
    endloop
  endfacet
  facet normal -0.522451 0.85267 0
    outer loop
      vertex 3.64886 57.2361 27
      vertex 4.07956 57.5 2.5
      vertex 3.64886 57.2361 2.5
    endloop
  endfacet
  facet normal 0.852604 -0.522557 0
    outer loop
      vertex 9.23607 51.6489 27
      vertex 9.56403 52.184 2.5
      vertex 9.56403 52.184 27
    endloop
  endfacet
  facet normal 0.852604 -0.522557 0
    outer loop
      vertex 9.56403 52.184 2.5
      vertex 9.23607 51.6489 27
      vertex 9.23607 51.6489 2.5
    endloop
  endfacet
  facet normal -0.852643 -0.522494 0
    outer loop
      vertex 2.76393 51.6489 2.5
      vertex 2.5 52.0796 27
      vertex 2.5 52.0796 2.5
    endloop
  endfacet
  facet normal -0.852643 -0.522494 0
    outer loop
      vertex 2.5 52.0796 27
      vertex 2.76393 51.6489 2.5
      vertex 2.76393 51.6489 27
    endloop
  endfacet
  facet normal 0.852604 0.522557 0
    outer loop
      vertex 9.56403 55.816 27
      vertex 9.23607 56.3511 2.5
      vertex 9.23607 56.3511 27
    endloop
  endfacet
  facet normal 0.852604 0.522557 0
    outer loop
      vertex 9.23607 56.3511 2.5
      vertex 9.56403 55.816 27
      vertex 9.56403 55.816 2.5
    endloop
  endfacet
  facet normal 0.972379 0.233409 0
    outer loop
      vertex 9.95075 54.6257 27
      vertex 9.80423 55.2361 2.5
      vertex 9.80423 55.2361 27
    endloop
  endfacet
  facet normal 0.972379 0.233409 0
    outer loop
      vertex 9.80423 55.2361 2.5
      vertex 9.95075 54.6257 27
      vertex 9.95075 54.6257 2.5
    endloop
  endfacet
  facet normal 0.760416 0.649436 0
    outer loop
      vertex 9.23607 56.3511 27
      vertex 8.82843 56.8284 2.5
      vertex 8.82843 56.8284 27
    endloop
  endfacet
  facet normal 0.760416 0.649436 0
    outer loop
      vertex 8.82843 56.8284 2.5
      vertex 9.23607 56.3511 27
      vertex 9.23607 56.3511 2.5
    endloop
  endfacet
  facet normal 0.522451 0.85267 -0
    outer loop
      vertex 8.35114 57.2361 2.5
      vertex 7.92044 57.5 27
      vertex 8.35114 57.2361 27
    endloop
  endfacet
  facet normal 0.522451 0.85267 0
    outer loop
      vertex 7.92044 57.5 27
      vertex 8.35114 57.2361 2.5
      vertex 7.92044 57.5 2.5
    endloop
  endfacet
  facet normal -0.852643 0.522494 0
    outer loop
      vertex 2.5 55.9204 2.5
      vertex 2.76393 56.3511 27
      vertex 2.76393 56.3511 2.5
    endloop
  endfacet
  facet normal -0.852643 0.522494 0
    outer loop
      vertex 2.76393 56.3511 27
      vertex 2.5 55.9204 2.5
      vertex 2.5 55.9204 27
    endloop
  endfacet
  facet normal -0.649499 0.760362 0
    outer loop
      vertex 3.64886 57.2361 2.5
      vertex 3.17157 56.8284 27
      vertex 3.64886 57.2361 27
    endloop
  endfacet
  facet normal -0.649499 0.760362 0
    outer loop
      vertex 3.17157 56.8284 27
      vertex 3.64886 57.2361 2.5
      vertex 3.17157 56.8284 2.5
    endloop
  endfacet
  facet normal 0.522431 -0.852682 0
    outer loop
      vertex 7.81596 50.436 2.5
      vertex 8.35114 50.7639 27
      vertex 7.81596 50.436 27
    endloop
  endfacet
  facet normal 0.522431 -0.852682 0
    outer loop
      vertex 8.35114 50.7639 27
      vertex 7.81596 50.436 2.5
      vertex 8.35114 50.7639 2.5
    endloop
  endfacet
  facet normal 0.233555 -0.972344 0
    outer loop
      vertex 6.62574 50.0492 2.5
      vertex 7.23607 50.1958 27
      vertex 6.62574 50.0492 27
    endloop
  endfacet
  facet normal 0.233555 -0.972344 0
    outer loop
      vertex 7.23607 50.1958 27
      vertex 6.62574 50.0492 2.5
      vertex 7.23607 50.1958 2.5
    endloop
  endfacet
  facet normal 0.649499 -0.760362 0
    outer loop
      vertex 8.35114 50.7639 2.5
      vertex 8.82843 51.1716 27
      vertex 8.35114 50.7639 27
    endloop
  endfacet
  facet normal 0.649499 -0.760362 0
    outer loop
      vertex 8.82843 51.1716 27
      vertex 8.35114 50.7639 2.5
      vertex 8.82843 51.1716 2.5
    endloop
  endfacet
  facet normal -0.522431 -0.852682 0
    outer loop
      vertex 3.64886 50.7639 2.5
      vertex 4.18404 50.436 27
      vertex 3.64886 50.7639 27
    endloop
  endfacet
  facet normal -0.522431 -0.852682 -0
    outer loop
      vertex 4.18404 50.436 27
      vertex 3.64886 50.7639 2.5
      vertex 4.18404 50.436 2.5
    endloop
  endfacet
  facet normal -0.233555 -0.972344 0
    outer loop
      vertex 4.76393 50.1958 2.5
      vertex 5.37426 50.0492 27
      vertex 4.76393 50.1958 27
    endloop
  endfacet
  facet normal -0.233555 -0.972344 -0
    outer loop
      vertex 5.37426 50.0492 27
      vertex 4.76393 50.1958 2.5
      vertex 5.37426 50.0492 2.5
    endloop
  endfacet
  facet normal -0.760416 -0.649436 0
    outer loop
      vertex 3.17157 51.1716 2.5
      vertex 2.76393 51.6489 27
      vertex 2.76393 51.6489 2.5
    endloop
  endfacet
  facet normal -0.760416 -0.649436 0
    outer loop
      vertex 2.76393 51.6489 27
      vertex 3.17157 51.1716 2.5
      vertex 3.17157 51.1716 27
    endloop
  endfacet
  facet normal 0.923881 0.38268 0
    outer loop
      vertex 9.80423 55.2361 27
      vertex 9.56403 55.816 2.5
      vertex 9.56403 55.816 27
    endloop
  endfacet
  facet normal 0.923881 0.38268 0
    outer loop
      vertex 9.56403 55.816 2.5
      vertex 9.80423 55.2361 27
      vertex 9.80423 55.2361 2.5
    endloop
  endfacet
  facet normal 0 0 1
    outer loop
      vertex 7.7 54 27
      vertex 10 54 27
      vertex 9.95075 54.6257 27
    endloop
  endfacet
  facet normal 0 0 1
    outer loop
      vertex 7.67907 54.2659 27
      vertex 9.95075 54.6257 27
      vertex 9.80423 55.2361 27
    endloop
  endfacet
  facet normal 0 0 1
    outer loop
      vertex 10 54 27
      vertex 7.7 54 27
      vertex 9.95075 53.3743 27
    endloop
  endfacet
  facet normal 0 0 1
    outer loop
      vertex 7.6168 54.5253 27
      vertex 9.80423 55.2361 27
      vertex 9.56403 55.816 27
    endloop
  endfacet
  facet normal -0 0 1
    outer loop
      vertex 7.67907 53.7341 27
      vertex 9.95075 53.3743 27
      vertex 7.7 54 27
    endloop
  endfacet
  facet normal 0 0 1
    outer loop
      vertex 7.51471 54.7718 27
      vertex 9.56403 55.816 27
      vertex 9.23607 56.3511 27
    endloop
  endfacet
  facet normal 0 0 1
    outer loop
      vertex 9.95075 53.3743 27
      vertex 7.67907 53.7341 27
      vertex 9.80423 52.7639 27
    endloop
  endfacet
  facet normal 0 0 1
    outer loop
      vertex 7.37533 54.9992 27
      vertex 9.23607 56.3511 27
      vertex 8.82843 56.8284 27
    endloop
  endfacet
  facet normal -0 0 1
    outer loop
      vertex 7.6168 53.4747 27
      vertex 9.80423 52.7639 27
      vertex 7.67907 53.7341 27
    endloop
  endfacet
  facet normal 0 0 1
    outer loop
      vertex 7.20208 55.2021 27
      vertex 8.82843 56.8284 27
      vertex 8.35114 57.2361 27
    endloop
  endfacet
  facet normal 0 0 1
    outer loop
      vertex 9.80423 52.7639 27
      vertex 7.6168 53.4747 27
      vertex 9.56403 52.184 27
    endloop
  endfacet
  facet normal 0 0 1
    outer loop
      vertex 6.99923 55.3753 27
      vertex 8.35114 57.2361 27
      vertex 7.92044 57.5 27
    endloop
  endfacet
  facet normal -0 0 1
    outer loop
      vertex 7.51471 53.2282 27
      vertex 9.56403 52.184 27
      vertex 7.6168 53.4747 27
    endloop
  endfacet
  facet normal 0 0 1
    outer loop
      vertex 9.56403 52.184 27
      vertex 7.51471 53.2282 27
      vertex 9.23607 51.6489 27
    endloop
  endfacet
  facet normal 0 0 1
    outer loop
      vertex 9.95075 54.6257 27
      vertex 7.67907 54.2659 27
      vertex 7.7 54 27
    endloop
  endfacet
  facet normal 0 0 1
    outer loop
      vertex 9.80423 55.2361 27
      vertex 7.6168 54.5253 27
      vertex 7.67907 54.2659 27
    endloop
  endfacet
  facet normal 0 0 1
    outer loop
      vertex 9.56403 55.816 27
      vertex 7.51471 54.7718 27
      vertex 7.6168 54.5253 27
    endloop
  endfacet
  facet normal 0 0 1
    outer loop
      vertex 9.23607 56.3511 27
      vertex 7.37533 54.9992 27
      vertex 7.51471 54.7718 27
    endloop
  endfacet
  facet normal 0 0 1
    outer loop
      vertex 8.82843 56.8284 27
      vertex 7.20208 55.2021 27
      vertex 7.37533 54.9992 27
    endloop
  endfacet
  facet normal 0 0 1
    outer loop
      vertex 8.35114 57.2361 27
      vertex 6.99923 55.3753 27
      vertex 7.20208 55.2021 27
    endloop
  endfacet
  facet normal 0 0 1
    outer loop
      vertex 7.92044 57.5 27
      vertex 6.77178 55.5147 27
      vertex 6.99923 55.3753 27
    endloop
  endfacet
  facet normal 0 0 1
    outer loop
      vertex 7.92044 57.5 27
      vertex 6.52533 55.6168 27
      vertex 6.77178 55.5147 27
    endloop
  endfacet
  facet normal 0 0 1
    outer loop
      vertex 7.92044 57.5 27
      vertex 6.26594 55.6791 27
      vertex 6.52533 55.6168 27
    endloop
  endfacet
  facet normal 0 0 1
    outer loop
      vertex 7.92044 57.5 27
      vertex 6 55.7 27
      vertex 6.26594 55.6791 27
    endloop
  endfacet
  facet normal -0 0 1
    outer loop
      vertex 4.07956 57.5 27
      vertex 6 55.7 27
      vertex 7.92044 57.5 27
    endloop
  endfacet
  facet normal 0 0 1
    outer loop
      vertex 6 55.7 27
      vertex 4.07956 57.5 27
      vertex 5.73406 55.6791 27
    endloop
  endfacet
  facet normal 0 0 1
    outer loop
      vertex 5.73406 55.6791 27
      vertex 4.07956 57.5 27
      vertex 5.47467 55.6168 27
    endloop
  endfacet
  facet normal 0 0 1
    outer loop
      vertex 5.47467 55.6168 27
      vertex 4.07956 57.5 27
      vertex 5.22822 55.5147 27
    endloop
  endfacet
  facet normal 0 0 1
    outer loop
      vertex 5.22822 55.5147 27
      vertex 4.07956 57.5 27
      vertex 5.00076 55.3753 27
    endloop
  endfacet
  facet normal -0 0 1
    outer loop
      vertex 3.64886 57.2361 27
      vertex 5.00076 55.3753 27
      vertex 4.07956 57.5 27
    endloop
  endfacet
  facet normal 0 0 1
    outer loop
      vertex 5.00076 55.3753 27
      vertex 3.64886 57.2361 27
      vertex 4.79792 55.2021 27
    endloop
  endfacet
  facet normal -0 0 1
    outer loop
      vertex 3.17157 56.8284 27
      vertex 4.79792 55.2021 27
      vertex 3.64886 57.2361 27
    endloop
  endfacet
  facet normal 0 0 1
    outer loop
      vertex 4.79792 55.2021 27
      vertex 3.17157 56.8284 27
      vertex 4.62467 54.9992 27
    endloop
  endfacet
  facet normal -0 0 1
    outer loop
      vertex 2.76393 56.3511 27
      vertex 4.62467 54.9992 27
      vertex 3.17157 56.8284 27
    endloop
  endfacet
  facet normal -0 0 1
    outer loop
      vertex 2.5 55.9204 27
      vertex 4.62467 54.9992 27
      vertex 2.76393 56.3511 27
    endloop
  endfacet
  facet normal 0 0 1
    outer loop
      vertex 4.62467 54.9992 27
      vertex 2.5 55.9204 27
      vertex 4.48529 54.7718 27
    endloop
  endfacet
  facet normal 0 0 1
    outer loop
      vertex 4.48529 54.7718 27
      vertex 2.5 55.9204 27
      vertex 4.3832 54.5253 27
    endloop
  endfacet
  facet normal 0 0 1
    outer loop
      vertex 4.3 54 27
      vertex 3.64886 50.7639 27
      vertex 4.18404 50.436 27
    endloop
  endfacet
  facet normal 0 0 1
    outer loop
      vertex 4.3832 54.5253 27
      vertex 2.5 55.9204 27
      vertex 4.32093 54.2659 27
    endloop
  endfacet
  facet normal 0 0 1
    outer loop
      vertex 4.3 54 27
      vertex 3.17157 51.1716 27
      vertex 3.64886 50.7639 27
    endloop
  endfacet
  facet normal 0 0 1
    outer loop
      vertex 4.32093 54.2659 27
      vertex 2.5 55.9204 27
      vertex 4.3 54 27
    endloop
  endfacet
  facet normal 0 0 1
    outer loop
      vertex 2.5 52.0796 27
      vertex 4.3 54 27
      vertex 2.5 55.9204 27
    endloop
  endfacet
  facet normal 0 -0 1
    outer loop
      vertex 2.76393 51.6489 27
      vertex 4.3 54 27
      vertex 2.5 52.0796 27
    endloop
  endfacet
  facet normal 0 0 1
    outer loop
      vertex 4.3 54 27
      vertex 2.76393 51.6489 27
      vertex 3.17157 51.1716 27
    endloop
  endfacet
  facet normal -0 0 1
    outer loop
      vertex 7.37533 53.0008 27
      vertex 9.23607 51.6489 27
      vertex 7.51471 53.2282 27
    endloop
  endfacet
  facet normal 0 0 1
    outer loop
      vertex 9.23607 51.6489 27
      vertex 7.37533 53.0008 27
      vertex 8.82843 51.1716 27
    endloop
  endfacet
  facet normal -0 0 1
    outer loop
      vertex 7.20208 52.7979 27
      vertex 8.82843 51.1716 27
      vertex 7.37533 53.0008 27
    endloop
  endfacet
  facet normal 0 0 1
    outer loop
      vertex 8.82843 51.1716 27
      vertex 7.20208 52.7979 27
      vertex 8.35114 50.7639 27
    endloop
  endfacet
  facet normal -0 0 1
    outer loop
      vertex 6.99923 52.6247 27
      vertex 8.35114 50.7639 27
      vertex 7.20208 52.7979 27
    endloop
  endfacet
  facet normal 0 0 1
    outer loop
      vertex 8.35114 50.7639 27
      vertex 6.99923 52.6247 27
      vertex 7.81596 50.436 27
    endloop
  endfacet
  facet normal -0 0 1
    outer loop
      vertex 6.77178 52.4853 27
      vertex 7.81596 50.436 27
      vertex 6.99923 52.6247 27
    endloop
  endfacet
  facet normal 0 0 1
    outer loop
      vertex 7.81596 50.436 27
      vertex 6.77178 52.4853 27
      vertex 7.23607 50.1958 27
    endloop
  endfacet
  facet normal -0 0 1
    outer loop
      vertex 6.52533 52.3832 27
      vertex 7.23607 50.1958 27
      vertex 6.77178 52.4853 27
    endloop
  endfacet
  facet normal 0 0 1
    outer loop
      vertex 7.23607 50.1958 27
      vertex 6.52533 52.3832 27
      vertex 6.62574 50.0492 27
    endloop
  endfacet
  facet normal -0 0 1
    outer loop
      vertex 6.26594 52.3209 27
      vertex 6.62574 50.0492 27
      vertex 6.52533 52.3832 27
    endloop
  endfacet
  facet normal -0 0 1
    outer loop
      vertex 6 52.3 27
      vertex 6.62574 50.0492 27
      vertex 6.26594 52.3209 27
    endloop
  endfacet
  facet normal 0 0 1
    outer loop
      vertex 6 52.3 27
      vertex 6 50 27
      vertex 6.62574 50.0492 27
    endloop
  endfacet
  facet normal 0 0 1
    outer loop
      vertex 5.73406 52.3209 27
      vertex 6 50 27
      vertex 6 52.3 27
    endloop
  endfacet
  facet normal 0 0 1
    outer loop
      vertex 5.37426 50.0492 27
      vertex 5.73406 52.3209 27
      vertex 5.47467 52.3832 27
    endloop
  endfacet
  facet normal 0 0 1
    outer loop
      vertex 5.73406 52.3209 27
      vertex 5.37426 50.0492 27
      vertex 6 50 27
    endloop
  endfacet
  facet normal 0 0 1
    outer loop
      vertex 4.76393 50.1958 27
      vertex 5.47467 52.3832 27
      vertex 5.22822 52.4853 27
    endloop
  endfacet
  facet normal 0 0 1
    outer loop
      vertex 4.18404 50.436 27
      vertex 5.22822 52.4853 27
      vertex 5.00076 52.6247 27
    endloop
  endfacet
  facet normal 0 0 1
    outer loop
      vertex 4.18404 50.436 27
      vertex 5.00076 52.6247 27
      vertex 4.79792 52.7979 27
    endloop
  endfacet
  facet normal 0 0 1
    outer loop
      vertex 5.47467 52.3832 27
      vertex 4.76393 50.1958 27
      vertex 5.37426 50.0492 27
    endloop
  endfacet
  facet normal 0 0 1
    outer loop
      vertex 4.18404 50.436 27
      vertex 4.79792 52.7979 27
      vertex 4.62467 53.0008 27
    endloop
  endfacet
  facet normal 0 0 1
    outer loop
      vertex 4.18404 50.436 27
      vertex 4.62467 53.0008 27
      vertex 4.48529 53.2282 27
    endloop
  endfacet
  facet normal 0 0 1
    outer loop
      vertex 4.18404 50.436 27
      vertex 4.48529 53.2282 27
      vertex 4.3832 53.4747 27
    endloop
  endfacet
  facet normal 0 0 1
    outer loop
      vertex 4.18404 50.436 27
      vertex 4.3832 53.4747 27
      vertex 4.32093 53.7341 27
    endloop
  endfacet
  facet normal 0 0 1
    outer loop
      vertex 5.22822 52.4853 27
      vertex 4.18404 50.436 27
      vertex 4.76393 50.1958 27
    endloop
  endfacet
  facet normal 0 0 1
    outer loop
      vertex 4.18404 50.436 27
      vertex 4.32093 53.7341 27
      vertex 4.3 54 27
    endloop
  endfacet
  facet normal 0.996917 -0.0784691 0
    outer loop
      vertex 9.95075 53.3743 27
      vertex 10 54 2.5
      vertex 10 54 27
    endloop
  endfacet
  facet normal 0.996917 -0.0784691 0
    outer loop
      vertex 10 54 2.5
      vertex 9.95075 53.3743 27
      vertex 9.95075 53.3743 2.5
    endloop
  endfacet
  facet normal 0.382686 -0.923879 0
    outer loop
      vertex 7.23607 50.1958 2.5
      vertex 7.81596 50.436 27
      vertex 7.23607 50.1958 27
    endloop
  endfacet
  facet normal 0.382686 -0.923879 0
    outer loop
      vertex 7.81596 50.436 27
      vertex 7.23607 50.1958 2.5
      vertex 7.81596 50.436 2.5
    endloop
  endfacet
  facet normal 0.760416 -0.649436 0
    outer loop
      vertex 8.82843 51.1716 27
      vertex 9.23607 51.6489 2.5
      vertex 9.23607 51.6489 27
    endloop
  endfacet
  facet normal 0.760416 -0.649436 0
    outer loop
      vertex 9.23607 51.6489 2.5
      vertex 8.82843 51.1716 27
      vertex 8.82843 51.1716 2.5
    endloop
  endfacet
  facet normal 0.923881 -0.38268 0
    outer loop
      vertex 9.56403 52.184 27
      vertex 9.80423 52.7639 2.5
      vertex 9.80423 52.7639 27
    endloop
  endfacet
  facet normal 0.923881 -0.38268 0
    outer loop
      vertex 9.80423 52.7639 2.5
      vertex 9.56403 52.184 27
      vertex 9.56403 52.184 2.5
    endloop
  endfacet
  facet normal 0.972379 -0.233409 0
    outer loop
      vertex 9.80423 52.7639 27
      vertex 9.95075 53.3743 2.5
      vertex 9.95075 53.3743 27
    endloop
  endfacet
  facet normal 0.972379 -0.233409 0
    outer loop
      vertex 9.95075 53.3743 2.5
      vertex 9.80423 52.7639 27
      vertex 9.80423 52.7639 2.5
    endloop
  endfacet
  facet normal -0.382686 -0.923879 0
    outer loop
      vertex 4.18404 50.436 2.5
      vertex 4.76393 50.1958 27
      vertex 4.18404 50.436 27
    endloop
  endfacet
  facet normal -0.382686 -0.923879 -0
    outer loop
      vertex 4.76393 50.1958 27
      vertex 4.18404 50.436 2.5
      vertex 4.76393 50.1958 2.5
    endloop
  endfacet
  facet normal -0.078385 -0.996923 0
    outer loop
      vertex 5.37426 50.0492 2.5
      vertex 6 50 27
      vertex 5.37426 50.0492 27
    endloop
  endfacet
  facet normal -0.078385 -0.996923 -0
    outer loop
      vertex 6 50 27
      vertex 5.37426 50.0492 2.5
      vertex 6 50 2.5
    endloop
  endfacet
  facet normal -0.649499 -0.760362 0
    outer loop
      vertex 3.17157 51.1716 2.5
      vertex 3.64886 50.7639 27
      vertex 3.17157 51.1716 27
    endloop
  endfacet
  facet normal -0.649499 -0.760362 -0
    outer loop
      vertex 3.64886 50.7639 27
      vertex 3.17157 51.1716 2.5
      vertex 3.64886 50.7639 2.5
    endloop
  endfacet
  facet normal -0.996923 -0.07839 0
    outer loop
      vertex 70.0492 53.3743 2.5
      vertex 70 54 27
      vertex 70 54 2.5
    endloop
  endfacet
  facet normal -0.996923 -0.07839 0
    outer loop
      vertex 70 54 27
      vertex 70.0492 53.3743 2.5
      vertex 70.0492 53.3743 27
    endloop
  endfacet
  facet normal 0.07839 -0.996923 0
    outer loop
      vertex 74 50 2.5
      vertex 74.6257 50.0492 27
      vertex 74 50 27
    endloop
  endfacet
  facet normal 0.07839 -0.996923 0
    outer loop
      vertex 74.6257 50.0492 27
      vertex 74 50 2.5
      vertex 74.6257 50.0492 2.5
    endloop
  endfacet
  facet normal -0.649492 -0.760369 0
    outer loop
      vertex 71.1716 51.1716 2.5
      vertex 71.6489 50.7639 27
      vertex 71.1716 51.1716 27
    endloop
  endfacet
  facet normal -0.649492 -0.760369 -0
    outer loop
      vertex 71.6489 50.7639 27
      vertex 71.1716 51.1716 2.5
      vertex 71.6489 50.7639 2.5
    endloop
  endfacet
  facet normal 0.649492 0.760369 -0
    outer loop
      vertex 76.8284 56.8284 2.5
      vertex 76.3511 57.2361 27
      vertex 76.8284 56.8284 27
    endloop
  endfacet
  facet normal 0.649492 0.760369 0
    outer loop
      vertex 76.3511 57.2361 27
      vertex 76.8284 56.8284 2.5
      vertex 76.3511 57.2361 2.5
    endloop
  endfacet
  facet normal -0.760369 0.649492 0
    outer loop
      vertex 70.7639 56.3511 2.5
      vertex 71.1716 56.8284 27
      vertex 71.1716 56.8284 2.5
    endloop
  endfacet
  facet normal -0.760369 0.649492 0
    outer loop
      vertex 71.1716 56.8284 27
      vertex 70.7639 56.3511 2.5
      vertex 70.7639 56.3511 27
    endloop
  endfacet
  facet normal -0.522451 0.85267 0
    outer loop
      vertex 72.0796 57.5 2.5
      vertex 71.6489 57.2361 27
      vertex 72.0796 57.5 27
    endloop
  endfacet
  facet normal -0.522451 0.85267 0
    outer loop
      vertex 71.6489 57.2361 27
      vertex 72.0796 57.5 2.5
      vertex 71.6489 57.2361 2.5
    endloop
  endfacet
  facet normal 0.760369 -0.649492 0
    outer loop
      vertex 76.8284 51.1716 27
      vertex 77.2361 51.6489 2.5
      vertex 77.2361 51.6489 27
    endloop
  endfacet
  facet normal 0.760369 -0.649492 0
    outer loop
      vertex 77.2361 51.6489 2.5
      vertex 76.8284 51.1716 27
      vertex 76.8284 51.1716 2.5
    endloop
  endfacet
  facet normal -0.852647 -0.522487 0
    outer loop
      vertex 70.7639 51.6489 2.5
      vertex 70.436 52.184 27
      vertex 70.436 52.184 2.5
    endloop
  endfacet
  facet normal -0.852647 -0.522487 0
    outer loop
      vertex 70.436 52.184 27
      vertex 70.7639 51.6489 2.5
      vertex 70.7639 51.6489 27
    endloop
  endfacet
  facet normal 0.85267 0.522451 0
    outer loop
      vertex 77.5 55.9204 27
      vertex 77.2361 56.3511 2.5
      vertex 77.2361 56.3511 27
    endloop
  endfacet
  facet normal 0.85267 0.522451 0
    outer loop
      vertex 77.2361 56.3511 2.5
      vertex 77.5 55.9204 27
      vertex 77.5 55.9204 2.5
    endloop
  endfacet
  facet normal 0.760369 0.649492 0
    outer loop
      vertex 77.2361 56.3511 27
      vertex 76.8284 56.8284 2.5
      vertex 76.8284 56.8284 27
    endloop
  endfacet
  facet normal 0.760369 0.649492 0
    outer loop
      vertex 76.8284 56.8284 2.5
      vertex 77.2361 56.3511 27
      vertex 77.2361 56.3511 2.5
    endloop
  endfacet
  facet normal 0.522451 0.85267 -0
    outer loop
      vertex 76.3511 57.2361 2.5
      vertex 75.9204 57.5 27
      vertex 76.3511 57.2361 27
    endloop
  endfacet
  facet normal 0.522451 0.85267 0
    outer loop
      vertex 75.9204 57.5 27
      vertex 76.3511 57.2361 2.5
      vertex 75.9204 57.5 2.5
    endloop
  endfacet
  facet normal -0.923881 0.38268 0
    outer loop
      vertex 70.1958 55.2361 2.5
      vertex 70.436 55.816 27
      vertex 70.436 55.816 2.5
    endloop
  endfacet
  facet normal -0.923881 0.38268 0
    outer loop
      vertex 70.436 55.816 27
      vertex 70.1958 55.2361 2.5
      vertex 70.1958 55.2361 27
    endloop
  endfacet
  facet normal -0.852647 0.522487 0
    outer loop
      vertex 70.436 55.816 2.5
      vertex 70.7639 56.3511 27
      vertex 70.7639 56.3511 2.5
    endloop
  endfacet
  facet normal -0.852647 0.522487 0
    outer loop
      vertex 70.7639 56.3511 27
      vertex 70.436 55.816 2.5
      vertex 70.436 55.816 27
    endloop
  endfacet
  facet normal -0.97235 0.23353 0
    outer loop
      vertex 70.0492 54.6257 2.5
      vertex 70.1958 55.2361 27
      vertex 70.1958 55.2361 2.5
    endloop
  endfacet
  facet normal -0.97235 0.23353 0
    outer loop
      vertex 70.1958 55.2361 27
      vertex 70.0492 54.6257 2.5
      vertex 70.0492 54.6257 27
    endloop
  endfacet
  facet normal -0.649492 0.760369 0
    outer loop
      vertex 71.6489 57.2361 2.5
      vertex 71.1716 56.8284 27
      vertex 71.6489 57.2361 27
    endloop
  endfacet
  facet normal -0.649492 0.760369 0
    outer loop
      vertex 71.1716 56.8284 27
      vertex 71.6489 57.2361 2.5
      vertex 71.1716 56.8284 2.5
    endloop
  endfacet
  facet normal 0.522487 -0.852647 0
    outer loop
      vertex 75.816 50.436 2.5
      vertex 76.3511 50.7639 27
      vertex 75.816 50.436 27
    endloop
  endfacet
  facet normal 0.522487 -0.852647 0
    outer loop
      vertex 76.3511 50.7639 27
      vertex 75.816 50.436 2.5
      vertex 76.3511 50.7639 2.5
    endloop
  endfacet
  facet normal 0.23353 -0.97235 0
    outer loop
      vertex 74.6257 50.0492 2.5
      vertex 75.2361 50.1958 27
      vertex 74.6257 50.0492 27
    endloop
  endfacet
  facet normal 0.23353 -0.97235 0
    outer loop
      vertex 75.2361 50.1958 27
      vertex 74.6257 50.0492 2.5
      vertex 75.2361 50.1958 2.5
    endloop
  endfacet
  facet normal 0.649492 -0.760369 0
    outer loop
      vertex 76.3511 50.7639 2.5
      vertex 76.8284 51.1716 27
      vertex 76.3511 50.7639 27
    endloop
  endfacet
  facet normal 0.649492 -0.760369 0
    outer loop
      vertex 76.8284 51.1716 27
      vertex 76.3511 50.7639 2.5
      vertex 76.8284 51.1716 2.5
    endloop
  endfacet
  facet normal -0.522487 -0.852647 0
    outer loop
      vertex 71.6489 50.7639 2.5
      vertex 72.184 50.436 27
      vertex 71.6489 50.7639 27
    endloop
  endfacet
  facet normal -0.522487 -0.852647 -0
    outer loop
      vertex 72.184 50.436 27
      vertex 71.6489 50.7639 2.5
      vertex 72.184 50.436 2.5
    endloop
  endfacet
  facet normal -0.23353 -0.97235 0
    outer loop
      vertex 72.7639 50.1958 2.5
      vertex 73.3743 50.0492 27
      vertex 72.7639 50.1958 27
    endloop
  endfacet
  facet normal -0.23353 -0.97235 -0
    outer loop
      vertex 73.3743 50.0492 27
      vertex 72.7639 50.1958 2.5
      vertex 73.3743 50.0492 2.5
    endloop
  endfacet
  facet normal -0.760369 -0.649492 0
    outer loop
      vertex 71.1716 51.1716 2.5
      vertex 70.7639 51.6489 27
      vertex 70.7639 51.6489 2.5
    endloop
  endfacet
  facet normal -0.760369 -0.649492 0
    outer loop
      vertex 70.7639 51.6489 27
      vertex 71.1716 51.1716 2.5
      vertex 71.1716 51.1716 27
    endloop
  endfacet
  facet normal -0.97235 -0.23353 0
    outer loop
      vertex 70.1958 52.7639 2.5
      vertex 70.0492 53.3743 27
      vertex 70.0492 53.3743 2.5
    endloop
  endfacet
  facet normal -0.97235 -0.23353 0
    outer loop
      vertex 70.0492 53.3743 27
      vertex 70.1958 52.7639 2.5
      vertex 70.1958 52.7639 27
    endloop
  endfacet
  facet normal -0.996923 0.07839 0
    outer loop
      vertex 70 54 2.5
      vertex 70.0492 54.6257 27
      vertex 70.0492 54.6257 2.5
    endloop
  endfacet
  facet normal -0.996923 0.07839 0
    outer loop
      vertex 70.0492 54.6257 27
      vertex 70 54 2.5
      vertex 70 54 27
    endloop
  endfacet
  facet normal 0 0 1
    outer loop
      vertex 75.3753 54.9992 27
      vertex 77.5 55.9204 27
      vertex 77.2361 56.3511 27
    endloop
  endfacet
  facet normal 0 0 1
    outer loop
      vertex 77.5 55.9204 27
      vertex 75.7 54 27
      vertex 77.5 52.0796 27
    endloop
  endfacet
  facet normal 0 0 1
    outer loop
      vertex 75.3753 54.9992 27
      vertex 77.2361 56.3511 27
      vertex 76.8284 56.8284 27
    endloop
  endfacet
  facet normal -0 0 1
    outer loop
      vertex 75.6791 53.7341 27
      vertex 77.5 52.0796 27
      vertex 75.7 54 27
    endloop
  endfacet
  facet normal 0 0 1
    outer loop
      vertex 75.2021 55.2021 27
      vertex 76.8284 56.8284 27
      vertex 76.3511 57.2361 27
    endloop
  endfacet
  facet normal -0 0 1
    outer loop
      vertex 75.6168 53.4747 27
      vertex 77.5 52.0796 27
      vertex 75.6791 53.7341 27
    endloop
  endfacet
  facet normal 0 0 1
    outer loop
      vertex 74.9992 55.3753 27
      vertex 76.3511 57.2361 27
      vertex 75.9204 57.5 27
    endloop
  endfacet
  facet normal -0 0 1
    outer loop
      vertex 75.5147 53.2282 27
      vertex 77.5 52.0796 27
      vertex 75.6168 53.4747 27
    endloop
  endfacet
  facet normal -0 0 1
    outer loop
      vertex 75.3753 53.0008 27
      vertex 77.5 52.0796 27
      vertex 75.5147 53.2282 27
    endloop
  endfacet
  facet normal 0 0 1
    outer loop
      vertex 77.5 55.9204 27
      vertex 75.6791 54.2659 27
      vertex 75.7 54 27
    endloop
  endfacet
  facet normal 0 0 1
    outer loop
      vertex 77.5 55.9204 27
      vertex 75.6168 54.5253 27
      vertex 75.6791 54.2659 27
    endloop
  endfacet
  facet normal 0 0 1
    outer loop
      vertex 77.5 55.9204 27
      vertex 75.5147 54.7718 27
      vertex 75.6168 54.5253 27
    endloop
  endfacet
  facet normal 0 0 1
    outer loop
      vertex 77.5 55.9204 27
      vertex 75.3753 54.9992 27
      vertex 75.5147 54.7718 27
    endloop
  endfacet
  facet normal 0 0 1
    outer loop
      vertex 76.8284 56.8284 27
      vertex 75.2021 55.2021 27
      vertex 75.3753 54.9992 27
    endloop
  endfacet
  facet normal 0 0 1
    outer loop
      vertex 76.3511 57.2361 27
      vertex 74.9992 55.3753 27
      vertex 75.2021 55.2021 27
    endloop
  endfacet
  facet normal 0 0 1
    outer loop
      vertex 75.9204 57.5 27
      vertex 74.7718 55.5147 27
      vertex 74.9992 55.3753 27
    endloop
  endfacet
  facet normal 0 0 1
    outer loop
      vertex 75.9204 57.5 27
      vertex 74.5253 55.6168 27
      vertex 74.7718 55.5147 27
    endloop
  endfacet
  facet normal 0 0 1
    outer loop
      vertex 75.9204 57.5 27
      vertex 74.2659 55.6791 27
      vertex 74.5253 55.6168 27
    endloop
  endfacet
  facet normal 0 0 1
    outer loop
      vertex 75.9204 57.5 27
      vertex 74 55.7 27
      vertex 74.2659 55.6791 27
    endloop
  endfacet
  facet normal -0 0 1
    outer loop
      vertex 72.0796 57.5 27
      vertex 74 55.7 27
      vertex 75.9204 57.5 27
    endloop
  endfacet
  facet normal 0 0 1
    outer loop
      vertex 74 55.7 27
      vertex 72.0796 57.5 27
      vertex 73.7341 55.6791 27
    endloop
  endfacet
  facet normal 0 0 1
    outer loop
      vertex 73.7341 55.6791 27
      vertex 72.0796 57.5 27
      vertex 73.4747 55.6168 27
    endloop
  endfacet
  facet normal 0 0 1
    outer loop
      vertex 73.4747 55.6168 27
      vertex 72.0796 57.5 27
      vertex 73.2282 55.5147 27
    endloop
  endfacet
  facet normal 0 0 1
    outer loop
      vertex 73.2282 55.5147 27
      vertex 72.0796 57.5 27
      vertex 73.0008 55.3753 27
    endloop
  endfacet
  facet normal -0 0 1
    outer loop
      vertex 71.6489 57.2361 27
      vertex 73.0008 55.3753 27
      vertex 72.0796 57.5 27
    endloop
  endfacet
  facet normal 0 0 1
    outer loop
      vertex 73.0008 55.3753 27
      vertex 71.6489 57.2361 27
      vertex 72.7979 55.2021 27
    endloop
  endfacet
  facet normal -0 0 1
    outer loop
      vertex 71.1716 56.8284 27
      vertex 72.7979 55.2021 27
      vertex 71.6489 57.2361 27
    endloop
  endfacet
  facet normal 0 0 1
    outer loop
      vertex 72.7979 55.2021 27
      vertex 71.1716 56.8284 27
      vertex 72.6247 54.9992 27
    endloop
  endfacet
  facet normal -0 0 1
    outer loop
      vertex 70.7639 56.3511 27
      vertex 72.6247 54.9992 27
      vertex 71.1716 56.8284 27
    endloop
  endfacet
  facet normal 0 0 1
    outer loop
      vertex 72.6247 54.9992 27
      vertex 70.7639 56.3511 27
      vertex 72.4853 54.7718 27
    endloop
  endfacet
  facet normal -0 0 1
    outer loop
      vertex 70.436 55.816 27
      vertex 72.4853 54.7718 27
      vertex 70.7639 56.3511 27
    endloop
  endfacet
  facet normal 0 0 1
    outer loop
      vertex 72.4853 54.7718 27
      vertex 70.436 55.816 27
      vertex 72.3832 54.5253 27
    endloop
  endfacet
  facet normal 0 0 1
    outer loop
      vertex 72.3 54 27
      vertex 71.6489 50.7639 27
      vertex 72.184 50.436 27
    endloop
  endfacet
  facet normal -0 0 1
    outer loop
      vertex 70.1958 55.2361 27
      vertex 72.3832 54.5253 27
      vertex 70.436 55.816 27
    endloop
  endfacet
  facet normal 0 0 1
    outer loop
      vertex 72.3 54 27
      vertex 71.1716 51.1716 27
      vertex 71.6489 50.7639 27
    endloop
  endfacet
  facet normal 0 0 1
    outer loop
      vertex 72.3832 54.5253 27
      vertex 70.1958 55.2361 27
      vertex 72.3209 54.2659 27
    endloop
  endfacet
  facet normal 0 0 1
    outer loop
      vertex 72.3 54 27
      vertex 70.7639 51.6489 27
      vertex 71.1716 51.1716 27
    endloop
  endfacet
  facet normal -0 0 1
    outer loop
      vertex 70.0492 54.6257 27
      vertex 72.3209 54.2659 27
      vertex 70.1958 55.2361 27
    endloop
  endfacet
  facet normal 0 0 1
    outer loop
      vertex 72.3 54 27
      vertex 70.436 52.184 27
      vertex 70.7639 51.6489 27
    endloop
  endfacet
  facet normal 0 0 1
    outer loop
      vertex 72.3209 54.2659 27
      vertex 70.0492 54.6257 27
      vertex 72.3 54 27
    endloop
  endfacet
  facet normal 0 0 1
    outer loop
      vertex 72.3 54 27
      vertex 70.1958 52.7639 27
      vertex 70.436 52.184 27
    endloop
  endfacet
  facet normal 0 0 1
    outer loop
      vertex 70 54 27
      vertex 72.3 54 27
      vertex 70.0492 54.6257 27
    endloop
  endfacet
  facet normal 0 0 1
    outer loop
      vertex 72.3 54 27
      vertex 70.0492 53.3743 27
      vertex 70.1958 52.7639 27
    endloop
  endfacet
  facet normal 0 0 1
    outer loop
      vertex 72.3 54 27
      vertex 70 54 27
      vertex 70.0492 53.3743 27
    endloop
  endfacet
  facet normal 0 0 1
    outer loop
      vertex 77.5 52.0796 27
      vertex 75.3753 53.0008 27
      vertex 77.2361 51.6489 27
    endloop
  endfacet
  facet normal 0 0 1
    outer loop
      vertex 77.2361 51.6489 27
      vertex 75.3753 53.0008 27
      vertex 76.8284 51.1716 27
    endloop
  endfacet
  facet normal -0 0 1
    outer loop
      vertex 75.2021 52.7979 27
      vertex 76.8284 51.1716 27
      vertex 75.3753 53.0008 27
    endloop
  endfacet
  facet normal 0 0 1
    outer loop
      vertex 76.8284 51.1716 27
      vertex 75.2021 52.7979 27
      vertex 76.3511 50.7639 27
    endloop
  endfacet
  facet normal -0 0 1
    outer loop
      vertex 74.9992 52.6247 27
      vertex 76.3511 50.7639 27
      vertex 75.2021 52.7979 27
    endloop
  endfacet
  facet normal 0 0 1
    outer loop
      vertex 76.3511 50.7639 27
      vertex 74.9992 52.6247 27
      vertex 75.816 50.436 27
    endloop
  endfacet
  facet normal -0 0 1
    outer loop
      vertex 74.7718 52.4853 27
      vertex 75.816 50.436 27
      vertex 74.9992 52.6247 27
    endloop
  endfacet
  facet normal 0 0 1
    outer loop
      vertex 75.816 50.436 27
      vertex 74.7718 52.4853 27
      vertex 75.2361 50.1958 27
    endloop
  endfacet
  facet normal -0 0 1
    outer loop
      vertex 74.5253 52.3832 27
      vertex 75.2361 50.1958 27
      vertex 74.7718 52.4853 27
    endloop
  endfacet
  facet normal 0 0 1
    outer loop
      vertex 75.2361 50.1958 27
      vertex 74.5253 52.3832 27
      vertex 74.6257 50.0492 27
    endloop
  endfacet
  facet normal -0 0 1
    outer loop
      vertex 74.2659 52.3209 27
      vertex 74.6257 50.0492 27
      vertex 74.5253 52.3832 27
    endloop
  endfacet
  facet normal -0 0 1
    outer loop
      vertex 74 52.3 27
      vertex 74.6257 50.0492 27
      vertex 74.2659 52.3209 27
    endloop
  endfacet
  facet normal 0 0 1
    outer loop
      vertex 74 52.3 27
      vertex 74 50 27
      vertex 74.6257 50.0492 27
    endloop
  endfacet
  facet normal 0 0 1
    outer loop
      vertex 73.7341 52.3209 27
      vertex 74 50 27
      vertex 74 52.3 27
    endloop
  endfacet
  facet normal 0 0 1
    outer loop
      vertex 73.3743 50.0492 27
      vertex 73.7341 52.3209 27
      vertex 73.4747 52.3832 27
    endloop
  endfacet
  facet normal 0 0 1
    outer loop
      vertex 73.7341 52.3209 27
      vertex 73.3743 50.0492 27
      vertex 74 50 27
    endloop
  endfacet
  facet normal 0 0 1
    outer loop
      vertex 72.7639 50.1958 27
      vertex 73.4747 52.3832 27
      vertex 73.2282 52.4853 27
    endloop
  endfacet
  facet normal 0 0 1
    outer loop
      vertex 72.184 50.436 27
      vertex 73.2282 52.4853 27
      vertex 73.0008 52.6247 27
    endloop
  endfacet
  facet normal 0 0 1
    outer loop
      vertex 72.184 50.436 27
      vertex 73.0008 52.6247 27
      vertex 72.7979 52.7979 27
    endloop
  endfacet
  facet normal 0 0 1
    outer loop
      vertex 73.4747 52.3832 27
      vertex 72.7639 50.1958 27
      vertex 73.3743 50.0492 27
    endloop
  endfacet
  facet normal 0 0 1
    outer loop
      vertex 72.184 50.436 27
      vertex 72.7979 52.7979 27
      vertex 72.6247 53.0008 27
    endloop
  endfacet
  facet normal 0 0 1
    outer loop
      vertex 72.184 50.436 27
      vertex 72.6247 53.0008 27
      vertex 72.4853 53.2282 27
    endloop
  endfacet
  facet normal 0 0 1
    outer loop
      vertex 72.184 50.436 27
      vertex 72.4853 53.2282 27
      vertex 72.3832 53.4747 27
    endloop
  endfacet
  facet normal 0 0 1
    outer loop
      vertex 72.184 50.436 27
      vertex 72.3832 53.4747 27
      vertex 72.3209 53.7341 27
    endloop
  endfacet
  facet normal 0 0 1
    outer loop
      vertex 73.2282 52.4853 27
      vertex 72.184 50.436 27
      vertex 72.7639 50.1958 27
    endloop
  endfacet
  facet normal 0 0 1
    outer loop
      vertex 72.184 50.436 27
      vertex 72.3209 53.7341 27
      vertex 72.3 54 27
    endloop
  endfacet
  facet normal 0.38268 -0.923881 0
    outer loop
      vertex 75.2361 50.1958 2.5
      vertex 75.816 50.436 27
      vertex 75.2361 50.1958 27
    endloop
  endfacet
  facet normal 0.38268 -0.923881 0
    outer loop
      vertex 75.816 50.436 27
      vertex 75.2361 50.1958 2.5
      vertex 75.816 50.436 2.5
    endloop
  endfacet
  facet normal 0.85267 -0.522451 0
    outer loop
      vertex 77.2361 51.6489 27
      vertex 77.5 52.0796 2.5
      vertex 77.5 52.0796 27
    endloop
  endfacet
  facet normal 0.85267 -0.522451 0
    outer loop
      vertex 77.5 52.0796 2.5
      vertex 77.2361 51.6489 27
      vertex 77.2361 51.6489 2.5
    endloop
  endfacet
  facet normal -0.38268 -0.923881 0
    outer loop
      vertex 72.184 50.436 2.5
      vertex 72.7639 50.1958 27
      vertex 72.184 50.436 27
    endloop
  endfacet
  facet normal -0.38268 -0.923881 -0
    outer loop
      vertex 72.7639 50.1958 27
      vertex 72.184 50.436 2.5
      vertex 72.7639 50.1958 2.5
    endloop
  endfacet
  facet normal -0.07839 -0.996923 0
    outer loop
      vertex 73.3743 50.0492 2.5
      vertex 74 50 27
      vertex 73.3743 50.0492 27
    endloop
  endfacet
  facet normal -0.07839 -0.996923 -0
    outer loop
      vertex 74 50 27
      vertex 73.3743 50.0492 2.5
      vertex 74 50 2.5
    endloop
  endfacet
  facet normal -0.923881 -0.38268 0
    outer loop
      vertex 70.436 52.184 2.5
      vertex 70.1958 52.7639 27
      vertex 70.1958 52.7639 2.5
    endloop
  endfacet
  facet normal -0.923881 -0.38268 0
    outer loop
      vertex 70.1958 52.7639 27
      vertex 70.436 52.184 2.5
      vertex 70.436 52.184 27
    endloop
  endfacet
  facet normal -0.52262 -0.852566 0
    outer loop
      vertex 16.0902 21.1583 0
      vertex 16.2641 21.0517 6.5
      vertex 16.0902 21.1583 6.5
    endloop
  endfacet
  facet normal -0.52262 -0.852566 -0
    outer loop
      vertex 16.2641 21.0517 6.5
      vertex 16.0902 21.1583 0
      vertex 16.2641 21.0517 0
    endloop
  endfacet
  facet normal -0.99692 0.0784205 0
    outer loop
      vertex 16.784 19.7966 0
      vertex 16.8 20 6.5
      vertex 16.8 20 0
    endloop
  endfacet
  facet normal -0.99692 0.0784205 0
    outer loop
      vertex 16.8 20 6.5
      vertex 16.784 19.7966 0
      vertex 16.784 19.7966 6.5
    endloop
  endfacet
  facet normal 0.0784205 0.99692 -0
    outer loop
      vertex 15.5 18.7 0
      vertex 15.2966 18.716 6.5
      vertex 15.5 18.7 6.5
    endloop
  endfacet
  facet normal 0.0784205 0.99692 0
    outer loop
      vertex 15.2966 18.716 6.5
      vertex 15.5 18.7 0
      vertex 15.2966 18.716 0
    endloop
  endfacet
  facet normal 0.38277 -0.923844 0
    outer loop
      vertex 14.9098 21.1583 0
      vertex 15.0983 21.2364 6.5
      vertex 14.9098 21.1583 6.5
    endloop
  endfacet
  facet normal 0.38277 -0.923844 0
    outer loop
      vertex 15.0983 21.2364 6.5
      vertex 14.9098 21.1583 0
      vertex 15.0983 21.2364 0
    endloop
  endfacet
  facet normal 0.972378 -0.23341 0
    outer loop
      vertex 14.216 20.2034 6.5
      vertex 14.2636 20.4017 0
      vertex 14.2636 20.4017 6.5
    endloop
  endfacet
  facet normal 0.972378 -0.23341 0
    outer loop
      vertex 14.2636 20.4017 0
      vertex 14.216 20.2034 6.5
      vertex 14.216 20.2034 0
    endloop
  endfacet
  facet normal 0.852566 0.52262 0
    outer loop
      vertex 14.4483 19.2359 6.5
      vertex 14.3417 19.4098 0
      vertex 14.3417 19.4098 6.5
    endloop
  endfacet
  facet normal 0.852566 0.52262 0
    outer loop
      vertex 14.3417 19.4098 0
      vertex 14.4483 19.2359 6.5
      vertex 14.4483 19.2359 0
    endloop
  endfacet
  facet normal -0.972378 -0.23341 0
    outer loop
      vertex 16.784 20.2034 0
      vertex 16.7364 20.4017 6.5
      vertex 16.7364 20.4017 0
    endloop
  endfacet
  facet normal -0.972378 -0.23341 0
    outer loop
      vertex 16.7364 20.4017 6.5
      vertex 16.784 20.2034 0
      vertex 16.784 20.2034 6.5
    endloop
  endfacet
  facet normal -0.923844 -0.38277 0
    outer loop
      vertex 16.7364 20.4017 0
      vertex 16.6583 20.5902 6.5
      vertex 16.6583 20.5902 0
    endloop
  endfacet
  facet normal -0.923844 -0.38277 0
    outer loop
      vertex 16.6583 20.5902 6.5
      vertex 16.7364 20.4017 0
      vertex 16.7364 20.4017 6.5
    endloop
  endfacet
  facet normal -0.852566 -0.52262 0
    outer loop
      vertex 16.6583 20.5902 0
      vertex 16.5517 20.7641 6.5
      vertex 16.5517 20.7641 0
    endloop
  endfacet
  facet normal -0.852566 -0.52262 0
    outer loop
      vertex 16.5517 20.7641 6.5
      vertex 16.6583 20.5902 0
      vertex 16.6583 20.5902 6.5
    endloop
  endfacet
  facet normal -0.760328 -0.649539 0
    outer loop
      vertex 16.5517 20.7641 0
      vertex 16.4192 20.9192 6.5
      vertex 16.4192 20.9192 0
    endloop
  endfacet
  facet normal -0.760328 -0.649539 0
    outer loop
      vertex 16.4192 20.9192 6.5
      vertex 16.5517 20.7641 0
      vertex 16.5517 20.7641 6.5
    endloop
  endfacet
  facet normal -0.38277 -0.923844 0
    outer loop
      vertex 15.9017 21.2364 0
      vertex 16.0902 21.1583 6.5
      vertex 15.9017 21.2364 6.5
    endloop
  endfacet
  facet normal -0.38277 -0.923844 -0
    outer loop
      vertex 16.0902 21.1583 6.5
      vertex 15.9017 21.2364 0
      vertex 16.0902 21.1583 0
    endloop
  endfacet
  facet normal 0.0784205 -0.99692 0
    outer loop
      vertex 15.2966 21.284 0
      vertex 15.5 21.3 6.5
      vertex 15.2966 21.284 6.5
    endloop
  endfacet
  facet normal 0.0784205 -0.99692 0
    outer loop
      vertex 15.5 21.3 6.5
      vertex 15.2966 21.284 0
      vertex 15.5 21.3 0
    endloop
  endfacet
  facet normal -0.0784205 -0.99692 0
    outer loop
      vertex 15.5 21.3 0
      vertex 15.7034 21.284 6.5
      vertex 15.5 21.3 6.5
    endloop
  endfacet
  facet normal -0.0784205 -0.99692 -0
    outer loop
      vertex 15.7034 21.284 6.5
      vertex 15.5 21.3 0
      vertex 15.7034 21.284 0
    endloop
  endfacet
  facet normal 0.99692 0.0784205 0
    outer loop
      vertex 14.216 19.7966 6.5
      vertex 14.2 20 0
      vertex 14.2 20 6.5
    endloop
  endfacet
  facet normal 0.99692 0.0784205 0
    outer loop
      vertex 14.2 20 0
      vertex 14.216 19.7966 6.5
      vertex 14.216 19.7966 0
    endloop
  endfacet
  facet normal 0.852566 -0.52262 0
    outer loop
      vertex 14.3417 20.5902 6.5
      vertex 14.4483 20.7641 0
      vertex 14.4483 20.7641 6.5
    endloop
  endfacet
  facet normal 0.852566 -0.52262 0
    outer loop
      vertex 14.4483 20.7641 0
      vertex 14.3417 20.5902 6.5
      vertex 14.3417 20.5902 0
    endloop
  endfacet
  facet normal 0.52262 -0.852566 0
    outer loop
      vertex 14.7359 21.0517 0
      vertex 14.9098 21.1583 6.5
      vertex 14.7359 21.0517 6.5
    endloop
  endfacet
  facet normal 0.52262 -0.852566 0
    outer loop
      vertex 14.9098 21.1583 6.5
      vertex 14.7359 21.0517 0
      vertex 14.9098 21.1583 0
    endloop
  endfacet
  facet normal 0.23341 -0.972378 0
    outer loop
      vertex 15.0983 21.2364 0
      vertex 15.2966 21.284 6.5
      vertex 15.0983 21.2364 6.5
    endloop
  endfacet
  facet normal 0.23341 -0.972378 0
    outer loop
      vertex 15.2966 21.284 6.5
      vertex 15.0983 21.2364 0
      vertex 15.2966 21.284 0
    endloop
  endfacet
  facet normal 0.649539 -0.760328 0
    outer loop
      vertex 14.5808 20.9192 0
      vertex 14.7359 21.0517 6.5
      vertex 14.5808 20.9192 6.5
    endloop
  endfacet
  facet normal 0.649539 -0.760328 0
    outer loop
      vertex 14.7359 21.0517 6.5
      vertex 14.5808 20.9192 0
      vertex 14.7359 21.0517 0
    endloop
  endfacet
  facet normal -0.99692 -0.0784205 0
    outer loop
      vertex 16.8 20 0
      vertex 16.784 20.2034 6.5
      vertex 16.784 20.2034 0
    endloop
  endfacet
  facet normal -0.99692 -0.0784205 0
    outer loop
      vertex 16.784 20.2034 6.5
      vertex 16.8 20 0
      vertex 16.8 20 6.5
    endloop
  endfacet
  facet normal -0.23341 0.972378 0
    outer loop
      vertex 15.9017 18.7636 0
      vertex 15.7034 18.716 6.5
      vertex 15.9017 18.7636 6.5
    endloop
  endfacet
  facet normal -0.23341 0.972378 0
    outer loop
      vertex 15.7034 18.716 6.5
      vertex 15.9017 18.7636 0
      vertex 15.7034 18.716 0
    endloop
  endfacet
  facet normal -0.38277 0.923844 0
    outer loop
      vertex 16.0902 18.8417 0
      vertex 15.9017 18.7636 6.5
      vertex 16.0902 18.8417 6.5
    endloop
  endfacet
  facet normal -0.38277 0.923844 0
    outer loop
      vertex 15.9017 18.7636 6.5
      vertex 16.0902 18.8417 0
      vertex 15.9017 18.7636 0
    endloop
  endfacet
  facet normal -0.760328 0.649539 0
    outer loop
      vertex 16.4192 19.0808 0
      vertex 16.5517 19.2359 6.5
      vertex 16.5517 19.2359 0
    endloop
  endfacet
  facet normal -0.760328 0.649539 0
    outer loop
      vertex 16.5517 19.2359 6.5
      vertex 16.4192 19.0808 0
      vertex 16.4192 19.0808 6.5
    endloop
  endfacet
  facet normal -0.52262 0.852566 0
    outer loop
      vertex 16.2641 18.9483 0
      vertex 16.0902 18.8417 6.5
      vertex 16.2641 18.9483 6.5
    endloop
  endfacet
  facet normal -0.52262 0.852566 0
    outer loop
      vertex 16.0902 18.8417 6.5
      vertex 16.2641 18.9483 0
      vertex 16.0902 18.8417 0
    endloop
  endfacet
  facet normal -0.0784205 0.99692 0
    outer loop
      vertex 15.7034 18.716 0
      vertex 15.5 18.7 6.5
      vertex 15.7034 18.716 6.5
    endloop
  endfacet
  facet normal -0.0784205 0.99692 0
    outer loop
      vertex 15.5 18.7 6.5
      vertex 15.7034 18.716 0
      vertex 15.5 18.7 0
    endloop
  endfacet
  facet normal 0.38277 0.923844 -0
    outer loop
      vertex 15.0983 18.7636 0
      vertex 14.9098 18.8417 6.5
      vertex 15.0983 18.7636 6.5
    endloop
  endfacet
  facet normal 0.38277 0.923844 0
    outer loop
      vertex 14.9098 18.8417 6.5
      vertex 15.0983 18.7636 0
      vertex 14.9098 18.8417 0
    endloop
  endfacet
  facet normal 0.52262 0.852566 -0
    outer loop
      vertex 14.9098 18.8417 0
      vertex 14.7359 18.9483 6.5
      vertex 14.9098 18.8417 6.5
    endloop
  endfacet
  facet normal 0.52262 0.852566 0
    outer loop
      vertex 14.7359 18.9483 6.5
      vertex 14.9098 18.8417 0
      vertex 14.7359 18.9483 0
    endloop
  endfacet
  facet normal 0.972378 0.23341 0
    outer loop
      vertex 14.2636 19.5983 6.5
      vertex 14.216 19.7966 0
      vertex 14.216 19.7966 6.5
    endloop
  endfacet
  facet normal 0.972378 0.23341 0
    outer loop
      vertex 14.216 19.7966 0
      vertex 14.2636 19.5983 6.5
      vertex 14.2636 19.5983 0
    endloop
  endfacet
  facet normal -0.649539 -0.760328 0
    outer loop
      vertex 16.2641 21.0517 0
      vertex 16.4192 20.9192 6.5
      vertex 16.2641 21.0517 6.5
    endloop
  endfacet
  facet normal -0.649539 -0.760328 -0
    outer loop
      vertex 16.4192 20.9192 6.5
      vertex 16.2641 21.0517 0
      vertex 16.4192 20.9192 0
    endloop
  endfacet
  facet normal -0.23341 -0.972378 0
    outer loop
      vertex 15.7034 21.284 0
      vertex 15.9017 21.2364 6.5
      vertex 15.7034 21.284 6.5
    endloop
  endfacet
  facet normal -0.23341 -0.972378 -0
    outer loop
      vertex 15.9017 21.2364 6.5
      vertex 15.7034 21.284 0
      vertex 15.9017 21.2364 0
    endloop
  endfacet
  facet normal 0.99692 -0.0784205 0
    outer loop
      vertex 14.2 20 6.5
      vertex 14.216 20.2034 0
      vertex 14.216 20.2034 6.5
    endloop
  endfacet
  facet normal 0.99692 -0.0784205 0
    outer loop
      vertex 14.216 20.2034 0
      vertex 14.2 20 6.5
      vertex 14.2 20 0
    endloop
  endfacet
  facet normal 0.923844 -0.38277 0
    outer loop
      vertex 14.2636 20.4017 6.5
      vertex 14.3417 20.5902 0
      vertex 14.3417 20.5902 6.5
    endloop
  endfacet
  facet normal 0.923844 -0.38277 0
    outer loop
      vertex 14.3417 20.5902 0
      vertex 14.2636 20.4017 6.5
      vertex 14.2636 20.4017 0
    endloop
  endfacet
  facet normal 0.760328 -0.649539 0
    outer loop
      vertex 14.4483 20.7641 6.5
      vertex 14.5808 20.9192 0
      vertex 14.5808 20.9192 6.5
    endloop
  endfacet
  facet normal 0.760328 -0.649539 0
    outer loop
      vertex 14.5808 20.9192 0
      vertex 14.4483 20.7641 6.5
      vertex 14.4483 20.7641 0
    endloop
  endfacet
  facet normal -0.852566 0.52262 0
    outer loop
      vertex 16.5517 19.2359 0
      vertex 16.6583 19.4098 6.5
      vertex 16.6583 19.4098 0
    endloop
  endfacet
  facet normal -0.852566 0.52262 0
    outer loop
      vertex 16.6583 19.4098 6.5
      vertex 16.5517 19.2359 0
      vertex 16.5517 19.2359 6.5
    endloop
  endfacet
  facet normal -0.649539 0.760328 0
    outer loop
      vertex 16.4192 19.0808 0
      vertex 16.2641 18.9483 6.5
      vertex 16.4192 19.0808 6.5
    endloop
  endfacet
  facet normal -0.649539 0.760328 0
    outer loop
      vertex 16.2641 18.9483 6.5
      vertex 16.4192 19.0808 0
      vertex 16.2641 18.9483 0
    endloop
  endfacet
  facet normal 0.23341 0.972378 -0
    outer loop
      vertex 15.2966 18.716 0
      vertex 15.0983 18.7636 6.5
      vertex 15.2966 18.716 6.5
    endloop
  endfacet
  facet normal 0.23341 0.972378 0
    outer loop
      vertex 15.0983 18.7636 6.5
      vertex 15.2966 18.716 0
      vertex 15.0983 18.7636 0
    endloop
  endfacet
  facet normal 0.923844 0.38277 0
    outer loop
      vertex 14.3417 19.4098 6.5
      vertex 14.2636 19.5983 0
      vertex 14.2636 19.5983 6.5
    endloop
  endfacet
  facet normal 0.923844 0.38277 0
    outer loop
      vertex 14.2636 19.5983 0
      vertex 14.3417 19.4098 6.5
      vertex 14.3417 19.4098 0
    endloop
  endfacet
  facet normal 0.760328 0.649539 0
    outer loop
      vertex 14.5808 19.0808 6.5
      vertex 14.4483 19.2359 0
      vertex 14.4483 19.2359 6.5
    endloop
  endfacet
  facet normal 0.760328 0.649539 0
    outer loop
      vertex 14.4483 19.2359 0
      vertex 14.5808 19.0808 6.5
      vertex 14.5808 19.0808 0
    endloop
  endfacet
  facet normal 0.649539 0.760328 -0
    outer loop
      vertex 14.7359 18.9483 0
      vertex 14.5808 19.0808 6.5
      vertex 14.7359 18.9483 6.5
    endloop
  endfacet
  facet normal 0.649539 0.760328 0
    outer loop
      vertex 14.5808 19.0808 6.5
      vertex 14.7359 18.9483 0
      vertex 14.5808 19.0808 0
    endloop
  endfacet
  facet normal -0.923844 0.38277 0
    outer loop
      vertex 16.6583 19.4098 0
      vertex 16.7364 19.5983 6.5
      vertex 16.7364 19.5983 0
    endloop
  endfacet
  facet normal -0.923844 0.38277 0
    outer loop
      vertex 16.7364 19.5983 6.5
      vertex 16.6583 19.4098 0
      vertex 16.6583 19.4098 6.5
    endloop
  endfacet
  facet normal -0.972378 0.23341 0
    outer loop
      vertex 16.7364 19.5983 0
      vertex 16.784 19.7966 6.5
      vertex 16.784 19.7966 0
    endloop
  endfacet
  facet normal -0.972378 0.23341 0
    outer loop
      vertex 16.784 19.7966 6.5
      vertex 16.7364 19.5983 0
      vertex 16.7364 19.5983 6.5
    endloop
  endfacet
  facet normal -0.52262 -0.852566 0
    outer loop
      vertex 16.0902 41.1583 0
      vertex 16.2641 41.0517 6.5
      vertex 16.0902 41.1583 6.5
    endloop
  endfacet
  facet normal -0.52262 -0.852566 -0
    outer loop
      vertex 16.2641 41.0517 6.5
      vertex 16.0902 41.1583 0
      vertex 16.2641 41.0517 0
    endloop
  endfacet
  facet normal 0.99692 -0.0784205 0
    outer loop
      vertex 14.2 40 6.5
      vertex 14.216 40.2034 0
      vertex 14.216 40.2034 6.5
    endloop
  endfacet
  facet normal 0.99692 -0.0784205 0
    outer loop
      vertex 14.216 40.2034 0
      vertex 14.2 40 6.5
      vertex 14.2 40 0
    endloop
  endfacet
  facet normal -0.99692 0.0784205 0
    outer loop
      vertex 16.784 39.7966 0
      vertex 16.8 40 6.5
      vertex 16.8 40 0
    endloop
  endfacet
  facet normal -0.99692 0.0784205 0
    outer loop
      vertex 16.8 40 6.5
      vertex 16.784 39.7966 0
      vertex 16.784 39.7966 6.5
    endloop
  endfacet
  facet normal 0.0784205 0.99692 -0
    outer loop
      vertex 15.5 38.7 0
      vertex 15.2966 38.716 6.5
      vertex 15.5 38.7 6.5
    endloop
  endfacet
  facet normal 0.0784205 0.99692 0
    outer loop
      vertex 15.2966 38.716 6.5
      vertex 15.5 38.7 0
      vertex 15.2966 38.716 0
    endloop
  endfacet
  facet normal 0.38277 -0.923844 0
    outer loop
      vertex 14.9098 41.1583 0
      vertex 15.0983 41.2364 6.5
      vertex 14.9098 41.1583 6.5
    endloop
  endfacet
  facet normal 0.38277 -0.923844 0
    outer loop
      vertex 15.0983 41.2364 6.5
      vertex 14.9098 41.1583 0
      vertex 15.0983 41.2364 0
    endloop
  endfacet
  facet normal 0.972378 -0.23341 0
    outer loop
      vertex 14.216 40.2034 6.5
      vertex 14.2636 40.4017 0
      vertex 14.2636 40.4017 6.5
    endloop
  endfacet
  facet normal 0.972378 -0.23341 0
    outer loop
      vertex 14.2636 40.4017 0
      vertex 14.216 40.2034 6.5
      vertex 14.216 40.2034 0
    endloop
  endfacet
  facet normal -0.923844 -0.38277 0
    outer loop
      vertex 16.7364 40.4017 0
      vertex 16.6583 40.5902 6.5
      vertex 16.6583 40.5902 0
    endloop
  endfacet
  facet normal -0.923844 -0.38277 0
    outer loop
      vertex 16.6583 40.5902 6.5
      vertex 16.7364 40.4017 0
      vertex 16.7364 40.4017 6.5
    endloop
  endfacet
  facet normal -0.852566 -0.52262 0
    outer loop
      vertex 16.6583 40.5902 0
      vertex 16.5517 40.7641 6.5
      vertex 16.5517 40.7641 0
    endloop
  endfacet
  facet normal -0.852566 -0.52262 0
    outer loop
      vertex 16.5517 40.7641 6.5
      vertex 16.6583 40.5902 0
      vertex 16.6583 40.5902 6.5
    endloop
  endfacet
  facet normal -0.23341 -0.972378 0
    outer loop
      vertex 15.7034 41.284 0
      vertex 15.9017 41.2364 6.5
      vertex 15.7034 41.284 6.5
    endloop
  endfacet
  facet normal -0.23341 -0.972378 -0
    outer loop
      vertex 15.9017 41.2364 6.5
      vertex 15.7034 41.284 0
      vertex 15.9017 41.2364 0
    endloop
  endfacet
  facet normal 0.0784205 -0.99692 0
    outer loop
      vertex 15.2966 41.284 0
      vertex 15.5 41.3 6.5
      vertex 15.2966 41.284 6.5
    endloop
  endfacet
  facet normal 0.0784205 -0.99692 0
    outer loop
      vertex 15.5 41.3 6.5
      vertex 15.2966 41.284 0
      vertex 15.5 41.3 0
    endloop
  endfacet
  facet normal -0.0784205 -0.99692 0
    outer loop
      vertex 15.5 41.3 0
      vertex 15.7034 41.284 6.5
      vertex 15.5 41.3 6.5
    endloop
  endfacet
  facet normal -0.0784205 -0.99692 -0
    outer loop
      vertex 15.7034 41.284 6.5
      vertex 15.5 41.3 0
      vertex 15.7034 41.284 0
    endloop
  endfacet
  facet normal 0.99692 0.0784205 0
    outer loop
      vertex 14.216 39.7966 6.5
      vertex 14.2 40 0
      vertex 14.2 40 6.5
    endloop
  endfacet
  facet normal 0.99692 0.0784205 0
    outer loop
      vertex 14.2 40 0
      vertex 14.216 39.7966 6.5
      vertex 14.216 39.7966 0
    endloop
  endfacet
  facet normal 0.852566 -0.52262 0
    outer loop
      vertex 14.3417 40.5902 6.5
      vertex 14.4483 40.7641 0
      vertex 14.4483 40.7641 6.5
    endloop
  endfacet
  facet normal 0.852566 -0.52262 0
    outer loop
      vertex 14.4483 40.7641 0
      vertex 14.3417 40.5902 6.5
      vertex 14.3417 40.5902 0
    endloop
  endfacet
  facet normal 0.52262 -0.852566 0
    outer loop
      vertex 14.7359 41.0517 0
      vertex 14.9098 41.1583 6.5
      vertex 14.7359 41.0517 6.5
    endloop
  endfacet
  facet normal 0.52262 -0.852566 0
    outer loop
      vertex 14.9098 41.1583 6.5
      vertex 14.7359 41.0517 0
      vertex 14.9098 41.1583 0
    endloop
  endfacet
  facet normal 0.23341 -0.972378 0
    outer loop
      vertex 15.0983 41.2364 0
      vertex 15.2966 41.284 6.5
      vertex 15.0983 41.2364 6.5
    endloop
  endfacet
  facet normal 0.23341 -0.972378 0
    outer loop
      vertex 15.2966 41.284 6.5
      vertex 15.0983 41.2364 0
      vertex 15.2966 41.284 0
    endloop
  endfacet
  facet normal -0.99692 -0.0784205 0
    outer loop
      vertex 16.8 40 0
      vertex 16.784 40.2034 6.5
      vertex 16.784 40.2034 0
    endloop
  endfacet
  facet normal -0.99692 -0.0784205 0
    outer loop
      vertex 16.784 40.2034 6.5
      vertex 16.8 40 0
      vertex 16.8 40 6.5
    endloop
  endfacet
  facet normal -0.23341 0.972378 0
    outer loop
      vertex 15.9017 38.7636 0
      vertex 15.7034 38.716 6.5
      vertex 15.9017 38.7636 6.5
    endloop
  endfacet
  facet normal -0.23341 0.972378 0
    outer loop
      vertex 15.7034 38.716 6.5
      vertex 15.9017 38.7636 0
      vertex 15.7034 38.716 0
    endloop
  endfacet
  facet normal -0.972378 0.23341 0
    outer loop
      vertex 16.7364 39.5983 0
      vertex 16.784 39.7966 6.5
      vertex 16.784 39.7966 0
    endloop
  endfacet
  facet normal -0.972378 0.23341 0
    outer loop
      vertex 16.784 39.7966 6.5
      vertex 16.7364 39.5983 0
      vertex 16.7364 39.5983 6.5
    endloop
  endfacet
  facet normal -0.38277 0.923844 0
    outer loop
      vertex 16.0902 38.8417 0
      vertex 15.9017 38.7636 6.5
      vertex 16.0902 38.8417 6.5
    endloop
  endfacet
  facet normal -0.38277 0.923844 0
    outer loop
      vertex 15.9017 38.7636 6.5
      vertex 16.0902 38.8417 0
      vertex 15.9017 38.7636 0
    endloop
  endfacet
  facet normal -0.52262 0.852566 0
    outer loop
      vertex 16.2641 38.9483 0
      vertex 16.0902 38.8417 6.5
      vertex 16.2641 38.9483 6.5
    endloop
  endfacet
  facet normal -0.52262 0.852566 0
    outer loop
      vertex 16.0902 38.8417 6.5
      vertex 16.2641 38.9483 0
      vertex 16.0902 38.8417 0
    endloop
  endfacet
  facet normal -0.0784205 0.99692 0
    outer loop
      vertex 15.7034 38.716 0
      vertex 15.5 38.7 6.5
      vertex 15.7034 38.716 6.5
    endloop
  endfacet
  facet normal -0.0784205 0.99692 0
    outer loop
      vertex 15.5 38.7 6.5
      vertex 15.7034 38.716 0
      vertex 15.5 38.7 0
    endloop
  endfacet
  facet normal 0.52262 0.852566 -0
    outer loop
      vertex 14.9098 38.8417 0
      vertex 14.7359 38.9483 6.5
      vertex 14.9098 38.8417 6.5
    endloop
  endfacet
  facet normal 0.52262 0.852566 0
    outer loop
      vertex 14.7359 38.9483 6.5
      vertex 14.9098 38.8417 0
      vertex 14.7359 38.9483 0
    endloop
  endfacet
  facet normal 0.852566 0.52262 0
    outer loop
      vertex 14.4483 39.2359 6.5
      vertex 14.3417 39.4098 0
      vertex 14.3417 39.4098 6.5
    endloop
  endfacet
  facet normal 0.852566 0.52262 0
    outer loop
      vertex 14.3417 39.4098 0
      vertex 14.4483 39.2359 6.5
      vertex 14.4483 39.2359 0
    endloop
  endfacet
  facet normal 0.972378 0.23341 0
    outer loop
      vertex 14.2636 39.5983 6.5
      vertex 14.216 39.7966 0
      vertex 14.216 39.7966 6.5
    endloop
  endfacet
  facet normal 0.972378 0.23341 0
    outer loop
      vertex 14.216 39.7966 0
      vertex 14.2636 39.5983 6.5
      vertex 14.2636 39.5983 0
    endloop
  endfacet
  facet normal -0.972378 -0.23341 0
    outer loop
      vertex 16.784 40.2034 0
      vertex 16.7364 40.4017 6.5
      vertex 16.7364 40.4017 0
    endloop
  endfacet
  facet normal -0.972378 -0.23341 0
    outer loop
      vertex 16.7364 40.4017 6.5
      vertex 16.784 40.2034 0
      vertex 16.784 40.2034 6.5
    endloop
  endfacet
  facet normal -0.760328 -0.649539 0
    outer loop
      vertex 16.5517 40.7641 0
      vertex 16.4192 40.9192 6.5
      vertex 16.4192 40.9192 0
    endloop
  endfacet
  facet normal -0.760328 -0.649539 0
    outer loop
      vertex 16.4192 40.9192 6.5
      vertex 16.5517 40.7641 0
      vertex 16.5517 40.7641 6.5
    endloop
  endfacet
  facet normal -0.649539 -0.760328 0
    outer loop
      vertex 16.2641 41.0517 0
      vertex 16.4192 40.9192 6.5
      vertex 16.2641 41.0517 6.5
    endloop
  endfacet
  facet normal -0.649539 -0.760328 -0
    outer loop
      vertex 16.4192 40.9192 6.5
      vertex 16.2641 41.0517 0
      vertex 16.4192 40.9192 0
    endloop
  endfacet
  facet normal -0.38277 -0.923844 0
    outer loop
      vertex 15.9017 41.2364 0
      vertex 16.0902 41.1583 6.5
      vertex 15.9017 41.2364 6.5
    endloop
  endfacet
  facet normal -0.38277 -0.923844 -0
    outer loop
      vertex 16.0902 41.1583 6.5
      vertex 15.9017 41.2364 0
      vertex 16.0902 41.1583 0
    endloop
  endfacet
  facet normal 0.923844 -0.38277 0
    outer loop
      vertex 14.2636 40.4017 6.5
      vertex 14.3417 40.5902 0
      vertex 14.3417 40.5902 6.5
    endloop
  endfacet
  facet normal 0.923844 -0.38277 0
    outer loop
      vertex 14.3417 40.5902 0
      vertex 14.2636 40.4017 6.5
      vertex 14.2636 40.4017 0
    endloop
  endfacet
  facet normal 0.649539 -0.760328 0
    outer loop
      vertex 14.5808 40.9192 0
      vertex 14.7359 41.0517 6.5
      vertex 14.5808 40.9192 6.5
    endloop
  endfacet
  facet normal 0.649539 -0.760328 0
    outer loop
      vertex 14.7359 41.0517 6.5
      vertex 14.5808 40.9192 0
      vertex 14.7359 41.0517 0
    endloop
  endfacet
  facet normal 0.760328 -0.649539 0
    outer loop
      vertex 14.4483 40.7641 6.5
      vertex 14.5808 40.9192 0
      vertex 14.5808 40.9192 6.5
    endloop
  endfacet
  facet normal 0.760328 -0.649539 0
    outer loop
      vertex 14.5808 40.9192 0
      vertex 14.4483 40.7641 6.5
      vertex 14.4483 40.7641 0
    endloop
  endfacet
  facet normal -0.852566 0.52262 0
    outer loop
      vertex 16.5517 39.2359 0
      vertex 16.6583 39.4098 6.5
      vertex 16.6583 39.4098 0
    endloop
  endfacet
  facet normal -0.852566 0.52262 0
    outer loop
      vertex 16.6583 39.4098 6.5
      vertex 16.5517 39.2359 0
      vertex 16.5517 39.2359 6.5
    endloop
  endfacet
  facet normal -0.923844 0.38277 0
    outer loop
      vertex 16.6583 39.4098 0
      vertex 16.7364 39.5983 6.5
      vertex 16.7364 39.5983 0
    endloop
  endfacet
  facet normal -0.923844 0.38277 0
    outer loop
      vertex 16.7364 39.5983 6.5
      vertex 16.6583 39.4098 0
      vertex 16.6583 39.4098 6.5
    endloop
  endfacet
  facet normal -0.760328 0.649539 0
    outer loop
      vertex 16.4192 39.0808 0
      vertex 16.5517 39.2359 6.5
      vertex 16.5517 39.2359 0
    endloop
  endfacet
  facet normal -0.760328 0.649539 0
    outer loop
      vertex 16.5517 39.2359 6.5
      vertex 16.4192 39.0808 0
      vertex 16.4192 39.0808 6.5
    endloop
  endfacet
  facet normal -0.649539 0.760328 0
    outer loop
      vertex 16.4192 39.0808 0
      vertex 16.2641 38.9483 6.5
      vertex 16.4192 39.0808 6.5
    endloop
  endfacet
  facet normal -0.649539 0.760328 0
    outer loop
      vertex 16.2641 38.9483 6.5
      vertex 16.4192 39.0808 0
      vertex 16.2641 38.9483 0
    endloop
  endfacet
  facet normal 0.38277 0.923844 -0
    outer loop
      vertex 15.0983 38.7636 0
      vertex 14.9098 38.8417 6.5
      vertex 15.0983 38.7636 6.5
    endloop
  endfacet
  facet normal 0.38277 0.923844 0
    outer loop
      vertex 14.9098 38.8417 6.5
      vertex 15.0983 38.7636 0
      vertex 14.9098 38.8417 0
    endloop
  endfacet
  facet normal 0.923844 0.38277 0
    outer loop
      vertex 14.3417 39.4098 6.5
      vertex 14.2636 39.5983 0
      vertex 14.2636 39.5983 6.5
    endloop
  endfacet
  facet normal 0.923844 0.38277 0
    outer loop
      vertex 14.2636 39.5983 0
      vertex 14.3417 39.4098 6.5
      vertex 14.3417 39.4098 0
    endloop
  endfacet
  facet normal 0.760328 0.649539 0
    outer loop
      vertex 14.5808 39.0808 6.5
      vertex 14.4483 39.2359 0
      vertex 14.4483 39.2359 6.5
    endloop
  endfacet
  facet normal 0.760328 0.649539 0
    outer loop
      vertex 14.4483 39.2359 0
      vertex 14.5808 39.0808 6.5
      vertex 14.5808 39.0808 0
    endloop
  endfacet
  facet normal 0.23341 0.972378 -0
    outer loop
      vertex 15.2966 38.716 0
      vertex 15.0983 38.7636 6.5
      vertex 15.2966 38.716 6.5
    endloop
  endfacet
  facet normal 0.23341 0.972378 0
    outer loop
      vertex 15.0983 38.7636 6.5
      vertex 15.2966 38.716 0
      vertex 15.0983 38.7636 0
    endloop
  endfacet
  facet normal 0.649539 0.760328 -0
    outer loop
      vertex 14.7359 38.9483 0
      vertex 14.5808 39.0808 6.5
      vertex 14.7359 38.9483 6.5
    endloop
  endfacet
  facet normal 0.649539 0.760328 0
    outer loop
      vertex 14.5808 39.0808 6.5
      vertex 14.7359 38.9483 0
      vertex 14.5808 39.0808 0
    endloop
  endfacet
  facet normal -0.99692 -0.0784205 0
    outer loop
      vertex 65.8 20 0
      vertex 65.784 20.2034 6.5
      vertex 65.784 20.2034 0
    endloop
  endfacet
  facet normal -0.99692 -0.0784205 0
    outer loop
      vertex 65.784 20.2034 6.5
      vertex 65.8 20 0
      vertex 65.8 20 6.5
    endloop
  endfacet
  facet normal 0.0784205 -0.99692 0
    outer loop
      vertex 64.2966 21.284 0
      vertex 64.5 21.3 6.5
      vertex 64.2966 21.284 6.5
    endloop
  endfacet
  facet normal 0.0784205 -0.99692 0
    outer loop
      vertex 64.5 21.3 6.5
      vertex 64.2966 21.284 0
      vertex 64.5 21.3 0
    endloop
  endfacet
  facet normal -0.649539 -0.760328 0
    outer loop
      vertex 65.2641 21.0517 0
      vertex 65.4192 20.9192 6.5
      vertex 65.2641 21.0517 6.5
    endloop
  endfacet
  facet normal -0.649539 -0.760328 -0
    outer loop
      vertex 65.4192 20.9192 6.5
      vertex 65.2641 21.0517 0
      vertex 65.4192 20.9192 0
    endloop
  endfacet
  facet normal 0.760328 -0.649539 0
    outer loop
      vertex 63.4483 20.7641 6.5
      vertex 63.5808 20.9192 0
      vertex 63.5808 20.9192 6.5
    endloop
  endfacet
  facet normal 0.760328 -0.649539 0
    outer loop
      vertex 63.5808 20.9192 0
      vertex 63.4483 20.7641 6.5
      vertex 63.4483 20.7641 0
    endloop
  endfacet
  facet normal 0.38277 -0.923844 0
    outer loop
      vertex 63.9098 21.1583 0
      vertex 64.0983 21.2364 6.5
      vertex 63.9098 21.1583 6.5
    endloop
  endfacet
  facet normal 0.38277 -0.923844 0
    outer loop
      vertex 64.0983 21.2364 6.5
      vertex 63.9098 21.1583 0
      vertex 64.0983 21.2364 0
    endloop
  endfacet
  facet normal 0.760328 0.649539 0
    outer loop
      vertex 63.5808 19.0808 6.5
      vertex 63.4483 19.2359 0
      vertex 63.4483 19.2359 6.5
    endloop
  endfacet
  facet normal 0.760328 0.649539 0
    outer loop
      vertex 63.4483 19.2359 0
      vertex 63.5808 19.0808 6.5
      vertex 63.5808 19.0808 0
    endloop
  endfacet
  facet normal -0.923844 -0.38277 0
    outer loop
      vertex 65.7364 20.4017 0
      vertex 65.6583 20.5902 6.5
      vertex 65.6583 20.5902 0
    endloop
  endfacet
  facet normal -0.923844 -0.38277 0
    outer loop
      vertex 65.6583 20.5902 6.5
      vertex 65.7364 20.4017 0
      vertex 65.7364 20.4017 6.5
    endloop
  endfacet
  facet normal -0.972378 -0.23341 0
    outer loop
      vertex 65.784 20.2034 0
      vertex 65.7364 20.4017 6.5
      vertex 65.7364 20.4017 0
    endloop
  endfacet
  facet normal -0.972378 -0.23341 0
    outer loop
      vertex 65.7364 20.4017 6.5
      vertex 65.784 20.2034 0
      vertex 65.784 20.2034 6.5
    endloop
  endfacet
  facet normal -0.852566 -0.52262 0
    outer loop
      vertex 65.6583 20.5902 0
      vertex 65.5517 20.7641 6.5
      vertex 65.5517 20.7641 0
    endloop
  endfacet
  facet normal -0.852566 -0.52262 0
    outer loop
      vertex 65.5517 20.7641 6.5
      vertex 65.6583 20.5902 0
      vertex 65.6583 20.5902 6.5
    endloop
  endfacet
  facet normal -0.23341 -0.972378 0
    outer loop
      vertex 64.7034 21.284 0
      vertex 64.9017 21.2364 6.5
      vertex 64.7034 21.284 6.5
    endloop
  endfacet
  facet normal -0.23341 -0.972378 -0
    outer loop
      vertex 64.9017 21.2364 6.5
      vertex 64.7034 21.284 0
      vertex 64.9017 21.2364 0
    endloop
  endfacet
  facet normal -0.0784205 -0.99692 0
    outer loop
      vertex 64.5 21.3 0
      vertex 64.7034 21.284 6.5
      vertex 64.5 21.3 6.5
    endloop
  endfacet
  facet normal -0.0784205 -0.99692 -0
    outer loop
      vertex 64.7034 21.284 6.5
      vertex 64.5 21.3 0
      vertex 64.7034 21.284 0
    endloop
  endfacet
  facet normal -0.52262 -0.852566 0
    outer loop
      vertex 65.0902 21.1583 0
      vertex 65.2641 21.0517 6.5
      vertex 65.0902 21.1583 6.5
    endloop
  endfacet
  facet normal -0.52262 -0.852566 -0
    outer loop
      vertex 65.2641 21.0517 6.5
      vertex 65.0902 21.1583 0
      vertex 65.2641 21.0517 0
    endloop
  endfacet
  facet normal 0.923844 -0.38277 0
    outer loop
      vertex 63.2636 20.4017 6.5
      vertex 63.3417 20.5902 0
      vertex 63.3417 20.5902 6.5
    endloop
  endfacet
  facet normal 0.923844 -0.38277 0
    outer loop
      vertex 63.3417 20.5902 0
      vertex 63.2636 20.4017 6.5
      vertex 63.2636 20.4017 0
    endloop
  endfacet
  facet normal 0.852566 -0.52262 0
    outer loop
      vertex 63.3417 20.5902 6.5
      vertex 63.4483 20.7641 0
      vertex 63.4483 20.7641 6.5
    endloop
  endfacet
  facet normal 0.852566 -0.52262 0
    outer loop
      vertex 63.4483 20.7641 0
      vertex 63.3417 20.5902 6.5
      vertex 63.3417 20.5902 0
    endloop
  endfacet
  facet normal 0.99692 -0.0784205 0
    outer loop
      vertex 63.2 20 6.5
      vertex 63.216 20.2034 0
      vertex 63.216 20.2034 6.5
    endloop
  endfacet
  facet normal 0.99692 -0.0784205 0
    outer loop
      vertex 63.216 20.2034 0
      vertex 63.2 20 6.5
      vertex 63.2 20 0
    endloop
  endfacet
  facet normal 0.52262 -0.852566 0
    outer loop
      vertex 63.7359 21.0517 0
      vertex 63.9098 21.1583 6.5
      vertex 63.7359 21.0517 6.5
    endloop
  endfacet
  facet normal 0.52262 -0.852566 0
    outer loop
      vertex 63.9098 21.1583 6.5
      vertex 63.7359 21.0517 0
      vertex 63.9098 21.1583 0
    endloop
  endfacet
  facet normal 0.23341 -0.972378 0
    outer loop
      vertex 64.0983 21.2364 0
      vertex 64.2966 21.284 6.5
      vertex 64.0983 21.2364 6.5
    endloop
  endfacet
  facet normal 0.23341 -0.972378 0
    outer loop
      vertex 64.2966 21.284 6.5
      vertex 64.0983 21.2364 0
      vertex 64.2966 21.284 0
    endloop
  endfacet
  facet normal -0.99692 0.0784205 0
    outer loop
      vertex 65.784 19.7966 0
      vertex 65.8 20 6.5
      vertex 65.8 20 0
    endloop
  endfacet
  facet normal -0.99692 0.0784205 0
    outer loop
      vertex 65.8 20 6.5
      vertex 65.784 19.7966 0
      vertex 65.784 19.7966 6.5
    endloop
  endfacet
  facet normal -0.23341 0.972378 0
    outer loop
      vertex 64.9017 18.7636 0
      vertex 64.7034 18.716 6.5
      vertex 64.9017 18.7636 6.5
    endloop
  endfacet
  facet normal -0.23341 0.972378 0
    outer loop
      vertex 64.7034 18.716 6.5
      vertex 64.9017 18.7636 0
      vertex 64.7034 18.716 0
    endloop
  endfacet
  facet normal -0.760328 0.649539 0
    outer loop
      vertex 65.4192 19.0808 0
      vertex 65.5517 19.2359 6.5
      vertex 65.5517 19.2359 0
    endloop
  endfacet
  facet normal -0.760328 0.649539 0
    outer loop
      vertex 65.5517 19.2359 6.5
      vertex 65.4192 19.0808 0
      vertex 65.4192 19.0808 6.5
    endloop
  endfacet
  facet normal -0.52262 0.852566 0
    outer loop
      vertex 65.2641 18.9483 0
      vertex 65.0902 18.8417 6.5
      vertex 65.2641 18.9483 6.5
    endloop
  endfacet
  facet normal -0.52262 0.852566 0
    outer loop
      vertex 65.0902 18.8417 6.5
      vertex 65.2641 18.9483 0
      vertex 65.0902 18.8417 0
    endloop
  endfacet
  facet normal -0.852566 0.52262 0
    outer loop
      vertex 65.5517 19.2359 0
      vertex 65.6583 19.4098 6.5
      vertex 65.6583 19.4098 0
    endloop
  endfacet
  facet normal -0.852566 0.52262 0
    outer loop
      vertex 65.6583 19.4098 6.5
      vertex 65.5517 19.2359 0
      vertex 65.5517 19.2359 6.5
    endloop
  endfacet
  facet normal -0.923844 0.38277 0
    outer loop
      vertex 65.6583 19.4098 0
      vertex 65.7364 19.5983 6.5
      vertex 65.7364 19.5983 0
    endloop
  endfacet
  facet normal -0.923844 0.38277 0
    outer loop
      vertex 65.7364 19.5983 6.5
      vertex 65.6583 19.4098 0
      vertex 65.6583 19.4098 6.5
    endloop
  endfacet
  facet normal 0.0784205 0.99692 -0
    outer loop
      vertex 64.5 18.7 0
      vertex 64.2966 18.716 6.5
      vertex 64.5 18.7 6.5
    endloop
  endfacet
  facet normal 0.0784205 0.99692 0
    outer loop
      vertex 64.2966 18.716 6.5
      vertex 64.5 18.7 0
      vertex 64.2966 18.716 0
    endloop
  endfacet
  facet normal 0.52262 0.852566 -0
    outer loop
      vertex 63.9098 18.8417 0
      vertex 63.7359 18.9483 6.5
      vertex 63.9098 18.8417 6.5
    endloop
  endfacet
  facet normal 0.52262 0.852566 0
    outer loop
      vertex 63.7359 18.9483 6.5
      vertex 63.9098 18.8417 0
      vertex 63.7359 18.9483 0
    endloop
  endfacet
  facet normal 0.38277 0.923844 -0
    outer loop
      vertex 64.0983 18.7636 0
      vertex 63.9098 18.8417 6.5
      vertex 64.0983 18.7636 6.5
    endloop
  endfacet
  facet normal 0.38277 0.923844 0
    outer loop
      vertex 63.9098 18.8417 6.5
      vertex 64.0983 18.7636 0
      vertex 63.9098 18.8417 0
    endloop
  endfacet
  facet normal 0.972378 0.23341 0
    outer loop
      vertex 63.2636 19.5983 6.5
      vertex 63.216 19.7966 0
      vertex 63.216 19.7966 6.5
    endloop
  endfacet
  facet normal 0.972378 0.23341 0
    outer loop
      vertex 63.216 19.7966 0
      vertex 63.2636 19.5983 6.5
      vertex 63.2636 19.5983 0
    endloop
  endfacet
  facet normal 0.852566 0.52262 0
    outer loop
      vertex 63.4483 19.2359 6.5
      vertex 63.3417 19.4098 0
      vertex 63.3417 19.4098 6.5
    endloop
  endfacet
  facet normal 0.852566 0.52262 0
    outer loop
      vertex 63.3417 19.4098 0
      vertex 63.4483 19.2359 6.5
      vertex 63.4483 19.2359 0
    endloop
  endfacet
  facet normal 0.923844 0.38277 0
    outer loop
      vertex 63.3417 19.4098 6.5
      vertex 63.2636 19.5983 0
      vertex 63.2636 19.5983 6.5
    endloop
  endfacet
  facet normal 0.923844 0.38277 0
    outer loop
      vertex 63.2636 19.5983 0
      vertex 63.3417 19.4098 6.5
      vertex 63.3417 19.4098 0
    endloop
  endfacet
  facet normal 0.972378 -0.23341 0
    outer loop
      vertex 63.216 20.2034 6.5
      vertex 63.2636 20.4017 0
      vertex 63.2636 20.4017 6.5
    endloop
  endfacet
  facet normal 0.972378 -0.23341 0
    outer loop
      vertex 63.2636 20.4017 0
      vertex 63.216 20.2034 6.5
      vertex 63.216 20.2034 0
    endloop
  endfacet
  facet normal 0.99692 0.0784205 0
    outer loop
      vertex 63.216 19.7966 6.5
      vertex 63.2 20 0
      vertex 63.2 20 6.5
    endloop
  endfacet
  facet normal 0.99692 0.0784205 0
    outer loop
      vertex 63.2 20 0
      vertex 63.216 19.7966 6.5
      vertex 63.216 19.7966 0
    endloop
  endfacet
  facet normal -0.38277 0.923844 0
    outer loop
      vertex 65.0902 18.8417 0
      vertex 64.9017 18.7636 6.5
      vertex 65.0902 18.8417 6.5
    endloop
  endfacet
  facet normal -0.38277 0.923844 0
    outer loop
      vertex 64.9017 18.7636 6.5
      vertex 65.0902 18.8417 0
      vertex 64.9017 18.7636 0
    endloop
  endfacet
  facet normal -0.649539 0.760328 0
    outer loop
      vertex 65.4192 19.0808 0
      vertex 65.2641 18.9483 6.5
      vertex 65.4192 19.0808 6.5
    endloop
  endfacet
  facet normal -0.649539 0.760328 0
    outer loop
      vertex 65.2641 18.9483 6.5
      vertex 65.4192 19.0808 0
      vertex 65.2641 18.9483 0
    endloop
  endfacet
  facet normal 0.23341 0.972378 -0
    outer loop
      vertex 64.2966 18.716 0
      vertex 64.0983 18.7636 6.5
      vertex 64.2966 18.716 6.5
    endloop
  endfacet
  facet normal 0.23341 0.972378 0
    outer loop
      vertex 64.0983 18.7636 6.5
      vertex 64.2966 18.716 0
      vertex 64.0983 18.7636 0
    endloop
  endfacet
  facet normal -0.0784205 0.99692 0
    outer loop
      vertex 64.7034 18.716 0
      vertex 64.5 18.7 6.5
      vertex 64.7034 18.716 6.5
    endloop
  endfacet
  facet normal -0.0784205 0.99692 0
    outer loop
      vertex 64.5 18.7 6.5
      vertex 64.7034 18.716 0
      vertex 64.5 18.7 0
    endloop
  endfacet
  facet normal 0.649539 0.760328 -0
    outer loop
      vertex 63.7359 18.9483 0
      vertex 63.5808 19.0808 6.5
      vertex 63.7359 18.9483 6.5
    endloop
  endfacet
  facet normal 0.649539 0.760328 0
    outer loop
      vertex 63.5808 19.0808 6.5
      vertex 63.7359 18.9483 0
      vertex 63.5808 19.0808 0
    endloop
  endfacet
  facet normal -0.760328 -0.649539 0
    outer loop
      vertex 65.5517 20.7641 0
      vertex 65.4192 20.9192 6.5
      vertex 65.4192 20.9192 0
    endloop
  endfacet
  facet normal -0.760328 -0.649539 0
    outer loop
      vertex 65.4192 20.9192 6.5
      vertex 65.5517 20.7641 0
      vertex 65.5517 20.7641 6.5
    endloop
  endfacet
  facet normal -0.38277 -0.923844 0
    outer loop
      vertex 64.9017 21.2364 0
      vertex 65.0902 21.1583 6.5
      vertex 64.9017 21.2364 6.5
    endloop
  endfacet
  facet normal -0.38277 -0.923844 -0
    outer loop
      vertex 65.0902 21.1583 6.5
      vertex 64.9017 21.2364 0
      vertex 65.0902 21.1583 0
    endloop
  endfacet
  facet normal 0.649539 -0.760328 0
    outer loop
      vertex 63.5808 20.9192 0
      vertex 63.7359 21.0517 6.5
      vertex 63.5808 20.9192 6.5
    endloop
  endfacet
  facet normal 0.649539 -0.760328 0
    outer loop
      vertex 63.7359 21.0517 6.5
      vertex 63.5808 20.9192 0
      vertex 63.7359 21.0517 0
    endloop
  endfacet
  facet normal -0.972378 0.23341 0
    outer loop
      vertex 65.7364 19.5983 0
      vertex 65.784 19.7966 6.5
      vertex 65.784 19.7966 0
    endloop
  endfacet
  facet normal -0.972378 0.23341 0
    outer loop
      vertex 65.784 19.7966 6.5
      vertex 65.7364 19.5983 0
      vertex 65.7364 19.5983 6.5
    endloop
  endfacet
  facet normal -0.52262 -0.852566 0
    outer loop
      vertex 65.0902 41.1583 0
      vertex 65.2641 41.0517 6.5
      vertex 65.0902 41.1583 6.5
    endloop
  endfacet
  facet normal -0.52262 -0.852566 -0
    outer loop
      vertex 65.2641 41.0517 6.5
      vertex 65.0902 41.1583 0
      vertex 65.2641 41.0517 0
    endloop
  endfacet
  facet normal -0.99692 0.0784205 0
    outer loop
      vertex 65.784 39.7966 0
      vertex 65.8 40 6.5
      vertex 65.8 40 0
    endloop
  endfacet
  facet normal -0.99692 0.0784205 0
    outer loop
      vertex 65.8 40 6.5
      vertex 65.784 39.7966 0
      vertex 65.784 39.7966 6.5
    endloop
  endfacet
  facet normal 0.0784205 0.99692 -0
    outer loop
      vertex 64.5 38.7 0
      vertex 64.2966 38.716 6.5
      vertex 64.5 38.7 6.5
    endloop
  endfacet
  facet normal 0.0784205 0.99692 0
    outer loop
      vertex 64.2966 38.716 6.5
      vertex 64.5 38.7 0
      vertex 64.2966 38.716 0
    endloop
  endfacet
  facet normal 0.38277 -0.923844 0
    outer loop
      vertex 63.9098 41.1583 0
      vertex 64.0983 41.2364 6.5
      vertex 63.9098 41.1583 6.5
    endloop
  endfacet
  facet normal 0.38277 -0.923844 0
    outer loop
      vertex 64.0983 41.2364 6.5
      vertex 63.9098 41.1583 0
      vertex 64.0983 41.2364 0
    endloop
  endfacet
  facet normal 0.972378 -0.23341 0
    outer loop
      vertex 63.216 40.2034 6.5
      vertex 63.2636 40.4017 0
      vertex 63.2636 40.4017 6.5
    endloop
  endfacet
  facet normal 0.972378 -0.23341 0
    outer loop
      vertex 63.2636 40.4017 0
      vertex 63.216 40.2034 6.5
      vertex 63.216 40.2034 0
    endloop
  endfacet
  facet normal 0.852566 0.52262 0
    outer loop
      vertex 63.4483 39.2359 6.5
      vertex 63.3417 39.4098 0
      vertex 63.3417 39.4098 6.5
    endloop
  endfacet
  facet normal 0.852566 0.52262 0
    outer loop
      vertex 63.3417 39.4098 0
      vertex 63.4483 39.2359 6.5
      vertex 63.4483 39.2359 0
    endloop
  endfacet
  facet normal -0.923844 -0.38277 0
    outer loop
      vertex 65.7364 40.4017 0
      vertex 65.6583 40.5902 6.5
      vertex 65.6583 40.5902 0
    endloop
  endfacet
  facet normal -0.923844 -0.38277 0
    outer loop
      vertex 65.6583 40.5902 6.5
      vertex 65.7364 40.4017 0
      vertex 65.7364 40.4017 6.5
    endloop
  endfacet
  facet normal -0.852566 -0.52262 0
    outer loop
      vertex 65.6583 40.5902 0
      vertex 65.5517 40.7641 6.5
      vertex 65.5517 40.7641 0
    endloop
  endfacet
  facet normal -0.852566 -0.52262 0
    outer loop
      vertex 65.5517 40.7641 6.5
      vertex 65.6583 40.5902 0
      vertex 65.6583 40.5902 6.5
    endloop
  endfacet
  facet normal -0.760328 -0.649539 0
    outer loop
      vertex 65.5517 40.7641 0
      vertex 65.4192 40.9192 6.5
      vertex 65.4192 40.9192 0
    endloop
  endfacet
  facet normal -0.760328 -0.649539 0
    outer loop
      vertex 65.4192 40.9192 6.5
      vertex 65.5517 40.7641 0
      vertex 65.5517 40.7641 6.5
    endloop
  endfacet
  facet normal -0.38277 -0.923844 0
    outer loop
      vertex 64.9017 41.2364 0
      vertex 65.0902 41.1583 6.5
      vertex 64.9017 41.2364 6.5
    endloop
  endfacet
  facet normal -0.38277 -0.923844 -0
    outer loop
      vertex 65.0902 41.1583 6.5
      vertex 64.9017 41.2364 0
      vertex 65.0902 41.1583 0
    endloop
  endfacet
  facet normal 0.0784205 -0.99692 0
    outer loop
      vertex 64.2966 41.284 0
      vertex 64.5 41.3 6.5
      vertex 64.2966 41.284 6.5
    endloop
  endfacet
  facet normal 0.0784205 -0.99692 0
    outer loop
      vertex 64.5 41.3 6.5
      vertex 64.2966 41.284 0
      vertex 64.5 41.3 0
    endloop
  endfacet
  facet normal 0.99692 0.0784205 0
    outer loop
      vertex 63.216 39.7966 6.5
      vertex 63.2 40 0
      vertex 63.2 40 6.5
    endloop
  endfacet
  facet normal 0.99692 0.0784205 0
    outer loop
      vertex 63.2 40 0
      vertex 63.216 39.7966 6.5
      vertex 63.216 39.7966 0
    endloop
  endfacet
  facet normal 0.852566 -0.52262 0
    outer loop
      vertex 63.3417 40.5902 6.5
      vertex 63.4483 40.7641 0
      vertex 63.4483 40.7641 6.5
    endloop
  endfacet
  facet normal 0.852566 -0.52262 0
    outer loop
      vertex 63.4483 40.7641 0
      vertex 63.3417 40.5902 6.5
      vertex 63.3417 40.5902 0
    endloop
  endfacet
  facet normal 0.52262 -0.852566 0
    outer loop
      vertex 63.7359 41.0517 0
      vertex 63.9098 41.1583 6.5
      vertex 63.7359 41.0517 6.5
    endloop
  endfacet
  facet normal 0.52262 -0.852566 0
    outer loop
      vertex 63.9098 41.1583 6.5
      vertex 63.7359 41.0517 0
      vertex 63.9098 41.1583 0
    endloop
  endfacet
  facet normal 0.23341 -0.972378 0
    outer loop
      vertex 64.0983 41.2364 0
      vertex 64.2966 41.284 6.5
      vertex 64.0983 41.2364 6.5
    endloop
  endfacet
  facet normal 0.23341 -0.972378 0
    outer loop
      vertex 64.2966 41.284 6.5
      vertex 64.0983 41.2364 0
      vertex 64.2966 41.284 0
    endloop
  endfacet
  facet normal 0.649539 -0.760328 0
    outer loop
      vertex 63.5808 40.9192 0
      vertex 63.7359 41.0517 6.5
      vertex 63.5808 40.9192 6.5
    endloop
  endfacet
  facet normal 0.649539 -0.760328 0
    outer loop
      vertex 63.7359 41.0517 6.5
      vertex 63.5808 40.9192 0
      vertex 63.7359 41.0517 0
    endloop
  endfacet
  facet normal -0.99692 -0.0784205 0
    outer loop
      vertex 65.8 40 0
      vertex 65.784 40.2034 6.5
      vertex 65.784 40.2034 0
    endloop
  endfacet
  facet normal -0.99692 -0.0784205 0
    outer loop
      vertex 65.784 40.2034 6.5
      vertex 65.8 40 0
      vertex 65.8 40 6.5
    endloop
  endfacet
  facet normal -0.23341 0.972378 0
    outer loop
      vertex 64.9017 38.7636 0
      vertex 64.7034 38.716 6.5
      vertex 64.9017 38.7636 6.5
    endloop
  endfacet
  facet normal -0.23341 0.972378 0
    outer loop
      vertex 64.7034 38.716 6.5
      vertex 64.9017 38.7636 0
      vertex 64.7034 38.716 0
    endloop
  endfacet
  facet normal -0.38277 0.923844 0
    outer loop
      vertex 65.0902 38.8417 0
      vertex 64.9017 38.7636 6.5
      vertex 65.0902 38.8417 6.5
    endloop
  endfacet
  facet normal -0.38277 0.923844 0
    outer loop
      vertex 64.9017 38.7636 6.5
      vertex 65.0902 38.8417 0
      vertex 64.9017 38.7636 0
    endloop
  endfacet
  facet normal -0.760328 0.649539 0
    outer loop
      vertex 65.4192 39.0808 0
      vertex 65.5517 39.2359 6.5
      vertex 65.5517 39.2359 0
    endloop
  endfacet
  facet normal -0.760328 0.649539 0
    outer loop
      vertex 65.5517 39.2359 6.5
      vertex 65.4192 39.0808 0
      vertex 65.4192 39.0808 6.5
    endloop
  endfacet
  facet normal -0.52262 0.852566 0
    outer loop
      vertex 65.2641 38.9483 0
      vertex 65.0902 38.8417 6.5
      vertex 65.2641 38.9483 6.5
    endloop
  endfacet
  facet normal -0.52262 0.852566 0
    outer loop
      vertex 65.0902 38.8417 6.5
      vertex 65.2641 38.9483 0
      vertex 65.0902 38.8417 0
    endloop
  endfacet
  facet normal -0.0784205 0.99692 0
    outer loop
      vertex 64.7034 38.716 0
      vertex 64.5 38.7 6.5
      vertex 64.7034 38.716 6.5
    endloop
  endfacet
  facet normal -0.0784205 0.99692 0
    outer loop
      vertex 64.5 38.7 6.5
      vertex 64.7034 38.716 0
      vertex 64.5 38.7 0
    endloop
  endfacet
  facet normal 0.38277 0.923844 -0
    outer loop
      vertex 64.0983 38.7636 0
      vertex 63.9098 38.8417 6.5
      vertex 64.0983 38.7636 6.5
    endloop
  endfacet
  facet normal 0.38277 0.923844 0
    outer loop
      vertex 63.9098 38.8417 6.5
      vertex 64.0983 38.7636 0
      vertex 63.9098 38.8417 0
    endloop
  endfacet
  facet normal 0.52262 0.852566 -0
    outer loop
      vertex 63.9098 38.8417 0
      vertex 63.7359 38.9483 6.5
      vertex 63.9098 38.8417 6.5
    endloop
  endfacet
  facet normal 0.52262 0.852566 0
    outer loop
      vertex 63.7359 38.9483 6.5
      vertex 63.9098 38.8417 0
      vertex 63.7359 38.9483 0
    endloop
  endfacet
  facet normal 0.972378 0.23341 0
    outer loop
      vertex 63.2636 39.5983 6.5
      vertex 63.216 39.7966 0
      vertex 63.216 39.7966 6.5
    endloop
  endfacet
  facet normal 0.972378 0.23341 0
    outer loop
      vertex 63.216 39.7966 0
      vertex 63.2636 39.5983 6.5
      vertex 63.2636 39.5983 0
    endloop
  endfacet
  facet normal -0.972378 -0.23341 0
    outer loop
      vertex 65.784 40.2034 0
      vertex 65.7364 40.4017 6.5
      vertex 65.7364 40.4017 0
    endloop
  endfacet
  facet normal -0.972378 -0.23341 0
    outer loop
      vertex 65.7364 40.4017 6.5
      vertex 65.784 40.2034 0
      vertex 65.784 40.2034 6.5
    endloop
  endfacet
  facet normal -0.649539 -0.760328 0
    outer loop
      vertex 65.2641 41.0517 0
      vertex 65.4192 40.9192 6.5
      vertex 65.2641 41.0517 6.5
    endloop
  endfacet
  facet normal -0.649539 -0.760328 -0
    outer loop
      vertex 65.4192 40.9192 6.5
      vertex 65.2641 41.0517 0
      vertex 65.4192 40.9192 0
    endloop
  endfacet
  facet normal -0.23341 -0.972378 0
    outer loop
      vertex 64.7034 41.284 0
      vertex 64.9017 41.2364 6.5
      vertex 64.7034 41.284 6.5
    endloop
  endfacet
  facet normal -0.23341 -0.972378 -0
    outer loop
      vertex 64.9017 41.2364 6.5
      vertex 64.7034 41.284 0
      vertex 64.9017 41.2364 0
    endloop
  endfacet
  facet normal -0.0784205 -0.99692 0
    outer loop
      vertex 64.5 41.3 0
      vertex 64.7034 41.284 6.5
      vertex 64.5 41.3 6.5
    endloop
  endfacet
  facet normal -0.0784205 -0.99692 -0
    outer loop
      vertex 64.7034 41.284 6.5
      vertex 64.5 41.3 0
      vertex 64.7034 41.284 0
    endloop
  endfacet
  facet normal 0.99692 -0.0784205 0
    outer loop
      vertex 63.2 40 6.5
      vertex 63.216 40.2034 0
      vertex 63.216 40.2034 6.5
    endloop
  endfacet
  facet normal 0.99692 -0.0784205 0
    outer loop
      vertex 63.216 40.2034 0
      vertex 63.2 40 6.5
      vertex 63.2 40 0
    endloop
  endfacet
  facet normal 0.760328 -0.649539 0
    outer loop
      vertex 63.4483 40.7641 6.5
      vertex 63.5808 40.9192 0
      vertex 63.5808 40.9192 6.5
    endloop
  endfacet
  facet normal 0.760328 -0.649539 0
    outer loop
      vertex 63.5808 40.9192 0
      vertex 63.4483 40.7641 6.5
      vertex 63.4483 40.7641 0
    endloop
  endfacet
  facet normal -0.852566 0.52262 0
    outer loop
      vertex 65.5517 39.2359 0
      vertex 65.6583 39.4098 6.5
      vertex 65.6583 39.4098 0
    endloop
  endfacet
  facet normal -0.852566 0.52262 0
    outer loop
      vertex 65.6583 39.4098 6.5
      vertex 65.5517 39.2359 0
      vertex 65.5517 39.2359 6.5
    endloop
  endfacet
  facet normal -0.649539 0.760328 0
    outer loop
      vertex 65.4192 39.0808 0
      vertex 65.2641 38.9483 6.5
      vertex 65.4192 39.0808 6.5
    endloop
  endfacet
  facet normal -0.649539 0.760328 0
    outer loop
      vertex 65.2641 38.9483 6.5
      vertex 65.4192 39.0808 0
      vertex 65.2641 38.9483 0
    endloop
  endfacet
  facet normal 0.23341 0.972378 -0
    outer loop
      vertex 64.2966 38.716 0
      vertex 64.0983 38.7636 6.5
      vertex 64.2966 38.716 6.5
    endloop
  endfacet
  facet normal 0.23341 0.972378 0
    outer loop
      vertex 64.0983 38.7636 6.5
      vertex 64.2966 38.716 0
      vertex 64.0983 38.7636 0
    endloop
  endfacet
  facet normal 0.923844 0.38277 0
    outer loop
      vertex 63.3417 39.4098 6.5
      vertex 63.2636 39.5983 0
      vertex 63.2636 39.5983 6.5
    endloop
  endfacet
  facet normal 0.923844 0.38277 0
    outer loop
      vertex 63.2636 39.5983 0
      vertex 63.3417 39.4098 6.5
      vertex 63.3417 39.4098 0
    endloop
  endfacet
  facet normal 0.760328 0.649539 0
    outer loop
      vertex 63.5808 39.0808 6.5
      vertex 63.4483 39.2359 0
      vertex 63.4483 39.2359 6.5
    endloop
  endfacet
  facet normal 0.760328 0.649539 0
    outer loop
      vertex 63.4483 39.2359 0
      vertex 63.5808 39.0808 6.5
      vertex 63.5808 39.0808 0
    endloop
  endfacet
  facet normal 0.649539 0.760328 -0
    outer loop
      vertex 63.7359 38.9483 0
      vertex 63.5808 39.0808 6.5
      vertex 63.7359 38.9483 6.5
    endloop
  endfacet
  facet normal 0.649539 0.760328 0
    outer loop
      vertex 63.5808 39.0808 6.5
      vertex 63.7359 38.9483 0
      vertex 63.5808 39.0808 0
    endloop
  endfacet
  facet normal 0.923844 -0.38277 0
    outer loop
      vertex 63.2636 40.4017 6.5
      vertex 63.3417 40.5902 0
      vertex 63.3417 40.5902 6.5
    endloop
  endfacet
  facet normal 0.923844 -0.38277 0
    outer loop
      vertex 63.3417 40.5902 0
      vertex 63.2636 40.4017 6.5
      vertex 63.2636 40.4017 0
    endloop
  endfacet
  facet normal -0.972378 0.23341 0
    outer loop
      vertex 65.7364 39.5983 0
      vertex 65.784 39.7966 6.5
      vertex 65.784 39.7966 0
    endloop
  endfacet
  facet normal -0.972378 0.23341 0
    outer loop
      vertex 65.784 39.7966 6.5
      vertex 65.7364 39.5983 0
      vertex 65.7364 39.5983 6.5
    endloop
  endfacet
  facet normal -0.923844 0.38277 0
    outer loop
      vertex 65.6583 39.4098 0
      vertex 65.7364 39.5983 6.5
      vertex 65.7364 39.5983 0
    endloop
  endfacet
  facet normal -0.923844 0.38277 0
    outer loop
      vertex 65.7364 39.5983 6.5
      vertex 65.6583 39.4098 0
      vertex 65.6583 39.4098 6.5
    endloop
  endfacet
  facet normal -0.996917 -0.0784593 0
    outer loop
      vertex 7.7 6 0
      vertex 7.67907 6.26594 27
      vertex 7.67907 6.26594 0
    endloop
  endfacet
  facet normal -0.996917 -0.0784593 0
    outer loop
      vertex 7.67907 6.26594 27
      vertex 7.7 6 0
      vertex 7.7 6 27
    endloop
  endfacet
  facet normal 0.0784593 -0.996917 0
    outer loop
      vertex 5.73406 7.67907 0
      vertex 6 7.7 27
      vertex 5.73406 7.67907 27
    endloop
  endfacet
  facet normal 0.0784593 -0.996917 0
    outer loop
      vertex 6 7.7 27
      vertex 5.73406 7.67907 0
      vertex 6 7.7 0
    endloop
  endfacet
  facet normal -0.0784593 0.996917 0
    outer loop
      vertex 6.26594 4.32093 0
      vertex 6 4.3 27
      vertex 6.26594 4.32093 27
    endloop
  endfacet
  facet normal -0.0784593 0.996917 0
    outer loop
      vertex 6 4.3 27
      vertex 6.26594 4.32093 0
      vertex 6 4.3 0
    endloop
  endfacet
  facet normal -0.649447 -0.760406 0
    outer loop
      vertex 6.99923 7.37533 0
      vertex 7.20208 7.20208 27
      vertex 6.99923 7.37533 27
    endloop
  endfacet
  facet normal -0.649447 -0.760406 -0
    outer loop
      vertex 7.20208 7.20208 27
      vertex 6.99923 7.37533 0
      vertex 7.20208 7.20208 0
    endloop
  endfacet
  facet normal 0.760406 -0.649447 0
    outer loop
      vertex 4.62467 6.99923 27
      vertex 4.79792 7.20208 0
      vertex 4.79792 7.20208 27
    endloop
  endfacet
  facet normal 0.760406 -0.649447 0
    outer loop
      vertex 4.79792 7.20208 0
      vertex 4.62467 6.99923 27
      vertex 4.62467 6.99923 0
    endloop
  endfacet
  facet normal 0.382706 -0.92387 0
    outer loop
      vertex 5.22822 7.51471 0
      vertex 5.47467 7.6168 27
      vertex 5.22822 7.51471 27
    endloop
  endfacet
  facet normal 0.382706 -0.92387 0
    outer loop
      vertex 5.47467 7.6168 27
      vertex 5.22822 7.51471 0
      vertex 5.47467 7.6168 0
    endloop
  endfacet
  facet normal -0.92387 -0.382706 0
    outer loop
      vertex 7.6168 6.52533 0
      vertex 7.51471 6.77178 27
      vertex 7.51471 6.77178 0
    endloop
  endfacet
  facet normal -0.92387 -0.382706 0
    outer loop
      vertex 7.51471 6.77178 27
      vertex 7.6168 6.52533 0
      vertex 7.6168 6.52533 27
    endloop
  endfacet
  facet normal -0.972373 -0.233431 0
    outer loop
      vertex 7.67907 6.26594 0
      vertex 7.6168 6.52533 27
      vertex 7.6168 6.52533 0
    endloop
  endfacet
  facet normal -0.972373 -0.233431 0
    outer loop
      vertex 7.6168 6.52533 27
      vertex 7.67907 6.26594 0
      vertex 7.67907 6.26594 27
    endloop
  endfacet
  facet normal -0.382706 -0.92387 0
    outer loop
      vertex 6.52533 7.6168 0
      vertex 6.77178 7.51471 27
      vertex 6.52533 7.6168 27
    endloop
  endfacet
  facet normal -0.382706 -0.92387 -0
    outer loop
      vertex 6.77178 7.51471 27
      vertex 6.52533 7.6168 0
      vertex 6.77178 7.51471 0
    endloop
  endfacet
  facet normal -0.522494 -0.852643 0
    outer loop
      vertex 6.77178 7.51471 0
      vertex 6.99923 7.37533 27
      vertex 6.77178 7.51471 27
    endloop
  endfacet
  facet normal -0.522494 -0.852643 -0
    outer loop
      vertex 6.99923 7.37533 27
      vertex 6.77178 7.51471 0
      vertex 6.99923 7.37533 0
    endloop
  endfacet
  facet normal 0.92387 -0.382706 0
    outer loop
      vertex 4.3832 6.52533 27
      vertex 4.48529 6.77178 0
      vertex 4.48529 6.77178 27
    endloop
  endfacet
  facet normal 0.92387 -0.382706 0
    outer loop
      vertex 4.48529 6.77178 0
      vertex 4.3832 6.52533 27
      vertex 4.3832 6.52533 0
    endloop
  endfacet
  facet normal 0.852643 -0.522494 0
    outer loop
      vertex 4.48529 6.77178 27
      vertex 4.62467 6.99923 0
      vertex 4.62467 6.99923 27
    endloop
  endfacet
  facet normal 0.852643 -0.522494 0
    outer loop
      vertex 4.62467 6.99923 0
      vertex 4.48529 6.77178 27
      vertex 4.48529 6.77178 0
    endloop
  endfacet
  facet normal 0.233431 -0.972373 0
    outer loop
      vertex 5.47467 7.6168 0
      vertex 5.73406 7.67907 27
      vertex 5.47467 7.6168 27
    endloop
  endfacet
  facet normal 0.233431 -0.972373 0
    outer loop
      vertex 5.73406 7.67907 27
      vertex 5.47467 7.6168 0
      vertex 5.73406 7.67907 0
    endloop
  endfacet
  facet normal -0.972373 0.233431 0
    outer loop
      vertex 7.6168 5.47467 0
      vertex 7.67907 5.73406 27
      vertex 7.67907 5.73406 0
    endloop
  endfacet
  facet normal -0.972373 0.233431 0
    outer loop
      vertex 7.67907 5.73406 27
      vertex 7.6168 5.47467 0
      vertex 7.6168 5.47467 27
    endloop
  endfacet
  facet normal -0.233431 0.972373 0
    outer loop
      vertex 6.52533 4.3832 0
      vertex 6.26594 4.32093 27
      vertex 6.52533 4.3832 27
    endloop
  endfacet
  facet normal -0.233431 0.972373 0
    outer loop
      vertex 6.26594 4.32093 27
      vertex 6.52533 4.3832 0
      vertex 6.26594 4.32093 0
    endloop
  endfacet
  facet normal -0.760406 -0.649447 0
    outer loop
      vertex 7.37533 6.99923 0
      vertex 7.20208 7.20208 27
      vertex 7.20208 7.20208 0
    endloop
  endfacet
  facet normal -0.760406 -0.649447 0
    outer loop
      vertex 7.20208 7.20208 27
      vertex 7.37533 6.99923 0
      vertex 7.37533 6.99923 27
    endloop
  endfacet
  facet normal -0.852643 -0.522494 0
    outer loop
      vertex 7.51471 6.77178 0
      vertex 7.37533 6.99923 27
      vertex 7.37533 6.99923 0
    endloop
  endfacet
  facet normal -0.852643 -0.522494 0
    outer loop
      vertex 7.37533 6.99923 27
      vertex 7.51471 6.77178 0
      vertex 7.51471 6.77178 27
    endloop
  endfacet
  facet normal -0.233431 -0.972373 0
    outer loop
      vertex 6.26594 7.67907 0
      vertex 6.52533 7.6168 27
      vertex 6.26594 7.67907 27
    endloop
  endfacet
  facet normal -0.233431 -0.972373 -0
    outer loop
      vertex 6.52533 7.6168 27
      vertex 6.26594 7.67907 0
      vertex 6.52533 7.6168 0
    endloop
  endfacet
  facet normal -0.0784593 -0.996917 0
    outer loop
      vertex 6 7.7 0
      vertex 6.26594 7.67907 27
      vertex 6 7.7 27
    endloop
  endfacet
  facet normal -0.0784593 -0.996917 -0
    outer loop
      vertex 6.26594 7.67907 27
      vertex 6 7.7 0
      vertex 6.26594 7.67907 0
    endloop
  endfacet
  facet normal 0.972373 -0.233431 0
    outer loop
      vertex 4.32093 6.26594 27
      vertex 4.3832 6.52533 0
      vertex 4.3832 6.52533 27
    endloop
  endfacet
  facet normal 0.972373 -0.233431 0
    outer loop
      vertex 4.3832 6.52533 0
      vertex 4.32093 6.26594 27
      vertex 4.32093 6.26594 0
    endloop
  endfacet
  facet normal 0.996917 -0.0784593 0
    outer loop
      vertex 4.3 6 27
      vertex 4.32093 6.26594 0
      vertex 4.32093 6.26594 27
    endloop
  endfacet
  facet normal 0.996917 -0.0784593 0
    outer loop
      vertex 4.32093 6.26594 0
      vertex 4.3 6 27
      vertex 4.3 6 0
    endloop
  endfacet
  facet normal 0.996917 0.0784593 0
    outer loop
      vertex 4.32093 5.73406 27
      vertex 4.3 6 0
      vertex 4.3 6 27
    endloop
  endfacet
  facet normal 0.996917 0.0784593 0
    outer loop
      vertex 4.3 6 0
      vertex 4.32093 5.73406 27
      vertex 4.32093 5.73406 0
    endloop
  endfacet
  facet normal 0.522478 -0.852653 0
    outer loop
      vertex 5.00076 7.37533 0
      vertex 5.22822 7.51471 27
      vertex 5.00076 7.37533 27
    endloop
  endfacet
  facet normal 0.522478 -0.852653 0
    outer loop
      vertex 5.22822 7.51471 27
      vertex 5.00076 7.37533 0
      vertex 5.22822 7.51471 0
    endloop
  endfacet
  facet normal 0.649466 -0.760391 0
    outer loop
      vertex 4.79792 7.20208 0
      vertex 5.00076 7.37533 27
      vertex 4.79792 7.20208 27
    endloop
  endfacet
  facet normal 0.649466 -0.760391 0
    outer loop
      vertex 5.00076 7.37533 27
      vertex 4.79792 7.20208 0
      vertex 5.00076 7.37533 0
    endloop
  endfacet
  facet normal -0.852653 0.522478 0
    outer loop
      vertex 7.37533 5.00076 0
      vertex 7.51471 5.22822 27
      vertex 7.51471 5.22822 0
    endloop
  endfacet
  facet normal -0.852653 0.522478 0
    outer loop
      vertex 7.51471 5.22822 27
      vertex 7.37533 5.00076 0
      vertex 7.37533 5.00076 27
    endloop
  endfacet
  facet normal 0.972373 0.233431 0
    outer loop
      vertex 4.3832 5.47467 27
      vertex 4.32093 5.73406 0
      vertex 4.32093 5.73406 27
    endloop
  endfacet
  facet normal 0.972373 0.233431 0
    outer loop
      vertex 4.32093 5.73406 0
      vertex 4.3832 5.47467 27
      vertex 4.3832 5.47467 0
    endloop
  endfacet
  facet normal -0.522494 0.852643 0
    outer loop
      vertex 6.99923 4.62467 0
      vertex 6.77178 4.48529 27
      vertex 6.99923 4.62467 27
    endloop
  endfacet
  facet normal -0.522494 0.852643 0
    outer loop
      vertex 6.77178 4.48529 27
      vertex 6.99923 4.62467 0
      vertex 6.77178 4.48529 0
    endloop
  endfacet
  facet normal -0.382706 0.92387 0
    outer loop
      vertex 6.77178 4.48529 0
      vertex 6.52533 4.3832 27
      vertex 6.77178 4.48529 27
    endloop
  endfacet
  facet normal -0.382706 0.92387 0
    outer loop
      vertex 6.52533 4.3832 27
      vertex 6.77178 4.48529 0
      vertex 6.52533 4.3832 0
    endloop
  endfacet
  facet normal -0.996917 0.0784593 0
    outer loop
      vertex 7.67907 5.73406 0
      vertex 7.7 6 27
      vertex 7.7 6 0
    endloop
  endfacet
  facet normal -0.996917 0.0784593 0
    outer loop
      vertex 7.7 6 27
      vertex 7.67907 5.73406 0
      vertex 7.67907 5.73406 27
    endloop
  endfacet
  facet normal -0.92387 0.382706 0
    outer loop
      vertex 7.51471 5.22822 0
      vertex 7.6168 5.47467 27
      vertex 7.6168 5.47467 0
    endloop
  endfacet
  facet normal -0.92387 0.382706 0
    outer loop
      vertex 7.6168 5.47467 27
      vertex 7.51471 5.22822 0
      vertex 7.51471 5.22822 27
    endloop
  endfacet
  facet normal 0.649466 0.760391 -0
    outer loop
      vertex 5.00076 4.62467 0
      vertex 4.79792 4.79792 27
      vertex 5.00076 4.62467 27
    endloop
  endfacet
  facet normal 0.649466 0.760391 0
    outer loop
      vertex 4.79792 4.79792 27
      vertex 5.00076 4.62467 0
      vertex 4.79792 4.79792 0
    endloop
  endfacet
  facet normal 0.92387 0.382706 0
    outer loop
      vertex 4.48529 5.22822 27
      vertex 4.3832 5.47467 0
      vertex 4.3832 5.47467 27
    endloop
  endfacet
  facet normal 0.92387 0.382706 0
    outer loop
      vertex 4.3832 5.47467 0
      vertex 4.48529 5.22822 27
      vertex 4.48529 5.22822 0
    endloop
  endfacet
  facet normal -0.760391 0.649466 0
    outer loop
      vertex 7.20208 4.79792 0
      vertex 7.37533 5.00076 27
      vertex 7.37533 5.00076 0
    endloop
  endfacet
  facet normal -0.760391 0.649466 0
    outer loop
      vertex 7.37533 5.00076 27
      vertex 7.20208 4.79792 0
      vertex 7.20208 4.79792 27
    endloop
  endfacet
  facet normal 0.0784593 0.996917 -0
    outer loop
      vertex 6 4.3 0
      vertex 5.73406 4.32093 27
      vertex 6 4.3 27
    endloop
  endfacet
  facet normal 0.0784593 0.996917 0
    outer loop
      vertex 5.73406 4.32093 27
      vertex 6 4.3 0
      vertex 5.73406 4.32093 0
    endloop
  endfacet
  facet normal 0.522478 0.852653 -0
    outer loop
      vertex 5.22822 4.48529 0
      vertex 5.00076 4.62467 27
      vertex 5.22822 4.48529 27
    endloop
  endfacet
  facet normal 0.522478 0.852653 0
    outer loop
      vertex 5.00076 4.62467 27
      vertex 5.22822 4.48529 0
      vertex 5.00076 4.62467 0
    endloop
  endfacet
  facet normal 0.382706 0.92387 -0
    outer loop
      vertex 5.47467 4.3832 0
      vertex 5.22822 4.48529 27
      vertex 5.47467 4.3832 27
    endloop
  endfacet
  facet normal 0.382706 0.92387 0
    outer loop
      vertex 5.22822 4.48529 27
      vertex 5.47467 4.3832 0
      vertex 5.22822 4.48529 0
    endloop
  endfacet
  facet normal 0.233431 0.972373 -0
    outer loop
      vertex 5.73406 4.32093 0
      vertex 5.47467 4.3832 27
      vertex 5.73406 4.32093 27
    endloop
  endfacet
  facet normal 0.233431 0.972373 0
    outer loop
      vertex 5.47467 4.3832 27
      vertex 5.73406 4.32093 0
      vertex 5.47467 4.3832 0
    endloop
  endfacet
  facet normal 0.760391 0.649466 0
    outer loop
      vertex 4.79792 4.79792 27
      vertex 4.62467 5.00076 0
      vertex 4.62467 5.00076 27
    endloop
  endfacet
  facet normal 0.760391 0.649466 0
    outer loop
      vertex 4.62467 5.00076 0
      vertex 4.79792 4.79792 27
      vertex 4.79792 4.79792 0
    endloop
  endfacet
  facet normal 0.852653 0.522478 0
    outer loop
      vertex 4.62467 5.00076 27
      vertex 4.48529 5.22822 0
      vertex 4.48529 5.22822 27
    endloop
  endfacet
  facet normal 0.852653 0.522478 0
    outer loop
      vertex 4.48529 5.22822 0
      vertex 4.62467 5.00076 27
      vertex 4.62467 5.00076 0
    endloop
  endfacet
  facet normal -0.649447 0.760406 0
    outer loop
      vertex 7.20208 4.79792 0
      vertex 6.99923 4.62467 27
      vertex 7.20208 4.79792 27
    endloop
  endfacet
  facet normal -0.649447 0.760406 0
    outer loop
      vertex 6.99923 4.62467 27
      vertex 7.20208 4.79792 0
      vertex 6.99923 4.62467 0
    endloop
  endfacet
  facet normal -0.996926 -0.0783476 0
    outer loop
      vertex 75.7 6 0
      vertex 75.6791 6.26594 27
      vertex 75.6791 6.26594 0
    endloop
  endfacet
  facet normal -0.996926 -0.0783476 0
    outer loop
      vertex 75.6791 6.26594 27
      vertex 75.7 6 0
      vertex 75.7 6 27
    endloop
  endfacet
  facet normal 0.0784711 -0.996916 0
    outer loop
      vertex 73.7341 7.67907 0
      vertex 74 7.7 27
      vertex 73.7341 7.67907 27
    endloop
  endfacet
  facet normal 0.0784711 -0.996916 0
    outer loop
      vertex 74 7.7 27
      vertex 73.7341 7.67907 0
      vertex 74 7.7 0
    endloop
  endfacet
  facet normal -0.0784711 0.996916 0
    outer loop
      vertex 74.2659 4.32093 0
      vertex 74 4.3 27
      vertex 74.2659 4.32093 27
    endloop
  endfacet
  facet normal -0.0784711 0.996916 0
    outer loop
      vertex 74 4.3 27
      vertex 74.2659 4.32093 0
      vertex 74 4.3 0
    endloop
  endfacet
  facet normal -0.760483 0.649358 0
    outer loop
      vertex 75.2021 4.79792 0
      vertex 75.3753 5.00076 27
      vertex 75.3753 5.00076 0
    endloop
  endfacet
  facet normal -0.760483 0.649358 0
    outer loop
      vertex 75.3753 5.00076 27
      vertex 75.2021 4.79792 0
      vertex 75.2021 4.79792 27
    endloop
  endfacet
  facet normal -0.649355 -0.760485 0
    outer loop
      vertex 74.9992 7.37533 0
      vertex 75.2021 7.20208 27
      vertex 74.9992 7.37533 27
    endloop
  endfacet
  facet normal -0.649355 -0.760485 -0
    outer loop
      vertex 75.2021 7.20208 27
      vertex 74.9992 7.37533 0
      vertex 75.2021 7.20208 0
    endloop
  endfacet
  facet normal 0.760499 -0.649339 0
    outer loop
      vertex 72.6247 6.99923 27
      vertex 72.7979 7.20208 0
      vertex 72.7979 7.20208 27
    endloop
  endfacet
  facet normal 0.760499 -0.649339 0
    outer loop
      vertex 72.7979 7.20208 0
      vertex 72.6247 6.99923 27
      vertex 72.6247 6.99923 0
    endloop
  endfacet
  facet normal 0.38264 -0.923898 0
    outer loop
      vertex 73.2282 7.51471 0
      vertex 73.4747 7.6168 27
      vertex 73.2282 7.51471 27
    endloop
  endfacet
  facet normal 0.38264 -0.923898 0
    outer loop
      vertex 73.4747 7.6168 27
      vertex 73.2282 7.51471 0
      vertex 73.4747 7.6168 0
    endloop
  endfacet
  facet normal -0.923857 -0.382738 0
    outer loop
      vertex 75.6168 6.52533 0
      vertex 75.5147 6.77178 27
      vertex 75.5147 6.77178 0
    endloop
  endfacet
  facet normal -0.923857 -0.382738 0
    outer loop
      vertex 75.5147 6.77178 27
      vertex 75.6168 6.52533 0
      vertex 75.6168 6.52533 27
    endloop
  endfacet
  facet normal -0.972348 -0.233537 0
    outer loop
      vertex 75.6791 6.26594 0
      vertex 75.6168 6.52533 27
      vertex 75.6168 6.52533 0
    endloop
  endfacet
  facet normal -0.972348 -0.233537 0
    outer loop
      vertex 75.6168 6.52533 27
      vertex 75.6791 6.26594 0
      vertex 75.6791 6.26594 27
    endloop
  endfacet
  facet normal -0.38264 -0.923898 0
    outer loop
      vertex 74.5253 7.6168 0
      vertex 74.7718 7.51471 27
      vertex 74.5253 7.6168 27
    endloop
  endfacet
  facet normal -0.38264 -0.923898 -0
    outer loop
      vertex 74.7718 7.51471 27
      vertex 74.5253 7.6168 0
      vertex 74.7718 7.51471 0
    endloop
  endfacet
  facet normal -0.522578 -0.852592 0
    outer loop
      vertex 74.7718 7.51471 0
      vertex 74.9992 7.37533 27
      vertex 74.7718 7.51471 27
    endloop
  endfacet
  facet normal -0.522578 -0.852592 -0
    outer loop
      vertex 74.9992 7.37533 27
      vertex 74.7718 7.51471 0
      vertex 74.9992 7.37533 0
    endloop
  endfacet
  facet normal 0.923857 -0.382738 0
    outer loop
      vertex 72.3832 6.52533 27
      vertex 72.4853 6.77178 0
      vertex 72.4853 6.77178 27
    endloop
  endfacet
  facet normal 0.923857 -0.382738 0
    outer loop
      vertex 72.4853 6.77178 0
      vertex 72.3832 6.52533 27
      vertex 72.3832 6.52533 0
    endloop
  endfacet
  facet normal 0.852609 -0.522549 0
    outer loop
      vertex 72.4853 6.77178 27
      vertex 72.6247 6.99923 0
      vertex 72.6247 6.99923 27
    endloop
  endfacet
  facet normal 0.852609 -0.522549 0
    outer loop
      vertex 72.6247 6.99923 0
      vertex 72.4853 6.77178 27
      vertex 72.4853 6.77178 0
    endloop
  endfacet
  facet normal 0.649355 -0.760485 0
    outer loop
      vertex 72.7979 7.20208 0
      vertex 73.0008 7.37533 27
      vertex 72.7979 7.20208 27
    endloop
  endfacet
  facet normal 0.649355 -0.760485 0
    outer loop
      vertex 73.0008 7.37533 27
      vertex 72.7979 7.20208 0
      vertex 73.0008 7.37533 0
    endloop
  endfacet
  facet normal 0.233423 -0.972375 0
    outer loop
      vertex 73.4747 7.6168 0
      vertex 73.7341 7.67907 27
      vertex 73.4747 7.6168 27
    endloop
  endfacet
  facet normal 0.233423 -0.972375 0
    outer loop
      vertex 73.7341 7.67907 27
      vertex 73.4747 7.6168 0
      vertex 73.7341 7.67907 0
    endloop
  endfacet
  facet normal -0.972348 0.233537 0
    outer loop
      vertex 75.6168 5.47467 0
      vertex 75.6791 5.73406 27
      vertex 75.6791 5.73406 0
    endloop
  endfacet
  facet normal -0.972348 0.233537 0
    outer loop
      vertex 75.6791 5.73406 27
      vertex 75.6168 5.47467 0
      vertex 75.6168 5.47467 27
    endloop
  endfacet
  facet normal -0.233423 0.972375 0
    outer loop
      vertex 74.5253 4.3832 0
      vertex 74.2659 4.32093 27
      vertex 74.5253 4.3832 27
    endloop
  endfacet
  facet normal -0.233423 0.972375 0
    outer loop
      vertex 74.2659 4.32093 27
      vertex 74.5253 4.3832 0
      vertex 74.2659 4.32093 0
    endloop
  endfacet
  facet normal -0.760499 -0.649339 0
    outer loop
      vertex 75.3753 6.99923 0
      vertex 75.2021 7.20208 27
      vertex 75.2021 7.20208 0
    endloop
  endfacet
  facet normal -0.760499 -0.649339 0
    outer loop
      vertex 75.2021 7.20208 27
      vertex 75.3753 6.99923 0
      vertex 75.3753 6.99923 27
    endloop
  endfacet
  facet normal -0.852609 -0.522549 0
    outer loop
      vertex 75.5147 6.77178 0
      vertex 75.3753 6.99923 27
      vertex 75.3753 6.99923 0
    endloop
  endfacet
  facet normal -0.852609 -0.522549 0
    outer loop
      vertex 75.3753 6.99923 27
      vertex 75.5147 6.77178 0
      vertex 75.5147 6.77178 27
    endloop
  endfacet
  facet normal -0.233423 -0.972375 0
    outer loop
      vertex 74.2659 7.67907 0
      vertex 74.5253 7.6168 27
      vertex 74.2659 7.67907 27
    endloop
  endfacet
  facet normal -0.233423 -0.972375 -0
    outer loop
      vertex 74.5253 7.6168 27
      vertex 74.2659 7.67907 0
      vertex 74.5253 7.6168 0
    endloop
  endfacet
  facet normal -0.0784711 -0.996916 0
    outer loop
      vertex 74 7.7 0
      vertex 74.2659 7.67907 27
      vertex 74 7.7 27
    endloop
  endfacet
  facet normal -0.0784711 -0.996916 -0
    outer loop
      vertex 74.2659 7.67907 27
      vertex 74 7.7 0
      vertex 74.2659 7.67907 0
    endloop
  endfacet
  facet normal 0.996926 -0.0783476 0
    outer loop
      vertex 72.3 6 27
      vertex 72.3209 6.26594 0
      vertex 72.3209 6.26594 27
    endloop
  endfacet
  facet normal 0.996926 -0.0783476 0
    outer loop
      vertex 72.3209 6.26594 0
      vertex 72.3 6 27
      vertex 72.3 6 0
    endloop
  endfacet
  facet normal 0.996926 0.0783476 0
    outer loop
      vertex 72.3209 5.73406 27
      vertex 72.3 6 0
      vertex 72.3 6 27
    endloop
  endfacet
  facet normal 0.996926 0.0783476 0
    outer loop
      vertex 72.3 6 0
      vertex 72.3209 5.73406 27
      vertex 72.3209 5.73406 0
    endloop
  endfacet
  facet normal -0.996926 0.0783476 0
    outer loop
      vertex 75.6791 5.73406 0
      vertex 75.7 6 27
      vertex 75.7 6 0
    endloop
  endfacet
  facet normal -0.996926 0.0783476 0
    outer loop
      vertex 75.7 6 27
      vertex 75.6791 5.73406 0
      vertex 75.6791 5.73406 27
    endloop
  endfacet
  facet normal -0.85262 0.522532 0
    outer loop
      vertex 75.3753 5.00076 0
      vertex 75.5147 5.22822 27
      vertex 75.5147 5.22822 0
    endloop
  endfacet
  facet normal -0.85262 0.522532 0
    outer loop
      vertex 75.5147 5.22822 27
      vertex 75.3753 5.00076 0
      vertex 75.3753 5.00076 27
    endloop
  endfacet
  facet normal -0.649355 0.760485 0
    outer loop
      vertex 75.2021 4.79792 0
      vertex 74.9992 4.62467 27
      vertex 75.2021 4.79792 27
    endloop
  endfacet
  facet normal -0.649355 0.760485 0
    outer loop
      vertex 74.9992 4.62467 27
      vertex 75.2021 4.79792 0
      vertex 74.9992 4.62467 0
    endloop
  endfacet
  facet normal -0.38264 0.923898 0
    outer loop
      vertex 74.7718 4.48529 0
      vertex 74.5253 4.3832 27
      vertex 74.7718 4.48529 27
    endloop
  endfacet
  facet normal -0.38264 0.923898 0
    outer loop
      vertex 74.5253 4.3832 27
      vertex 74.7718 4.48529 0
      vertex 74.5253 4.3832 0
    endloop
  endfacet
  facet normal 0.972348 -0.233537 0
    outer loop
      vertex 72.3209 6.26594 27
      vertex 72.3832 6.52533 0
      vertex 72.3832 6.52533 27
    endloop
  endfacet
  facet normal 0.972348 -0.233537 0
    outer loop
      vertex 72.3832 6.52533 0
      vertex 72.3209 6.26594 27
      vertex 72.3209 6.26594 0
    endloop
  endfacet
  facet normal 0.522578 -0.852592 0
    outer loop
      vertex 73.0008 7.37533 0
      vertex 73.2282 7.51471 27
      vertex 73.0008 7.37533 27
    endloop
  endfacet
  facet normal 0.522578 -0.852592 0
    outer loop
      vertex 73.2282 7.51471 27
      vertex 73.0008 7.37533 0
      vertex 73.2282 7.51471 0
    endloop
  endfacet
  facet normal -0.923857 0.382738 0
    outer loop
      vertex 75.5147 5.22822 0
      vertex 75.6168 5.47467 27
      vertex 75.6168 5.47467 0
    endloop
  endfacet
  facet normal -0.923857 0.382738 0
    outer loop
      vertex 75.6168 5.47467 27
      vertex 75.5147 5.22822 0
      vertex 75.5147 5.22822 27
    endloop
  endfacet
  facet normal 0.38264 0.923898 -0
    outer loop
      vertex 73.4747 4.3832 0
      vertex 73.2282 4.48529 27
      vertex 73.4747 4.3832 27
    endloop
  endfacet
  facet normal 0.38264 0.923898 0
    outer loop
      vertex 73.2282 4.48529 27
      vertex 73.4747 4.3832 0
      vertex 73.2282 4.48529 0
    endloop
  endfacet
  facet normal 0.649355 0.760485 -0
    outer loop
      vertex 73.0008 4.62467 0
      vertex 72.7979 4.79792 27
      vertex 73.0008 4.62467 27
    endloop
  endfacet
  facet normal 0.649355 0.760485 0
    outer loop
      vertex 72.7979 4.79792 27
      vertex 73.0008 4.62467 0
      vertex 72.7979 4.79792 0
    endloop
  endfacet
  facet normal 0.85262 0.522532 0
    outer loop
      vertex 72.6247 5.00076 27
      vertex 72.4853 5.22822 0
      vertex 72.4853 5.22822 27
    endloop
  endfacet
  facet normal 0.85262 0.522532 0
    outer loop
      vertex 72.4853 5.22822 0
      vertex 72.6247 5.00076 27
      vertex 72.6247 5.00076 0
    endloop
  endfacet
  facet normal 0.923857 0.382738 0
    outer loop
      vertex 72.4853 5.22822 27
      vertex 72.3832 5.47467 0
      vertex 72.3832 5.47467 27
    endloop
  endfacet
  facet normal 0.923857 0.382738 0
    outer loop
      vertex 72.3832 5.47467 0
      vertex 72.4853 5.22822 27
      vertex 72.4853 5.22822 0
    endloop
  endfacet
  facet normal 0.972348 0.233537 0
    outer loop
      vertex 72.3832 5.47467 27
      vertex 72.3209 5.73406 0
      vertex 72.3209 5.73406 27
    endloop
  endfacet
  facet normal 0.972348 0.233537 0
    outer loop
      vertex 72.3209 5.73406 0
      vertex 72.3832 5.47467 27
      vertex 72.3832 5.47467 0
    endloop
  endfacet
  facet normal -0.522578 0.852592 0
    outer loop
      vertex 74.9992 4.62467 0
      vertex 74.7718 4.48529 27
      vertex 74.9992 4.62467 27
    endloop
  endfacet
  facet normal -0.522578 0.852592 0
    outer loop
      vertex 74.7718 4.48529 27
      vertex 74.9992 4.62467 0
      vertex 74.7718 4.48529 0
    endloop
  endfacet
  facet normal 0.0784711 0.996916 -0
    outer loop
      vertex 74 4.3 0
      vertex 73.7341 4.32093 27
      vertex 74 4.3 27
    endloop
  endfacet
  facet normal 0.0784711 0.996916 0
    outer loop
      vertex 73.7341 4.32093 27
      vertex 74 4.3 0
      vertex 73.7341 4.32093 0
    endloop
  endfacet
  facet normal 0.522578 0.852592 -0
    outer loop
      vertex 73.2282 4.48529 0
      vertex 73.0008 4.62467 27
      vertex 73.2282 4.48529 27
    endloop
  endfacet
  facet normal 0.522578 0.852592 0
    outer loop
      vertex 73.0008 4.62467 27
      vertex 73.2282 4.48529 0
      vertex 73.0008 4.62467 0
    endloop
  endfacet
  facet normal 0.233423 0.972375 -0
    outer loop
      vertex 73.7341 4.32093 0
      vertex 73.4747 4.3832 27
      vertex 73.7341 4.32093 27
    endloop
  endfacet
  facet normal 0.233423 0.972375 0
    outer loop
      vertex 73.4747 4.3832 27
      vertex 73.7341 4.32093 0
      vertex 73.4747 4.3832 0
    endloop
  endfacet
  facet normal 0.760483 0.649358 0
    outer loop
      vertex 72.7979 4.79792 27
      vertex 72.6247 5.00076 0
      vertex 72.6247 5.00076 27
    endloop
  endfacet
  facet normal 0.760483 0.649358 0
    outer loop
      vertex 72.6247 5.00076 0
      vertex 72.7979 4.79792 27
      vertex 72.7979 4.79792 0
    endloop
  endfacet
  facet normal -0.923898 -0.38264 0
    outer loop
      vertex 7.6168 54.5253 0
      vertex 7.51471 54.7718 27
      vertex 7.51471 54.7718 0
    endloop
  endfacet
  facet normal -0.923898 -0.38264 0
    outer loop
      vertex 7.51471 54.7718 27
      vertex 7.6168 54.5253 0
      vertex 7.6168 54.5253 27
    endloop
  endfacet
  facet normal -0.852592 -0.522578 0
    outer loop
      vertex 7.51471 54.7718 0
      vertex 7.37533 54.9992 27
      vertex 7.37533 54.9992 0
    endloop
  endfacet
  facet normal -0.852592 -0.522578 0
    outer loop
      vertex 7.37533 54.9992 27
      vertex 7.51471 54.7718 0
      vertex 7.51471 54.7718 27
    endloop
  endfacet
  facet normal -0.382738 -0.923857 0
    outer loop
      vertex 6.52533 55.6168 0
      vertex 6.77178 55.5147 27
      vertex 6.52533 55.6168 27
    endloop
  endfacet
  facet normal -0.382738 -0.923857 -0
    outer loop
      vertex 6.77178 55.5147 27
      vertex 6.52533 55.6168 0
      vertex 6.77178 55.5147 0
    endloop
  endfacet
  facet normal 0.382738 -0.923857 0
    outer loop
      vertex 5.22822 55.5147 0
      vertex 5.47467 55.6168 27
      vertex 5.22822 55.5147 27
    endloop
  endfacet
  facet normal 0.382738 -0.923857 0
    outer loop
      vertex 5.47467 55.6168 27
      vertex 5.22822 55.5147 0
      vertex 5.47467 55.6168 0
    endloop
  endfacet
  facet normal 0.923898 -0.38264 0
    outer loop
      vertex 4.3832 54.5253 27
      vertex 4.48529 54.7718 0
      vertex 4.48529 54.7718 27
    endloop
  endfacet
  facet normal 0.923898 -0.38264 0
    outer loop
      vertex 4.48529 54.7718 0
      vertex 4.3832 54.5253 27
      vertex 4.3832 54.5253 0
    endloop
  endfacet
  facet normal -0.649339 -0.760499 0
    outer loop
      vertex 6.99923 55.3753 0
      vertex 7.20208 55.2021 27
      vertex 6.99923 55.3753 27
    endloop
  endfacet
  facet normal -0.649339 -0.760499 -0
    outer loop
      vertex 7.20208 55.2021 27
      vertex 6.99923 55.3753 0
      vertex 7.20208 55.2021 0
    endloop
  endfacet
  facet normal 0.0783476 -0.996926 0
    outer loop
      vertex 5.73406 55.6791 0
      vertex 6 55.7 27
      vertex 5.73406 55.6791 27
    endloop
  endfacet
  facet normal 0.0783476 -0.996926 0
    outer loop
      vertex 6 55.7 27
      vertex 5.73406 55.6791 0
      vertex 6 55.7 0
    endloop
  endfacet
  facet normal -0.522549 -0.852609 0
    outer loop
      vertex 6.77178 55.5147 0
      vertex 6.99923 55.3753 27
      vertex 6.77178 55.5147 27
    endloop
  endfacet
  facet normal -0.522549 -0.852609 -0
    outer loop
      vertex 6.99923 55.3753 27
      vertex 6.77178 55.5147 0
      vertex 6.99923 55.3753 0
    endloop
  endfacet
  facet normal 0.996916 0.0784711 0
    outer loop
      vertex 4.32093 53.7341 27
      vertex 4.3 54 0
      vertex 4.3 54 27
    endloop
  endfacet
  facet normal 0.996916 0.0784711 0
    outer loop
      vertex 4.3 54 0
      vertex 4.32093 53.7341 27
      vertex 4.32093 53.7341 0
    endloop
  endfacet
  facet normal 0.852592 -0.522578 0
    outer loop
      vertex 4.48529 54.7718 27
      vertex 4.62467 54.9992 0
      vertex 4.62467 54.9992 27
    endloop
  endfacet
  facet normal 0.852592 -0.522578 0
    outer loop
      vertex 4.62467 54.9992 0
      vertex 4.48529 54.7718 27
      vertex 4.48529 54.7718 0
    endloop
  endfacet
  facet normal 0.233537 -0.972348 0
    outer loop
      vertex 5.47467 55.6168 0
      vertex 5.73406 55.6791 27
      vertex 5.47467 55.6168 27
    endloop
  endfacet
  facet normal 0.233537 -0.972348 0
    outer loop
      vertex 5.73406 55.6791 27
      vertex 5.47467 55.6168 0
      vertex 5.73406 55.6791 0
    endloop
  endfacet
  facet normal 0.760485 -0.649355 0
    outer loop
      vertex 4.62467 54.9992 27
      vertex 4.79792 55.2021 0
      vertex 4.79792 55.2021 27
    endloop
  endfacet
  facet normal 0.760485 -0.649355 0
    outer loop
      vertex 4.79792 55.2021 0
      vertex 4.62467 54.9992 27
      vertex 4.62467 54.9992 0
    endloop
  endfacet
  facet normal -0.996916 -0.0784711 0
    outer loop
      vertex 7.7 54 0
      vertex 7.67907 54.2659 27
      vertex 7.67907 54.2659 0
    endloop
  endfacet
  facet normal -0.996916 -0.0784711 0
    outer loop
      vertex 7.67907 54.2659 27
      vertex 7.7 54 0
      vertex 7.7 54 27
    endloop
  endfacet
  facet normal -0.522549 0.852609 0
    outer loop
      vertex 6.99923 52.6247 0
      vertex 6.77178 52.4853 27
      vertex 6.99923 52.6247 27
    endloop
  endfacet
  facet normal -0.522549 0.852609 0
    outer loop
      vertex 6.77178 52.4853 27
      vertex 6.99923 52.6247 0
      vertex 6.77178 52.4853 0
    endloop
  endfacet
  facet normal -0.972375 -0.233423 0
    outer loop
      vertex 7.67907 54.2659 0
      vertex 7.6168 54.5253 27
      vertex 7.6168 54.5253 0
    endloop
  endfacet
  facet normal -0.972375 -0.233423 0
    outer loop
      vertex 7.6168 54.5253 27
      vertex 7.67907 54.2659 0
      vertex 7.67907 54.2659 27
    endloop
  endfacet
  facet normal -0.760485 -0.649355 0
    outer loop
      vertex 7.37533 54.9992 0
      vertex 7.20208 55.2021 27
      vertex 7.20208 55.2021 0
    endloop
  endfacet
  facet normal -0.760485 -0.649355 0
    outer loop
      vertex 7.20208 55.2021 27
      vertex 7.37533 54.9992 0
      vertex 7.37533 54.9992 27
    endloop
  endfacet
  facet normal -0.233537 -0.972348 0
    outer loop
      vertex 6.26594 55.6791 0
      vertex 6.52533 55.6168 27
      vertex 6.26594 55.6791 27
    endloop
  endfacet
  facet normal -0.233537 -0.972348 -0
    outer loop
      vertex 6.52533 55.6168 27
      vertex 6.26594 55.6791 0
      vertex 6.52533 55.6168 0
    endloop
  endfacet
  facet normal -0.0783476 -0.996926 0
    outer loop
      vertex 6 55.7 0
      vertex 6.26594 55.6791 27
      vertex 6 55.7 27
    endloop
  endfacet
  facet normal -0.0783476 -0.996926 -0
    outer loop
      vertex 6.26594 55.6791 27
      vertex 6 55.7 0
      vertex 6.26594 55.6791 0
    endloop
  endfacet
  facet normal 0.972375 -0.233423 0
    outer loop
      vertex 4.32093 54.2659 27
      vertex 4.3832 54.5253 0
      vertex 4.3832 54.5253 27
    endloop
  endfacet
  facet normal 0.972375 -0.233423 0
    outer loop
      vertex 4.3832 54.5253 0
      vertex 4.32093 54.2659 27
      vertex 4.32093 54.2659 0
    endloop
  endfacet
  facet normal 0.996916 -0.0784711 0
    outer loop
      vertex 4.3 54 27
      vertex 4.32093 54.2659 0
      vertex 4.32093 54.2659 27
    endloop
  endfacet
  facet normal 0.996916 -0.0784711 0
    outer loop
      vertex 4.32093 54.2659 0
      vertex 4.3 54 27
      vertex 4.3 54 0
    endloop
  endfacet
  facet normal 0.649358 -0.760483 0
    outer loop
      vertex 4.79792 55.2021 0
      vertex 5.00076 55.3753 27
      vertex 4.79792 55.2021 27
    endloop
  endfacet
  facet normal 0.649358 -0.760483 0
    outer loop
      vertex 5.00076 55.3753 27
      vertex 4.79792 55.2021 0
      vertex 5.00076 55.3753 0
    endloop
  endfacet
  facet normal 0.522532 -0.85262 0
    outer loop
      vertex 5.00076 55.3753 0
      vertex 5.22822 55.5147 27
      vertex 5.00076 55.3753 27
    endloop
  endfacet
  facet normal 0.522532 -0.85262 0
    outer loop
      vertex 5.22822 55.5147 27
      vertex 5.00076 55.3753 0
      vertex 5.22822 55.5147 0
    endloop
  endfacet
  facet normal -0.972375 0.233423 0
    outer loop
      vertex 7.6168 53.4747 0
      vertex 7.67907 53.7341 27
      vertex 7.67907 53.7341 0
    endloop
  endfacet
  facet normal -0.972375 0.233423 0
    outer loop
      vertex 7.67907 53.7341 27
      vertex 7.6168 53.4747 0
      vertex 7.6168 53.4747 27
    endloop
  endfacet
  facet normal -0.852592 0.522578 0
    outer loop
      vertex 7.37533 53.0008 0
      vertex 7.51471 53.2282 27
      vertex 7.51471 53.2282 0
    endloop
  endfacet
  facet normal -0.852592 0.522578 0
    outer loop
      vertex 7.51471 53.2282 27
      vertex 7.37533 53.0008 0
      vertex 7.37533 53.0008 27
    endloop
  endfacet
  facet normal -0.0783476 0.996926 0
    outer loop
      vertex 6.26594 52.3209 0
      vertex 6 52.3 27
      vertex 6.26594 52.3209 27
    endloop
  endfacet
  facet normal -0.0783476 0.996926 0
    outer loop
      vertex 6 52.3 27
      vertex 6.26594 52.3209 0
      vertex 6 52.3 0
    endloop
  endfacet
  facet normal 0.972375 0.233423 0
    outer loop
      vertex 4.3832 53.4747 27
      vertex 4.32093 53.7341 0
      vertex 4.32093 53.7341 27
    endloop
  endfacet
  facet normal 0.972375 0.233423 0
    outer loop
      vertex 4.32093 53.7341 0
      vertex 4.3832 53.4747 27
      vertex 4.3832 53.4747 0
    endloop
  endfacet
  facet normal 0.852592 0.522578 0
    outer loop
      vertex 4.62467 53.0008 27
      vertex 4.48529 53.2282 0
      vertex 4.48529 53.2282 27
    endloop
  endfacet
  facet normal 0.852592 0.522578 0
    outer loop
      vertex 4.48529 53.2282 0
      vertex 4.62467 53.0008 27
      vertex 4.62467 53.0008 0
    endloop
  endfacet
  facet normal -0.233537 0.972348 0
    outer loop
      vertex 6.52533 52.3832 0
      vertex 6.26594 52.3209 27
      vertex 6.52533 52.3832 27
    endloop
  endfacet
  facet normal -0.233537 0.972348 0
    outer loop
      vertex 6.26594 52.3209 27
      vertex 6.52533 52.3832 0
      vertex 6.26594 52.3209 0
    endloop
  endfacet
  facet normal -0.382738 0.923857 0
    outer loop
      vertex 6.77178 52.4853 0
      vertex 6.52533 52.3832 27
      vertex 6.77178 52.4853 27
    endloop
  endfacet
  facet normal -0.382738 0.923857 0
    outer loop
      vertex 6.52533 52.3832 27
      vertex 6.77178 52.4853 0
      vertex 6.52533 52.3832 0
    endloop
  endfacet
  facet normal -0.996916 0.0784711 0
    outer loop
      vertex 7.67907 53.7341 0
      vertex 7.7 54 27
      vertex 7.7 54 0
    endloop
  endfacet
  facet normal -0.996916 0.0784711 0
    outer loop
      vertex 7.7 54 27
      vertex 7.67907 53.7341 0
      vertex 7.67907 53.7341 27
    endloop
  endfacet
  facet normal -0.923898 0.38264 0
    outer loop
      vertex 7.51471 53.2282 0
      vertex 7.6168 53.4747 27
      vertex 7.6168 53.4747 0
    endloop
  endfacet
  facet normal -0.923898 0.38264 0
    outer loop
      vertex 7.6168 53.4747 27
      vertex 7.51471 53.2282 0
      vertex 7.51471 53.2282 27
    endloop
  endfacet
  facet normal 0.923898 0.38264 0
    outer loop
      vertex 4.48529 53.2282 27
      vertex 4.3832 53.4747 0
      vertex 4.3832 53.4747 27
    endloop
  endfacet
  facet normal 0.923898 0.38264 0
    outer loop
      vertex 4.3832 53.4747 0
      vertex 4.48529 53.2282 27
      vertex 4.48529 53.2282 0
    endloop
  endfacet
  facet normal -0.760485 0.649355 0
    outer loop
      vertex 7.20208 52.7979 0
      vertex 7.37533 53.0008 27
      vertex 7.37533 53.0008 0
    endloop
  endfacet
  facet normal -0.760485 0.649355 0
    outer loop
      vertex 7.37533 53.0008 27
      vertex 7.20208 52.7979 0
      vertex 7.20208 52.7979 27
    endloop
  endfacet
  facet normal 0.522532 0.85262 -0
    outer loop
      vertex 5.22822 52.4853 0
      vertex 5.00076 52.6247 27
      vertex 5.22822 52.4853 27
    endloop
  endfacet
  facet normal 0.522532 0.85262 0
    outer loop
      vertex 5.00076 52.6247 27
      vertex 5.22822 52.4853 0
      vertex 5.00076 52.6247 0
    endloop
  endfacet
  facet normal 0.382738 0.923857 -0
    outer loop
      vertex 5.47467 52.3832 0
      vertex 5.22822 52.4853 27
      vertex 5.47467 52.3832 27
    endloop
  endfacet
  facet normal 0.382738 0.923857 0
    outer loop
      vertex 5.22822 52.4853 27
      vertex 5.47467 52.3832 0
      vertex 5.22822 52.4853 0
    endloop
  endfacet
  facet normal 0.233537 0.972348 -0
    outer loop
      vertex 5.73406 52.3209 0
      vertex 5.47467 52.3832 27
      vertex 5.73406 52.3209 27
    endloop
  endfacet
  facet normal 0.233537 0.972348 0
    outer loop
      vertex 5.47467 52.3832 27
      vertex 5.73406 52.3209 0
      vertex 5.47467 52.3832 0
    endloop
  endfacet
  facet normal 0.0783476 0.996926 -0
    outer loop
      vertex 6 52.3 0
      vertex 5.73406 52.3209 27
      vertex 6 52.3 27
    endloop
  endfacet
  facet normal 0.0783476 0.996926 0
    outer loop
      vertex 5.73406 52.3209 27
      vertex 6 52.3 0
      vertex 5.73406 52.3209 0
    endloop
  endfacet
  facet normal 0.760485 0.649355 0
    outer loop
      vertex 4.79792 52.7979 27
      vertex 4.62467 53.0008 0
      vertex 4.62467 53.0008 27
    endloop
  endfacet
  facet normal 0.760485 0.649355 0
    outer loop
      vertex 4.62467 53.0008 0
      vertex 4.79792 52.7979 27
      vertex 4.79792 52.7979 0
    endloop
  endfacet
  facet normal 0.649358 0.760483 -0
    outer loop
      vertex 5.00076 52.6247 0
      vertex 4.79792 52.7979 27
      vertex 5.00076 52.6247 27
    endloop
  endfacet
  facet normal 0.649358 0.760483 0
    outer loop
      vertex 4.79792 52.7979 27
      vertex 5.00076 52.6247 0
      vertex 4.79792 52.7979 0
    endloop
  endfacet
  facet normal -0.649339 0.760499 0
    outer loop
      vertex 7.20208 52.7979 0
      vertex 6.99923 52.6247 27
      vertex 7.20208 52.7979 27
    endloop
  endfacet
  facet normal -0.649339 0.760499 0
    outer loop
      vertex 6.99923 52.6247 27
      vertex 7.20208 52.7979 0
      vertex 6.99923 52.6247 0
    endloop
  endfacet
  facet normal -0.923884 -0.382672 0
    outer loop
      vertex 75.6168 54.5253 0
      vertex 75.5147 54.7718 27
      vertex 75.5147 54.7718 0
    endloop
  endfacet
  facet normal -0.923884 -0.382672 0
    outer loop
      vertex 75.5147 54.7718 27
      vertex 75.6168 54.5253 0
      vertex 75.6168 54.5253 27
    endloop
  endfacet
  facet normal -0.852558 -0.522632 0
    outer loop
      vertex 75.5147 54.7718 0
      vertex 75.3753 54.9992 27
      vertex 75.3753 54.9992 0
    endloop
  endfacet
  facet normal -0.852558 -0.522632 0
    outer loop
      vertex 75.3753 54.9992 27
      vertex 75.5147 54.7718 0
      vertex 75.5147 54.7718 27
    endloop
  endfacet
  facet normal -0.382672 -0.923884 0
    outer loop
      vertex 74.5253 55.6168 0
      vertex 74.7718 55.5147 27
      vertex 74.5253 55.6168 27
    endloop
  endfacet
  facet normal -0.382672 -0.923884 -0
    outer loop
      vertex 74.7718 55.5147 27
      vertex 74.5253 55.6168 0
      vertex 74.7718 55.5147 0
    endloop
  endfacet
  facet normal 0.382672 -0.923884 0
    outer loop
      vertex 73.2282 55.5147 0
      vertex 73.4747 55.6168 27
      vertex 73.2282 55.5147 27
    endloop
  endfacet
  facet normal 0.382672 -0.923884 0
    outer loop
      vertex 73.4747 55.6168 27
      vertex 73.2282 55.5147 0
      vertex 73.4747 55.6168 0
    endloop
  endfacet
  facet normal 0.923884 -0.382672 0
    outer loop
      vertex 72.3832 54.5253 27
      vertex 72.4853 54.7718 0
      vertex 72.4853 54.7718 27
    endloop
  endfacet
  facet normal 0.923884 -0.382672 0
    outer loop
      vertex 72.4853 54.7718 0
      vertex 72.3832 54.5253 27
      vertex 72.3832 54.5253 0
    endloop
  endfacet
  facet normal -0.649247 -0.760578 0
    outer loop
      vertex 74.9992 55.3753 0
      vertex 75.2021 55.2021 27
      vertex 74.9992 55.3753 27
    endloop
  endfacet
  facet normal -0.649247 -0.760578 -0
    outer loop
      vertex 75.2021 55.2021 27
      vertex 74.9992 55.3753 0
      vertex 75.2021 55.2021 0
    endloop
  endfacet
  facet normal 0.0783593 -0.996925 0
    outer loop
      vertex 73.7341 55.6791 0
      vertex 74 55.7 27
      vertex 73.7341 55.6791 27
    endloop
  endfacet
  facet normal 0.0783593 -0.996925 0
    outer loop
      vertex 74 55.7 27
      vertex 73.7341 55.6791 0
      vertex 74 55.7 0
    endloop
  endfacet
  facet normal -0.522632 -0.852558 0
    outer loop
      vertex 74.7718 55.5147 0
      vertex 74.9992 55.3753 27
      vertex 74.7718 55.5147 27
    endloop
  endfacet
  facet normal -0.522632 -0.852558 -0
    outer loop
      vertex 74.9992 55.3753 27
      vertex 74.7718 55.5147 0
      vertex 74.9992 55.3753 0
    endloop
  endfacet
  facet normal 0.996925 0.0783593 0
    outer loop
      vertex 72.3209 53.7341 27
      vertex 72.3 54 0
      vertex 72.3 54 27
    endloop
  endfacet
  facet normal 0.996925 0.0783593 0
    outer loop
      vertex 72.3 54 0
      vertex 72.3209 53.7341 27
      vertex 72.3209 53.7341 0
    endloop
  endfacet
  facet normal 0.852558 -0.522632 0
    outer loop
      vertex 72.4853 54.7718 27
      vertex 72.6247 54.9992 0
      vertex 72.6247 54.9992 27
    endloop
  endfacet
  facet normal 0.852558 -0.522632 0
    outer loop
      vertex 72.6247 54.9992 0
      vertex 72.4853 54.7718 27
      vertex 72.4853 54.7718 0
    endloop
  endfacet
  facet normal 0.233529 -0.97235 0
    outer loop
      vertex 73.4747 55.6168 0
      vertex 73.7341 55.6791 27
      vertex 73.4747 55.6168 27
    endloop
  endfacet
  facet normal 0.233529 -0.97235 0
    outer loop
      vertex 73.7341 55.6791 27
      vertex 73.4747 55.6168 0
      vertex 73.7341 55.6791 0
    endloop
  endfacet
  facet normal 0.760578 -0.649247 0
    outer loop
      vertex 72.6247 54.9992 27
      vertex 72.7979 55.2021 0
      vertex 72.7979 55.2021 27
    endloop
  endfacet
  facet normal 0.760578 -0.649247 0
    outer loop
      vertex 72.7979 55.2021 0
      vertex 72.6247 54.9992 27
      vertex 72.6247 54.9992 0
    endloop
  endfacet
  facet normal -0.996925 -0.0783593 0
    outer loop
      vertex 75.7 54 0
      vertex 75.6791 54.2659 27
      vertex 75.6791 54.2659 0
    endloop
  endfacet
  facet normal -0.996925 -0.0783593 0
    outer loop
      vertex 75.6791 54.2659 27
      vertex 75.7 54 0
      vertex 75.7 54 27
    endloop
  endfacet
  facet normal -0.923884 0.382672 0
    outer loop
      vertex 75.5147 53.2282 0
      vertex 75.6168 53.4747 27
      vertex 75.6168 53.4747 0
    endloop
  endfacet
  facet normal -0.923884 0.382672 0
    outer loop
      vertex 75.6168 53.4747 27
      vertex 75.5147 53.2282 0
      vertex 75.5147 53.2282 27
    endloop
  endfacet
  facet normal -0.522632 0.852558 0
    outer loop
      vertex 74.9992 52.6247 0
      vertex 74.7718 52.4853 27
      vertex 74.9992 52.6247 27
    endloop
  endfacet
  facet normal -0.522632 0.852558 0
    outer loop
      vertex 74.7718 52.4853 27
      vertex 74.9992 52.6247 0
      vertex 74.7718 52.4853 0
    endloop
  endfacet
  facet normal -0.97235 -0.233529 0
    outer loop
      vertex 75.6791 54.2659 0
      vertex 75.6168 54.5253 27
      vertex 75.6168 54.5253 0
    endloop
  endfacet
  facet normal -0.97235 -0.233529 0
    outer loop
      vertex 75.6168 54.5253 27
      vertex 75.6791 54.2659 0
      vertex 75.6791 54.2659 27
    endloop
  endfacet
  facet normal -0.760578 -0.649247 0
    outer loop
      vertex 75.3753 54.9992 0
      vertex 75.2021 55.2021 27
      vertex 75.2021 55.2021 0
    endloop
  endfacet
  facet normal -0.760578 -0.649247 0
    outer loop
      vertex 75.2021 55.2021 27
      vertex 75.3753 54.9992 0
      vertex 75.3753 54.9992 27
    endloop
  endfacet
  facet normal -0.233529 -0.97235 0
    outer loop
      vertex 74.2659 55.6791 0
      vertex 74.5253 55.6168 27
      vertex 74.2659 55.6791 27
    endloop
  endfacet
  facet normal -0.233529 -0.97235 -0
    outer loop
      vertex 74.5253 55.6168 27
      vertex 74.2659 55.6791 0
      vertex 74.5253 55.6168 0
    endloop
  endfacet
  facet normal -0.0783593 -0.996925 0
    outer loop
      vertex 74 55.7 0
      vertex 74.2659 55.6791 27
      vertex 74 55.7 27
    endloop
  endfacet
  facet normal -0.0783593 -0.996925 -0
    outer loop
      vertex 74.2659 55.6791 27
      vertex 74 55.7 0
      vertex 74.2659 55.6791 0
    endloop
  endfacet
  facet normal 0.97235 -0.233529 0
    outer loop
      vertex 72.3209 54.2659 27
      vertex 72.3832 54.5253 0
      vertex 72.3832 54.5253 27
    endloop
  endfacet
  facet normal 0.97235 -0.233529 0
    outer loop
      vertex 72.3832 54.5253 0
      vertex 72.3209 54.2659 27
      vertex 72.3209 54.2659 0
    endloop
  endfacet
  facet normal 0.996925 -0.0783593 0
    outer loop
      vertex 72.3 54 27
      vertex 72.3209 54.2659 0
      vertex 72.3209 54.2659 27
    endloop
  endfacet
  facet normal 0.996925 -0.0783593 0
    outer loop
      vertex 72.3209 54.2659 0
      vertex 72.3 54 27
      vertex 72.3 54 0
    endloop
  endfacet
  facet normal 0.649247 -0.760578 0
    outer loop
      vertex 72.7979 55.2021 0
      vertex 73.0008 55.3753 27
      vertex 72.7979 55.2021 27
    endloop
  endfacet
  facet normal 0.649247 -0.760578 0
    outer loop
      vertex 73.0008 55.3753 27
      vertex 72.7979 55.2021 0
      vertex 73.0008 55.3753 0
    endloop
  endfacet
  facet normal 0.522632 -0.852558 0
    outer loop
      vertex 73.0008 55.3753 0
      vertex 73.2282 55.5147 27
      vertex 73.0008 55.3753 27
    endloop
  endfacet
  facet normal 0.522632 -0.852558 0
    outer loop
      vertex 73.2282 55.5147 27
      vertex 73.0008 55.3753 0
      vertex 73.2282 55.5147 0
    endloop
  endfacet
  facet normal -0.97235 0.233529 0
    outer loop
      vertex 75.6168 53.4747 0
      vertex 75.6791 53.7341 27
      vertex 75.6791 53.7341 0
    endloop
  endfacet
  facet normal -0.97235 0.233529 0
    outer loop
      vertex 75.6791 53.7341 27
      vertex 75.6168 53.4747 0
      vertex 75.6168 53.4747 27
    endloop
  endfacet
  facet normal -0.852558 0.522632 0
    outer loop
      vertex 75.3753 53.0008 0
      vertex 75.5147 53.2282 27
      vertex 75.5147 53.2282 0
    endloop
  endfacet
  facet normal -0.852558 0.522632 0
    outer loop
      vertex 75.5147 53.2282 27
      vertex 75.3753 53.0008 0
      vertex 75.3753 53.0008 27
    endloop
  endfacet
  facet normal -0.0783593 0.996925 0
    outer loop
      vertex 74.2659 52.3209 0
      vertex 74 52.3 27
      vertex 74.2659 52.3209 27
    endloop
  endfacet
  facet normal -0.0783593 0.996925 0
    outer loop
      vertex 74 52.3 27
      vertex 74.2659 52.3209 0
      vertex 74 52.3 0
    endloop
  endfacet
  facet normal 0.852558 0.522632 0
    outer loop
      vertex 72.6247 53.0008 27
      vertex 72.4853 53.2282 0
      vertex 72.4853 53.2282 27
    endloop
  endfacet
  facet normal 0.852558 0.522632 0
    outer loop
      vertex 72.4853 53.2282 0
      vertex 72.6247 53.0008 27
      vertex 72.6247 53.0008 0
    endloop
  endfacet
  facet normal -0.233529 0.97235 0
    outer loop
      vertex 74.5253 52.3832 0
      vertex 74.2659 52.3209 27
      vertex 74.5253 52.3832 27
    endloop
  endfacet
  facet normal -0.233529 0.97235 0
    outer loop
      vertex 74.2659 52.3209 27
      vertex 74.5253 52.3832 0
      vertex 74.2659 52.3209 0
    endloop
  endfacet
  facet normal -0.382672 0.923884 0
    outer loop
      vertex 74.7718 52.4853 0
      vertex 74.5253 52.3832 27
      vertex 74.7718 52.4853 27
    endloop
  endfacet
  facet normal -0.382672 0.923884 0
    outer loop
      vertex 74.5253 52.3832 27
      vertex 74.7718 52.4853 0
      vertex 74.5253 52.3832 0
    endloop
  endfacet
  facet normal -0.996925 0.0783593 0
    outer loop
      vertex 75.6791 53.7341 0
      vertex 75.7 54 27
      vertex 75.7 54 0
    endloop
  endfacet
  facet normal -0.996925 0.0783593 0
    outer loop
      vertex 75.7 54 27
      vertex 75.6791 53.7341 0
      vertex 75.6791 53.7341 27
    endloop
  endfacet
  facet normal 0.923884 0.382672 0
    outer loop
      vertex 72.4853 53.2282 27
      vertex 72.3832 53.4747 0
      vertex 72.3832 53.4747 27
    endloop
  endfacet
  facet normal 0.923884 0.382672 0
    outer loop
      vertex 72.3832 53.4747 0
      vertex 72.4853 53.2282 27
      vertex 72.4853 53.2282 0
    endloop
  endfacet
  facet normal 0.97235 0.233529 0
    outer loop
      vertex 72.3832 53.4747 27
      vertex 72.3209 53.7341 0
      vertex 72.3209 53.7341 27
    endloop
  endfacet
  facet normal 0.97235 0.233529 0
    outer loop
      vertex 72.3209 53.7341 0
      vertex 72.3832 53.4747 27
      vertex 72.3832 53.4747 0
    endloop
  endfacet
  facet normal -0.760578 0.649247 0
    outer loop
      vertex 75.2021 52.7979 0
      vertex 75.3753 53.0008 27
      vertex 75.3753 53.0008 0
    endloop
  endfacet
  facet normal -0.760578 0.649247 0
    outer loop
      vertex 75.3753 53.0008 27
      vertex 75.2021 52.7979 0
      vertex 75.2021 52.7979 27
    endloop
  endfacet
  facet normal 0.522632 0.852558 -0
    outer loop
      vertex 73.2282 52.4853 0
      vertex 73.0008 52.6247 27
      vertex 73.2282 52.4853 27
    endloop
  endfacet
  facet normal 0.522632 0.852558 0
    outer loop
      vertex 73.0008 52.6247 27
      vertex 73.2282 52.4853 0
      vertex 73.0008 52.6247 0
    endloop
  endfacet
  facet normal 0.382672 0.923884 -0
    outer loop
      vertex 73.4747 52.3832 0
      vertex 73.2282 52.4853 27
      vertex 73.4747 52.3832 27
    endloop
  endfacet
  facet normal 0.382672 0.923884 0
    outer loop
      vertex 73.2282 52.4853 27
      vertex 73.4747 52.3832 0
      vertex 73.2282 52.4853 0
    endloop
  endfacet
  facet normal 0.233529 0.97235 -0
    outer loop
      vertex 73.7341 52.3209 0
      vertex 73.4747 52.3832 27
      vertex 73.7341 52.3209 27
    endloop
  endfacet
  facet normal 0.233529 0.97235 0
    outer loop
      vertex 73.4747 52.3832 27
      vertex 73.7341 52.3209 0
      vertex 73.4747 52.3832 0
    endloop
  endfacet
  facet normal 0.0783593 0.996925 -0
    outer loop
      vertex 74 52.3 0
      vertex 73.7341 52.3209 27
      vertex 74 52.3 27
    endloop
  endfacet
  facet normal 0.0783593 0.996925 0
    outer loop
      vertex 73.7341 52.3209 27
      vertex 74 52.3 0
      vertex 73.7341 52.3209 0
    endloop
  endfacet
  facet normal 0.760578 0.649247 0
    outer loop
      vertex 72.7979 52.7979 27
      vertex 72.6247 53.0008 0
      vertex 72.6247 53.0008 27
    endloop
  endfacet
  facet normal 0.760578 0.649247 0
    outer loop
      vertex 72.6247 53.0008 0
      vertex 72.7979 52.7979 27
      vertex 72.7979 52.7979 0
    endloop
  endfacet
  facet normal 0.649247 0.760578 -0
    outer loop
      vertex 73.0008 52.6247 0
      vertex 72.7979 52.7979 27
      vertex 73.0008 52.6247 27
    endloop
  endfacet
  facet normal 0.649247 0.760578 0
    outer loop
      vertex 72.7979 52.7979 27
      vertex 73.0008 52.6247 0
      vertex 72.7979 52.7979 0
    endloop
  endfacet
  facet normal -0.649247 0.760578 0
    outer loop
      vertex 75.2021 52.7979 0
      vertex 74.9992 52.6247 27
      vertex 75.2021 52.7979 27
    endloop
  endfacet
  facet normal -0.649247 0.760578 0
    outer loop
      vertex 74.9992 52.6247 27
      vertex 75.2021 52.7979 0
      vertex 74.9992 52.6247 0
    endloop
  endfacet
  facet normal 0 0 -1
    outer loop
      vertex 0 21 13.5
      vertex 2.5 39 13.5
      vertex 2.5 21 13.5
    endloop
  endfacet
  facet normal -0 0 -1
    outer loop
      vertex 2.5 39 13.5
      vertex 0 21 13.5
      vertex 0 39 13.5
    endloop
  endfacet
  facet normal -0 0 1
    outer loop
      vertex 0 39 5.5
      vertex 2.5 21 5.5
      vertex 2.5 39 5.5
    endloop
  endfacet
  facet normal 0 0 1
    outer loop
      vertex 2.5 21 5.5
      vertex 0 39 5.5
      vertex 0 21 5.5
    endloop
  endfacet
  facet normal 0 1 -0
    outer loop
      vertex 2.5 21 5.5
      vertex 0 21 13.5
      vertex 2.5 21 13.5
    endloop
  endfacet
  facet normal 0 1 0
    outer loop
      vertex 0 21 13.5
      vertex 2.5 21 5.5
      vertex 0 21 5.5
    endloop
  endfacet
  facet normal 0 -1 0
    outer loop
      vertex 0 39 5.5
      vertex 2.5 39 13.5
      vertex 0 39 13.5
    endloop
  endfacet
  facet normal 0 -1 -0
    outer loop
      vertex 2.5 39 13.5
      vertex 0 39 5.5
      vertex 2.5 39 5.5
    endloop
  endfacet
  facet normal 0 0 -1
    outer loop
      vertex 77.5 23 13.5
      vertex 80 37 13.5
      vertex 80 23 13.5
    endloop
  endfacet
  facet normal -0 0 -1
    outer loop
      vertex 80 37 13.5
      vertex 77.5 23 13.5
      vertex 77.5 37 13.5
    endloop
  endfacet
  facet normal -0 0 1
    outer loop
      vertex 77.5 37 5.5
      vertex 80 23 5.5
      vertex 80 37 5.5
    endloop
  endfacet
  facet normal 0 0 1
    outer loop
      vertex 80 23 5.5
      vertex 77.5 37 5.5
      vertex 77.5 23 5.5
    endloop
  endfacet
  facet normal 0 1 -0
    outer loop
      vertex 80 23 5.5
      vertex 77.5 23 13.5
      vertex 80 23 13.5
    endloop
  endfacet
  facet normal 0 1 0
    outer loop
      vertex 77.5 23 13.5
      vertex 80 23 5.5
      vertex 77.5 23 5.5
    endloop
  endfacet
  facet normal 0 -1 0
    outer loop
      vertex 77.5 37 5.5
      vertex 80 37 13.5
      vertex 77.5 37 13.5
    endloop
  endfacet
  facet normal 0 -1 -0
    outer loop
      vertex 80 37 13.5
      vertex 77.5 37 5.5
      vertex 80 37 5.5
    endloop
  endfacet
endsolid OpenSCAD_Model
