solid OpenSCAD_Model
  facet normal -0.997863 -0.0653349 0
    outer loop
      vertex 38.8 22.5 0
      vertex 38.7718 22.9307 8
      vertex 38.7718 22.9307 0
    endloop
  endfacet
  facet normal -0.997863 -0.0653349 0
    outer loop
      vertex 38.7718 22.9307 8
      vertex 38.8 22.5 0
      vertex 38.8 22.5 8
    endloop
  endfacet
  facet normal 0.0653349 -0.997863 0
    outer loop
      vertex 35.0693 25.7718 0
      vertex 35.5 25.8 8
      vertex 35.0693 25.7718 8
    endloop
  endfacet
  facet normal 0.0653349 -0.997863 0
    outer loop
      vertex 35.5 25.8 8
      vertex 35.0693 25.7718 0
      vertex 35.5 25.8 0
    endloop
  endfacet
  facet normal -0.0653349 0.997863 0
    outer loop
      vertex 35.9307 19.2282 0
      vertex 35.5 19.2 8
      vertex 35.9307 19.2282 8
    endloop
  endfacet
  facet normal -0.0653349 0.997863 0
    outer loop
      vertex 35.5 19.2 8
      vertex 35.9307 19.2282 0
      vertex 35.5 19.2 0
    endloop
  endfacet
  facet normal -0.659259 -0.751916 0
    outer loop
      vertex 37.5089 25.1181 0
      vertex 37.8335 24.8335 8
      vertex 37.5089 25.1181 8
    endloop
  endfacet
  facet normal -0.659259 -0.751916 -0
    outer loop
      vertex 37.8335 24.8335 8
      vertex 37.5089 25.1181 0
      vertex 37.8335 24.8335 0
    endloop
  endfacet
  facet normal 0.751916 -0.659259 0
    outer loop
      vertex 32.8819 24.5089 8
      vertex 33.1665 24.8335 0
      vertex 33.1665 24.8335 8
    endloop
  endfacet
  facet normal 0.751916 -0.659259 0
    outer loop
      vertex 33.1665 24.8335 0
      vertex 32.8819 24.5089 8
      vertex 32.8819 24.5089 0
    endloop
  endfacet
  facet normal 0.442295 -0.89687 0
    outer loop
      vertex 33.85 25.3579 0
      vertex 34.2371 25.5488 8
      vertex 33.85 25.3579 8
    endloop
  endfacet
  facet normal 0.442295 -0.89687 0
    outer loop
      vertex 34.2371 25.5488 8
      vertex 33.85 25.3579 0
      vertex 34.2371 25.5488 0
    endloop
  endfacet
  facet normal -0.89687 -0.442295 0
    outer loop
      vertex 38.5488 23.7629 0
      vertex 38.3579 24.15 8
      vertex 38.3579 24.15 0
    endloop
  endfacet
  facet normal -0.89687 -0.442295 0
    outer loop
      vertex 38.3579 24.15 8
      vertex 38.5488 23.7629 0
      vertex 38.5488 23.7629 8
    endloop
  endfacet
  facet normal -0.321504 -0.946908 0
    outer loop
      vertex 36.3541 25.6876 0
      vertex 36.7629 25.5488 8
      vertex 36.3541 25.6876 8
    endloop
  endfacet
  facet normal -0.321504 -0.946908 -0
    outer loop
      vertex 36.7629 25.5488 8
      vertex 36.3541 25.6876 0
      vertex 36.7629 25.5488 0
    endloop
  endfacet
  facet normal -0.195047 -0.980794 0
    outer loop
      vertex 35.9307 25.7718 0
      vertex 36.3541 25.6876 8
      vertex 35.9307 25.7718 8
    endloop
  endfacet
  facet normal -0.195047 -0.980794 -0
    outer loop
      vertex 36.3541 25.6876 8
      vertex 35.9307 25.7718 0
      vertex 36.3541 25.6876 0
    endloop
  endfacet
  facet normal -0.442295 -0.89687 0
    outer loop
      vertex 36.7629 25.5488 0
      vertex 37.15 25.3579 8
      vertex 36.7629 25.5488 8
    endloop
  endfacet
  facet normal -0.442295 -0.89687 -0
    outer loop
      vertex 37.15 25.3579 8
      vertex 36.7629 25.5488 0
      vertex 37.15 25.3579 0
    endloop
  endfacet
  facet normal 0.946908 -0.321504 0
    outer loop
      vertex 32.3124 23.3541 8
      vertex 32.4512 23.7629 0
      vertex 32.4512 23.7629 8
    endloop
  endfacet
  facet normal 0.946908 -0.321504 0
    outer loop
      vertex 32.4512 23.7629 0
      vertex 32.3124 23.3541 8
      vertex 32.3124 23.3541 0
    endloop
  endfacet
  facet normal 0.980794 -0.195047 0
    outer loop
      vertex 32.2282 22.9307 8
      vertex 32.3124 23.3541 0
      vertex 32.3124 23.3541 8
    endloop
  endfacet
  facet normal 0.980794 -0.195047 0
    outer loop
      vertex 32.3124 23.3541 0
      vertex 32.2282 22.9307 8
      vertex 32.2282 22.9307 0
    endloop
  endfacet
  facet normal 0.321504 -0.946908 0
    outer loop
      vertex 34.2371 25.5488 0
      vertex 34.6459 25.6876 8
      vertex 34.2371 25.5488 8
    endloop
  endfacet
  facet normal 0.321504 -0.946908 0
    outer loop
      vertex 34.6459 25.6876 8
      vertex 34.2371 25.5488 0
      vertex 34.6459 25.6876 0
    endloop
  endfacet
  facet normal -0.980794 0.195047 0
    outer loop
      vertex 38.6876 21.6459 0
      vertex 38.7718 22.0693 8
      vertex 38.7718 22.0693 0
    endloop
  endfacet
  facet normal -0.980794 0.195047 0
    outer loop
      vertex 38.7718 22.0693 8
      vertex 38.6876 21.6459 0
      vertex 38.6876 21.6459 8
    endloop
  endfacet
  facet normal 0.195047 0.980794 -0
    outer loop
      vertex 35.0693 19.2282 0
      vertex 34.6459 19.3124 8
      vertex 35.0693 19.2282 8
    endloop
  endfacet
  facet normal 0.195047 0.980794 0
    outer loop
      vertex 34.6459 19.3124 8
      vertex 35.0693 19.2282 0
      vertex 34.6459 19.3124 0
    endloop
  endfacet
  facet normal -0.946908 -0.321504 0
    outer loop
      vertex 38.6876 23.3541 0
      vertex 38.5488 23.7629 8
      vertex 38.5488 23.7629 0
    endloop
  endfacet
  facet normal -0.946908 -0.321504 0
    outer loop
      vertex 38.5488 23.7629 8
      vertex 38.6876 23.3541 0
      vertex 38.6876 23.3541 8
    endloop
  endfacet
  facet normal -0.980794 -0.195047 0
    outer loop
      vertex 38.7718 22.9307 0
      vertex 38.6876 23.3541 8
      vertex 38.6876 23.3541 0
    endloop
  endfacet
  facet normal -0.980794 -0.195047 0
    outer loop
      vertex 38.6876 23.3541 8
      vertex 38.7718 22.9307 0
      vertex 38.7718 22.9307 8
    endloop
  endfacet
  facet normal -0.751916 -0.659259 0
    outer loop
      vertex 38.1181 24.5089 0
      vertex 37.8335 24.8335 8
      vertex 37.8335 24.8335 0
    endloop
  endfacet
  facet normal -0.751916 -0.659259 0
    outer loop
      vertex 37.8335 24.8335 8
      vertex 38.1181 24.5089 0
      vertex 38.1181 24.5089 8
    endloop
  endfacet
  facet normal -0.83148 -0.555555 0
    outer loop
      vertex 38.3579 24.15 0
      vertex 38.1181 24.5089 8
      vertex 38.1181 24.5089 0
    endloop
  endfacet
  facet normal -0.83148 -0.555555 0
    outer loop
      vertex 38.1181 24.5089 8
      vertex 38.3579 24.15 0
      vertex 38.3579 24.15 8
    endloop
  endfacet
  facet normal -0.0653349 -0.997863 0
    outer loop
      vertex 35.5 25.8 0
      vertex 35.9307 25.7718 8
      vertex 35.5 25.8 8
    endloop
  endfacet
  facet normal -0.0653349 -0.997863 -0
    outer loop
      vertex 35.9307 25.7718 8
      vertex 35.5 25.8 0
      vertex 35.9307 25.7718 0
    endloop
  endfacet
  facet normal -0.555555 -0.83148 0
    outer loop
      vertex 37.15 25.3579 0
      vertex 37.5089 25.1181 8
      vertex 37.15 25.3579 8
    endloop
  endfacet
  facet normal -0.555555 -0.83148 -0
    outer loop
      vertex 37.5089 25.1181 8
      vertex 37.15 25.3579 0
      vertex 37.5089 25.1181 0
    endloop
  endfacet
  facet normal 0.89687 -0.442295 0
    outer loop
      vertex 32.4512 23.7629 8
      vertex 32.6421 24.15 0
      vertex 32.6421 24.15 8
    endloop
  endfacet
  facet normal 0.89687 -0.442295 0
    outer loop
      vertex 32.6421 24.15 0
      vertex 32.4512 23.7629 8
      vertex 32.4512 23.7629 0
    endloop
  endfacet
  facet normal 0.83148 -0.555555 0
    outer loop
      vertex 32.6421 24.15 8
      vertex 32.8819 24.5089 0
      vertex 32.8819 24.5089 8
    endloop
  endfacet
  facet normal 0.83148 -0.555555 0
    outer loop
      vertex 32.8819 24.5089 0
      vertex 32.6421 24.15 8
      vertex 32.6421 24.15 0
    endloop
  endfacet
  facet normal 0.997863 -0.0653349 0
    outer loop
      vertex 32.2 22.5 8
      vertex 32.2282 22.9307 0
      vertex 32.2282 22.9307 8
    endloop
  endfacet
  facet normal 0.997863 -0.0653349 0
    outer loop
      vertex 32.2282 22.9307 0
      vertex 32.2 22.5 8
      vertex 32.2 22.5 0
    endloop
  endfacet
  facet normal 0.555555 -0.83148 0
    outer loop
      vertex 33.4911 25.1181 0
      vertex 33.85 25.3579 8
      vertex 33.4911 25.1181 8
    endloop
  endfacet
  facet normal 0.555555 -0.83148 0
    outer loop
      vertex 33.85 25.3579 8
      vertex 33.4911 25.1181 0
      vertex 33.85 25.3579 0
    endloop
  endfacet
  facet normal 0.659259 -0.751916 0
    outer loop
      vertex 33.1665 24.8335 0
      vertex 33.4911 25.1181 8
      vertex 33.1665 24.8335 8
    endloop
  endfacet
  facet normal 0.659259 -0.751916 0
    outer loop
      vertex 33.4911 25.1181 8
      vertex 33.1665 24.8335 0
      vertex 33.4911 25.1181 0
    endloop
  endfacet
  facet normal 0.195047 -0.980794 0
    outer loop
      vertex 34.6459 25.6876 0
      vertex 35.0693 25.7718 8
      vertex 34.6459 25.6876 8
    endloop
  endfacet
  facet normal 0.195047 -0.980794 0
    outer loop
      vertex 35.0693 25.7718 8
      vertex 34.6459 25.6876 0
      vertex 35.0693 25.7718 0
    endloop
  endfacet
  facet normal -0.997863 0.0653349 0
    outer loop
      vertex 38.7718 22.0693 0
      vertex 38.8 22.5 8
      vertex 38.8 22.5 0
    endloop
  endfacet
  facet normal -0.997863 0.0653349 0
    outer loop
      vertex 38.8 22.5 8
      vertex 38.7718 22.0693 0
      vertex 38.7718 22.0693 8
    endloop
  endfacet
  facet normal -0.195047 0.980794 0
    outer loop
      vertex 36.3541 19.3124 0
      vertex 35.9307 19.2282 8
      vertex 36.3541 19.3124 8
    endloop
  endfacet
  facet normal -0.195047 0.980794 0
    outer loop
      vertex 35.9307 19.2282 8
      vertex 36.3541 19.3124 0
      vertex 35.9307 19.2282 0
    endloop
  endfacet
  facet normal -0.442295 0.89687 0
    outer loop
      vertex 37.15 19.6421 0
      vertex 36.7629 19.4512 8
      vertex 37.15 19.6421 8
    endloop
  endfacet
  facet normal -0.442295 0.89687 0
    outer loop
      vertex 36.7629 19.4512 8
      vertex 37.15 19.6421 0
      vertex 36.7629 19.4512 0
    endloop
  endfacet
  facet normal -0.751916 0.659259 0
    outer loop
      vertex 37.8335 20.1665 0
      vertex 38.1181 20.4911 8
      vertex 38.1181 20.4911 0
    endloop
  endfacet
  facet normal -0.751916 0.659259 0
    outer loop
      vertex 38.1181 20.4911 8
      vertex 37.8335 20.1665 0
      vertex 37.8335 20.1665 8
    endloop
  endfacet
  facet normal -0.555555 0.83148 0
    outer loop
      vertex 37.5089 19.8819 0
      vertex 37.15 19.6421 8
      vertex 37.5089 19.8819 8
    endloop
  endfacet
  facet normal -0.555555 0.83148 0
    outer loop
      vertex 37.15 19.6421 8
      vertex 37.5089 19.8819 0
      vertex 37.15 19.6421 0
    endloop
  endfacet
  facet normal -0.83148 0.555555 0
    outer loop
      vertex 38.1181 20.4911 0
      vertex 38.3579 20.85 8
      vertex 38.3579 20.85 0
    endloop
  endfacet
  facet normal -0.83148 0.555555 0
    outer loop
      vertex 38.3579 20.85 8
      vertex 38.1181 20.4911 0
      vertex 38.1181 20.4911 8
    endloop
  endfacet
  facet normal 0.555555 0.83148 -0
    outer loop
      vertex 33.85 19.6421 0
      vertex 33.4911 19.8819 8
      vertex 33.85 19.6421 8
    endloop
  endfacet
  facet normal 0.555555 0.83148 0
    outer loop
      vertex 33.4911 19.8819 8
      vertex 33.85 19.6421 0
      vertex 33.4911 19.8819 0
    endloop
  endfacet
  facet normal 0.321504 0.946908 -0
    outer loop
      vertex 34.6459 19.3124 0
      vertex 34.2371 19.4512 8
      vertex 34.6459 19.3124 8
    endloop
  endfacet
  facet normal 0.321504 0.946908 0
    outer loop
      vertex 34.2371 19.4512 8
      vertex 34.6459 19.3124 0
      vertex 34.2371 19.4512 0
    endloop
  endfacet
  facet normal 0.0653349 0.997863 -0
    outer loop
      vertex 35.5 19.2 0
      vertex 35.0693 19.2282 8
      vertex 35.5 19.2 8
    endloop
  endfacet
  facet normal 0.0653349 0.997863 0
    outer loop
      vertex 35.0693 19.2282 8
      vertex 35.5 19.2 0
      vertex 35.0693 19.2282 0
    endloop
  endfacet
  facet normal 0.83148 0.555555 0
    outer loop
      vertex 32.8819 20.4911 8
      vertex 32.6421 20.85 0
      vertex 32.6421 20.85 8
    endloop
  endfacet
  facet normal 0.83148 0.555555 0
    outer loop
      vertex 32.6421 20.85 0
      vertex 32.8819 20.4911 8
      vertex 32.8819 20.4911 0
    endloop
  endfacet
  facet normal 0.659259 0.751916 -0
    outer loop
      vertex 33.4911 19.8819 0
      vertex 33.1665 20.1665 8
      vertex 33.4911 19.8819 8
    endloop
  endfacet
  facet normal 0.659259 0.751916 0
    outer loop
      vertex 33.1665 20.1665 8
      vertex 33.4911 19.8819 0
      vertex 33.1665 20.1665 0
    endloop
  endfacet
  facet normal 0.89687 0.442295 0
    outer loop
      vertex 32.6421 20.85 8
      vertex 32.4512 21.2371 0
      vertex 32.4512 21.2371 8
    endloop
  endfacet
  facet normal 0.89687 0.442295 0
    outer loop
      vertex 32.4512 21.2371 0
      vertex 32.6421 20.85 8
      vertex 32.6421 20.85 0
    endloop
  endfacet
  facet normal 0.980794 0.195047 0
    outer loop
      vertex 32.3124 21.6459 8
      vertex 32.2282 22.0693 0
      vertex 32.2282 22.0693 8
    endloop
  endfacet
  facet normal 0.980794 0.195047 0
    outer loop
      vertex 32.2282 22.0693 0
      vertex 32.3124 21.6459 8
      vertex 32.3124 21.6459 0
    endloop
  endfacet
  facet normal 0.997863 0.0653349 0
    outer loop
      vertex 32.2282 22.0693 8
      vertex 32.2 22.5 0
      vertex 32.2 22.5 8
    endloop
  endfacet
  facet normal 0.997863 0.0653349 0
    outer loop
      vertex 32.2 22.5 0
      vertex 32.2282 22.0693 8
      vertex 32.2282 22.0693 0
    endloop
  endfacet
  facet normal -0.946908 0.321504 0
    outer loop
      vertex 38.5488 21.2371 0
      vertex 38.6876 21.6459 8
      vertex 38.6876 21.6459 0
    endloop
  endfacet
  facet normal -0.946908 0.321504 0
    outer loop
      vertex 38.6876 21.6459 8
      vertex 38.5488 21.2371 0
      vertex 38.5488 21.2371 8
    endloop
  endfacet
  facet normal -0.321504 0.946908 0
    outer loop
      vertex 36.7629 19.4512 0
      vertex 36.3541 19.3124 8
      vertex 36.7629 19.4512 8
    endloop
  endfacet
  facet normal -0.321504 0.946908 0
    outer loop
      vertex 36.3541 19.3124 8
      vertex 36.7629 19.4512 0
      vertex 36.3541 19.3124 0
    endloop
  endfacet
  facet normal -0.659259 0.751916 0
    outer loop
      vertex 37.8335 20.1665 0
      vertex 37.5089 19.8819 8
      vertex 37.8335 20.1665 8
    endloop
  endfacet
  facet normal -0.659259 0.751916 0
    outer loop
      vertex 37.5089 19.8819 8
      vertex 37.8335 20.1665 0
      vertex 37.5089 19.8819 0
    endloop
  endfacet
  facet normal 0.442295 0.89687 -0
    outer loop
      vertex 34.2371 19.4512 0
      vertex 33.85 19.6421 8
      vertex 34.2371 19.4512 8
    endloop
  endfacet
  facet normal 0.442295 0.89687 0
    outer loop
      vertex 33.85 19.6421 8
      vertex 34.2371 19.4512 0
      vertex 33.85 19.6421 0
    endloop
  endfacet
  facet normal 0.751916 0.659259 0
    outer loop
      vertex 33.1665 20.1665 8
      vertex 32.8819 20.4911 0
      vertex 32.8819 20.4911 8
    endloop
  endfacet
  facet normal 0.751916 0.659259 0
    outer loop
      vertex 32.8819 20.4911 0
      vertex 33.1665 20.1665 8
      vertex 33.1665 20.1665 0
    endloop
  endfacet
  facet normal 0.946908 0.321504 0
    outer loop
      vertex 32.4512 21.2371 8
      vertex 32.3124 21.6459 0
      vertex 32.3124 21.6459 8
    endloop
  endfacet
  facet normal 0.946908 0.321504 0
    outer loop
      vertex 32.3124 21.6459 0
      vertex 32.4512 21.2371 8
      vertex 32.4512 21.2371 0
    endloop
  endfacet
  facet normal -0.89687 0.442295 0
    outer loop
      vertex 38.3579 20.85 0
      vertex 38.5488 21.2371 8
      vertex 38.5488 21.2371 0
    endloop
  endfacet
  facet normal -0.89687 0.442295 0
    outer loop
      vertex 38.5488 21.2371 8
      vertex 38.3579 20.85 0
      vertex 38.3579 20.85 8
    endloop
  endfacet
  facet normal -0.997863 -0.0653349 0
    outer loop
      vertex 38.8 37.5 0
      vertex 38.7718 37.9307 8
      vertex 38.7718 37.9307 0
    endloop
  endfacet
  facet normal -0.997863 -0.0653349 0
    outer loop
      vertex 38.7718 37.9307 8
      vertex 38.8 37.5 0
      vertex 38.8 37.5 8
    endloop
  endfacet
  facet normal 0.0653349 -0.997863 0
    outer loop
      vertex 35.0693 40.7718 0
      vertex 35.5 40.8 8
      vertex 35.0693 40.7718 8
    endloop
  endfacet
  facet normal 0.0653349 -0.997863 0
    outer loop
      vertex 35.5 40.8 8
      vertex 35.0693 40.7718 0
      vertex 35.5 40.8 0
    endloop
  endfacet
  facet normal -0.0653349 0.997863 0
    outer loop
      vertex 35.9307 34.2282 0
      vertex 35.5 34.2 8
      vertex 35.9307 34.2282 8
    endloop
  endfacet
  facet normal -0.0653349 0.997863 0
    outer loop
      vertex 35.5 34.2 8
      vertex 35.9307 34.2282 0
      vertex 35.5 34.2 0
    endloop
  endfacet
  facet normal -0.659259 -0.751916 0
    outer loop
      vertex 37.5089 40.1181 0
      vertex 37.8335 39.8335 8
      vertex 37.5089 40.1181 8
    endloop
  endfacet
  facet normal -0.659259 -0.751916 -0
    outer loop
      vertex 37.8335 39.8335 8
      vertex 37.5089 40.1181 0
      vertex 37.8335 39.8335 0
    endloop
  endfacet
  facet normal 0.751916 -0.659259 0
    outer loop
      vertex 32.8819 39.5089 8
      vertex 33.1665 39.8335 0
      vertex 33.1665 39.8335 8
    endloop
  endfacet
  facet normal 0.751916 -0.659259 0
    outer loop
      vertex 33.1665 39.8335 0
      vertex 32.8819 39.5089 8
      vertex 32.8819 39.5089 0
    endloop
  endfacet
  facet normal 0.442295 -0.89687 0
    outer loop
      vertex 33.85 40.3579 0
      vertex 34.2371 40.5488 8
      vertex 33.85 40.3579 8
    endloop
  endfacet
  facet normal 0.442295 -0.89687 0
    outer loop
      vertex 34.2371 40.5488 8
      vertex 33.85 40.3579 0
      vertex 34.2371 40.5488 0
    endloop
  endfacet
  facet normal -0.89687 0.442295 0
    outer loop
      vertex 38.3579 35.85 0
      vertex 38.5488 36.2371 8
      vertex 38.5488 36.2371 0
    endloop
  endfacet
  facet normal -0.89687 0.442295 0
    outer loop
      vertex 38.5488 36.2371 8
      vertex 38.3579 35.85 0
      vertex 38.3579 35.85 8
    endloop
  endfacet
  facet normal -0.89687 -0.442295 0
    outer loop
      vertex 38.5488 38.7629 0
      vertex 38.3579 39.15 8
      vertex 38.3579 39.15 0
    endloop
  endfacet
  facet normal -0.89687 -0.442295 0
    outer loop
      vertex 38.3579 39.15 8
      vertex 38.5488 38.7629 0
      vertex 38.5488 38.7629 8
    endloop
  endfacet
  facet normal -0.321504 -0.946908 0
    outer loop
      vertex 36.3541 40.6876 0
      vertex 36.7629 40.5488 8
      vertex 36.3541 40.6876 8
    endloop
  endfacet
  facet normal -0.321504 -0.946908 -0
    outer loop
      vertex 36.7629 40.5488 8
      vertex 36.3541 40.6876 0
      vertex 36.7629 40.5488 0
    endloop
  endfacet
  facet normal -0.195047 -0.980794 0
    outer loop
      vertex 35.9307 40.7718 0
      vertex 36.3541 40.6876 8
      vertex 35.9307 40.7718 8
    endloop
  endfacet
  facet normal -0.195047 -0.980794 -0
    outer loop
      vertex 36.3541 40.6876 8
      vertex 35.9307 40.7718 0
      vertex 36.3541 40.6876 0
    endloop
  endfacet
  facet normal -0.442295 -0.89687 0
    outer loop
      vertex 36.7629 40.5488 0
      vertex 37.15 40.3579 8
      vertex 36.7629 40.5488 8
    endloop
  endfacet
  facet normal -0.442295 -0.89687 -0
    outer loop
      vertex 37.15 40.3579 8
      vertex 36.7629 40.5488 0
      vertex 37.15 40.3579 0
    endloop
  endfacet
  facet normal 0.946908 -0.321504 0
    outer loop
      vertex 32.3124 38.3541 8
      vertex 32.4512 38.7629 0
      vertex 32.4512 38.7629 8
    endloop
  endfacet
  facet normal 0.946908 -0.321504 0
    outer loop
      vertex 32.4512 38.7629 0
      vertex 32.3124 38.3541 8
      vertex 32.3124 38.3541 0
    endloop
  endfacet
  facet normal 0.89687 -0.442295 0
    outer loop
      vertex 32.4512 38.7629 8
      vertex 32.6421 39.15 0
      vertex 32.6421 39.15 8
    endloop
  endfacet
  facet normal 0.89687 -0.442295 0
    outer loop
      vertex 32.6421 39.15 0
      vertex 32.4512 38.7629 8
      vertex 32.4512 38.7629 0
    endloop
  endfacet
  facet normal 0.980794 -0.195047 0
    outer loop
      vertex 32.2282 37.9307 8
      vertex 32.3124 38.3541 0
      vertex 32.3124 38.3541 8
    endloop
  endfacet
  facet normal 0.980794 -0.195047 0
    outer loop
      vertex 32.3124 38.3541 0
      vertex 32.2282 37.9307 8
      vertex 32.2282 37.9307 0
    endloop
  endfacet
  facet normal 0.659259 -0.751916 0
    outer loop
      vertex 33.1665 39.8335 0
      vertex 33.4911 40.1181 8
      vertex 33.1665 39.8335 8
    endloop
  endfacet
  facet normal 0.659259 -0.751916 0
    outer loop
      vertex 33.4911 40.1181 8
      vertex 33.1665 39.8335 0
      vertex 33.4911 40.1181 0
    endloop
  endfacet
  facet normal 0.321504 -0.946908 0
    outer loop
      vertex 34.2371 40.5488 0
      vertex 34.6459 40.6876 8
      vertex 34.2371 40.5488 8
    endloop
  endfacet
  facet normal 0.321504 -0.946908 0
    outer loop
      vertex 34.6459 40.6876 8
      vertex 34.2371 40.5488 0
      vertex 34.6459 40.6876 0
    endloop
  endfacet
  facet normal 0.195047 0.980794 -0
    outer loop
      vertex 35.0693 34.2282 0
      vertex 34.6459 34.3124 8
      vertex 35.0693 34.2282 8
    endloop
  endfacet
  facet normal 0.195047 0.980794 0
    outer loop
      vertex 34.6459 34.3124 8
      vertex 35.0693 34.2282 0
      vertex 34.6459 34.3124 0
    endloop
  endfacet
  facet normal 0.659259 0.751916 -0
    outer loop
      vertex 33.4911 34.8819 0
      vertex 33.1665 35.1665 8
      vertex 33.4911 34.8819 8
    endloop
  endfacet
  facet normal 0.659259 0.751916 0
    outer loop
      vertex 33.1665 35.1665 8
      vertex 33.4911 34.8819 0
      vertex 33.1665 35.1665 0
    endloop
  endfacet
  facet normal -0.946908 -0.321504 0
    outer loop
      vertex 38.6876 38.3541 0
      vertex 38.5488 38.7629 8
      vertex 38.5488 38.7629 0
    endloop
  endfacet
  facet normal -0.946908 -0.321504 0
    outer loop
      vertex 38.5488 38.7629 8
      vertex 38.6876 38.3541 0
      vertex 38.6876 38.3541 8
    endloop
  endfacet
  facet normal -0.980794 -0.195047 0
    outer loop
      vertex 38.7718 37.9307 0
      vertex 38.6876 38.3541 8
      vertex 38.6876 38.3541 0
    endloop
  endfacet
  facet normal -0.980794 -0.195047 0
    outer loop
      vertex 38.6876 38.3541 8
      vertex 38.7718 37.9307 0
      vertex 38.7718 37.9307 8
    endloop
  endfacet
  facet normal -0.751916 -0.659259 0
    outer loop
      vertex 38.1181 39.5089 0
      vertex 37.8335 39.8335 8
      vertex 37.8335 39.8335 0
    endloop
  endfacet
  facet normal -0.751916 -0.659259 0
    outer loop
      vertex 37.8335 39.8335 8
      vertex 38.1181 39.5089 0
      vertex 38.1181 39.5089 8
    endloop
  endfacet
  facet normal -0.83148 -0.555555 0
    outer loop
      vertex 38.3579 39.15 0
      vertex 38.1181 39.5089 8
      vertex 38.1181 39.5089 0
    endloop
  endfacet
  facet normal -0.83148 -0.555555 0
    outer loop
      vertex 38.1181 39.5089 8
      vertex 38.3579 39.15 0
      vertex 38.3579 39.15 8
    endloop
  endfacet
  facet normal -0.0653349 -0.997863 0
    outer loop
      vertex 35.5 40.8 0
      vertex 35.9307 40.7718 8
      vertex 35.5 40.8 8
    endloop
  endfacet
  facet normal -0.0653349 -0.997863 -0
    outer loop
      vertex 35.9307 40.7718 8
      vertex 35.5 40.8 0
      vertex 35.9307 40.7718 0
    endloop
  endfacet
  facet normal -0.555555 -0.83148 0
    outer loop
      vertex 37.15 40.3579 0
      vertex 37.5089 40.1181 8
      vertex 37.15 40.3579 8
    endloop
  endfacet
  facet normal -0.555555 -0.83148 -0
    outer loop
      vertex 37.5089 40.1181 8
      vertex 37.15 40.3579 0
      vertex 37.5089 40.1181 0
    endloop
  endfacet
  facet normal 0.83148 -0.555555 0
    outer loop
      vertex 32.6421 39.15 8
      vertex 32.8819 39.5089 0
      vertex 32.8819 39.5089 8
    endloop
  endfacet
  facet normal 0.83148 -0.555555 0
    outer loop
      vertex 32.8819 39.5089 0
      vertex 32.6421 39.15 8
      vertex 32.6421 39.15 0
    endloop
  endfacet
  facet normal 0.997863 -0.0653349 0
    outer loop
      vertex 32.2 37.5 8
      vertex 32.2282 37.9307 0
      vertex 32.2282 37.9307 8
    endloop
  endfacet
  facet normal 0.997863 -0.0653349 0
    outer loop
      vertex 32.2282 37.9307 0
      vertex 32.2 37.5 8
      vertex 32.2 37.5 0
    endloop
  endfacet
  facet normal 0.555555 -0.83148 0
    outer loop
      vertex 33.4911 40.1181 0
      vertex 33.85 40.3579 8
      vertex 33.4911 40.1181 8
    endloop
  endfacet
  facet normal 0.555555 -0.83148 0
    outer loop
      vertex 33.85 40.3579 8
      vertex 33.4911 40.1181 0
      vertex 33.85 40.3579 0
    endloop
  endfacet
  facet normal 0.195047 -0.980794 0
    outer loop
      vertex 34.6459 40.6876 0
      vertex 35.0693 40.7718 8
      vertex 34.6459 40.6876 8
    endloop
  endfacet
  facet normal 0.195047 -0.980794 0
    outer loop
      vertex 35.0693 40.7718 8
      vertex 34.6459 40.6876 0
      vertex 35.0693 40.7718 0
    endloop
  endfacet
  facet normal -0.997863 0.0653349 0
    outer loop
      vertex 38.7718 37.0693 0
      vertex 38.8 37.5 8
      vertex 38.8 37.5 0
    endloop
  endfacet
  facet normal -0.997863 0.0653349 0
    outer loop
      vertex 38.8 37.5 8
      vertex 38.7718 37.0693 0
      vertex 38.7718 37.0693 8
    endloop
  endfacet
  facet normal -0.980794 0.195047 0
    outer loop
      vertex 38.6876 36.6459 0
      vertex 38.7718 37.0693 8
      vertex 38.7718 37.0693 0
    endloop
  endfacet
  facet normal -0.980794 0.195047 0
    outer loop
      vertex 38.7718 37.0693 8
      vertex 38.6876 36.6459 0
      vertex 38.6876 36.6459 8
    endloop
  endfacet
  facet normal -0.195047 0.980794 0
    outer loop
      vertex 36.3541 34.3124 0
      vertex 35.9307 34.2282 8
      vertex 36.3541 34.3124 8
    endloop
  endfacet
  facet normal -0.195047 0.980794 0
    outer loop
      vertex 35.9307 34.2282 8
      vertex 36.3541 34.3124 0
      vertex 35.9307 34.2282 0
    endloop
  endfacet
  facet normal -0.442295 0.89687 0
    outer loop
      vertex 37.15 34.6421 0
      vertex 36.7629 34.4512 8
      vertex 37.15 34.6421 8
    endloop
  endfacet
  facet normal -0.442295 0.89687 0
    outer loop
      vertex 36.7629 34.4512 8
      vertex 37.15 34.6421 0
      vertex 36.7629 34.4512 0
    endloop
  endfacet
  facet normal -0.555555 0.83148 0
    outer loop
      vertex 37.5089 34.8819 0
      vertex 37.15 34.6421 8
      vertex 37.5089 34.8819 8
    endloop
  endfacet
  facet normal -0.555555 0.83148 0
    outer loop
      vertex 37.15 34.6421 8
      vertex 37.5089 34.8819 0
      vertex 37.15 34.6421 0
    endloop
  endfacet
  facet normal -0.751916 0.659259 0
    outer loop
      vertex 37.8335 35.1665 0
      vertex 38.1181 35.4911 8
      vertex 38.1181 35.4911 0
    endloop
  endfacet
  facet normal -0.751916 0.659259 0
    outer loop
      vertex 38.1181 35.4911 8
      vertex 37.8335 35.1665 0
      vertex 37.8335 35.1665 8
    endloop
  endfacet
  facet normal -0.659259 0.751916 0
    outer loop
      vertex 37.8335 35.1665 0
      vertex 37.5089 34.8819 8
      vertex 37.8335 35.1665 8
    endloop
  endfacet
  facet normal -0.659259 0.751916 0
    outer loop
      vertex 37.5089 34.8819 8
      vertex 37.8335 35.1665 0
      vertex 37.5089 34.8819 0
    endloop
  endfacet
  facet normal -0.83148 0.555555 0
    outer loop
      vertex 38.1181 35.4911 0
      vertex 38.3579 35.85 8
      vertex 38.3579 35.85 0
    endloop
  endfacet
  facet normal -0.83148 0.555555 0
    outer loop
      vertex 38.3579 35.85 8
      vertex 38.1181 35.4911 0
      vertex 38.1181 35.4911 8
    endloop
  endfacet
  facet normal 0.442295 0.89687 -0
    outer loop
      vertex 34.2371 34.4512 0
      vertex 33.85 34.6421 8
      vertex 34.2371 34.4512 8
    endloop
  endfacet
  facet normal 0.442295 0.89687 0
    outer loop
      vertex 33.85 34.6421 8
      vertex 34.2371 34.4512 0
      vertex 33.85 34.6421 0
    endloop
  endfacet
  facet normal 0.555555 0.83148 -0
    outer loop
      vertex 33.85 34.6421 0
      vertex 33.4911 34.8819 8
      vertex 33.85 34.6421 8
    endloop
  endfacet
  facet normal 0.555555 0.83148 0
    outer loop
      vertex 33.4911 34.8819 8
      vertex 33.85 34.6421 0
      vertex 33.4911 34.8819 0
    endloop
  endfacet
  facet normal 0.321504 0.946908 -0
    outer loop
      vertex 34.6459 34.3124 0
      vertex 34.2371 34.4512 8
      vertex 34.6459 34.3124 8
    endloop
  endfacet
  facet normal 0.321504 0.946908 0
    outer loop
      vertex 34.2371 34.4512 8
      vertex 34.6459 34.3124 0
      vertex 34.2371 34.4512 0
    endloop
  endfacet
  facet normal 0.0653349 0.997863 -0
    outer loop
      vertex 35.5 34.2 0
      vertex 35.0693 34.2282 8
      vertex 35.5 34.2 8
    endloop
  endfacet
  facet normal 0.0653349 0.997863 0
    outer loop
      vertex 35.0693 34.2282 8
      vertex 35.5 34.2 0
      vertex 35.0693 34.2282 0
    endloop
  endfacet
  facet normal 0.83148 0.555555 0
    outer loop
      vertex 32.8819 35.4911 8
      vertex 32.6421 35.85 0
      vertex 32.6421 35.85 8
    endloop
  endfacet
  facet normal 0.83148 0.555555 0
    outer loop
      vertex 32.6421 35.85 0
      vertex 32.8819 35.4911 8
      vertex 32.8819 35.4911 0
    endloop
  endfacet
  facet normal 0.89687 0.442295 0
    outer loop
      vertex 32.6421 35.85 8
      vertex 32.4512 36.2371 0
      vertex 32.4512 36.2371 8
    endloop
  endfacet
  facet normal 0.89687 0.442295 0
    outer loop
      vertex 32.4512 36.2371 0
      vertex 32.6421 35.85 8
      vertex 32.6421 35.85 0
    endloop
  endfacet
  facet normal 0.980794 0.195047 0
    outer loop
      vertex 32.3124 36.6459 8
      vertex 32.2282 37.0693 0
      vertex 32.2282 37.0693 8
    endloop
  endfacet
  facet normal 0.980794 0.195047 0
    outer loop
      vertex 32.2282 37.0693 0
      vertex 32.3124 36.6459 8
      vertex 32.3124 36.6459 0
    endloop
  endfacet
  facet normal 0.997863 0.0653349 0
    outer loop
      vertex 32.2282 37.0693 8
      vertex 32.2 37.5 0
      vertex 32.2 37.5 8
    endloop
  endfacet
  facet normal 0.997863 0.0653349 0
    outer loop
      vertex 32.2 37.5 0
      vertex 32.2282 37.0693 8
      vertex 32.2282 37.0693 0
    endloop
  endfacet
  facet normal -0.946908 0.321504 0
    outer loop
      vertex 38.5488 36.2371 0
      vertex 38.6876 36.6459 8
      vertex 38.6876 36.6459 0
    endloop
  endfacet
  facet normal -0.946908 0.321504 0
    outer loop
      vertex 38.6876 36.6459 8
      vertex 38.5488 36.2371 0
      vertex 38.5488 36.2371 8
    endloop
  endfacet
  facet normal -0.321504 0.946908 0
    outer loop
      vertex 36.7629 34.4512 0
      vertex 36.3541 34.3124 8
      vertex 36.7629 34.4512 8
    endloop
  endfacet
  facet normal -0.321504 0.946908 0
    outer loop
      vertex 36.3541 34.3124 8
      vertex 36.7629 34.4512 0
      vertex 36.3541 34.3124 0
    endloop
  endfacet
  facet normal 0.751916 0.659259 0
    outer loop
      vertex 33.1665 35.1665 8
      vertex 32.8819 35.4911 0
      vertex 32.8819 35.4911 8
    endloop
  endfacet
  facet normal 0.751916 0.659259 0
    outer loop
      vertex 32.8819 35.4911 0
      vertex 33.1665 35.1665 8
      vertex 33.1665 35.1665 0
    endloop
  endfacet
  facet normal 0.946908 0.321504 0
    outer loop
      vertex 32.4512 36.2371 8
      vertex 32.3124 36.6459 0
      vertex 32.3124 36.6459 8
    endloop
  endfacet
  facet normal 0.946908 0.321504 0
    outer loop
      vertex 32.3124 36.6459 0
      vertex 32.4512 36.2371 8
      vertex 32.4512 36.2371 0
    endloop
  endfacet
  facet normal -0.997863 -0.0653349 0
    outer loop
      vertex 57.8 22.5 0
      vertex 57.7718 22.9307 8
      vertex 57.7718 22.9307 0
    endloop
  endfacet
  facet normal -0.997863 -0.0653349 0
    outer loop
      vertex 57.7718 22.9307 8
      vertex 57.8 22.5 0
      vertex 57.8 22.5 8
    endloop
  endfacet
  facet normal 0.0653349 -0.997863 0
    outer loop
      vertex 54.0693 25.7718 0
      vertex 54.5 25.8 8
      vertex 54.0693 25.7718 8
    endloop
  endfacet
  facet normal 0.0653349 -0.997863 0
    outer loop
      vertex 54.5 25.8 8
      vertex 54.0693 25.7718 0
      vertex 54.5 25.8 0
    endloop
  endfacet
  facet normal -0.659259 -0.751916 0
    outer loop
      vertex 56.5089 25.1181 0
      vertex 56.8335 24.8335 8
      vertex 56.5089 25.1181 8
    endloop
  endfacet
  facet normal -0.659259 -0.751916 -0
    outer loop
      vertex 56.8335 24.8335 8
      vertex 56.5089 25.1181 0
      vertex 56.8335 24.8335 0
    endloop
  endfacet
  facet normal 0.751916 -0.659259 0
    outer loop
      vertex 51.8819 24.5089 8
      vertex 52.1665 24.8335 0
      vertex 52.1665 24.8335 8
    endloop
  endfacet
  facet normal 0.751916 -0.659259 0
    outer loop
      vertex 52.1665 24.8335 0
      vertex 51.8819 24.5089 8
      vertex 51.8819 24.5089 0
    endloop
  endfacet
  facet normal 0.442295 -0.89687 0
    outer loop
      vertex 52.85 25.3579 0
      vertex 53.2371 25.5488 8
      vertex 52.85 25.3579 8
    endloop
  endfacet
  facet normal 0.442295 -0.89687 0
    outer loop
      vertex 53.2371 25.5488 8
      vertex 52.85 25.3579 0
      vertex 53.2371 25.5488 0
    endloop
  endfacet
  facet normal -0.89687 0.442295 0
    outer loop
      vertex 57.3579 20.85 0
      vertex 57.5488 21.2371 8
      vertex 57.5488 21.2371 0
    endloop
  endfacet
  facet normal -0.89687 0.442295 0
    outer loop
      vertex 57.5488 21.2371 8
      vertex 57.3579 20.85 0
      vertex 57.3579 20.85 8
    endloop
  endfacet
  facet normal -0.89687 -0.442295 0
    outer loop
      vertex 57.5488 23.7629 0
      vertex 57.3579 24.15 8
      vertex 57.3579 24.15 0
    endloop
  endfacet
  facet normal -0.89687 -0.442295 0
    outer loop
      vertex 57.3579 24.15 8
      vertex 57.5488 23.7629 0
      vertex 57.5488 23.7629 8
    endloop
  endfacet
  facet normal -0.321504 -0.946908 0
    outer loop
      vertex 55.3541 25.6876 0
      vertex 55.7629 25.5488 8
      vertex 55.3541 25.6876 8
    endloop
  endfacet
  facet normal -0.321504 -0.946908 -0
    outer loop
      vertex 55.7629 25.5488 8
      vertex 55.3541 25.6876 0
      vertex 55.7629 25.5488 0
    endloop
  endfacet
  facet normal -0.195047 -0.980794 0
    outer loop
      vertex 54.9307 25.7718 0
      vertex 55.3541 25.6876 8
      vertex 54.9307 25.7718 8
    endloop
  endfacet
  facet normal -0.195047 -0.980794 -0
    outer loop
      vertex 55.3541 25.6876 8
      vertex 54.9307 25.7718 0
      vertex 55.3541 25.6876 0
    endloop
  endfacet
  facet normal -0.442295 -0.89687 0
    outer loop
      vertex 55.7629 25.5488 0
      vertex 56.15 25.3579 8
      vertex 55.7629 25.5488 8
    endloop
  endfacet
  facet normal -0.442295 -0.89687 -0
    outer loop
      vertex 56.15 25.3579 8
      vertex 55.7629 25.5488 0
      vertex 56.15 25.3579 0
    endloop
  endfacet
  facet normal 0.946908 -0.321504 0
    outer loop
      vertex 51.3124 23.3541 8
      vertex 51.4512 23.7629 0
      vertex 51.4512 23.7629 8
    endloop
  endfacet
  facet normal 0.946908 -0.321504 0
    outer loop
      vertex 51.4512 23.7629 0
      vertex 51.3124 23.3541 8
      vertex 51.3124 23.3541 0
    endloop
  endfacet
  facet normal 0.89687 -0.442295 0
    outer loop
      vertex 51.4512 23.7629 8
      vertex 51.6421 24.15 0
      vertex 51.6421 24.15 8
    endloop
  endfacet
  facet normal 0.89687 -0.442295 0
    outer loop
      vertex 51.6421 24.15 0
      vertex 51.4512 23.7629 8
      vertex 51.4512 23.7629 0
    endloop
  endfacet
  facet normal 0.980794 -0.195047 0
    outer loop
      vertex 51.2282 22.9307 8
      vertex 51.3124 23.3541 0
      vertex 51.3124 23.3541 8
    endloop
  endfacet
  facet normal 0.980794 -0.195047 0
    outer loop
      vertex 51.3124 23.3541 0
      vertex 51.2282 22.9307 8
      vertex 51.2282 22.9307 0
    endloop
  endfacet
  facet normal 0.659259 -0.751916 0
    outer loop
      vertex 52.1665 24.8335 0
      vertex 52.4911 25.1181 8
      vertex 52.1665 24.8335 8
    endloop
  endfacet
  facet normal 0.659259 -0.751916 0
    outer loop
      vertex 52.4911 25.1181 8
      vertex 52.1665 24.8335 0
      vertex 52.4911 25.1181 0
    endloop
  endfacet
  facet normal 0.321504 -0.946908 0
    outer loop
      vertex 53.2371 25.5488 0
      vertex 53.6459 25.6876 8
      vertex 53.2371 25.5488 8
    endloop
  endfacet
  facet normal 0.321504 -0.946908 0
    outer loop
      vertex 53.6459 25.6876 8
      vertex 53.2371 25.5488 0
      vertex 53.6459 25.6876 0
    endloop
  endfacet
  facet normal 0.321504 0.946908 -0
    outer loop
      vertex 53.6459 19.3124 0
      vertex 53.2371 19.4512 8
      vertex 53.6459 19.3124 8
    endloop
  endfacet
  facet normal 0.321504 0.946908 0
    outer loop
      vertex 53.2371 19.4512 8
      vertex 53.6459 19.3124 0
      vertex 53.2371 19.4512 0
    endloop
  endfacet
  facet normal 0.195047 0.980794 -0
    outer loop
      vertex 54.0693 19.2282 0
      vertex 53.6459 19.3124 8
      vertex 54.0693 19.2282 8
    endloop
  endfacet
  facet normal 0.195047 0.980794 0
    outer loop
      vertex 53.6459 19.3124 8
      vertex 54.0693 19.2282 0
      vertex 53.6459 19.3124 0
    endloop
  endfacet
  facet normal 0.659259 0.751916 -0
    outer loop
      vertex 52.4911 19.8819 0
      vertex 52.1665 20.1665 8
      vertex 52.4911 19.8819 8
    endloop
  endfacet
  facet normal 0.659259 0.751916 0
    outer loop
      vertex 52.1665 20.1665 8
      vertex 52.4911 19.8819 0
      vertex 52.1665 20.1665 0
    endloop
  endfacet
  facet normal -0.946908 -0.321504 0
    outer loop
      vertex 57.6876 23.3541 0
      vertex 57.5488 23.7629 8
      vertex 57.5488 23.7629 0
    endloop
  endfacet
  facet normal -0.946908 -0.321504 0
    outer loop
      vertex 57.5488 23.7629 8
      vertex 57.6876 23.3541 0
      vertex 57.6876 23.3541 8
    endloop
  endfacet
  facet normal -0.980794 -0.195047 0
    outer loop
      vertex 57.7718 22.9307 0
      vertex 57.6876 23.3541 8
      vertex 57.6876 23.3541 0
    endloop
  endfacet
  facet normal -0.980794 -0.195047 0
    outer loop
      vertex 57.6876 23.3541 8
      vertex 57.7718 22.9307 0
      vertex 57.7718 22.9307 8
    endloop
  endfacet
  facet normal -0.751916 -0.659259 0
    outer loop
      vertex 57.1181 24.5089 0
      vertex 56.8335 24.8335 8
      vertex 56.8335 24.8335 0
    endloop
  endfacet
  facet normal -0.751916 -0.659259 0
    outer loop
      vertex 56.8335 24.8335 8
      vertex 57.1181 24.5089 0
      vertex 57.1181 24.5089 8
    endloop
  endfacet
  facet normal -0.83148 -0.555555 0
    outer loop
      vertex 57.3579 24.15 0
      vertex 57.1181 24.5089 8
      vertex 57.1181 24.5089 0
    endloop
  endfacet
  facet normal -0.83148 -0.555555 0
    outer loop
      vertex 57.1181 24.5089 8
      vertex 57.3579 24.15 0
      vertex 57.3579 24.15 8
    endloop
  endfacet
  facet normal -0.0653349 -0.997863 0
    outer loop
      vertex 54.5 25.8 0
      vertex 54.9307 25.7718 8
      vertex 54.5 25.8 8
    endloop
  endfacet
  facet normal -0.0653349 -0.997863 -0
    outer loop
      vertex 54.9307 25.7718 8
      vertex 54.5 25.8 0
      vertex 54.9307 25.7718 0
    endloop
  endfacet
  facet normal -0.555555 -0.83148 0
    outer loop
      vertex 56.15 25.3579 0
      vertex 56.5089 25.1181 8
      vertex 56.15 25.3579 8
    endloop
  endfacet
  facet normal -0.555555 -0.83148 -0
    outer loop
      vertex 56.5089 25.1181 8
      vertex 56.15 25.3579 0
      vertex 56.5089 25.1181 0
    endloop
  endfacet
  facet normal 0.997863 -0.0653349 0
    outer loop
      vertex 51.2 22.5 8
      vertex 51.2282 22.9307 0
      vertex 51.2282 22.9307 8
    endloop
  endfacet
  facet normal 0.997863 -0.0653349 0
    outer loop
      vertex 51.2282 22.9307 0
      vertex 51.2 22.5 8
      vertex 51.2 22.5 0
    endloop
  endfacet
  facet normal 0.195047 -0.980794 0
    outer loop
      vertex 53.6459 25.6876 0
      vertex 54.0693 25.7718 8
      vertex 53.6459 25.6876 8
    endloop
  endfacet
  facet normal 0.195047 -0.980794 0
    outer loop
      vertex 54.0693 25.7718 8
      vertex 53.6459 25.6876 0
      vertex 54.0693 25.7718 0
    endloop
  endfacet
  facet normal -0.997863 0.0653349 0
    outer loop
      vertex 57.7718 22.0693 0
      vertex 57.8 22.5 8
      vertex 57.8 22.5 0
    endloop
  endfacet
  facet normal -0.997863 0.0653349 0
    outer loop
      vertex 57.8 22.5 8
      vertex 57.7718 22.0693 0
      vertex 57.7718 22.0693 8
    endloop
  endfacet
  facet normal -0.195047 0.980794 0
    outer loop
      vertex 55.3541 19.3124 0
      vertex 54.9307 19.2282 8
      vertex 55.3541 19.3124 8
    endloop
  endfacet
  facet normal -0.195047 0.980794 0
    outer loop
      vertex 54.9307 19.2282 8
      vertex 55.3541 19.3124 0
      vertex 54.9307 19.2282 0
    endloop
  endfacet
  facet normal -0.442295 0.89687 0
    outer loop
      vertex 56.15 19.6421 0
      vertex 55.7629 19.4512 8
      vertex 56.15 19.6421 8
    endloop
  endfacet
  facet normal -0.442295 0.89687 0
    outer loop
      vertex 55.7629 19.4512 8
      vertex 56.15 19.6421 0
      vertex 55.7629 19.4512 0
    endloop
  endfacet
  facet normal -0.555555 0.83148 0
    outer loop
      vertex 56.5089 19.8819 0
      vertex 56.15 19.6421 8
      vertex 56.5089 19.8819 8
    endloop
  endfacet
  facet normal -0.555555 0.83148 0
    outer loop
      vertex 56.15 19.6421 8
      vertex 56.5089 19.8819 0
      vertex 56.15 19.6421 0
    endloop
  endfacet
  facet normal -0.751916 0.659259 0
    outer loop
      vertex 56.8335 20.1665 0
      vertex 57.1181 20.4911 8
      vertex 57.1181 20.4911 0
    endloop
  endfacet
  facet normal -0.751916 0.659259 0
    outer loop
      vertex 57.1181 20.4911 8
      vertex 56.8335 20.1665 0
      vertex 56.8335 20.1665 8
    endloop
  endfacet
  facet normal -0.659259 0.751916 0
    outer loop
      vertex 56.8335 20.1665 0
      vertex 56.5089 19.8819 8
      vertex 56.8335 20.1665 8
    endloop
  endfacet
  facet normal -0.659259 0.751916 0
    outer loop
      vertex 56.5089 19.8819 8
      vertex 56.8335 20.1665 0
      vertex 56.5089 19.8819 0
    endloop
  endfacet
  facet normal -0.83148 0.555555 0
    outer loop
      vertex 57.1181 20.4911 0
      vertex 57.3579 20.85 8
      vertex 57.3579 20.85 0
    endloop
  endfacet
  facet normal -0.83148 0.555555 0
    outer loop
      vertex 57.3579 20.85 8
      vertex 57.1181 20.4911 0
      vertex 57.1181 20.4911 8
    endloop
  endfacet
  facet normal 0.442295 0.89687 -0
    outer loop
      vertex 53.2371 19.4512 0
      vertex 52.85 19.6421 8
      vertex 53.2371 19.4512 8
    endloop
  endfacet
  facet normal 0.442295 0.89687 0
    outer loop
      vertex 52.85 19.6421 8
      vertex 53.2371 19.4512 0
      vertex 52.85 19.6421 0
    endloop
  endfacet
  facet normal 0.555555 0.83148 -0
    outer loop
      vertex 52.85 19.6421 0
      vertex 52.4911 19.8819 8
      vertex 52.85 19.6421 8
    endloop
  endfacet
  facet normal 0.555555 0.83148 0
    outer loop
      vertex 52.4911 19.8819 8
      vertex 52.85 19.6421 0
      vertex 52.4911 19.8819 0
    endloop
  endfacet
  facet normal 0.0653349 0.997863 -0
    outer loop
      vertex 54.5 19.2 0
      vertex 54.0693 19.2282 8
      vertex 54.5 19.2 8
    endloop
  endfacet
  facet normal 0.0653349 0.997863 0
    outer loop
      vertex 54.0693 19.2282 8
      vertex 54.5 19.2 0
      vertex 54.0693 19.2282 0
    endloop
  endfacet
  facet normal 0.83148 0.555555 0
    outer loop
      vertex 51.8819 20.4911 8
      vertex 51.6421 20.85 0
      vertex 51.6421 20.85 8
    endloop
  endfacet
  facet normal 0.83148 0.555555 0
    outer loop
      vertex 51.6421 20.85 0
      vertex 51.8819 20.4911 8
      vertex 51.8819 20.4911 0
    endloop
  endfacet
  facet normal 0.89687 0.442295 0
    outer loop
      vertex 51.6421 20.85 8
      vertex 51.4512 21.2371 0
      vertex 51.4512 21.2371 8
    endloop
  endfacet
  facet normal 0.89687 0.442295 0
    outer loop
      vertex 51.4512 21.2371 0
      vertex 51.6421 20.85 8
      vertex 51.6421 20.85 0
    endloop
  endfacet
  facet normal 0.980794 0.195047 0
    outer loop
      vertex 51.3124 21.6459 8
      vertex 51.2282 22.0693 0
      vertex 51.2282 22.0693 8
    endloop
  endfacet
  facet normal 0.980794 0.195047 0
    outer loop
      vertex 51.2282 22.0693 0
      vertex 51.3124 21.6459 8
      vertex 51.3124 21.6459 0
    endloop
  endfacet
  facet normal 0.83148 -0.555555 0
    outer loop
      vertex 51.6421 24.15 8
      vertex 51.8819 24.5089 0
      vertex 51.8819 24.5089 8
    endloop
  endfacet
  facet normal 0.83148 -0.555555 0
    outer loop
      vertex 51.8819 24.5089 0
      vertex 51.6421 24.15 8
      vertex 51.6421 24.15 0
    endloop
  endfacet
  facet normal 0.997863 0.0653349 0
    outer loop
      vertex 51.2282 22.0693 8
      vertex 51.2 22.5 0
      vertex 51.2 22.5 8
    endloop
  endfacet
  facet normal 0.997863 0.0653349 0
    outer loop
      vertex 51.2 22.5 0
      vertex 51.2282 22.0693 8
      vertex 51.2282 22.0693 0
    endloop
  endfacet
  facet normal 0.555555 -0.83148 0
    outer loop
      vertex 52.4911 25.1181 0
      vertex 52.85 25.3579 8
      vertex 52.4911 25.1181 8
    endloop
  endfacet
  facet normal 0.555555 -0.83148 0
    outer loop
      vertex 52.85 25.3579 8
      vertex 52.4911 25.1181 0
      vertex 52.85 25.3579 0
    endloop
  endfacet
  facet normal -0.946908 0.321504 0
    outer loop
      vertex 57.5488 21.2371 0
      vertex 57.6876 21.6459 8
      vertex 57.6876 21.6459 0
    endloop
  endfacet
  facet normal -0.946908 0.321504 0
    outer loop
      vertex 57.6876 21.6459 8
      vertex 57.5488 21.2371 0
      vertex 57.5488 21.2371 8
    endloop
  endfacet
  facet normal -0.321504 0.946908 0
    outer loop
      vertex 55.7629 19.4512 0
      vertex 55.3541 19.3124 8
      vertex 55.7629 19.4512 8
    endloop
  endfacet
  facet normal -0.321504 0.946908 0
    outer loop
      vertex 55.3541 19.3124 8
      vertex 55.7629 19.4512 0
      vertex 55.3541 19.3124 0
    endloop
  endfacet
  facet normal -0.0653349 0.997863 0
    outer loop
      vertex 54.9307 19.2282 0
      vertex 54.5 19.2 8
      vertex 54.9307 19.2282 8
    endloop
  endfacet
  facet normal -0.0653349 0.997863 0
    outer loop
      vertex 54.5 19.2 8
      vertex 54.9307 19.2282 0
      vertex 54.5 19.2 0
    endloop
  endfacet
  facet normal 0.751916 0.659259 0
    outer loop
      vertex 52.1665 20.1665 8
      vertex 51.8819 20.4911 0
      vertex 51.8819 20.4911 8
    endloop
  endfacet
  facet normal 0.751916 0.659259 0
    outer loop
      vertex 51.8819 20.4911 0
      vertex 52.1665 20.1665 8
      vertex 52.1665 20.1665 0
    endloop
  endfacet
  facet normal 0.946908 0.321504 0
    outer loop
      vertex 51.4512 21.2371 8
      vertex 51.3124 21.6459 0
      vertex 51.3124 21.6459 8
    endloop
  endfacet
  facet normal 0.946908 0.321504 0
    outer loop
      vertex 51.3124 21.6459 0
      vertex 51.4512 21.2371 8
      vertex 51.4512 21.2371 0
    endloop
  endfacet
  facet normal -0.980794 0.195047 0
    outer loop
      vertex 57.6876 21.6459 0
      vertex 57.7718 22.0693 8
      vertex 57.7718 22.0693 0
    endloop
  endfacet
  facet normal -0.980794 0.195047 0
    outer loop
      vertex 57.7718 22.0693 8
      vertex 57.6876 21.6459 0
      vertex 57.6876 21.6459 8
    endloop
  endfacet
  facet normal -0.997863 -0.0653349 0
    outer loop
      vertex 57.8 37.5 0
      vertex 57.7718 37.9307 8
      vertex 57.7718 37.9307 0
    endloop
  endfacet
  facet normal -0.997863 -0.0653349 0
    outer loop
      vertex 57.7718 37.9307 8
      vertex 57.8 37.5 0
      vertex 57.8 37.5 8
    endloop
  endfacet
  facet normal 0.0653349 -0.997863 0
    outer loop
      vertex 54.0693 40.7718 0
      vertex 54.5 40.8 8
      vertex 54.0693 40.7718 8
    endloop
  endfacet
  facet normal 0.0653349 -0.997863 0
    outer loop
      vertex 54.5 40.8 8
      vertex 54.0693 40.7718 0
      vertex 54.5 40.8 0
    endloop
  endfacet
  facet normal -0.659259 -0.751916 0
    outer loop
      vertex 56.5089 40.1181 0
      vertex 56.8335 39.8335 8
      vertex 56.5089 40.1181 8
    endloop
  endfacet
  facet normal -0.659259 -0.751916 -0
    outer loop
      vertex 56.8335 39.8335 8
      vertex 56.5089 40.1181 0
      vertex 56.8335 39.8335 0
    endloop
  endfacet
  facet normal 0.751916 -0.659259 0
    outer loop
      vertex 51.8819 39.5089 8
      vertex 52.1665 39.8335 0
      vertex 52.1665 39.8335 8
    endloop
  endfacet
  facet normal 0.751916 -0.659259 0
    outer loop
      vertex 52.1665 39.8335 0
      vertex 51.8819 39.5089 8
      vertex 51.8819 39.5089 0
    endloop
  endfacet
  facet normal 0.442295 -0.89687 0
    outer loop
      vertex 52.85 40.3579 0
      vertex 53.2371 40.5488 8
      vertex 52.85 40.3579 8
    endloop
  endfacet
  facet normal 0.442295 -0.89687 0
    outer loop
      vertex 53.2371 40.5488 8
      vertex 52.85 40.3579 0
      vertex 53.2371 40.5488 0
    endloop
  endfacet
  facet normal -0.89687 0.442295 0
    outer loop
      vertex 57.3579 35.85 0
      vertex 57.5488 36.2371 8
      vertex 57.5488 36.2371 0
    endloop
  endfacet
  facet normal -0.89687 0.442295 0
    outer loop
      vertex 57.5488 36.2371 8
      vertex 57.3579 35.85 0
      vertex 57.3579 35.85 8
    endloop
  endfacet
  facet normal -0.89687 -0.442295 0
    outer loop
      vertex 57.5488 38.7629 0
      vertex 57.3579 39.15 8
      vertex 57.3579 39.15 0
    endloop
  endfacet
  facet normal -0.89687 -0.442295 0
    outer loop
      vertex 57.3579 39.15 8
      vertex 57.5488 38.7629 0
      vertex 57.5488 38.7629 8
    endloop
  endfacet
  facet normal -0.321504 -0.946908 0
    outer loop
      vertex 55.3541 40.6876 0
      vertex 55.7629 40.5488 8
      vertex 55.3541 40.6876 8
    endloop
  endfacet
  facet normal -0.321504 -0.946908 -0
    outer loop
      vertex 55.7629 40.5488 8
      vertex 55.3541 40.6876 0
      vertex 55.7629 40.5488 0
    endloop
  endfacet
  facet normal -0.195047 -0.980794 0
    outer loop
      vertex 54.9307 40.7718 0
      vertex 55.3541 40.6876 8
      vertex 54.9307 40.7718 8
    endloop
  endfacet
  facet normal -0.195047 -0.980794 -0
    outer loop
      vertex 55.3541 40.6876 8
      vertex 54.9307 40.7718 0
      vertex 55.3541 40.6876 0
    endloop
  endfacet
  facet normal -0.442295 -0.89687 0
    outer loop
      vertex 55.7629 40.5488 0
      vertex 56.15 40.3579 8
      vertex 55.7629 40.5488 8
    endloop
  endfacet
  facet normal -0.442295 -0.89687 -0
    outer loop
      vertex 56.15 40.3579 8
      vertex 55.7629 40.5488 0
      vertex 56.15 40.3579 0
    endloop
  endfacet
  facet normal 0.946908 -0.321504 0
    outer loop
      vertex 51.3124 38.3541 8
      vertex 51.4512 38.7629 0
      vertex 51.4512 38.7629 8
    endloop
  endfacet
  facet normal 0.946908 -0.321504 0
    outer loop
      vertex 51.4512 38.7629 0
      vertex 51.3124 38.3541 8
      vertex 51.3124 38.3541 0
    endloop
  endfacet
  facet normal 0.89687 -0.442295 0
    outer loop
      vertex 51.4512 38.7629 8
      vertex 51.6421 39.15 0
      vertex 51.6421 39.15 8
    endloop
  endfacet
  facet normal 0.89687 -0.442295 0
    outer loop
      vertex 51.6421 39.15 0
      vertex 51.4512 38.7629 8
      vertex 51.4512 38.7629 0
    endloop
  endfacet
  facet normal 0.980794 -0.195047 0
    outer loop
      vertex 51.2282 37.9307 8
      vertex 51.3124 38.3541 0
      vertex 51.3124 38.3541 8
    endloop
  endfacet
  facet normal 0.980794 -0.195047 0
    outer loop
      vertex 51.3124 38.3541 0
      vertex 51.2282 37.9307 8
      vertex 51.2282 37.9307 0
    endloop
  endfacet
  facet normal 0.659259 -0.751916 0
    outer loop
      vertex 52.1665 39.8335 0
      vertex 52.4911 40.1181 8
      vertex 52.1665 39.8335 8
    endloop
  endfacet
  facet normal 0.659259 -0.751916 0
    outer loop
      vertex 52.4911 40.1181 8
      vertex 52.1665 39.8335 0
      vertex 52.4911 40.1181 0
    endloop
  endfacet
  facet normal 0.321504 -0.946908 0
    outer loop
      vertex 53.2371 40.5488 0
      vertex 53.6459 40.6876 8
      vertex 53.2371 40.5488 8
    endloop
  endfacet
  facet normal 0.321504 -0.946908 0
    outer loop
      vertex 53.6459 40.6876 8
      vertex 53.2371 40.5488 0
      vertex 53.6459 40.6876 0
    endloop
  endfacet
  facet normal 0.321504 0.946908 -0
    outer loop
      vertex 53.6459 34.3124 0
      vertex 53.2371 34.4512 8
      vertex 53.6459 34.3124 8
    endloop
  endfacet
  facet normal 0.321504 0.946908 0
    outer loop
      vertex 53.2371 34.4512 8
      vertex 53.6459 34.3124 0
      vertex 53.2371 34.4512 0
    endloop
  endfacet
  facet normal 0.195047 0.980794 -0
    outer loop
      vertex 54.0693 34.2282 0
      vertex 53.6459 34.3124 8
      vertex 54.0693 34.2282 8
    endloop
  endfacet
  facet normal 0.195047 0.980794 0
    outer loop
      vertex 53.6459 34.3124 8
      vertex 54.0693 34.2282 0
      vertex 53.6459 34.3124 0
    endloop
  endfacet
  facet normal 0.659259 0.751916 -0
    outer loop
      vertex 52.4911 34.8819 0
      vertex 52.1665 35.1665 8
      vertex 52.4911 34.8819 8
    endloop
  endfacet
  facet normal 0.659259 0.751916 0
    outer loop
      vertex 52.1665 35.1665 8
      vertex 52.4911 34.8819 0
      vertex 52.1665 35.1665 0
    endloop
  endfacet
  facet normal -0.946908 -0.321504 0
    outer loop
      vertex 57.6876 38.3541 0
      vertex 57.5488 38.7629 8
      vertex 57.5488 38.7629 0
    endloop
  endfacet
  facet normal -0.946908 -0.321504 0
    outer loop
      vertex 57.5488 38.7629 8
      vertex 57.6876 38.3541 0
      vertex 57.6876 38.3541 8
    endloop
  endfacet
  facet normal -0.980794 -0.195047 0
    outer loop
      vertex 57.7718 37.9307 0
      vertex 57.6876 38.3541 8
      vertex 57.6876 38.3541 0
    endloop
  endfacet
  facet normal -0.980794 -0.195047 0
    outer loop
      vertex 57.6876 38.3541 8
      vertex 57.7718 37.9307 0
      vertex 57.7718 37.9307 8
    endloop
  endfacet
  facet normal -0.751916 -0.659259 0
    outer loop
      vertex 57.1181 39.5089 0
      vertex 56.8335 39.8335 8
      vertex 56.8335 39.8335 0
    endloop
  endfacet
  facet normal -0.751916 -0.659259 0
    outer loop
      vertex 56.8335 39.8335 8
      vertex 57.1181 39.5089 0
      vertex 57.1181 39.5089 8
    endloop
  endfacet
  facet normal -0.83148 -0.555555 0
    outer loop
      vertex 57.3579 39.15 0
      vertex 57.1181 39.5089 8
      vertex 57.1181 39.5089 0
    endloop
  endfacet
  facet normal -0.83148 -0.555555 0
    outer loop
      vertex 57.1181 39.5089 8
      vertex 57.3579 39.15 0
      vertex 57.3579 39.15 8
    endloop
  endfacet
  facet normal -0.0653349 -0.997863 0
    outer loop
      vertex 54.5 40.8 0
      vertex 54.9307 40.7718 8
      vertex 54.5 40.8 8
    endloop
  endfacet
  facet normal -0.0653349 -0.997863 -0
    outer loop
      vertex 54.9307 40.7718 8
      vertex 54.5 40.8 0
      vertex 54.9307 40.7718 0
    endloop
  endfacet
  facet normal -0.555555 -0.83148 0
    outer loop
      vertex 56.15 40.3579 0
      vertex 56.5089 40.1181 8
      vertex 56.15 40.3579 8
    endloop
  endfacet
  facet normal -0.555555 -0.83148 -0
    outer loop
      vertex 56.5089 40.1181 8
      vertex 56.15 40.3579 0
      vertex 56.5089 40.1181 0
    endloop
  endfacet
  facet normal 0.997863 -0.0653349 0
    outer loop
      vertex 51.2 37.5 8
      vertex 51.2282 37.9307 0
      vertex 51.2282 37.9307 8
    endloop
  endfacet
  facet normal 0.997863 -0.0653349 0
    outer loop
      vertex 51.2282 37.9307 0
      vertex 51.2 37.5 8
      vertex 51.2 37.5 0
    endloop
  endfacet
  facet normal 0.195047 -0.980794 0
    outer loop
      vertex 53.6459 40.6876 0
      vertex 54.0693 40.7718 8
      vertex 53.6459 40.6876 8
    endloop
  endfacet
  facet normal 0.195047 -0.980794 0
    outer loop
      vertex 54.0693 40.7718 8
      vertex 53.6459 40.6876 0
      vertex 54.0693 40.7718 0
    endloop
  endfacet
  facet normal -0.980794 0.195047 0
    outer loop
      vertex 57.6876 36.6459 0
      vertex 57.7718 37.0693 8
      vertex 57.7718 37.0693 0
    endloop
  endfacet
  facet normal -0.980794 0.195047 0
    outer loop
      vertex 57.7718 37.0693 8
      vertex 57.6876 36.6459 0
      vertex 57.6876 36.6459 8
    endloop
  endfacet
  facet normal -0.997863 0.0653349 0
    outer loop
      vertex 57.7718 37.0693 0
      vertex 57.8 37.5 8
      vertex 57.8 37.5 0
    endloop
  endfacet
  facet normal -0.997863 0.0653349 0
    outer loop
      vertex 57.8 37.5 8
      vertex 57.7718 37.0693 0
      vertex 57.7718 37.0693 8
    endloop
  endfacet
  facet normal -0.195047 0.980794 0
    outer loop
      vertex 55.3541 34.3124 0
      vertex 54.9307 34.2282 8
      vertex 55.3541 34.3124 8
    endloop
  endfacet
  facet normal -0.195047 0.980794 0
    outer loop
      vertex 54.9307 34.2282 8
      vertex 55.3541 34.3124 0
      vertex 54.9307 34.2282 0
    endloop
  endfacet
  facet normal -0.442295 0.89687 0
    outer loop
      vertex 56.15 34.6421 0
      vertex 55.7629 34.4512 8
      vertex 56.15 34.6421 8
    endloop
  endfacet
  facet normal -0.442295 0.89687 0
    outer loop
      vertex 55.7629 34.4512 8
      vertex 56.15 34.6421 0
      vertex 55.7629 34.4512 0
    endloop
  endfacet
  facet normal -0.555555 0.83148 0
    outer loop
      vertex 56.5089 34.8819 0
      vertex 56.15 34.6421 8
      vertex 56.5089 34.8819 8
    endloop
  endfacet
  facet normal -0.555555 0.83148 0
    outer loop
      vertex 56.15 34.6421 8
      vertex 56.5089 34.8819 0
      vertex 56.15 34.6421 0
    endloop
  endfacet
  facet normal -0.751916 0.659259 0
    outer loop
      vertex 56.8335 35.1665 0
      vertex 57.1181 35.4911 8
      vertex 57.1181 35.4911 0
    endloop
  endfacet
  facet normal -0.751916 0.659259 0
    outer loop
      vertex 57.1181 35.4911 8
      vertex 56.8335 35.1665 0
      vertex 56.8335 35.1665 8
    endloop
  endfacet
  facet normal -0.659259 0.751916 0
    outer loop
      vertex 56.8335 35.1665 0
      vertex 56.5089 34.8819 8
      vertex 56.8335 35.1665 8
    endloop
  endfacet
  facet normal -0.659259 0.751916 0
    outer loop
      vertex 56.5089 34.8819 8
      vertex 56.8335 35.1665 0
      vertex 56.5089 34.8819 0
    endloop
  endfacet
  facet normal -0.83148 0.555555 0
    outer loop
      vertex 57.1181 35.4911 0
      vertex 57.3579 35.85 8
      vertex 57.3579 35.85 0
    endloop
  endfacet
  facet normal -0.83148 0.555555 0
    outer loop
      vertex 57.3579 35.85 8
      vertex 57.1181 35.4911 0
      vertex 57.1181 35.4911 8
    endloop
  endfacet
  facet normal 0.442295 0.89687 -0
    outer loop
      vertex 53.2371 34.4512 0
      vertex 52.85 34.6421 8
      vertex 53.2371 34.4512 8
    endloop
  endfacet
  facet normal 0.442295 0.89687 0
    outer loop
      vertex 52.85 34.6421 8
      vertex 53.2371 34.4512 0
      vertex 52.85 34.6421 0
    endloop
  endfacet
  facet normal 0.555555 0.83148 -0
    outer loop
      vertex 52.85 34.6421 0
      vertex 52.4911 34.8819 8
      vertex 52.85 34.6421 8
    endloop
  endfacet
  facet normal 0.555555 0.83148 0
    outer loop
      vertex 52.4911 34.8819 8
      vertex 52.85 34.6421 0
      vertex 52.4911 34.8819 0
    endloop
  endfacet
  facet normal 0.0653349 0.997863 -0
    outer loop
      vertex 54.5 34.2 0
      vertex 54.0693 34.2282 8
      vertex 54.5 34.2 8
    endloop
  endfacet
  facet normal 0.0653349 0.997863 0
    outer loop
      vertex 54.0693 34.2282 8
      vertex 54.5 34.2 0
      vertex 54.0693 34.2282 0
    endloop
  endfacet
  facet normal 0.83148 0.555555 0
    outer loop
      vertex 51.8819 35.4911 8
      vertex 51.6421 35.85 0
      vertex 51.6421 35.85 8
    endloop
  endfacet
  facet normal 0.83148 0.555555 0
    outer loop
      vertex 51.6421 35.85 0
      vertex 51.8819 35.4911 8
      vertex 51.8819 35.4911 0
    endloop
  endfacet
  facet normal 0.89687 0.442295 0
    outer loop
      vertex 51.6421 35.85 8
      vertex 51.4512 36.2371 0
      vertex 51.4512 36.2371 8
    endloop
  endfacet
  facet normal 0.89687 0.442295 0
    outer loop
      vertex 51.4512 36.2371 0
      vertex 51.6421 35.85 8
      vertex 51.6421 35.85 0
    endloop
  endfacet
  facet normal 0.980794 0.195047 0
    outer loop
      vertex 51.3124 36.6459 8
      vertex 51.2282 37.0693 0
      vertex 51.2282 37.0693 8
    endloop
  endfacet
  facet normal 0.980794 0.195047 0
    outer loop
      vertex 51.2282 37.0693 0
      vertex 51.3124 36.6459 8
      vertex 51.3124 36.6459 0
    endloop
  endfacet
  facet normal 0.83148 -0.555555 0
    outer loop
      vertex 51.6421 39.15 8
      vertex 51.8819 39.5089 0
      vertex 51.8819 39.5089 8
    endloop
  endfacet
  facet normal 0.83148 -0.555555 0
    outer loop
      vertex 51.8819 39.5089 0
      vertex 51.6421 39.15 8
      vertex 51.6421 39.15 0
    endloop
  endfacet
  facet normal 0.997863 0.0653349 0
    outer loop
      vertex 51.2282 37.0693 8
      vertex 51.2 37.5 0
      vertex 51.2 37.5 8
    endloop
  endfacet
  facet normal 0.997863 0.0653349 0
    outer loop
      vertex 51.2 37.5 0
      vertex 51.2282 37.0693 8
      vertex 51.2282 37.0693 0
    endloop
  endfacet
  facet normal 0.555555 -0.83148 0
    outer loop
      vertex 52.4911 40.1181 0
      vertex 52.85 40.3579 8
      vertex 52.4911 40.1181 8
    endloop
  endfacet
  facet normal 0.555555 -0.83148 0
    outer loop
      vertex 52.85 40.3579 8
      vertex 52.4911 40.1181 0
      vertex 52.85 40.3579 0
    endloop
  endfacet
  facet normal -0.946908 0.321504 0
    outer loop
      vertex 57.5488 36.2371 0
      vertex 57.6876 36.6459 8
      vertex 57.6876 36.6459 0
    endloop
  endfacet
  facet normal -0.946908 0.321504 0
    outer loop
      vertex 57.6876 36.6459 8
      vertex 57.5488 36.2371 0
      vertex 57.5488 36.2371 8
    endloop
  endfacet
  facet normal -0.321504 0.946908 0
    outer loop
      vertex 55.7629 34.4512 0
      vertex 55.3541 34.3124 8
      vertex 55.7629 34.4512 8
    endloop
  endfacet
  facet normal -0.321504 0.946908 0
    outer loop
      vertex 55.3541 34.3124 8
      vertex 55.7629 34.4512 0
      vertex 55.3541 34.3124 0
    endloop
  endfacet
  facet normal -0.0653349 0.997863 0
    outer loop
      vertex 54.9307 34.2282 0
      vertex 54.5 34.2 8
      vertex 54.9307 34.2282 8
    endloop
  endfacet
  facet normal -0.0653349 0.997863 0
    outer loop
      vertex 54.5 34.2 8
      vertex 54.9307 34.2282 0
      vertex 54.5 34.2 0
    endloop
  endfacet
  facet normal 0.751916 0.659259 0
    outer loop
      vertex 52.1665 35.1665 8
      vertex 51.8819 35.4911 0
      vertex 51.8819 35.4911 8
    endloop
  endfacet
  facet normal 0.751916 0.659259 0
    outer loop
      vertex 51.8819 35.4911 0
      vertex 52.1665 35.1665 8
      vertex 52.1665 35.1665 0
    endloop
  endfacet
  facet normal 0.946908 0.321504 0
    outer loop
      vertex 51.4512 36.2371 8
      vertex 51.3124 36.6459 0
      vertex 51.3124 36.6459 8
    endloop
  endfacet
  facet normal 0.946908 0.321504 0
    outer loop
      vertex 51.3124 36.6459 0
      vertex 51.4512 36.2371 8
      vertex 51.4512 36.2371 0
    endloop
  endfacet
  facet normal -0.997854 -0.065485 0
    outer loop
      vertex 16.65 12 0
      vertex 16.6273 12.3459 8
      vertex 16.6273 12.3459 0
    endloop
  endfacet
  facet normal -0.997854 -0.065485 0
    outer loop
      vertex 16.6273 12.3459 8
      vertex 16.65 12 0
      vertex 16.65 12 8
    endloop
  endfacet
  facet normal 0.065485 -0.997854 0
    outer loop
      vertex 13.6541 14.6273 0
      vertex 14 14.65 8
      vertex 13.6541 14.6273 8
    endloop
  endfacet
  facet normal 0.065485 -0.997854 0
    outer loop
      vertex 14 14.65 8
      vertex 13.6541 14.6273 0
      vertex 14 14.65 0
    endloop
  endfacet
  facet normal -0.0653989 0.997859 0
    outer loop
      vertex 14.3459 9.37267 0
      vertex 14 9.35 8
      vertex 14.3459 9.37267 8
    endloop
  endfacet
  facet normal -0.0653989 0.997859 0
    outer loop
      vertex 14 9.35 8
      vertex 14.3459 9.37267 0
      vertex 14 9.35 0
    endloop
  endfacet
  facet normal 0.659427 0.751768 -0
    outer loop
      vertex 12.3868 9.89761 0
      vertex 12.1262 10.1262 8
      vertex 12.3868 9.89761 8
    endloop
  endfacet
  facet normal 0.659427 0.751768 0
    outer loop
      vertex 12.1262 10.1262 8
      vertex 12.3868 9.89761 0
      vertex 12.1262 10.1262 0
    endloop
  endfacet
  facet normal -0.659444 -0.751754 0
    outer loop
      vertex 15.6132 14.1024 0
      vertex 15.8738 13.8738 8
      vertex 15.6132 14.1024 8
    endloop
  endfacet
  facet normal -0.659444 -0.751754 -0
    outer loop
      vertex 15.8738 13.8738 8
      vertex 15.6132 14.1024 0
      vertex 15.8738 13.8738 0
    endloop
  endfacet
  facet normal 0.751754 -0.659444 0
    outer loop
      vertex 11.8976 13.6132 8
      vertex 12.1262 13.8738 0
      vertex 12.1262 13.8738 8
    endloop
  endfacet
  facet normal 0.751754 -0.659444 0
    outer loop
      vertex 12.1262 13.8738 0
      vertex 11.8976 13.6132 8
      vertex 11.8976 13.6132 0
    endloop
  endfacet
  facet normal 0.442245 -0.896894 0
    outer loop
      vertex 12.675 14.295 0
      vertex 12.9859 14.4483 8
      vertex 12.675 14.295 8
    endloop
  endfacet
  facet normal 0.442245 -0.896894 0
    outer loop
      vertex 12.9859 14.4483 8
      vertex 12.675 14.295 0
      vertex 12.9859 14.4483 0
    endloop
  endfacet
  facet normal -0.896894 -0.442245 0
    outer loop
      vertex 16.4483 13.0141 0
      vertex 16.295 13.325 8
      vertex 16.295 13.325 0
    endloop
  endfacet
  facet normal -0.896894 -0.442245 0
    outer loop
      vertex 16.295 13.325 8
      vertex 16.4483 13.0141 0
      vertex 16.4483 13.0141 8
    endloop
  endfacet
  facet normal -0.321416 -0.946938 0
    outer loop
      vertex 14.6859 14.5597 0
      vertex 15.0141 14.4483 8
      vertex 14.6859 14.5597 8
    endloop
  endfacet
  facet normal -0.321416 -0.946938 -0
    outer loop
      vertex 15.0141 14.4483 8
      vertex 14.6859 14.5597 0
      vertex 15.0141 14.4483 0
    endloop
  endfacet
  facet normal -0.195007 -0.980802 0
    outer loop
      vertex 14.3459 14.6273 0
      vertex 14.6859 14.5597 8
      vertex 14.3459 14.6273 8
    endloop
  endfacet
  facet normal -0.195007 -0.980802 -0
    outer loop
      vertex 14.6859 14.5597 8
      vertex 14.3459 14.6273 0
      vertex 14.6859 14.5597 0
    endloop
  endfacet
  facet normal -0.555632 -0.831428 0
    outer loop
      vertex 15.325 14.295 0
      vertex 15.6132 14.1024 8
      vertex 15.325 14.295 8
    endloop
  endfacet
  facet normal -0.555632 -0.831428 -0
    outer loop
      vertex 15.6132 14.1024 8
      vertex 15.325 14.295 0
      vertex 15.6132 14.1024 0
    endloop
  endfacet
  facet normal 0.946938 -0.321416 0
    outer loop
      vertex 11.4403 12.6859 8
      vertex 11.5517 13.0141 0
      vertex 11.5517 13.0141 8
    endloop
  endfacet
  facet normal 0.946938 -0.321416 0
    outer loop
      vertex 11.5517 13.0141 0
      vertex 11.4403 12.6859 8
      vertex 11.4403 12.6859 0
    endloop
  endfacet
  facet normal 0.831428 -0.555632 0
    outer loop
      vertex 11.705 13.325 8
      vertex 11.8976 13.6132 0
      vertex 11.8976 13.6132 8
    endloop
  endfacet
  facet normal 0.831428 -0.555632 0
    outer loop
      vertex 11.8976 13.6132 0
      vertex 11.705 13.325 8
      vertex 11.705 13.325 0
    endloop
  endfacet
  facet normal 0.980802 -0.195007 0
    outer loop
      vertex 11.3727 12.3459 8
      vertex 11.4403 12.6859 0
      vertex 11.4403 12.6859 8
    endloop
  endfacet
  facet normal 0.980802 -0.195007 0
    outer loop
      vertex 11.4403 12.6859 0
      vertex 11.3727 12.3459 8
      vertex 11.3727 12.3459 0
    endloop
  endfacet
  facet normal 0.321416 -0.946938 0
    outer loop
      vertex 12.9859 14.4483 0
      vertex 13.3141 14.5597 8
      vertex 12.9859 14.4483 8
    endloop
  endfacet
  facet normal 0.321416 -0.946938 0
    outer loop
      vertex 13.3141 14.5597 8
      vertex 12.9859 14.4483 0
      vertex 13.3141 14.5597 0
    endloop
  endfacet
  facet normal -0.946938 0.321416 0
    outer loop
      vertex 16.4483 10.9859 0
      vertex 16.5597 11.3141 8
      vertex 16.5597 11.3141 0
    endloop
  endfacet
  facet normal -0.946938 0.321416 0
    outer loop
      vertex 16.5597 11.3141 8
      vertex 16.4483 10.9859 0
      vertex 16.4483 10.9859 8
    endloop
  endfacet
  facet normal -0.831428 0.555632 0
    outer loop
      vertex 16.1024 10.3868 0
      vertex 16.295 10.675 8
      vertex 16.295 10.675 0
    endloop
  endfacet
  facet normal -0.831428 0.555632 0
    outer loop
      vertex 16.295 10.675 8
      vertex 16.1024 10.3868 0
      vertex 16.1024 10.3868 8
    endloop
  endfacet
  facet normal -0.980802 0.195007 0
    outer loop
      vertex 16.5597 11.3141 0
      vertex 16.6273 11.6541 8
      vertex 16.6273 11.6541 0
    endloop
  endfacet
  facet normal -0.980802 0.195007 0
    outer loop
      vertex 16.6273 11.6541 8
      vertex 16.5597 11.3141 0
      vertex 16.5597 11.3141 8
    endloop
  endfacet
  facet normal 0.555592 0.831455 -0
    outer loop
      vertex 12.675 9.70503 0
      vertex 12.3868 9.89761 8
      vertex 12.675 9.70503 8
    endloop
  endfacet
  facet normal 0.555592 0.831455 0
    outer loop
      vertex 12.3868 9.89761 8
      vertex 12.675 9.70503 0
      vertex 12.3868 9.89761 0
    endloop
  endfacet
  facet normal 0.19509 0.980785 -0
    outer loop
      vertex 13.6541 9.37267 0
      vertex 13.3141 9.4403 8
      vertex 13.6541 9.37267 8
    endloop
  endfacet
  facet normal 0.19509 0.980785 0
    outer loop
      vertex 13.3141 9.4403 8
      vertex 13.6541 9.37267 0
      vertex 13.3141 9.4403 0
    endloop
  endfacet
  facet normal -0.946938 -0.321416 0
    outer loop
      vertex 16.5597 12.6859 0
      vertex 16.4483 13.0141 8
      vertex 16.4483 13.0141 0
    endloop
  endfacet
  facet normal -0.946938 -0.321416 0
    outer loop
      vertex 16.4483 13.0141 8
      vertex 16.5597 12.6859 0
      vertex 16.5597 12.6859 8
    endloop
  endfacet
  facet normal -0.980802 -0.195007 0
    outer loop
      vertex 16.6273 12.3459 0
      vertex 16.5597 12.6859 8
      vertex 16.5597 12.6859 0
    endloop
  endfacet
  facet normal -0.980802 -0.195007 0
    outer loop
      vertex 16.5597 12.6859 8
      vertex 16.6273 12.3459 0
      vertex 16.6273 12.3459 8
    endloop
  endfacet
  facet normal -0.751754 -0.659444 0
    outer loop
      vertex 16.1024 13.6132 0
      vertex 15.8738 13.8738 8
      vertex 15.8738 13.8738 0
    endloop
  endfacet
  facet normal -0.751754 -0.659444 0
    outer loop
      vertex 15.8738 13.8738 8
      vertex 16.1024 13.6132 0
      vertex 16.1024 13.6132 8
    endloop
  endfacet
  facet normal -0.831428 -0.555632 0
    outer loop
      vertex 16.295 13.325 0
      vertex 16.1024 13.6132 8
      vertex 16.1024 13.6132 0
    endloop
  endfacet
  facet normal -0.831428 -0.555632 0
    outer loop
      vertex 16.1024 13.6132 8
      vertex 16.295 13.325 0
      vertex 16.295 13.325 8
    endloop
  endfacet
  facet normal -0.065485 -0.997854 0
    outer loop
      vertex 14 14.65 0
      vertex 14.3459 14.6273 8
      vertex 14 14.65 8
    endloop
  endfacet
  facet normal -0.065485 -0.997854 -0
    outer loop
      vertex 14.3459 14.6273 8
      vertex 14 14.65 0
      vertex 14.3459 14.6273 0
    endloop
  endfacet
  facet normal -0.442245 -0.896894 0
    outer loop
      vertex 15.0141 14.4483 0
      vertex 15.325 14.295 8
      vertex 15.0141 14.4483 8
    endloop
  endfacet
  facet normal -0.442245 -0.896894 -0
    outer loop
      vertex 15.325 14.295 8
      vertex 15.0141 14.4483 0
      vertex 15.325 14.295 0
    endloop
  endfacet
  facet normal 0.896894 -0.442245 0
    outer loop
      vertex 11.5517 13.0141 8
      vertex 11.705 13.325 0
      vertex 11.705 13.325 8
    endloop
  endfacet
  facet normal 0.896894 -0.442245 0
    outer loop
      vertex 11.705 13.325 0
      vertex 11.5517 13.0141 8
      vertex 11.5517 13.0141 0
    endloop
  endfacet
  facet normal 0.997854 -0.065485 0
    outer loop
      vertex 11.35 12 8
      vertex 11.3727 12.3459 0
      vertex 11.3727 12.3459 8
    endloop
  endfacet
  facet normal 0.997854 -0.065485 0
    outer loop
      vertex 11.3727 12.3459 0
      vertex 11.35 12 8
      vertex 11.35 12 0
    endloop
  endfacet
  facet normal 0.555632 -0.831428 0
    outer loop
      vertex 12.3868 14.1024 0
      vertex 12.675 14.295 8
      vertex 12.3868 14.1024 8
    endloop
  endfacet
  facet normal 0.555632 -0.831428 0
    outer loop
      vertex 12.675 14.295 8
      vertex 12.3868 14.1024 0
      vertex 12.675 14.295 0
    endloop
  endfacet
  facet normal 0.659444 -0.751754 0
    outer loop
      vertex 12.1262 13.8738 0
      vertex 12.3868 14.1024 8
      vertex 12.1262 13.8738 8
    endloop
  endfacet
  facet normal 0.659444 -0.751754 0
    outer loop
      vertex 12.3868 14.1024 8
      vertex 12.1262 13.8738 0
      vertex 12.3868 14.1024 0
    endloop
  endfacet
  facet normal 0.195007 -0.980802 0
    outer loop
      vertex 13.3141 14.5597 0
      vertex 13.6541 14.6273 8
      vertex 13.3141 14.5597 8
    endloop
  endfacet
  facet normal 0.195007 -0.980802 0
    outer loop
      vertex 13.6541 14.6273 8
      vertex 13.3141 14.5597 0
      vertex 13.6541 14.6273 0
    endloop
  endfacet
  facet normal -0.997854 0.065485 0
    outer loop
      vertex 16.6273 11.6541 0
      vertex 16.65 12 8
      vertex 16.65 12 0
    endloop
  endfacet
  facet normal -0.997854 0.065485 0
    outer loop
      vertex 16.65 12 8
      vertex 16.6273 11.6541 0
      vertex 16.6273 11.6541 8
    endloop
  endfacet
  facet normal -0.19509 0.980785 0
    outer loop
      vertex 14.6859 9.4403 0
      vertex 14.3459 9.37267 8
      vertex 14.6859 9.4403 8
    endloop
  endfacet
  facet normal -0.19509 0.980785 0
    outer loop
      vertex 14.3459 9.37267 8
      vertex 14.6859 9.4403 0
      vertex 14.3459 9.37267 0
    endloop
  endfacet
  facet normal -0.442268 0.896883 0
    outer loop
      vertex 15.325 9.70503 0
      vertex 15.0141 9.55172 8
      vertex 15.325 9.70503 8
    endloop
  endfacet
  facet normal -0.442268 0.896883 0
    outer loop
      vertex 15.0141 9.55172 8
      vertex 15.325 9.70503 0
      vertex 15.0141 9.55172 0
    endloop
  endfacet
  facet normal -0.751754 0.659444 0
    outer loop
      vertex 15.8738 10.1262 0
      vertex 16.1024 10.3868 8
      vertex 16.1024 10.3868 0
    endloop
  endfacet
  facet normal -0.751754 0.659444 0
    outer loop
      vertex 16.1024 10.3868 8
      vertex 15.8738 10.1262 0
      vertex 15.8738 10.1262 8
    endloop
  endfacet
  facet normal -0.555592 0.831455 0
    outer loop
      vertex 15.6132 9.89761 0
      vertex 15.325 9.70503 8
      vertex 15.6132 9.89761 8
    endloop
  endfacet
  facet normal -0.555592 0.831455 0
    outer loop
      vertex 15.325 9.70503 8
      vertex 15.6132 9.89761 0
      vertex 15.325 9.70503 0
    endloop
  endfacet
  facet normal -0.896894 0.442245 0
    outer loop
      vertex 16.295 10.675 0
      vertex 16.4483 10.9859 8
      vertex 16.4483 10.9859 0
    endloop
  endfacet
  facet normal -0.896894 0.442245 0
    outer loop
      vertex 16.4483 10.9859 8
      vertex 16.295 10.675 0
      vertex 16.295 10.675 8
    endloop
  endfacet
  facet normal 0.442268 0.896883 -0
    outer loop
      vertex 12.9859 9.55172 0
      vertex 12.675 9.70503 8
      vertex 12.9859 9.55172 8
    endloop
  endfacet
  facet normal 0.442268 0.896883 0
    outer loop
      vertex 12.675 9.70503 8
      vertex 12.9859 9.55172 0
      vertex 12.675 9.70503 0
    endloop
  endfacet
  facet normal 0.0653989 0.997859 -0
    outer loop
      vertex 14 9.35 0
      vertex 13.6541 9.37267 8
      vertex 14 9.35 8
    endloop
  endfacet
  facet normal 0.0653989 0.997859 0
    outer loop
      vertex 13.6541 9.37267 8
      vertex 14 9.35 0
      vertex 13.6541 9.37267 0
    endloop
  endfacet
  facet normal 0.831428 0.555632 0
    outer loop
      vertex 11.8976 10.3868 8
      vertex 11.705 10.675 0
      vertex 11.705 10.675 8
    endloop
  endfacet
  facet normal 0.831428 0.555632 0
    outer loop
      vertex 11.705 10.675 0
      vertex 11.8976 10.3868 8
      vertex 11.8976 10.3868 0
    endloop
  endfacet
  facet normal 0.896894 0.442245 0
    outer loop
      vertex 11.705 10.675 8
      vertex 11.5517 10.9859 0
      vertex 11.5517 10.9859 8
    endloop
  endfacet
  facet normal 0.896894 0.442245 0
    outer loop
      vertex 11.5517 10.9859 0
      vertex 11.705 10.675 8
      vertex 11.705 10.675 0
    endloop
  endfacet
  facet normal 0.980802 0.195007 0
    outer loop
      vertex 11.4403 11.3141 8
      vertex 11.3727 11.6541 0
      vertex 11.3727 11.6541 8
    endloop
  endfacet
  facet normal 0.980802 0.195007 0
    outer loop
      vertex 11.3727 11.6541 0
      vertex 11.4403 11.3141 8
      vertex 11.4403 11.3141 0
    endloop
  endfacet
  facet normal 0.997854 0.065485 0
    outer loop
      vertex 11.3727 11.6541 8
      vertex 11.35 12 0
      vertex 11.35 12 8
    endloop
  endfacet
  facet normal 0.997854 0.065485 0
    outer loop
      vertex 11.35 12 0
      vertex 11.3727 11.6541 8
      vertex 11.3727 11.6541 0
    endloop
  endfacet
  facet normal -0.321468 0.94692 0
    outer loop
      vertex 15.0141 9.55172 0
      vertex 14.6859 9.4403 8
      vertex 15.0141 9.55172 8
    endloop
  endfacet
  facet normal -0.321468 0.94692 0
    outer loop
      vertex 14.6859 9.4403 8
      vertex 15.0141 9.55172 0
      vertex 14.6859 9.4403 0
    endloop
  endfacet
  facet normal -0.659427 0.751768 0
    outer loop
      vertex 15.8738 10.1262 0
      vertex 15.6132 9.89761 8
      vertex 15.8738 10.1262 8
    endloop
  endfacet
  facet normal -0.659427 0.751768 0
    outer loop
      vertex 15.6132 9.89761 8
      vertex 15.8738 10.1262 0
      vertex 15.6132 9.89761 0
    endloop
  endfacet
  facet normal 0.321468 0.94692 -0
    outer loop
      vertex 13.3141 9.4403 0
      vertex 12.9859 9.55172 8
      vertex 13.3141 9.4403 8
    endloop
  endfacet
  facet normal 0.321468 0.94692 0
    outer loop
      vertex 12.9859 9.55172 8
      vertex 13.3141 9.4403 0
      vertex 12.9859 9.55172 0
    endloop
  endfacet
  facet normal 0.751754 0.659444 0
    outer loop
      vertex 12.1262 10.1262 8
      vertex 11.8976 10.3868 0
      vertex 11.8976 10.3868 8
    endloop
  endfacet
  facet normal 0.751754 0.659444 0
    outer loop
      vertex 11.8976 10.3868 0
      vertex 12.1262 10.1262 8
      vertex 12.1262 10.1262 0
    endloop
  endfacet
  facet normal 0.946938 0.321416 0
    outer loop
      vertex 11.5517 10.9859 8
      vertex 11.4403 11.3141 0
      vertex 11.4403 11.3141 8
    endloop
  endfacet
  facet normal 0.946938 0.321416 0
    outer loop
      vertex 11.4403 11.3141 0
      vertex 11.5517 10.9859 8
      vertex 11.5517 10.9859 0
    endloop
  endfacet
  facet normal -0.997854 -0.065485 0
    outer loop
      vertex 16.65 48 0
      vertex 16.6273 48.3459 8
      vertex 16.6273 48.3459 0
    endloop
  endfacet
  facet normal -0.997854 -0.065485 0
    outer loop
      vertex 16.6273 48.3459 8
      vertex 16.65 48 0
      vertex 16.65 48 8
    endloop
  endfacet
  facet normal 0.065485 -0.997854 0
    outer loop
      vertex 13.6541 50.6273 0
      vertex 14 50.65 8
      vertex 13.6541 50.6273 8
    endloop
  endfacet
  facet normal 0.065485 -0.997854 0
    outer loop
      vertex 14 50.65 8
      vertex 13.6541 50.6273 0
      vertex 14 50.65 0
    endloop
  endfacet
  facet normal -0.659444 -0.751754 0
    outer loop
      vertex 15.6132 50.1024 0
      vertex 15.8738 49.8738 8
      vertex 15.6132 50.1024 8
    endloop
  endfacet
  facet normal -0.659444 -0.751754 -0
    outer loop
      vertex 15.8738 49.8738 8
      vertex 15.6132 50.1024 0
      vertex 15.8738 49.8738 0
    endloop
  endfacet
  facet normal 0.751754 -0.659444 0
    outer loop
      vertex 11.8976 49.6132 8
      vertex 12.1262 49.8738 0
      vertex 12.1262 49.8738 8
    endloop
  endfacet
  facet normal 0.751754 -0.659444 0
    outer loop
      vertex 12.1262 49.8738 0
      vertex 11.8976 49.6132 8
      vertex 11.8976 49.6132 0
    endloop
  endfacet
  facet normal 0.442245 -0.896894 0
    outer loop
      vertex 12.675 50.295 0
      vertex 12.9859 50.4483 8
      vertex 12.675 50.295 8
    endloop
  endfacet
  facet normal 0.442245 -0.896894 0
    outer loop
      vertex 12.9859 50.4483 8
      vertex 12.675 50.295 0
      vertex 12.9859 50.4483 0
    endloop
  endfacet
  facet normal -0.896894 -0.442245 0
    outer loop
      vertex 16.4483 49.0141 0
      vertex 16.295 49.325 8
      vertex 16.295 49.325 0
    endloop
  endfacet
  facet normal -0.896894 -0.442245 0
    outer loop
      vertex 16.295 49.325 8
      vertex 16.4483 49.0141 0
      vertex 16.4483 49.0141 8
    endloop
  endfacet
  facet normal -0.321416 -0.946938 0
    outer loop
      vertex 14.6859 50.5597 0
      vertex 15.0141 50.4483 8
      vertex 14.6859 50.5597 8
    endloop
  endfacet
  facet normal -0.321416 -0.946938 -0
    outer loop
      vertex 15.0141 50.4483 8
      vertex 14.6859 50.5597 0
      vertex 15.0141 50.4483 0
    endloop
  endfacet
  facet normal -0.195007 -0.980802 0
    outer loop
      vertex 14.3459 50.6273 0
      vertex 14.6859 50.5597 8
      vertex 14.3459 50.6273 8
    endloop
  endfacet
  facet normal -0.195007 -0.980802 -0
    outer loop
      vertex 14.6859 50.5597 8
      vertex 14.3459 50.6273 0
      vertex 14.6859 50.5597 0
    endloop
  endfacet
  facet normal -0.555632 -0.831428 0
    outer loop
      vertex 15.325 50.295 0
      vertex 15.6132 50.1024 8
      vertex 15.325 50.295 8
    endloop
  endfacet
  facet normal -0.555632 -0.831428 -0
    outer loop
      vertex 15.6132 50.1024 8
      vertex 15.325 50.295 0
      vertex 15.6132 50.1024 0
    endloop
  endfacet
  facet normal 0.896894 -0.442245 0
    outer loop
      vertex 11.5517 49.0141 8
      vertex 11.705 49.325 0
      vertex 11.705 49.325 8
    endloop
  endfacet
  facet normal 0.896894 -0.442245 0
    outer loop
      vertex 11.705 49.325 0
      vertex 11.5517 49.0141 8
      vertex 11.5517 49.0141 0
    endloop
  endfacet
  facet normal 0.831428 -0.555632 0
    outer loop
      vertex 11.705 49.325 8
      vertex 11.8976 49.6132 0
      vertex 11.8976 49.6132 8
    endloop
  endfacet
  facet normal 0.831428 -0.555632 0
    outer loop
      vertex 11.8976 49.6132 0
      vertex 11.705 49.325 8
      vertex 11.705 49.325 0
    endloop
  endfacet
  facet normal 0.980802 -0.195007 0
    outer loop
      vertex 11.3727 48.3459 8
      vertex 11.4403 48.6859 0
      vertex 11.4403 48.6859 8
    endloop
  endfacet
  facet normal 0.980802 -0.195007 0
    outer loop
      vertex 11.4403 48.6859 0
      vertex 11.3727 48.3459 8
      vertex 11.3727 48.3459 0
    endloop
  endfacet
  facet normal 0.659444 -0.751754 0
    outer loop
      vertex 12.1262 49.8738 0
      vertex 12.3868 50.1024 8
      vertex 12.1262 49.8738 8
    endloop
  endfacet
  facet normal 0.659444 -0.751754 0
    outer loop
      vertex 12.3868 50.1024 8
      vertex 12.1262 49.8738 0
      vertex 12.3868 50.1024 0
    endloop
  endfacet
  facet normal 0.321416 -0.946938 0
    outer loop
      vertex 12.9859 50.4483 0
      vertex 13.3141 50.5597 8
      vertex 12.9859 50.4483 8
    endloop
  endfacet
  facet normal 0.321416 -0.946938 0
    outer loop
      vertex 13.3141 50.5597 8
      vertex 12.9859 50.4483 0
      vertex 13.3141 50.5597 0
    endloop
  endfacet
  facet normal -0.896894 0.442245 0
    outer loop
      vertex 16.295 46.675 0
      vertex 16.4483 46.9859 8
      vertex 16.4483 46.9859 0
    endloop
  endfacet
  facet normal -0.896894 0.442245 0
    outer loop
      vertex 16.4483 46.9859 8
      vertex 16.295 46.675 0
      vertex 16.295 46.675 8
    endloop
  endfacet
  facet normal -0.831428 0.555632 0
    outer loop
      vertex 16.1024 46.3868 0
      vertex 16.295 46.675 8
      vertex 16.295 46.675 0
    endloop
  endfacet
  facet normal -0.831428 0.555632 0
    outer loop
      vertex 16.295 46.675 8
      vertex 16.1024 46.3868 0
      vertex 16.1024 46.3868 8
    endloop
  endfacet
  facet normal -0.980802 0.195007 0
    outer loop
      vertex 16.5597 47.3141 0
      vertex 16.6273 47.6541 8
      vertex 16.6273 47.6541 0
    endloop
  endfacet
  facet normal -0.980802 0.195007 0
    outer loop
      vertex 16.6273 47.6541 8
      vertex 16.5597 47.3141 0
      vertex 16.5597 47.3141 8
    endloop
  endfacet
  facet normal 0.321416 0.946938 -0
    outer loop
      vertex 13.3141 45.4403 0
      vertex 12.9859 45.5517 8
      vertex 13.3141 45.4403 8
    endloop
  endfacet
  facet normal 0.321416 0.946938 0
    outer loop
      vertex 12.9859 45.5517 8
      vertex 13.3141 45.4403 0
      vertex 12.9859 45.5517 0
    endloop
  endfacet
  facet normal 0.555632 0.831428 -0
    outer loop
      vertex 12.675 45.705 0
      vertex 12.3868 45.8976 8
      vertex 12.675 45.705 8
    endloop
  endfacet
  facet normal 0.555632 0.831428 0
    outer loop
      vertex 12.3868 45.8976 8
      vertex 12.675 45.705 0
      vertex 12.3868 45.8976 0
    endloop
  endfacet
  facet normal 0.195007 0.980802 -0
    outer loop
      vertex 13.6541 45.3727 0
      vertex 13.3141 45.4403 8
      vertex 13.6541 45.3727 8
    endloop
  endfacet
  facet normal 0.195007 0.980802 0
    outer loop
      vertex 13.3141 45.4403 8
      vertex 13.6541 45.3727 0
      vertex 13.3141 45.4403 0
    endloop
  endfacet
  facet normal 0.659444 0.751754 -0
    outer loop
      vertex 12.3868 45.8976 0
      vertex 12.1262 46.1262 8
      vertex 12.3868 45.8976 8
    endloop
  endfacet
  facet normal 0.659444 0.751754 0
    outer loop
      vertex 12.1262 46.1262 8
      vertex 12.3868 45.8976 0
      vertex 12.1262 46.1262 0
    endloop
  endfacet
  facet normal -0.946938 -0.321416 0
    outer loop
      vertex 16.5597 48.6859 0
      vertex 16.4483 49.0141 8
      vertex 16.4483 49.0141 0
    endloop
  endfacet
  facet normal -0.946938 -0.321416 0
    outer loop
      vertex 16.4483 49.0141 8
      vertex 16.5597 48.6859 0
      vertex 16.5597 48.6859 8
    endloop
  endfacet
  facet normal -0.980802 -0.195007 0
    outer loop
      vertex 16.6273 48.3459 0
      vertex 16.5597 48.6859 8
      vertex 16.5597 48.6859 0
    endloop
  endfacet
  facet normal -0.980802 -0.195007 0
    outer loop
      vertex 16.5597 48.6859 8
      vertex 16.6273 48.3459 0
      vertex 16.6273 48.3459 8
    endloop
  endfacet
  facet normal -0.751754 -0.659444 0
    outer loop
      vertex 16.1024 49.6132 0
      vertex 15.8738 49.8738 8
      vertex 15.8738 49.8738 0
    endloop
  endfacet
  facet normal -0.751754 -0.659444 0
    outer loop
      vertex 15.8738 49.8738 8
      vertex 16.1024 49.6132 0
      vertex 16.1024 49.6132 8
    endloop
  endfacet
  facet normal -0.831428 -0.555632 0
    outer loop
      vertex 16.295 49.325 0
      vertex 16.1024 49.6132 8
      vertex 16.1024 49.6132 0
    endloop
  endfacet
  facet normal -0.831428 -0.555632 0
    outer loop
      vertex 16.1024 49.6132 8
      vertex 16.295 49.325 0
      vertex 16.295 49.325 8
    endloop
  endfacet
  facet normal -0.065485 -0.997854 0
    outer loop
      vertex 14 50.65 0
      vertex 14.3459 50.6273 8
      vertex 14 50.65 8
    endloop
  endfacet
  facet normal -0.065485 -0.997854 -0
    outer loop
      vertex 14.3459 50.6273 8
      vertex 14 50.65 0
      vertex 14.3459 50.6273 0
    endloop
  endfacet
  facet normal -0.442245 -0.896894 0
    outer loop
      vertex 15.0141 50.4483 0
      vertex 15.325 50.295 8
      vertex 15.0141 50.4483 8
    endloop
  endfacet
  facet normal -0.442245 -0.896894 -0
    outer loop
      vertex 15.325 50.295 8
      vertex 15.0141 50.4483 0
      vertex 15.325 50.295 0
    endloop
  endfacet
  facet normal 0.946938 -0.321416 0
    outer loop
      vertex 11.4403 48.6859 8
      vertex 11.5517 49.0141 0
      vertex 11.5517 49.0141 8
    endloop
  endfacet
  facet normal 0.946938 -0.321416 0
    outer loop
      vertex 11.5517 49.0141 0
      vertex 11.4403 48.6859 8
      vertex 11.4403 48.6859 0
    endloop
  endfacet
  facet normal 0.997854 -0.065485 0
    outer loop
      vertex 11.35 48 8
      vertex 11.3727 48.3459 0
      vertex 11.3727 48.3459 8
    endloop
  endfacet
  facet normal 0.997854 -0.065485 0
    outer loop
      vertex 11.3727 48.3459 0
      vertex 11.35 48 8
      vertex 11.35 48 0
    endloop
  endfacet
  facet normal 0.555632 -0.831428 0
    outer loop
      vertex 12.3868 50.1024 0
      vertex 12.675 50.295 8
      vertex 12.3868 50.1024 8
    endloop
  endfacet
  facet normal 0.555632 -0.831428 0
    outer loop
      vertex 12.675 50.295 8
      vertex 12.3868 50.1024 0
      vertex 12.675 50.295 0
    endloop
  endfacet
  facet normal 0.195007 -0.980802 0
    outer loop
      vertex 13.3141 50.5597 0
      vertex 13.6541 50.6273 8
      vertex 13.3141 50.5597 8
    endloop
  endfacet
  facet normal 0.195007 -0.980802 0
    outer loop
      vertex 13.6541 50.6273 8
      vertex 13.3141 50.5597 0
      vertex 13.6541 50.6273 0
    endloop
  endfacet
  facet normal -0.997854 0.065485 0
    outer loop
      vertex 16.6273 47.6541 0
      vertex 16.65 48 8
      vertex 16.65 48 0
    endloop
  endfacet
  facet normal -0.997854 0.065485 0
    outer loop
      vertex 16.65 48 8
      vertex 16.6273 47.6541 0
      vertex 16.6273 47.6541 8
    endloop
  endfacet
  facet normal -0.195007 0.980802 0
    outer loop
      vertex 14.6859 45.4403 0
      vertex 14.3459 45.3727 8
      vertex 14.6859 45.4403 8
    endloop
  endfacet
  facet normal -0.195007 0.980802 0
    outer loop
      vertex 14.3459 45.3727 8
      vertex 14.6859 45.4403 0
      vertex 14.3459 45.3727 0
    endloop
  endfacet
  facet normal -0.442245 0.896894 0
    outer loop
      vertex 15.325 45.705 0
      vertex 15.0141 45.5517 8
      vertex 15.325 45.705 8
    endloop
  endfacet
  facet normal -0.442245 0.896894 0
    outer loop
      vertex 15.0141 45.5517 8
      vertex 15.325 45.705 0
      vertex 15.0141 45.5517 0
    endloop
  endfacet
  facet normal -0.555632 0.831428 0
    outer loop
      vertex 15.6132 45.8976 0
      vertex 15.325 45.705 8
      vertex 15.6132 45.8976 8
    endloop
  endfacet
  facet normal -0.555632 0.831428 0
    outer loop
      vertex 15.325 45.705 8
      vertex 15.6132 45.8976 0
      vertex 15.325 45.705 0
    endloop
  endfacet
  facet normal -0.751754 0.659444 0
    outer loop
      vertex 15.8738 46.1262 0
      vertex 16.1024 46.3868 8
      vertex 16.1024 46.3868 0
    endloop
  endfacet
  facet normal -0.751754 0.659444 0
    outer loop
      vertex 16.1024 46.3868 8
      vertex 15.8738 46.1262 0
      vertex 15.8738 46.1262 8
    endloop
  endfacet
  facet normal -0.659444 0.751754 0
    outer loop
      vertex 15.8738 46.1262 0
      vertex 15.6132 45.8976 8
      vertex 15.8738 46.1262 8
    endloop
  endfacet
  facet normal -0.659444 0.751754 0
    outer loop
      vertex 15.6132 45.8976 8
      vertex 15.8738 46.1262 0
      vertex 15.6132 45.8976 0
    endloop
  endfacet
  facet normal 0.442245 0.896894 -0
    outer loop
      vertex 12.9859 45.5517 0
      vertex 12.675 45.705 8
      vertex 12.9859 45.5517 8
    endloop
  endfacet
  facet normal 0.442245 0.896894 0
    outer loop
      vertex 12.675 45.705 8
      vertex 12.9859 45.5517 0
      vertex 12.675 45.705 0
    endloop
  endfacet
  facet normal 0.065485 0.997854 -0
    outer loop
      vertex 14 45.35 0
      vertex 13.6541 45.3727 8
      vertex 14 45.35 8
    endloop
  endfacet
  facet normal 0.065485 0.997854 0
    outer loop
      vertex 13.6541 45.3727 8
      vertex 14 45.35 0
      vertex 13.6541 45.3727 0
    endloop
  endfacet
  facet normal 0.831428 0.555632 0
    outer loop
      vertex 11.8976 46.3868 8
      vertex 11.705 46.675 0
      vertex 11.705 46.675 8
    endloop
  endfacet
  facet normal 0.831428 0.555632 0
    outer loop
      vertex 11.705 46.675 0
      vertex 11.8976 46.3868 8
      vertex 11.8976 46.3868 0
    endloop
  endfacet
  facet normal 0.896894 0.442245 0
    outer loop
      vertex 11.705 46.675 8
      vertex 11.5517 46.9859 0
      vertex 11.5517 46.9859 8
    endloop
  endfacet
  facet normal 0.896894 0.442245 0
    outer loop
      vertex 11.5517 46.9859 0
      vertex 11.705 46.675 8
      vertex 11.705 46.675 0
    endloop
  endfacet
  facet normal 0.980802 0.195007 0
    outer loop
      vertex 11.4403 47.3141 8
      vertex 11.3727 47.6541 0
      vertex 11.3727 47.6541 8
    endloop
  endfacet
  facet normal 0.980802 0.195007 0
    outer loop
      vertex 11.3727 47.6541 0
      vertex 11.4403 47.3141 8
      vertex 11.4403 47.3141 0
    endloop
  endfacet
  facet normal 0.997854 0.065485 0
    outer loop
      vertex 11.3727 47.6541 8
      vertex 11.35 48 0
      vertex 11.35 48 8
    endloop
  endfacet
  facet normal 0.997854 0.065485 0
    outer loop
      vertex 11.35 48 0
      vertex 11.3727 47.6541 8
      vertex 11.3727 47.6541 0
    endloop
  endfacet
  facet normal -0.321416 0.946938 0
    outer loop
      vertex 15.0141 45.5517 0
      vertex 14.6859 45.4403 8
      vertex 15.0141 45.5517 8
    endloop
  endfacet
  facet normal -0.321416 0.946938 0
    outer loop
      vertex 14.6859 45.4403 8
      vertex 15.0141 45.5517 0
      vertex 14.6859 45.4403 0
    endloop
  endfacet
  facet normal -0.946938 0.321416 0
    outer loop
      vertex 16.4483 46.9859 0
      vertex 16.5597 47.3141 8
      vertex 16.5597 47.3141 0
    endloop
  endfacet
  facet normal -0.946938 0.321416 0
    outer loop
      vertex 16.5597 47.3141 8
      vertex 16.4483 46.9859 0
      vertex 16.4483 46.9859 8
    endloop
  endfacet
  facet normal -0.065485 0.997854 0
    outer loop
      vertex 14.3459 45.3727 0
      vertex 14 45.35 8
      vertex 14.3459 45.3727 8
    endloop
  endfacet
  facet normal -0.065485 0.997854 0
    outer loop
      vertex 14 45.35 8
      vertex 14.3459 45.3727 0
      vertex 14 45.35 0
    endloop
  endfacet
  facet normal 0.751754 0.659444 0
    outer loop
      vertex 12.1262 46.1262 8
      vertex 11.8976 46.3868 0
      vertex 11.8976 46.3868 8
    endloop
  endfacet
  facet normal 0.751754 0.659444 0
    outer loop
      vertex 11.8976 46.3868 0
      vertex 12.1262 46.1262 8
      vertex 12.1262 46.1262 0
    endloop
  endfacet
  facet normal 0.946938 0.321416 0
    outer loop
      vertex 11.5517 46.9859 8
      vertex 11.4403 47.3141 0
      vertex 11.4403 47.3141 8
    endloop
  endfacet
  facet normal 0.946938 0.321416 0
    outer loop
      vertex 11.4403 47.3141 0
      vertex 11.5517 46.9859 8
      vertex 11.5517 46.9859 0
    endloop
  endfacet
  facet normal -0.997854 -0.065485 0
    outer loop
      vertex 78.65 12 0
      vertex 78.6273 12.3459 8
      vertex 78.6273 12.3459 0
    endloop
  endfacet
  facet normal -0.997854 -0.065485 0
    outer loop
      vertex 78.6273 12.3459 8
      vertex 78.65 12 0
      vertex 78.65 12 8
    endloop
  endfacet
  facet normal 0.065485 -0.997854 0
    outer loop
      vertex 75.6541 14.6273 0
      vertex 76 14.65 8
      vertex 75.6541 14.6273 8
    endloop
  endfacet
  facet normal 0.065485 -0.997854 0
    outer loop
      vertex 76 14.65 8
      vertex 75.6541 14.6273 0
      vertex 76 14.65 0
    endloop
  endfacet
  facet normal -0.659444 -0.751754 0
    outer loop
      vertex 77.6132 14.1024 0
      vertex 77.8738 13.8738 8
      vertex 77.6132 14.1024 8
    endloop
  endfacet
  facet normal -0.659444 -0.751754 -0
    outer loop
      vertex 77.8738 13.8738 8
      vertex 77.6132 14.1024 0
      vertex 77.8738 13.8738 0
    endloop
  endfacet
  facet normal 0.751754 -0.659444 0
    outer loop
      vertex 73.8976 13.6132 8
      vertex 74.1262 13.8738 0
      vertex 74.1262 13.8738 8
    endloop
  endfacet
  facet normal 0.751754 -0.659444 0
    outer loop
      vertex 74.1262 13.8738 0
      vertex 73.8976 13.6132 8
      vertex 73.8976 13.6132 0
    endloop
  endfacet
  facet normal 0.442245 -0.896894 0
    outer loop
      vertex 74.675 14.295 0
      vertex 74.9859 14.4483 8
      vertex 74.675 14.295 8
    endloop
  endfacet
  facet normal 0.442245 -0.896894 0
    outer loop
      vertex 74.9859 14.4483 8
      vertex 74.675 14.295 0
      vertex 74.9859 14.4483 0
    endloop
  endfacet
  facet normal -0.896894 -0.442245 0
    outer loop
      vertex 78.4483 13.0141 0
      vertex 78.295 13.325 8
      vertex 78.295 13.325 0
    endloop
  endfacet
  facet normal -0.896894 -0.442245 0
    outer loop
      vertex 78.295 13.325 8
      vertex 78.4483 13.0141 0
      vertex 78.4483 13.0141 8
    endloop
  endfacet
  facet normal -0.321416 -0.946938 0
    outer loop
      vertex 76.6859 14.5597 0
      vertex 77.0141 14.4483 8
      vertex 76.6859 14.5597 8
    endloop
  endfacet
  facet normal -0.321416 -0.946938 -0
    outer loop
      vertex 77.0141 14.4483 8
      vertex 76.6859 14.5597 0
      vertex 77.0141 14.4483 0
    endloop
  endfacet
  facet normal -0.195007 -0.980802 0
    outer loop
      vertex 76.3459 14.6273 0
      vertex 76.6859 14.5597 8
      vertex 76.3459 14.6273 8
    endloop
  endfacet
  facet normal -0.195007 -0.980802 -0
    outer loop
      vertex 76.6859 14.5597 8
      vertex 76.3459 14.6273 0
      vertex 76.6859 14.5597 0
    endloop
  endfacet
  facet normal -0.555632 -0.831428 0
    outer loop
      vertex 77.325 14.295 0
      vertex 77.6132 14.1024 8
      vertex 77.325 14.295 8
    endloop
  endfacet
  facet normal -0.555632 -0.831428 -0
    outer loop
      vertex 77.6132 14.1024 8
      vertex 77.325 14.295 0
      vertex 77.6132 14.1024 0
    endloop
  endfacet
  facet normal 0.946938 -0.321416 0
    outer loop
      vertex 73.4403 12.6859 8
      vertex 73.5517 13.0141 0
      vertex 73.5517 13.0141 8
    endloop
  endfacet
  facet normal 0.946938 -0.321416 0
    outer loop
      vertex 73.5517 13.0141 0
      vertex 73.4403 12.6859 8
      vertex 73.4403 12.6859 0
    endloop
  endfacet
  facet normal 0.831428 -0.555632 0
    outer loop
      vertex 73.705 13.325 8
      vertex 73.8976 13.6132 0
      vertex 73.8976 13.6132 8
    endloop
  endfacet
  facet normal 0.831428 -0.555632 0
    outer loop
      vertex 73.8976 13.6132 0
      vertex 73.705 13.325 8
      vertex 73.705 13.325 0
    endloop
  endfacet
  facet normal 0.980802 -0.195007 0
    outer loop
      vertex 73.3727 12.3459 8
      vertex 73.4403 12.6859 0
      vertex 73.4403 12.6859 8
    endloop
  endfacet
  facet normal 0.980802 -0.195007 0
    outer loop
      vertex 73.4403 12.6859 0
      vertex 73.3727 12.3459 8
      vertex 73.3727 12.3459 0
    endloop
  endfacet
  facet normal 0.321416 -0.946938 0
    outer loop
      vertex 74.9859 14.4483 0
      vertex 75.3141 14.5597 8
      vertex 74.9859 14.4483 8
    endloop
  endfacet
  facet normal 0.321416 -0.946938 0
    outer loop
      vertex 75.3141 14.5597 8
      vertex 74.9859 14.4483 0
      vertex 75.3141 14.5597 0
    endloop
  endfacet
  facet normal -0.831428 0.555632 0
    outer loop
      vertex 78.1024 10.3868 0
      vertex 78.295 10.675 8
      vertex 78.295 10.675 0
    endloop
  endfacet
  facet normal -0.831428 0.555632 0
    outer loop
      vertex 78.295 10.675 8
      vertex 78.1024 10.3868 0
      vertex 78.1024 10.3868 8
    endloop
  endfacet
  facet normal -0.980802 0.195007 0
    outer loop
      vertex 78.5597 11.3141 0
      vertex 78.6273 11.6541 8
      vertex 78.6273 11.6541 0
    endloop
  endfacet
  facet normal -0.980802 0.195007 0
    outer loop
      vertex 78.6273 11.6541 8
      vertex 78.5597 11.3141 0
      vertex 78.5597 11.3141 8
    endloop
  endfacet
  facet normal 0.555592 0.831455 -0
    outer loop
      vertex 74.675 9.70503 0
      vertex 74.3868 9.89761 8
      vertex 74.675 9.70503 8
    endloop
  endfacet
  facet normal 0.555592 0.831455 0
    outer loop
      vertex 74.3868 9.89761 8
      vertex 74.675 9.70503 0
      vertex 74.3868 9.89761 0
    endloop
  endfacet
  facet normal 0.19509 0.980785 -0
    outer loop
      vertex 75.6541 9.37267 0
      vertex 75.3141 9.4403 8
      vertex 75.6541 9.37267 8
    endloop
  endfacet
  facet normal 0.19509 0.980785 0
    outer loop
      vertex 75.3141 9.4403 8
      vertex 75.6541 9.37267 0
      vertex 75.3141 9.4403 0
    endloop
  endfacet
  facet normal -0.946938 -0.321416 0
    outer loop
      vertex 78.5597 12.6859 0
      vertex 78.4483 13.0141 8
      vertex 78.4483 13.0141 0
    endloop
  endfacet
  facet normal -0.946938 -0.321416 0
    outer loop
      vertex 78.4483 13.0141 8
      vertex 78.5597 12.6859 0
      vertex 78.5597 12.6859 8
    endloop
  endfacet
  facet normal -0.980802 -0.195007 0
    outer loop
      vertex 78.6273 12.3459 0
      vertex 78.5597 12.6859 8
      vertex 78.5597 12.6859 0
    endloop
  endfacet
  facet normal -0.980802 -0.195007 0
    outer loop
      vertex 78.5597 12.6859 8
      vertex 78.6273 12.3459 0
      vertex 78.6273 12.3459 8
    endloop
  endfacet
  facet normal -0.751754 -0.659444 0
    outer loop
      vertex 78.1024 13.6132 0
      vertex 77.8738 13.8738 8
      vertex 77.8738 13.8738 0
    endloop
  endfacet
  facet normal -0.751754 -0.659444 0
    outer loop
      vertex 77.8738 13.8738 8
      vertex 78.1024 13.6132 0
      vertex 78.1024 13.6132 8
    endloop
  endfacet
  facet normal -0.831428 -0.555632 0
    outer loop
      vertex 78.295 13.325 0
      vertex 78.1024 13.6132 8
      vertex 78.1024 13.6132 0
    endloop
  endfacet
  facet normal -0.831428 -0.555632 0
    outer loop
      vertex 78.1024 13.6132 8
      vertex 78.295 13.325 0
      vertex 78.295 13.325 8
    endloop
  endfacet
  facet normal -0.065485 -0.997854 0
    outer loop
      vertex 76 14.65 0
      vertex 76.3459 14.6273 8
      vertex 76 14.65 8
    endloop
  endfacet
  facet normal -0.065485 -0.997854 -0
    outer loop
      vertex 76.3459 14.6273 8
      vertex 76 14.65 0
      vertex 76.3459 14.6273 0
    endloop
  endfacet
  facet normal -0.442245 -0.896894 0
    outer loop
      vertex 77.0141 14.4483 0
      vertex 77.325 14.295 8
      vertex 77.0141 14.4483 8
    endloop
  endfacet
  facet normal -0.442245 -0.896894 -0
    outer loop
      vertex 77.325 14.295 8
      vertex 77.0141 14.4483 0
      vertex 77.325 14.295 0
    endloop
  endfacet
  facet normal 0.896894 -0.442245 0
    outer loop
      vertex 73.5517 13.0141 8
      vertex 73.705 13.325 0
      vertex 73.705 13.325 8
    endloop
  endfacet
  facet normal 0.896894 -0.442245 0
    outer loop
      vertex 73.705 13.325 0
      vertex 73.5517 13.0141 8
      vertex 73.5517 13.0141 0
    endloop
  endfacet
  facet normal 0.997854 -0.065485 0
    outer loop
      vertex 73.35 12 8
      vertex 73.3727 12.3459 0
      vertex 73.3727 12.3459 8
    endloop
  endfacet
  facet normal 0.997854 -0.065485 0
    outer loop
      vertex 73.3727 12.3459 0
      vertex 73.35 12 8
      vertex 73.35 12 0
    endloop
  endfacet
  facet normal 0.555632 -0.831428 0
    outer loop
      vertex 74.3868 14.1024 0
      vertex 74.675 14.295 8
      vertex 74.3868 14.1024 8
    endloop
  endfacet
  facet normal 0.555632 -0.831428 0
    outer loop
      vertex 74.675 14.295 8
      vertex 74.3868 14.1024 0
      vertex 74.675 14.295 0
    endloop
  endfacet
  facet normal 0.659444 -0.751754 0
    outer loop
      vertex 74.1262 13.8738 0
      vertex 74.3868 14.1024 8
      vertex 74.1262 13.8738 8
    endloop
  endfacet
  facet normal 0.659444 -0.751754 0
    outer loop
      vertex 74.3868 14.1024 8
      vertex 74.1262 13.8738 0
      vertex 74.3868 14.1024 0
    endloop
  endfacet
  facet normal 0.195007 -0.980802 0
    outer loop
      vertex 75.3141 14.5597 0
      vertex 75.6541 14.6273 8
      vertex 75.3141 14.5597 8
    endloop
  endfacet
  facet normal 0.195007 -0.980802 0
    outer loop
      vertex 75.6541 14.6273 8
      vertex 75.3141 14.5597 0
      vertex 75.6541 14.6273 0
    endloop
  endfacet
  facet normal -0.997854 0.065485 0
    outer loop
      vertex 78.6273 11.6541 0
      vertex 78.65 12 8
      vertex 78.65 12 0
    endloop
  endfacet
  facet normal -0.997854 0.065485 0
    outer loop
      vertex 78.65 12 8
      vertex 78.6273 11.6541 0
      vertex 78.6273 11.6541 8
    endloop
  endfacet
  facet normal -0.19509 0.980785 0
    outer loop
      vertex 76.6859 9.4403 0
      vertex 76.3459 9.37267 8
      vertex 76.6859 9.4403 8
    endloop
  endfacet
  facet normal -0.19509 0.980785 0
    outer loop
      vertex 76.3459 9.37267 8
      vertex 76.6859 9.4403 0
      vertex 76.3459 9.37267 0
    endloop
  endfacet
  facet normal -0.442268 0.896883 0
    outer loop
      vertex 77.325 9.70503 0
      vertex 77.0141 9.55172 8
      vertex 77.325 9.70503 8
    endloop
  endfacet
  facet normal -0.442268 0.896883 0
    outer loop
      vertex 77.0141 9.55172 8
      vertex 77.325 9.70503 0
      vertex 77.0141 9.55172 0
    endloop
  endfacet
  facet normal -0.751754 0.659444 0
    outer loop
      vertex 77.8738 10.1262 0
      vertex 78.1024 10.3868 8
      vertex 78.1024 10.3868 0
    endloop
  endfacet
  facet normal -0.751754 0.659444 0
    outer loop
      vertex 78.1024 10.3868 8
      vertex 77.8738 10.1262 0
      vertex 77.8738 10.1262 8
    endloop
  endfacet
  facet normal -0.555592 0.831455 0
    outer loop
      vertex 77.6132 9.89761 0
      vertex 77.325 9.70503 8
      vertex 77.6132 9.89761 8
    endloop
  endfacet
  facet normal -0.555592 0.831455 0
    outer loop
      vertex 77.325 9.70503 8
      vertex 77.6132 9.89761 0
      vertex 77.325 9.70503 0
    endloop
  endfacet
  facet normal -0.896894 0.442245 0
    outer loop
      vertex 78.295 10.675 0
      vertex 78.4483 10.9859 8
      vertex 78.4483 10.9859 0
    endloop
  endfacet
  facet normal -0.896894 0.442245 0
    outer loop
      vertex 78.4483 10.9859 8
      vertex 78.295 10.675 0
      vertex 78.295 10.675 8
    endloop
  endfacet
  facet normal 0.442268 0.896883 -0
    outer loop
      vertex 74.9859 9.55172 0
      vertex 74.675 9.70503 8
      vertex 74.9859 9.55172 8
    endloop
  endfacet
  facet normal 0.442268 0.896883 0
    outer loop
      vertex 74.675 9.70503 8
      vertex 74.9859 9.55172 0
      vertex 74.675 9.70503 0
    endloop
  endfacet
  facet normal 0.0653989 0.997859 -0
    outer loop
      vertex 76 9.35 0
      vertex 75.6541 9.37267 8
      vertex 76 9.35 8
    endloop
  endfacet
  facet normal 0.0653989 0.997859 0
    outer loop
      vertex 75.6541 9.37267 8
      vertex 76 9.35 0
      vertex 75.6541 9.37267 0
    endloop
  endfacet
  facet normal 0.831428 0.555632 0
    outer loop
      vertex 73.8976 10.3868 8
      vertex 73.705 10.675 0
      vertex 73.705 10.675 8
    endloop
  endfacet
  facet normal 0.831428 0.555632 0
    outer loop
      vertex 73.705 10.675 0
      vertex 73.8976 10.3868 8
      vertex 73.8976 10.3868 0
    endloop
  endfacet
  facet normal 0.659427 0.751768 -0
    outer loop
      vertex 74.3868 9.89761 0
      vertex 74.1262 10.1262 8
      vertex 74.3868 9.89761 8
    endloop
  endfacet
  facet normal 0.659427 0.751768 0
    outer loop
      vertex 74.1262 10.1262 8
      vertex 74.3868 9.89761 0
      vertex 74.1262 10.1262 0
    endloop
  endfacet
  facet normal 0.896894 0.442245 0
    outer loop
      vertex 73.705 10.675 8
      vertex 73.5517 10.9859 0
      vertex 73.5517 10.9859 8
    endloop
  endfacet
  facet normal 0.896894 0.442245 0
    outer loop
      vertex 73.5517 10.9859 0
      vertex 73.705 10.675 8
      vertex 73.705 10.675 0
    endloop
  endfacet
  facet normal 0.980802 0.195007 0
    outer loop
      vertex 73.4403 11.3141 8
      vertex 73.3727 11.6541 0
      vertex 73.3727 11.6541 8
    endloop
  endfacet
  facet normal 0.980802 0.195007 0
    outer loop
      vertex 73.3727 11.6541 0
      vertex 73.4403 11.3141 8
      vertex 73.4403 11.3141 0
    endloop
  endfacet
  facet normal 0.997854 0.065485 0
    outer loop
      vertex 73.3727 11.6541 8
      vertex 73.35 12 0
      vertex 73.35 12 8
    endloop
  endfacet
  facet normal 0.997854 0.065485 0
    outer loop
      vertex 73.35 12 0
      vertex 73.3727 11.6541 8
      vertex 73.3727 11.6541 0
    endloop
  endfacet
  facet normal -0.321468 0.94692 0
    outer loop
      vertex 77.0141 9.55172 0
      vertex 76.6859 9.4403 8
      vertex 77.0141 9.55172 8
    endloop
  endfacet
  facet normal -0.321468 0.94692 0
    outer loop
      vertex 76.6859 9.4403 8
      vertex 77.0141 9.55172 0
      vertex 76.6859 9.4403 0
    endloop
  endfacet
  facet normal -0.659427 0.751768 0
    outer loop
      vertex 77.8738 10.1262 0
      vertex 77.6132 9.89761 8
      vertex 77.8738 10.1262 8
    endloop
  endfacet
  facet normal -0.659427 0.751768 0
    outer loop
      vertex 77.6132 9.89761 8
      vertex 77.8738 10.1262 0
      vertex 77.6132 9.89761 0
    endloop
  endfacet
  facet normal -0.946938 0.321416 0
    outer loop
      vertex 78.4483 10.9859 0
      vertex 78.5597 11.3141 8
      vertex 78.5597 11.3141 0
    endloop
  endfacet
  facet normal -0.946938 0.321416 0
    outer loop
      vertex 78.5597 11.3141 8
      vertex 78.4483 10.9859 0
      vertex 78.4483 10.9859 8
    endloop
  endfacet
  facet normal 0.321468 0.94692 -0
    outer loop
      vertex 75.3141 9.4403 0
      vertex 74.9859 9.55172 8
      vertex 75.3141 9.4403 8
    endloop
  endfacet
  facet normal 0.321468 0.94692 0
    outer loop
      vertex 74.9859 9.55172 8
      vertex 75.3141 9.4403 0
      vertex 74.9859 9.55172 0
    endloop
  endfacet
  facet normal -0.0653989 0.997859 0
    outer loop
      vertex 76.3459 9.37267 0
      vertex 76 9.35 8
      vertex 76.3459 9.37267 8
    endloop
  endfacet
  facet normal -0.0653989 0.997859 0
    outer loop
      vertex 76 9.35 8
      vertex 76.3459 9.37267 0
      vertex 76 9.35 0
    endloop
  endfacet
  facet normal 0.751754 0.659444 0
    outer loop
      vertex 74.1262 10.1262 8
      vertex 73.8976 10.3868 0
      vertex 73.8976 10.3868 8
    endloop
  endfacet
  facet normal 0.751754 0.659444 0
    outer loop
      vertex 73.8976 10.3868 0
      vertex 74.1262 10.1262 8
      vertex 74.1262 10.1262 0
    endloop
  endfacet
  facet normal 0.946938 0.321416 0
    outer loop
      vertex 73.5517 10.9859 8
      vertex 73.4403 11.3141 0
      vertex 73.4403 11.3141 8
    endloop
  endfacet
  facet normal 0.946938 0.321416 0
    outer loop
      vertex 73.4403 11.3141 0
      vertex 73.5517 10.9859 8
      vertex 73.5517 10.9859 0
    endloop
  endfacet
  facet normal -0.997854 -0.065485 0
    outer loop
      vertex 78.65 48 0
      vertex 78.6273 48.3459 8
      vertex 78.6273 48.3459 0
    endloop
  endfacet
  facet normal -0.997854 -0.065485 0
    outer loop
      vertex 78.6273 48.3459 8
      vertex 78.65 48 0
      vertex 78.65 48 8
    endloop
  endfacet
  facet normal 0.065485 -0.997854 0
    outer loop
      vertex 75.6541 50.6273 0
      vertex 76 50.65 8
      vertex 75.6541 50.6273 8
    endloop
  endfacet
  facet normal 0.065485 -0.997854 0
    outer loop
      vertex 76 50.65 8
      vertex 75.6541 50.6273 0
      vertex 76 50.65 0
    endloop
  endfacet
  facet normal -0.659444 -0.751754 0
    outer loop
      vertex 77.6132 50.1024 0
      vertex 77.8738 49.8738 8
      vertex 77.6132 50.1024 8
    endloop
  endfacet
  facet normal -0.659444 -0.751754 -0
    outer loop
      vertex 77.8738 49.8738 8
      vertex 77.6132 50.1024 0
      vertex 77.8738 49.8738 0
    endloop
  endfacet
  facet normal 0.751754 -0.659444 0
    outer loop
      vertex 73.8976 49.6132 8
      vertex 74.1262 49.8738 0
      vertex 74.1262 49.8738 8
    endloop
  endfacet
  facet normal 0.751754 -0.659444 0
    outer loop
      vertex 74.1262 49.8738 0
      vertex 73.8976 49.6132 8
      vertex 73.8976 49.6132 0
    endloop
  endfacet
  facet normal 0.442245 -0.896894 0
    outer loop
      vertex 74.675 50.295 0
      vertex 74.9859 50.4483 8
      vertex 74.675 50.295 8
    endloop
  endfacet
  facet normal 0.442245 -0.896894 0
    outer loop
      vertex 74.9859 50.4483 8
      vertex 74.675 50.295 0
      vertex 74.9859 50.4483 0
    endloop
  endfacet
  facet normal -0.896894 -0.442245 0
    outer loop
      vertex 78.4483 49.0141 0
      vertex 78.295 49.325 8
      vertex 78.295 49.325 0
    endloop
  endfacet
  facet normal -0.896894 -0.442245 0
    outer loop
      vertex 78.295 49.325 8
      vertex 78.4483 49.0141 0
      vertex 78.4483 49.0141 8
    endloop
  endfacet
  facet normal -0.321416 -0.946938 0
    outer loop
      vertex 76.6859 50.5597 0
      vertex 77.0141 50.4483 8
      vertex 76.6859 50.5597 8
    endloop
  endfacet
  facet normal -0.321416 -0.946938 -0
    outer loop
      vertex 77.0141 50.4483 8
      vertex 76.6859 50.5597 0
      vertex 77.0141 50.4483 0
    endloop
  endfacet
  facet normal -0.195007 -0.980802 0
    outer loop
      vertex 76.3459 50.6273 0
      vertex 76.6859 50.5597 8
      vertex 76.3459 50.6273 8
    endloop
  endfacet
  facet normal -0.195007 -0.980802 -0
    outer loop
      vertex 76.6859 50.5597 8
      vertex 76.3459 50.6273 0
      vertex 76.6859 50.5597 0
    endloop
  endfacet
  facet normal -0.555632 -0.831428 0
    outer loop
      vertex 77.325 50.295 0
      vertex 77.6132 50.1024 8
      vertex 77.325 50.295 8
    endloop
  endfacet
  facet normal -0.555632 -0.831428 -0
    outer loop
      vertex 77.6132 50.1024 8
      vertex 77.325 50.295 0
      vertex 77.6132 50.1024 0
    endloop
  endfacet
  facet normal 0.896894 -0.442245 0
    outer loop
      vertex 73.5517 49.0141 8
      vertex 73.705 49.325 0
      vertex 73.705 49.325 8
    endloop
  endfacet
  facet normal 0.896894 -0.442245 0
    outer loop
      vertex 73.705 49.325 0
      vertex 73.5517 49.0141 8
      vertex 73.5517 49.0141 0
    endloop
  endfacet
  facet normal 0.831428 -0.555632 0
    outer loop
      vertex 73.705 49.325 8
      vertex 73.8976 49.6132 0
      vertex 73.8976 49.6132 8
    endloop
  endfacet
  facet normal 0.831428 -0.555632 0
    outer loop
      vertex 73.8976 49.6132 0
      vertex 73.705 49.325 8
      vertex 73.705 49.325 0
    endloop
  endfacet
  facet normal 0.980802 -0.195007 0
    outer loop
      vertex 73.3727 48.3459 8
      vertex 73.4403 48.6859 0
      vertex 73.4403 48.6859 8
    endloop
  endfacet
  facet normal 0.980802 -0.195007 0
    outer loop
      vertex 73.4403 48.6859 0
      vertex 73.3727 48.3459 8
      vertex 73.3727 48.3459 0
    endloop
  endfacet
  facet normal 0.659444 -0.751754 0
    outer loop
      vertex 74.1262 49.8738 0
      vertex 74.3868 50.1024 8
      vertex 74.1262 49.8738 8
    endloop
  endfacet
  facet normal 0.659444 -0.751754 0
    outer loop
      vertex 74.3868 50.1024 8
      vertex 74.1262 49.8738 0
      vertex 74.3868 50.1024 0
    endloop
  endfacet
  facet normal 0.321416 -0.946938 0
    outer loop
      vertex 74.9859 50.4483 0
      vertex 75.3141 50.5597 8
      vertex 74.9859 50.4483 8
    endloop
  endfacet
  facet normal 0.321416 -0.946938 0
    outer loop
      vertex 75.3141 50.5597 8
      vertex 74.9859 50.4483 0
      vertex 75.3141 50.5597 0
    endloop
  endfacet
  facet normal -0.896894 0.442245 0
    outer loop
      vertex 78.295 46.675 0
      vertex 78.4483 46.9859 8
      vertex 78.4483 46.9859 0
    endloop
  endfacet
  facet normal -0.896894 0.442245 0
    outer loop
      vertex 78.4483 46.9859 8
      vertex 78.295 46.675 0
      vertex 78.295 46.675 8
    endloop
  endfacet
  facet normal -0.831428 0.555632 0
    outer loop
      vertex 78.1024 46.3868 0
      vertex 78.295 46.675 8
      vertex 78.295 46.675 0
    endloop
  endfacet
  facet normal -0.831428 0.555632 0
    outer loop
      vertex 78.295 46.675 8
      vertex 78.1024 46.3868 0
      vertex 78.1024 46.3868 8
    endloop
  endfacet
  facet normal -0.980802 0.195007 0
    outer loop
      vertex 78.5597 47.3141 0
      vertex 78.6273 47.6541 8
      vertex 78.6273 47.6541 0
    endloop
  endfacet
  facet normal -0.980802 0.195007 0
    outer loop
      vertex 78.6273 47.6541 8
      vertex 78.5597 47.3141 0
      vertex 78.5597 47.3141 8
    endloop
  endfacet
  facet normal 0.321416 0.946938 -0
    outer loop
      vertex 75.3141 45.4403 0
      vertex 74.9859 45.5517 8
      vertex 75.3141 45.4403 8
    endloop
  endfacet
  facet normal 0.321416 0.946938 0
    outer loop
      vertex 74.9859 45.5517 8
      vertex 75.3141 45.4403 0
      vertex 74.9859 45.5517 0
    endloop
  endfacet
  facet normal 0.555632 0.831428 -0
    outer loop
      vertex 74.675 45.705 0
      vertex 74.3868 45.8976 8
      vertex 74.675 45.705 8
    endloop
  endfacet
  facet normal 0.555632 0.831428 0
    outer loop
      vertex 74.3868 45.8976 8
      vertex 74.675 45.705 0
      vertex 74.3868 45.8976 0
    endloop
  endfacet
  facet normal 0.195007 0.980802 -0
    outer loop
      vertex 75.6541 45.3727 0
      vertex 75.3141 45.4403 8
      vertex 75.6541 45.3727 8
    endloop
  endfacet
  facet normal 0.195007 0.980802 0
    outer loop
      vertex 75.3141 45.4403 8
      vertex 75.6541 45.3727 0
      vertex 75.3141 45.4403 0
    endloop
  endfacet
  facet normal 0.659444 0.751754 -0
    outer loop
      vertex 74.3868 45.8976 0
      vertex 74.1262 46.1262 8
      vertex 74.3868 45.8976 8
    endloop
  endfacet
  facet normal 0.659444 0.751754 0
    outer loop
      vertex 74.1262 46.1262 8
      vertex 74.3868 45.8976 0
      vertex 74.1262 46.1262 0
    endloop
  endfacet
  facet normal -0.946938 -0.321416 0
    outer loop
      vertex 78.5597 48.6859 0
      vertex 78.4483 49.0141 8
      vertex 78.4483 49.0141 0
    endloop
  endfacet
  facet normal -0.946938 -0.321416 0
    outer loop
      vertex 78.4483 49.0141 8
      vertex 78.5597 48.6859 0
      vertex 78.5597 48.6859 8
    endloop
  endfacet
  facet normal -0.980802 -0.195007 0
    outer loop
      vertex 78.6273 48.3459 0
      vertex 78.5597 48.6859 8
      vertex 78.5597 48.6859 0
    endloop
  endfacet
  facet normal -0.980802 -0.195007 0
    outer loop
      vertex 78.5597 48.6859 8
      vertex 78.6273 48.3459 0
      vertex 78.6273 48.3459 8
    endloop
  endfacet
  facet normal -0.751754 -0.659444 0
    outer loop
      vertex 78.1024 49.6132 0
      vertex 77.8738 49.8738 8
      vertex 77.8738 49.8738 0
    endloop
  endfacet
  facet normal -0.751754 -0.659444 0
    outer loop
      vertex 77.8738 49.8738 8
      vertex 78.1024 49.6132 0
      vertex 78.1024 49.6132 8
    endloop
  endfacet
  facet normal -0.831428 -0.555632 0
    outer loop
      vertex 78.295 49.325 0
      vertex 78.1024 49.6132 8
      vertex 78.1024 49.6132 0
    endloop
  endfacet
  facet normal -0.831428 -0.555632 0
    outer loop
      vertex 78.1024 49.6132 8
      vertex 78.295 49.325 0
      vertex 78.295 49.325 8
    endloop
  endfacet
  facet normal -0.065485 -0.997854 0
    outer loop
      vertex 76 50.65 0
      vertex 76.3459 50.6273 8
      vertex 76 50.65 8
    endloop
  endfacet
  facet normal -0.065485 -0.997854 -0
    outer loop
      vertex 76.3459 50.6273 8
      vertex 76 50.65 0
      vertex 76.3459 50.6273 0
    endloop
  endfacet
  facet normal -0.442245 -0.896894 0
    outer loop
      vertex 77.0141 50.4483 0
      vertex 77.325 50.295 8
      vertex 77.0141 50.4483 8
    endloop
  endfacet
  facet normal -0.442245 -0.896894 -0
    outer loop
      vertex 77.325 50.295 8
      vertex 77.0141 50.4483 0
      vertex 77.325 50.295 0
    endloop
  endfacet
  facet normal 0.946938 -0.321416 0
    outer loop
      vertex 73.4403 48.6859 8
      vertex 73.5517 49.0141 0
      vertex 73.5517 49.0141 8
    endloop
  endfacet
  facet normal 0.946938 -0.321416 0
    outer loop
      vertex 73.5517 49.0141 0
      vertex 73.4403 48.6859 8
      vertex 73.4403 48.6859 0
    endloop
  endfacet
  facet normal 0.997854 -0.065485 0
    outer loop
      vertex 73.35 48 8
      vertex 73.3727 48.3459 0
      vertex 73.3727 48.3459 8
    endloop
  endfacet
  facet normal 0.997854 -0.065485 0
    outer loop
      vertex 73.3727 48.3459 0
      vertex 73.35 48 8
      vertex 73.35 48 0
    endloop
  endfacet
  facet normal 0.555632 -0.831428 0
    outer loop
      vertex 74.3868 50.1024 0
      vertex 74.675 50.295 8
      vertex 74.3868 50.1024 8
    endloop
  endfacet
  facet normal 0.555632 -0.831428 0
    outer loop
      vertex 74.675 50.295 8
      vertex 74.3868 50.1024 0
      vertex 74.675 50.295 0
    endloop
  endfacet
  facet normal 0.195007 -0.980802 0
    outer loop
      vertex 75.3141 50.5597 0
      vertex 75.6541 50.6273 8
      vertex 75.3141 50.5597 8
    endloop
  endfacet
  facet normal 0.195007 -0.980802 0
    outer loop
      vertex 75.6541 50.6273 8
      vertex 75.3141 50.5597 0
      vertex 75.6541 50.6273 0
    endloop
  endfacet
  facet normal -0.997854 0.065485 0
    outer loop
      vertex 78.6273 47.6541 0
      vertex 78.65 48 8
      vertex 78.65 48 0
    endloop
  endfacet
  facet normal -0.997854 0.065485 0
    outer loop
      vertex 78.65 48 8
      vertex 78.6273 47.6541 0
      vertex 78.6273 47.6541 8
    endloop
  endfacet
  facet normal -0.195007 0.980802 0
    outer loop
      vertex 76.6859 45.4403 0
      vertex 76.3459 45.3727 8
      vertex 76.6859 45.4403 8
    endloop
  endfacet
  facet normal -0.195007 0.980802 0
    outer loop
      vertex 76.3459 45.3727 8
      vertex 76.6859 45.4403 0
      vertex 76.3459 45.3727 0
    endloop
  endfacet
  facet normal -0.442245 0.896894 0
    outer loop
      vertex 77.325 45.705 0
      vertex 77.0141 45.5517 8
      vertex 77.325 45.705 8
    endloop
  endfacet
  facet normal -0.442245 0.896894 0
    outer loop
      vertex 77.0141 45.5517 8
      vertex 77.325 45.705 0
      vertex 77.0141 45.5517 0
    endloop
  endfacet
  facet normal -0.555632 0.831428 0
    outer loop
      vertex 77.6132 45.8976 0
      vertex 77.325 45.705 8
      vertex 77.6132 45.8976 8
    endloop
  endfacet
  facet normal -0.555632 0.831428 0
    outer loop
      vertex 77.325 45.705 8
      vertex 77.6132 45.8976 0
      vertex 77.325 45.705 0
    endloop
  endfacet
  facet normal -0.751754 0.659444 0
    outer loop
      vertex 77.8738 46.1262 0
      vertex 78.1024 46.3868 8
      vertex 78.1024 46.3868 0
    endloop
  endfacet
  facet normal -0.751754 0.659444 0
    outer loop
      vertex 78.1024 46.3868 8
      vertex 77.8738 46.1262 0
      vertex 77.8738 46.1262 8
    endloop
  endfacet
  facet normal -0.659444 0.751754 0
    outer loop
      vertex 77.8738 46.1262 0
      vertex 77.6132 45.8976 8
      vertex 77.8738 46.1262 8
    endloop
  endfacet
  facet normal -0.659444 0.751754 0
    outer loop
      vertex 77.6132 45.8976 8
      vertex 77.8738 46.1262 0
      vertex 77.6132 45.8976 0
    endloop
  endfacet
  facet normal 0.442245 0.896894 -0
    outer loop
      vertex 74.9859 45.5517 0
      vertex 74.675 45.705 8
      vertex 74.9859 45.5517 8
    endloop
  endfacet
  facet normal 0.442245 0.896894 0
    outer loop
      vertex 74.675 45.705 8
      vertex 74.9859 45.5517 0
      vertex 74.675 45.705 0
    endloop
  endfacet
  facet normal 0.065485 0.997854 -0
    outer loop
      vertex 76 45.35 0
      vertex 75.6541 45.3727 8
      vertex 76 45.35 8
    endloop
  endfacet
  facet normal 0.065485 0.997854 0
    outer loop
      vertex 75.6541 45.3727 8
      vertex 76 45.35 0
      vertex 75.6541 45.3727 0
    endloop
  endfacet
  facet normal 0.831428 0.555632 0
    outer loop
      vertex 73.8976 46.3868 8
      vertex 73.705 46.675 0
      vertex 73.705 46.675 8
    endloop
  endfacet
  facet normal 0.831428 0.555632 0
    outer loop
      vertex 73.705 46.675 0
      vertex 73.8976 46.3868 8
      vertex 73.8976 46.3868 0
    endloop
  endfacet
  facet normal 0.896894 0.442245 0
    outer loop
      vertex 73.705 46.675 8
      vertex 73.5517 46.9859 0
      vertex 73.5517 46.9859 8
    endloop
  endfacet
  facet normal 0.896894 0.442245 0
    outer loop
      vertex 73.5517 46.9859 0
      vertex 73.705 46.675 8
      vertex 73.705 46.675 0
    endloop
  endfacet
  facet normal 0.980802 0.195007 0
    outer loop
      vertex 73.4403 47.3141 8
      vertex 73.3727 47.6541 0
      vertex 73.3727 47.6541 8
    endloop
  endfacet
  facet normal 0.980802 0.195007 0
    outer loop
      vertex 73.3727 47.6541 0
      vertex 73.4403 47.3141 8
      vertex 73.4403 47.3141 0
    endloop
  endfacet
  facet normal 0.997854 0.065485 0
    outer loop
      vertex 73.3727 47.6541 8
      vertex 73.35 48 0
      vertex 73.35 48 8
    endloop
  endfacet
  facet normal 0.997854 0.065485 0
    outer loop
      vertex 73.35 48 0
      vertex 73.3727 47.6541 8
      vertex 73.3727 47.6541 0
    endloop
  endfacet
  facet normal -0.321416 0.946938 0
    outer loop
      vertex 77.0141 45.5517 0
      vertex 76.6859 45.4403 8
      vertex 77.0141 45.5517 8
    endloop
  endfacet
  facet normal -0.321416 0.946938 0
    outer loop
      vertex 76.6859 45.4403 8
      vertex 77.0141 45.5517 0
      vertex 76.6859 45.4403 0
    endloop
  endfacet
  facet normal -0.946938 0.321416 0
    outer loop
      vertex 78.4483 46.9859 0
      vertex 78.5597 47.3141 8
      vertex 78.5597 47.3141 0
    endloop
  endfacet
  facet normal -0.946938 0.321416 0
    outer loop
      vertex 78.5597 47.3141 8
      vertex 78.4483 46.9859 0
      vertex 78.4483 46.9859 8
    endloop
  endfacet
  facet normal -0.065485 0.997854 0
    outer loop
      vertex 76.3459 45.3727 0
      vertex 76 45.35 8
      vertex 76.3459 45.3727 8
    endloop
  endfacet
  facet normal -0.065485 0.997854 0
    outer loop
      vertex 76 45.35 8
      vertex 76.3459 45.3727 0
      vertex 76 45.35 0
    endloop
  endfacet
  facet normal 0.751754 0.659444 0
    outer loop
      vertex 74.1262 46.1262 8
      vertex 73.8976 46.3868 0
      vertex 73.8976 46.3868 8
    endloop
  endfacet
  facet normal 0.751754 0.659444 0
    outer loop
      vertex 73.8976 46.3868 0
      vertex 74.1262 46.1262 8
      vertex 74.1262 46.1262 0
    endloop
  endfacet
  facet normal 0.946938 0.321416 0
    outer loop
      vertex 73.5517 46.9859 8
      vertex 73.4403 47.3141 0
      vertex 73.4403 47.3141 8
    endloop
  endfacet
  facet normal 0.946938 0.321416 0
    outer loop
      vertex 73.4403 47.3141 0
      vertex 73.5517 46.9859 8
      vertex 73.5517 46.9859 0
    endloop
  endfacet
  facet normal -0.997859 -0.0654023 0
    outer loop
      vertex 0.0171099 1.73895 0
      vertex 0 2 8
      vertex 0 2 0
    endloop
  endfacet
  facet normal -0.997859 -0.0654023 0
    outer loop
      vertex 0 2 8
      vertex 0.0171099 1.73895 0
      vertex 0.0171099 1.73895 8
    endloop
  endfacet
  facet normal -0.0654023 -0.997859 0
    outer loop
      vertex 1.73895 0.0171099 0
      vertex 2 0 8
      vertex 1.73895 0.0171099 8
    endloop
  endfacet
  facet normal -0.0654023 -0.997859 -0
    outer loop
      vertex 2 0 8
      vertex 1.73895 0.0171099 0
      vertex 2 0 0
    endloop
  endfacet
  facet normal -0.555452 0.831549 0
    outer loop
      vertex 1 59.732 0
      vertex 0.782476 59.5867 8
      vertex 1 59.732 8
    endloop
  endfacet
  facet normal -0.555452 0.831549 0
    outer loop
      vertex 0.782476 59.5867 8
      vertex 1 59.732 0
      vertex 0.782476 59.5867 0
    endloop
  endfacet
  facet normal 1 -0 0
    outer loop
      vertex 90 2 8
      vertex 90 58 0
      vertex 90 58 8
    endloop
  endfacet
  facet normal 1 0 0
    outer loop
      vertex 90 58 0
      vertex 90 2 8
      vertex 90 2 0
    endloop
  endfacet
  facet normal -1 0 0
    outer loop
      vertex 0 2 0
      vertex 0 58 8
      vertex 0 58 0
    endloop
  endfacet
  facet normal -1 -0 0
    outer loop
      vertex 0 58 8
      vertex 0 2 0
      vertex 0 2 8
    endloop
  endfacet
  facet normal 0 0 -1
    outer loop
      vertex 15.6132 14.1024 0
      vertex 32.2282 22.0693 0
      vertex 15.8738 13.8738 0
    endloop
  endfacet
  facet normal 0 0 -1
    outer loop
      vertex 32.4512 36.2371 0
      vertex 16.6273 47.6541 0
      vertex 16.65 48 0
    endloop
  endfacet
  facet normal -0 0 -1
    outer loop
      vertex 32.2282 22.0693 0
      vertex 15.6132 14.1024 0
      vertex 32.2 22.5 0
    endloop
  endfacet
  facet normal 0 0 -1
    outer loop
      vertex 32.4512 36.2371 0
      vertex 16.5597 47.3141 0
      vertex 16.6273 47.6541 0
    endloop
  endfacet
  facet normal 0 0 -1
    outer loop
      vertex 15.325 14.295 0
      vertex 32.2 22.5 0
      vertex 15.6132 14.1024 0
    endloop
  endfacet
  facet normal 0 0 -1
    outer loop
      vertex 32.4512 36.2371 0
      vertex 16.4483 46.9859 0
      vertex 16.5597 47.3141 0
    endloop
  endfacet
  facet normal -0 0 -1
    outer loop
      vertex 32.2 22.5 0
      vertex 15.325 14.295 0
      vertex 32.2282 22.9307 0
    endloop
  endfacet
  facet normal 0 0 -1
    outer loop
      vertex 32.4512 36.2371 0
      vertex 16.295 46.675 0
      vertex 16.4483 46.9859 0
    endloop
  endfacet
  facet normal 0 0 -1
    outer loop
      vertex 15.0141 14.4483 0
      vertex 32.2282 22.9307 0
      vertex 15.325 14.295 0
    endloop
  endfacet
  facet normal 0 0 -1
    outer loop
      vertex 32.4512 36.2371 0
      vertex 16.1024 46.3868 0
      vertex 16.295 46.675 0
    endloop
  endfacet
  facet normal -0 0 -1
    outer loop
      vertex 32.2282 22.9307 0
      vertex 15.0141 14.4483 0
      vertex 32.3124 23.3541 0
    endloop
  endfacet
  facet normal 0 0 -1
    outer loop
      vertex 32.4512 36.2371 0
      vertex 15.8738 46.1262 0
      vertex 16.1024 46.3868 0
    endloop
  endfacet
  facet normal 0 0 -1
    outer loop
      vertex 14.6859 14.5597 0
      vertex 32.3124 23.3541 0
      vertex 15.0141 14.4483 0
    endloop
  endfacet
  facet normal 0 0 -1
    outer loop
      vertex 32.4512 36.2371 0
      vertex 15.6132 45.8976 0
      vertex 15.8738 46.1262 0
    endloop
  endfacet
  facet normal -0 0 -1
    outer loop
      vertex 32.3124 23.3541 0
      vertex 14.6859 14.5597 0
      vertex 32.4512 23.7629 0
    endloop
  endfacet
  facet normal 0 0 -1
    outer loop
      vertex 32.4512 36.2371 0
      vertex 15.325 45.705 0
      vertex 15.6132 45.8976 0
    endloop
  endfacet
  facet normal -0 0 -1
    outer loop
      vertex 32.4512 23.7629 0
      vertex 14.6859 14.5597 0
      vertex 32.4512 36.2371 0
    endloop
  endfacet
  facet normal 0 0 -1
    outer loop
      vertex 32.4512 36.2371 0
      vertex 15.0141 45.5517 0
      vertex 15.325 45.705 0
    endloop
  endfacet
  facet normal 0 0 -1
    outer loop
      vertex 14.6859 45.4403 0
      vertex 32.4512 36.2371 0
      vertex 14.6859 14.5597 0
    endloop
  endfacet
  facet normal 0 0 -1
    outer loop
      vertex 32.4512 36.2371 0
      vertex 14.6859 45.4403 0
      vertex 15.0141 45.5517 0
    endloop
  endfacet
  facet normal 0 0 -1
    outer loop
      vertex 14.3459 14.6273 0
      vertex 14.6859 45.4403 0
      vertex 14.6859 14.5597 0
    endloop
  endfacet
  facet normal 0 0 -1
    outer loop
      vertex 14.3459 14.6273 0
      vertex 14.3459 45.3727 0
      vertex 14.6859 45.4403 0
    endloop
  endfacet
  facet normal 0 0 -1
    outer loop
      vertex 14 14.65 0
      vertex 14.3459 45.3727 0
      vertex 14.3459 14.6273 0
    endloop
  endfacet
  facet normal 0 0 -1
    outer loop
      vertex 14 14.65 0
      vertex 14 45.35 0
      vertex 14.3459 45.3727 0
    endloop
  endfacet
  facet normal 0 0 -1
    outer loop
      vertex 13.6541 14.6273 0
      vertex 14 45.35 0
      vertex 14 14.65 0
    endloop
  endfacet
  facet normal 0 0 -1
    outer loop
      vertex 13.6541 14.6273 0
      vertex 13.6541 45.3727 0
      vertex 14 45.35 0
    endloop
  endfacet
  facet normal 0 0 -1
    outer loop
      vertex 13.3141 14.5597 0
      vertex 13.6541 45.3727 0
      vertex 13.6541 14.6273 0
    endloop
  endfacet
  facet normal 0 0 -1
    outer loop
      vertex 13.3141 14.5597 0
      vertex 13.3141 45.4403 0
      vertex 13.6541 45.3727 0
    endloop
  endfacet
  facet normal 0 0 -1
    outer loop
      vertex 12.9859 14.4483 0
      vertex 13.3141 45.4403 0
      vertex 13.3141 14.5597 0
    endloop
  endfacet
  facet normal 0 0 -1
    outer loop
      vertex 12.9859 14.4483 0
      vertex 12.9859 45.5517 0
      vertex 13.3141 45.4403 0
    endloop
  endfacet
  facet normal 0 0 -1
    outer loop
      vertex 12.675 14.295 0
      vertex 12.9859 45.5517 0
      vertex 12.9859 14.4483 0
    endloop
  endfacet
  facet normal 0 0 -1
    outer loop
      vertex 12.675 14.295 0
      vertex 12.675 45.705 0
      vertex 12.9859 45.5517 0
    endloop
  endfacet
  facet normal 0 0 -1
    outer loop
      vertex 12.3868 14.1024 0
      vertex 12.675 45.705 0
      vertex 12.675 14.295 0
    endloop
  endfacet
  facet normal 0 0 -1
    outer loop
      vertex 12.3868 14.1024 0
      vertex 12.3868 45.8976 0
      vertex 12.675 45.705 0
    endloop
  endfacet
  facet normal 0 0 -1
    outer loop
      vertex 12.1262 13.8738 0
      vertex 12.3868 45.8976 0
      vertex 12.3868 14.1024 0
    endloop
  endfacet
  facet normal 0 0 -1
    outer loop
      vertex 12.1262 13.8738 0
      vertex 12.1262 46.1262 0
      vertex 12.3868 45.8976 0
    endloop
  endfacet
  facet normal 0 0 -1
    outer loop
      vertex 11.8976 13.6132 0
      vertex 12.1262 46.1262 0
      vertex 12.1262 13.8738 0
    endloop
  endfacet
  facet normal 0 0 -1
    outer loop
      vertex 11.8976 13.6132 0
      vertex 11.8976 46.3868 0
      vertex 12.1262 46.1262 0
    endloop
  endfacet
  facet normal 0 0 -1
    outer loop
      vertex 11.705 13.325 0
      vertex 11.8976 46.3868 0
      vertex 11.8976 13.6132 0
    endloop
  endfacet
  facet normal 0 0 -1
    outer loop
      vertex 11.705 13.325 0
      vertex 11.705 46.675 0
      vertex 11.8976 46.3868 0
    endloop
  endfacet
  facet normal 0 0 -1
    outer loop
      vertex 0 2 0
      vertex 11.705 13.325 0
      vertex 11.5517 13.0141 0
    endloop
  endfacet
  facet normal -0 0 -1
    outer loop
      vertex 11.705 13.325 0
      vertex 0 2 0
      vertex 11.705 46.675 0
    endloop
  endfacet
  facet normal 0 0 -1
    outer loop
      vertex 0 2 0
      vertex 11.5517 13.0141 0
      vertex 11.4403 12.6859 0
    endloop
  endfacet
  facet normal 0 0 -1
    outer loop
      vertex 0 58 0
      vertex 11.705 46.675 0
      vertex 0 2 0
    endloop
  endfacet
  facet normal 0 0 -1
    outer loop
      vertex 0 2 0
      vertex 11.4403 12.6859 0
      vertex 11.3727 12.3459 0
    endloop
  endfacet
  facet normal 0 0 -1
    outer loop
      vertex 11.705 46.675 0
      vertex 0 58 0
      vertex 11.5517 46.9859 0
    endloop
  endfacet
  facet normal 0 0 -1
    outer loop
      vertex 0 2 0
      vertex 11.3727 12.3459 0
      vertex 11.35 12 0
    endloop
  endfacet
  facet normal 0 0 -1
    outer loop
      vertex 11.5517 46.9859 0
      vertex 0 58 0
      vertex 11.4403 47.3141 0
    endloop
  endfacet
  facet normal 0 0 -1
    outer loop
      vertex 38.3579 24.15 0
      vertex 51.6421 24.15 0
      vertex 38.5488 23.7629 0
    endloop
  endfacet
  facet normal 0 0 -1
    outer loop
      vertex 51.8819 35.4911 0
      vertex 38.7718 37.0693 0
      vertex 38.8 37.5 0
    endloop
  endfacet
  facet normal 0 0 -1
    outer loop
      vertex 51.6421 24.15 0
      vertex 38.3579 24.15 0
      vertex 51.8819 24.5089 0
    endloop
  endfacet
  facet normal 0 0 -1
    outer loop
      vertex 51.8819 35.4911 0
      vertex 38.6876 36.6459 0
      vertex 38.7718 37.0693 0
    endloop
  endfacet
  facet normal 0 0 -1
    outer loop
      vertex 38.1181 24.5089 0
      vertex 51.8819 24.5089 0
      vertex 38.3579 24.15 0
    endloop
  endfacet
  facet normal 0 0 -1
    outer loop
      vertex 51.8819 35.4911 0
      vertex 38.5488 36.2371 0
      vertex 38.6876 36.6459 0
    endloop
  endfacet
  facet normal 0 0 -1
    outer loop
      vertex 51.8819 24.5089 0
      vertex 38.1181 24.5089 0
      vertex 51.8819 35.4911 0
    endloop
  endfacet
  facet normal 0 0 -1
    outer loop
      vertex 51.8819 35.4911 0
      vertex 38.3579 35.85 0
      vertex 38.5488 36.2371 0
    endloop
  endfacet
  facet normal 0 0 -1
    outer loop
      vertex 38.1181 35.4911 0
      vertex 51.8819 35.4911 0
      vertex 38.1181 24.5089 0
    endloop
  endfacet
  facet normal 0 0 -1
    outer loop
      vertex 51.8819 35.4911 0
      vertex 38.1181 35.4911 0
      vertex 38.3579 35.85 0
    endloop
  endfacet
  facet normal 0 0 -1
    outer loop
      vertex 37.8335 24.8335 0
      vertex 38.1181 35.4911 0
      vertex 38.1181 24.5089 0
    endloop
  endfacet
  facet normal 0 0 -1
    outer loop
      vertex 37.8335 24.8335 0
      vertex 37.8335 35.1665 0
      vertex 38.1181 35.4911 0
    endloop
  endfacet
  facet normal 0 0 -1
    outer loop
      vertex 37.5089 25.1181 0
      vertex 37.8335 35.1665 0
      vertex 37.8335 24.8335 0
    endloop
  endfacet
  facet normal 0 0 -1
    outer loop
      vertex 37.5089 25.1181 0
      vertex 37.5089 34.8819 0
      vertex 37.8335 35.1665 0
    endloop
  endfacet
  facet normal 0 0 -1
    outer loop
      vertex 37.15 25.3579 0
      vertex 37.5089 34.8819 0
      vertex 37.5089 25.1181 0
    endloop
  endfacet
  facet normal 0 0 -1
    outer loop
      vertex 37.15 25.3579 0
      vertex 37.15 34.6421 0
      vertex 37.5089 34.8819 0
    endloop
  endfacet
  facet normal 0 0 -1
    outer loop
      vertex 36.7629 25.5488 0
      vertex 37.15 34.6421 0
      vertex 37.15 25.3579 0
    endloop
  endfacet
  facet normal 0 0 -1
    outer loop
      vertex 36.7629 25.5488 0
      vertex 36.7629 34.4512 0
      vertex 37.15 34.6421 0
    endloop
  endfacet
  facet normal 0 0 -1
    outer loop
      vertex 36.3541 25.6876 0
      vertex 36.7629 34.4512 0
      vertex 36.7629 25.5488 0
    endloop
  endfacet
  facet normal 0 0 -1
    outer loop
      vertex 36.3541 25.6876 0
      vertex 36.3541 34.3124 0
      vertex 36.7629 34.4512 0
    endloop
  endfacet
  facet normal 0 0 -1
    outer loop
      vertex 35.9307 25.7718 0
      vertex 36.3541 34.3124 0
      vertex 36.3541 25.6876 0
    endloop
  endfacet
  facet normal 0 0 -1
    outer loop
      vertex 35.9307 25.7718 0
      vertex 35.9307 34.2282 0
      vertex 36.3541 34.3124 0
    endloop
  endfacet
  facet normal 0 0 -1
    outer loop
      vertex 35.5 25.8 0
      vertex 35.9307 34.2282 0
      vertex 35.9307 25.7718 0
    endloop
  endfacet
  facet normal 0 0 -1
    outer loop
      vertex 35.5 25.8 0
      vertex 35.5 34.2 0
      vertex 35.9307 34.2282 0
    endloop
  endfacet
  facet normal 0 0 -1
    outer loop
      vertex 35.0693 25.7718 0
      vertex 35.5 34.2 0
      vertex 35.5 25.8 0
    endloop
  endfacet
  facet normal 0 0 -1
    outer loop
      vertex 35.0693 25.7718 0
      vertex 35.0693 34.2282 0
      vertex 35.5 34.2 0
    endloop
  endfacet
  facet normal 0 0 -1
    outer loop
      vertex 34.6459 25.6876 0
      vertex 35.0693 34.2282 0
      vertex 35.0693 25.7718 0
    endloop
  endfacet
  facet normal 0 0 -1
    outer loop
      vertex 34.6459 25.6876 0
      vertex 34.6459 34.3124 0
      vertex 35.0693 34.2282 0
    endloop
  endfacet
  facet normal 0 0 -1
    outer loop
      vertex 34.2371 25.5488 0
      vertex 34.6459 34.3124 0
      vertex 34.6459 25.6876 0
    endloop
  endfacet
  facet normal 0 0 -1
    outer loop
      vertex 34.2371 25.5488 0
      vertex 34.2371 34.4512 0
      vertex 34.6459 34.3124 0
    endloop
  endfacet
  facet normal 0 0 -1
    outer loop
      vertex 33.85 25.3579 0
      vertex 34.2371 34.4512 0
      vertex 34.2371 25.5488 0
    endloop
  endfacet
  facet normal 0 0 -1
    outer loop
      vertex 33.85 25.3579 0
      vertex 33.85 34.6421 0
      vertex 34.2371 34.4512 0
    endloop
  endfacet
  facet normal 0 0 -1
    outer loop
      vertex 33.4911 25.1181 0
      vertex 33.85 34.6421 0
      vertex 33.85 25.3579 0
    endloop
  endfacet
  facet normal 0 0 -1
    outer loop
      vertex 33.4911 25.1181 0
      vertex 33.4911 34.8819 0
      vertex 33.85 34.6421 0
    endloop
  endfacet
  facet normal 0 0 -1
    outer loop
      vertex 33.1665 24.8335 0
      vertex 33.4911 34.8819 0
      vertex 33.4911 25.1181 0
    endloop
  endfacet
  facet normal 0 0 -1
    outer loop
      vertex 33.1665 24.8335 0
      vertex 33.1665 35.1665 0
      vertex 33.4911 34.8819 0
    endloop
  endfacet
  facet normal 0 0 -1
    outer loop
      vertex 32.8819 24.5089 0
      vertex 33.1665 35.1665 0
      vertex 33.1665 24.8335 0
    endloop
  endfacet
  facet normal 0 0 -1
    outer loop
      vertex 32.8819 24.5089 0
      vertex 32.8819 35.4911 0
      vertex 33.1665 35.1665 0
    endloop
  endfacet
  facet normal 0 0 -1
    outer loop
      vertex 32.6421 24.15 0
      vertex 32.8819 35.4911 0
      vertex 32.8819 24.5089 0
    endloop
  endfacet
  facet normal 0 0 -1
    outer loop
      vertex 32.6421 24.15 0
      vertex 32.6421 35.85 0
      vertex 32.8819 35.4911 0
    endloop
  endfacet
  facet normal 0 0 -1
    outer loop
      vertex 32.4512 23.7629 0
      vertex 32.6421 35.85 0
      vertex 32.6421 24.15 0
    endloop
  endfacet
  facet normal 0 0 -1
    outer loop
      vertex 32.4512 23.7629 0
      vertex 32.4512 36.2371 0
      vertex 32.6421 35.85 0
    endloop
  endfacet
  facet normal 0 0 -1
    outer loop
      vertex 16.1024 13.6132 0
      vertex 32.3124 21.6459 0
      vertex 16.295 13.325 0
    endloop
  endfacet
  facet normal -0 0 -1
    outer loop
      vertex 32.3124 21.6459 0
      vertex 16.1024 13.6132 0
      vertex 32.2282 22.0693 0
    endloop
  endfacet
  facet normal -0 0 -1
    outer loop
      vertex 32.4512 21.2371 0
      vertex 16.295 13.325 0
      vertex 32.3124 21.6459 0
    endloop
  endfacet
  facet normal 0 0 -1
    outer loop
      vertex 15.8738 13.8738 0
      vertex 32.2282 22.0693 0
      vertex 16.1024 13.6132 0
    endloop
  endfacet
  facet normal 0 0 -1
    outer loop
      vertex 16.295 13.325 0
      vertex 32.4512 21.2371 0
      vertex 16.4483 13.0141 0
    endloop
  endfacet
  facet normal 0 0 -1
    outer loop
      vertex 32.4512 36.2371 0
      vertex 16.65 48 0
      vertex 32.3124 36.6459 0
    endloop
  endfacet
  facet normal 0 0 -1
    outer loop
      vertex 57.5488 23.7629 0
      vertex 75.3141 14.5597 0
      vertex 57.6876 23.3541 0
    endloop
  endfacet
  facet normal 0 0 -1
    outer loop
      vertex 75.3141 45.4403 0
      vertex 57.7718 37.0693 0
      vertex 57.8 37.5 0
    endloop
  endfacet
  facet normal 0 0 -1
    outer loop
      vertex 75.3141 14.5597 0
      vertex 57.5488 23.7629 0
      vertex 75.3141 45.4403 0
    endloop
  endfacet
  facet normal 0 0 -1
    outer loop
      vertex 75.3141 45.4403 0
      vertex 57.6876 36.6459 0
      vertex 57.7718 37.0693 0
    endloop
  endfacet
  facet normal 0 0 -1
    outer loop
      vertex 57.5488 36.2371 0
      vertex 75.3141 45.4403 0
      vertex 57.5488 23.7629 0
    endloop
  endfacet
  facet normal 0 0 -1
    outer loop
      vertex 75.3141 45.4403 0
      vertex 57.5488 36.2371 0
      vertex 57.6876 36.6459 0
    endloop
  endfacet
  facet normal 0 0 -1
    outer loop
      vertex 57.3579 24.15 0
      vertex 57.5488 36.2371 0
      vertex 57.5488 23.7629 0
    endloop
  endfacet
  facet normal 0 0 -1
    outer loop
      vertex 57.3579 24.15 0
      vertex 57.3579 35.85 0
      vertex 57.5488 36.2371 0
    endloop
  endfacet
  facet normal 0 0 -1
    outer loop
      vertex 57.1181 24.5089 0
      vertex 57.3579 35.85 0
      vertex 57.3579 24.15 0
    endloop
  endfacet
  facet normal 0 0 -1
    outer loop
      vertex 57.1181 24.5089 0
      vertex 57.1181 35.4911 0
      vertex 57.3579 35.85 0
    endloop
  endfacet
  facet normal 0 0 -1
    outer loop
      vertex 56.8335 24.8335 0
      vertex 57.1181 35.4911 0
      vertex 57.1181 24.5089 0
    endloop
  endfacet
  facet normal 0 0 -1
    outer loop
      vertex 56.8335 24.8335 0
      vertex 56.8335 35.1665 0
      vertex 57.1181 35.4911 0
    endloop
  endfacet
  facet normal 0 0 -1
    outer loop
      vertex 56.5089 25.1181 0
      vertex 56.8335 35.1665 0
      vertex 56.8335 24.8335 0
    endloop
  endfacet
  facet normal 0 0 -1
    outer loop
      vertex 56.5089 25.1181 0
      vertex 56.5089 34.8819 0
      vertex 56.8335 35.1665 0
    endloop
  endfacet
  facet normal 0 0 -1
    outer loop
      vertex 56.15 25.3579 0
      vertex 56.5089 34.8819 0
      vertex 56.5089 25.1181 0
    endloop
  endfacet
  facet normal 0 0 -1
    outer loop
      vertex 56.15 25.3579 0
      vertex 56.15 34.6421 0
      vertex 56.5089 34.8819 0
    endloop
  endfacet
  facet normal 0 0 -1
    outer loop
      vertex 55.7629 25.5488 0
      vertex 56.15 34.6421 0
      vertex 56.15 25.3579 0
    endloop
  endfacet
  facet normal 0 0 -1
    outer loop
      vertex 55.7629 25.5488 0
      vertex 55.7629 34.4512 0
      vertex 56.15 34.6421 0
    endloop
  endfacet
  facet normal 0 0 -1
    outer loop
      vertex 55.3541 25.6876 0
      vertex 55.7629 34.4512 0
      vertex 55.7629 25.5488 0
    endloop
  endfacet
  facet normal 0 0 -1
    outer loop
      vertex 55.3541 25.6876 0
      vertex 55.3541 34.3124 0
      vertex 55.7629 34.4512 0
    endloop
  endfacet
  facet normal 0 0 -1
    outer loop
      vertex 54.9307 25.7718 0
      vertex 55.3541 34.3124 0
      vertex 55.3541 25.6876 0
    endloop
  endfacet
  facet normal 0 0 -1
    outer loop
      vertex 54.9307 25.7718 0
      vertex 54.9307 34.2282 0
      vertex 55.3541 34.3124 0
    endloop
  endfacet
  facet normal 0 0 -1
    outer loop
      vertex 54.5 25.8 0
      vertex 54.9307 34.2282 0
      vertex 54.9307 25.7718 0
    endloop
  endfacet
  facet normal 0 0 -1
    outer loop
      vertex 54.5 25.8 0
      vertex 54.5 34.2 0
      vertex 54.9307 34.2282 0
    endloop
  endfacet
  facet normal 0 0 -1
    outer loop
      vertex 54.0693 25.7718 0
      vertex 54.5 34.2 0
      vertex 54.5 25.8 0
    endloop
  endfacet
  facet normal 0 0 -1
    outer loop
      vertex 54.0693 25.7718 0
      vertex 54.0693 34.2282 0
      vertex 54.5 34.2 0
    endloop
  endfacet
  facet normal 0 0 -1
    outer loop
      vertex 53.6459 25.6876 0
      vertex 54.0693 34.2282 0
      vertex 54.0693 25.7718 0
    endloop
  endfacet
  facet normal 0 0 -1
    outer loop
      vertex 53.6459 25.6876 0
      vertex 53.6459 34.3124 0
      vertex 54.0693 34.2282 0
    endloop
  endfacet
  facet normal 0 0 -1
    outer loop
      vertex 53.2371 25.5488 0
      vertex 53.6459 34.3124 0
      vertex 53.6459 25.6876 0
    endloop
  endfacet
  facet normal 0 0 -1
    outer loop
      vertex 53.2371 25.5488 0
      vertex 53.2371 34.4512 0
      vertex 53.6459 34.3124 0
    endloop
  endfacet
  facet normal 0 0 -1
    outer loop
      vertex 52.85 25.3579 0
      vertex 53.2371 34.4512 0
      vertex 53.2371 25.5488 0
    endloop
  endfacet
  facet normal 0 0 -1
    outer loop
      vertex 52.85 25.3579 0
      vertex 52.85 34.6421 0
      vertex 53.2371 34.4512 0
    endloop
  endfacet
  facet normal 0 0 -1
    outer loop
      vertex 52.4911 25.1181 0
      vertex 52.85 34.6421 0
      vertex 52.85 25.3579 0
    endloop
  endfacet
  facet normal 0 0 -1
    outer loop
      vertex 52.4911 25.1181 0
      vertex 52.4911 34.8819 0
      vertex 52.85 34.6421 0
    endloop
  endfacet
  facet normal 0 0 -1
    outer loop
      vertex 52.1665 24.8335 0
      vertex 52.4911 34.8819 0
      vertex 52.4911 25.1181 0
    endloop
  endfacet
  facet normal 0 0 -1
    outer loop
      vertex 52.1665 24.8335 0
      vertex 52.1665 35.1665 0
      vertex 52.4911 34.8819 0
    endloop
  endfacet
  facet normal 0 0 -1
    outer loop
      vertex 51.8819 24.5089 0
      vertex 52.1665 35.1665 0
      vertex 52.1665 24.8335 0
    endloop
  endfacet
  facet normal 0 0 -1
    outer loop
      vertex 51.8819 24.5089 0
      vertex 51.8819 35.4911 0
      vertex 52.1665 35.1665 0
    endloop
  endfacet
  facet normal 0 0 -1
    outer loop
      vertex 51.3124 23.3541 0
      vertex 38.6876 23.3541 0
      vertex 51.4512 23.7629 0
    endloop
  endfacet
  facet normal 0 0 -1
    outer loop
      vertex 38.5488 23.7629 0
      vertex 51.4512 23.7629 0
      vertex 38.6876 23.3541 0
    endloop
  endfacet
  facet normal 0 0 -1
    outer loop
      vertex 38.6876 23.3541 0
      vertex 51.3124 23.3541 0
      vertex 38.7718 22.9307 0
    endloop
  endfacet
  facet normal 0 0 -1
    outer loop
      vertex 51.4512 23.7629 0
      vertex 38.5488 23.7629 0
      vertex 51.6421 24.15 0
    endloop
  endfacet
  facet normal 0 0 -1
    outer loop
      vertex 51.2282 22.9307 0
      vertex 38.7718 22.9307 0
      vertex 51.3124 23.3541 0
    endloop
  endfacet
  facet normal 0 0 -1
    outer loop
      vertex 51.8819 35.4911 0
      vertex 38.8 37.5 0
      vertex 51.6421 35.85 0
    endloop
  endfacet
  facet normal 0 0 -1
    outer loop
      vertex 38.7718 22.9307 0
      vertex 51.2282 22.9307 0
      vertex 38.8 22.5 0
    endloop
  endfacet
  facet normal 0 0 -1
    outer loop
      vertex 51.6421 35.85 0
      vertex 38.8 37.5 0
      vertex 51.4512 36.2371 0
    endloop
  endfacet
  facet normal 0 0 -1
    outer loop
      vertex 38.8 22.5 0
      vertex 51.2282 22.9307 0
      vertex 51.2 22.5 0
    endloop
  endfacet
  facet normal 0 0 -1
    outer loop
      vertex 51.4512 36.2371 0
      vertex 38.8 37.5 0
      vertex 51.3124 36.6459 0
    endloop
  endfacet
  facet normal 0 0 -1
    outer loop
      vertex 78.4483 13.0141 0
      vertex 90 2 0
      vertex 78.5597 12.6859 0
    endloop
  endfacet
  facet normal 0 0 -1
    outer loop
      vertex 90 58 0
      vertex 78.6273 47.6541 0
      vertex 78.65 48 0
    endloop
  endfacet
  facet normal 0 0 -1
    outer loop
      vertex 78.295 13.325 0
      vertex 90 2 0
      vertex 78.4483 13.0141 0
    endloop
  endfacet
  facet normal 0 0 -1
    outer loop
      vertex 90 58 0
      vertex 78.5597 47.3141 0
      vertex 78.6273 47.6541 0
    endloop
  endfacet
  facet normal 0 0 -1
    outer loop
      vertex 90 2 0
      vertex 78.295 13.325 0
      vertex 90 58 0
    endloop
  endfacet
  facet normal 0 0 -1
    outer loop
      vertex 90 58 0
      vertex 78.4483 46.9859 0
      vertex 78.5597 47.3141 0
    endloop
  endfacet
  facet normal 0 0 -1
    outer loop
      vertex 78.295 46.675 0
      vertex 90 58 0
      vertex 78.295 13.325 0
    endloop
  endfacet
  facet normal 0 0 -1
    outer loop
      vertex 90 58 0
      vertex 78.295 46.675 0
      vertex 78.4483 46.9859 0
    endloop
  endfacet
  facet normal 0 0 -1
    outer loop
      vertex 78.1024 13.6132 0
      vertex 78.295 46.675 0
      vertex 78.295 13.325 0
    endloop
  endfacet
  facet normal 0 0 -1
    outer loop
      vertex 78.1024 13.6132 0
      vertex 78.1024 46.3868 0
      vertex 78.295 46.675 0
    endloop
  endfacet
  facet normal 0 0 -1
    outer loop
      vertex 77.8738 13.8738 0
      vertex 78.1024 46.3868 0
      vertex 78.1024 13.6132 0
    endloop
  endfacet
  facet normal 0 0 -1
    outer loop
      vertex 77.8738 13.8738 0
      vertex 77.8738 46.1262 0
      vertex 78.1024 46.3868 0
    endloop
  endfacet
  facet normal 0 0 -1
    outer loop
      vertex 77.6132 14.1024 0
      vertex 77.8738 46.1262 0
      vertex 77.8738 13.8738 0
    endloop
  endfacet
  facet normal 0 0 -1
    outer loop
      vertex 77.6132 14.1024 0
      vertex 77.6132 45.8976 0
      vertex 77.8738 46.1262 0
    endloop
  endfacet
  facet normal 0 0 -1
    outer loop
      vertex 77.325 14.295 0
      vertex 77.6132 45.8976 0
      vertex 77.6132 14.1024 0
    endloop
  endfacet
  facet normal 0 0 -1
    outer loop
      vertex 77.325 14.295 0
      vertex 77.325 45.705 0
      vertex 77.6132 45.8976 0
    endloop
  endfacet
  facet normal 0 0 -1
    outer loop
      vertex 77.0141 14.4483 0
      vertex 77.325 45.705 0
      vertex 77.325 14.295 0
    endloop
  endfacet
  facet normal 0 0 -1
    outer loop
      vertex 77.0141 14.4483 0
      vertex 77.0141 45.5517 0
      vertex 77.325 45.705 0
    endloop
  endfacet
  facet normal 0 0 -1
    outer loop
      vertex 76.6859 14.5597 0
      vertex 77.0141 45.5517 0
      vertex 77.0141 14.4483 0
    endloop
  endfacet
  facet normal 0 0 -1
    outer loop
      vertex 76.6859 14.5597 0
      vertex 76.6859 45.4403 0
      vertex 77.0141 45.5517 0
    endloop
  endfacet
  facet normal 0 0 -1
    outer loop
      vertex 76.3459 14.6273 0
      vertex 76.6859 45.4403 0
      vertex 76.6859 14.5597 0
    endloop
  endfacet
  facet normal 0 0 -1
    outer loop
      vertex 76.3459 14.6273 0
      vertex 76.3459 45.3727 0
      vertex 76.6859 45.4403 0
    endloop
  endfacet
  facet normal 0 0 -1
    outer loop
      vertex 76 14.65 0
      vertex 76.3459 45.3727 0
      vertex 76.3459 14.6273 0
    endloop
  endfacet
  facet normal 0 0 -1
    outer loop
      vertex 76 14.65 0
      vertex 76 45.35 0
      vertex 76.3459 45.3727 0
    endloop
  endfacet
  facet normal 0 0 -1
    outer loop
      vertex 75.6541 14.6273 0
      vertex 76 45.35 0
      vertex 76 14.65 0
    endloop
  endfacet
  facet normal 0 0 -1
    outer loop
      vertex 75.6541 14.6273 0
      vertex 75.6541 45.3727 0
      vertex 76 45.35 0
    endloop
  endfacet
  facet normal 0 0 -1
    outer loop
      vertex 75.3141 14.5597 0
      vertex 75.6541 45.3727 0
      vertex 75.6541 14.6273 0
    endloop
  endfacet
  facet normal 0 0 -1
    outer loop
      vertex 75.3141 14.5597 0
      vertex 75.3141 45.4403 0
      vertex 75.6541 45.3727 0
    endloop
  endfacet
  facet normal 0 0 -1
    outer loop
      vertex 74.675 14.295 0
      vertex 57.7718 22.9307 0
      vertex 74.9859 14.4483 0
    endloop
  endfacet
  facet normal 0 0 -1
    outer loop
      vertex 57.6876 23.3541 0
      vertex 74.9859 14.4483 0
      vertex 57.7718 22.9307 0
    endloop
  endfacet
  facet normal 0 0 -1
    outer loop
      vertex 57.7718 22.9307 0
      vertex 74.675 14.295 0
      vertex 57.8 22.5 0
    endloop
  endfacet
  facet normal 0 0 -1
    outer loop
      vertex 74.9859 14.4483 0
      vertex 57.6876 23.3541 0
      vertex 75.3141 14.5597 0
    endloop
  endfacet
  facet normal 0 0 -1
    outer loop
      vertex 57.8 22.5 0
      vertex 74.675 14.295 0
      vertex 74.3868 14.1024 0
    endloop
  endfacet
  facet normal -0 0 -1
    outer loop
      vertex 75.3141 45.4403 0
      vertex 57.8 37.5 0
      vertex 74.9859 45.5517 0
    endloop
  endfacet
  facet normal 0 0 -1
    outer loop
      vertex 57.7718 22.0693 0
      vertex 74.3868 14.1024 0
      vertex 74.1262 13.8738 0
    endloop
  endfacet
  facet normal -0 0 -1
    outer loop
      vertex 74.9859 45.5517 0
      vertex 57.8 37.5 0
      vertex 74.675 45.705 0
    endloop
  endfacet
  facet normal 0 0 -1
    outer loop
      vertex 57.7718 22.0693 0
      vertex 74.1262 13.8738 0
      vertex 73.8976 13.6132 0
    endloop
  endfacet
  facet normal -0 0 -1
    outer loop
      vertex 74.675 45.705 0
      vertex 57.8 37.5 0
      vertex 74.3868 45.8976 0
    endloop
  endfacet
  facet normal 0 0 -1
    outer loop
      vertex 57.6876 21.6459 0
      vertex 73.8976 13.6132 0
      vertex 73.705 13.325 0
    endloop
  endfacet
  facet normal 0 0 -1
    outer loop
      vertex 57.7718 37.9307 0
      vertex 74.3868 45.8976 0
      vertex 57.8 37.5 0
    endloop
  endfacet
  facet normal 0 0 -1
    outer loop
      vertex 57.5488 21.2371 0
      vertex 73.705 13.325 0
      vertex 73.5517 13.0141 0
    endloop
  endfacet
  facet normal -0 0 -1
    outer loop
      vertex 74.3868 45.8976 0
      vertex 57.7718 37.9307 0
      vertex 74.1262 46.1262 0
    endloop
  endfacet
  facet normal 0 0 -1
    outer loop
      vertex 57.3579 20.85 0
      vertex 73.5517 13.0141 0
      vertex 73.4403 12.6859 0
    endloop
  endfacet
  facet normal -0 0 -1
    outer loop
      vertex 74.1262 46.1262 0
      vertex 57.7718 37.9307 0
      vertex 73.8976 46.3868 0
    endloop
  endfacet
  facet normal 0 0 -1
    outer loop
      vertex 57.1181 20.4911 0
      vertex 73.4403 12.6859 0
      vertex 73.3727 12.3459 0
    endloop
  endfacet
  facet normal 0 0 -1
    outer loop
      vertex 57.6876 38.3541 0
      vertex 73.8976 46.3868 0
      vertex 57.7718 37.9307 0
    endloop
  endfacet
  facet normal 0 0 -1
    outer loop
      vertex 56.8335 20.1665 0
      vertex 73.3727 12.3459 0
      vertex 73.35 12 0
    endloop
  endfacet
  facet normal -0 0 -1
    outer loop
      vertex 73.8976 46.3868 0
      vertex 57.6876 38.3541 0
      vertex 73.705 46.675 0
    endloop
  endfacet
  facet normal 0 0 -1
    outer loop
      vertex 88 0 0
      vertex 90 2 0
      vertex 89.9829 1.73895 0
    endloop
  endfacet
  facet normal 0 0 -1
    outer loop
      vertex 78.6273 12.3459 0
      vertex 90 2 0
      vertex 78.65 12 0
    endloop
  endfacet
  facet normal 0 0 -1
    outer loop
      vertex 88 0 0
      vertex 89.9829 1.73895 0
      vertex 89.9319 1.48236 0
    endloop
  endfacet
  facet normal 0 0 -1
    outer loop
      vertex 78.5597 12.6859 0
      vertex 90 2 0
      vertex 78.6273 12.3459 0
    endloop
  endfacet
  facet normal 0 0 -1
    outer loop
      vertex 88 0 0
      vertex 89.9319 1.48236 0
      vertex 89.8478 1.23463 0
    endloop
  endfacet
  facet normal 0 0 -1
    outer loop
      vertex 78.6273 48.3459 0
      vertex 90 58 0
      vertex 78.65 48 0
    endloop
  endfacet
  facet normal 0 0 -1
    outer loop
      vertex 88 0 0
      vertex 89.8478 1.23463 0
      vertex 89.732 1 0
    endloop
  endfacet
  facet normal 0 0 -1
    outer loop
      vertex 78.5597 48.6859 0
      vertex 90 58 0
      vertex 78.6273 48.3459 0
    endloop
  endfacet
  facet normal 0 0 -1
    outer loop
      vertex 88 0 0
      vertex 89.732 1 0
      vertex 89.5867 0.782476 0
    endloop
  endfacet
  facet normal 0 0 -1
    outer loop
      vertex 78.4483 49.0141 0
      vertex 90 58 0
      vertex 78.5597 48.6859 0
    endloop
  endfacet
  facet normal 0 0 -1
    outer loop
      vertex 88 0 0
      vertex 89.5867 0.782476 0
      vertex 89.4142 0.585786 0
    endloop
  endfacet
  facet normal 0 0 -1
    outer loop
      vertex 78.295 49.325 0
      vertex 90 58 0
      vertex 78.4483 49.0141 0
    endloop
  endfacet
  facet normal 0 0 -1
    outer loop
      vertex 88 0 0
      vertex 89.4142 0.585786 0
      vertex 89.2175 0.413293 0
    endloop
  endfacet
  facet normal 0 0 -1
    outer loop
      vertex 78.1024 49.6132 0
      vertex 90 58 0
      vertex 78.295 49.325 0
    endloop
  endfacet
  facet normal 0 0 -1
    outer loop
      vertex 88 0 0
      vertex 89.2175 0.413293 0
      vertex 89 0.267949 0
    endloop
  endfacet
  facet normal 0 -0 -1
    outer loop
      vertex 88 60 0
      vertex 90 58 0
      vertex 78.1024 49.6132 0
    endloop
  endfacet
  facet normal 0 0 -1
    outer loop
      vertex 88 0 0
      vertex 89 0.267949 0
      vertex 88.7654 0.152241 0
    endloop
  endfacet
  facet normal 0 0 -1
    outer loop
      vertex 89.9829 58.2611 0
      vertex 88 60 0
      vertex 89.9319 58.5176 0
    endloop
  endfacet
  facet normal 0 0 -1
    outer loop
      vertex 88 0 0
      vertex 88.7654 0.152241 0
      vertex 88.5176 0.0681477 0
    endloop
  endfacet
  facet normal 0 0 -1
    outer loop
      vertex 89.9319 58.5176 0
      vertex 88 60 0
      vertex 89.8478 58.7654 0
    endloop
  endfacet
  facet normal 0 0 -1
    outer loop
      vertex 88 0 0
      vertex 88.5176 0.0681477 0
      vertex 88.2611 0.0171099 0
    endloop
  endfacet
  facet normal 0 0 -1
    outer loop
      vertex 89.732 59 0
      vertex 88 60 0
      vertex 89.5867 59.2175 0
    endloop
  endfacet
  facet normal -0 0 -1
    outer loop
      vertex 90 2 0
      vertex 88 0 0
      vertex 78.1024 10.3868 0
    endloop
  endfacet
  facet normal 0 0 -1
    outer loop
      vertex 89.5867 59.2175 0
      vertex 88 60 0
      vertex 89.4142 59.4142 0
    endloop
  endfacet
  facet normal 0 0 -1
    outer loop
      vertex 89.4142 59.4142 0
      vertex 88 60 0
      vertex 89.2175 59.5867 0
    endloop
  endfacet
  facet normal 0 0 -1
    outer loop
      vertex 90 2 0
      vertex 78.6273 11.6541 0
      vertex 78.65 12 0
    endloop
  endfacet
  facet normal 0 0 -1
    outer loop
      vertex 90 2 0
      vertex 78.5597 11.3141 0
      vertex 78.6273 11.6541 0
    endloop
  endfacet
  facet normal 0 0 -1
    outer loop
      vertex 90 2 0
      vertex 78.4483 10.9859 0
      vertex 78.5597 11.3141 0
    endloop
  endfacet
  facet normal 0 0 -1
    outer loop
      vertex 90 2 0
      vertex 78.295 10.675 0
      vertex 78.4483 10.9859 0
    endloop
  endfacet
  facet normal 0 0 -1
    outer loop
      vertex 90 2 0
      vertex 78.1024 10.3868 0
      vertex 78.295 10.675 0
    endloop
  endfacet
  facet normal 0 0 -1
    outer loop
      vertex 88 0 0
      vertex 77.8738 10.1262 0
      vertex 78.1024 10.3868 0
    endloop
  endfacet
  facet normal 0 0 -1
    outer loop
      vertex 88 0 0
      vertex 77.6132 9.89761 0
      vertex 77.8738 10.1262 0
    endloop
  endfacet
  facet normal 0 0 -1
    outer loop
      vertex 88 0 0
      vertex 77.325 9.70503 0
      vertex 77.6132 9.89761 0
    endloop
  endfacet
  facet normal 0 0 -1
    outer loop
      vertex 88 0 0
      vertex 77.0141 9.55172 0
      vertex 77.325 9.70503 0
    endloop
  endfacet
  facet normal 0 0 -1
    outer loop
      vertex 88 0 0
      vertex 76.6859 9.4403 0
      vertex 77.0141 9.55172 0
    endloop
  endfacet
  facet normal 0 0 -1
    outer loop
      vertex 88 0 0
      vertex 76.3459 9.37267 0
      vertex 76.6859 9.4403 0
    endloop
  endfacet
  facet normal 0 0 -1
    outer loop
      vertex 88 0 0
      vertex 76 9.35 0
      vertex 76.3459 9.37267 0
    endloop
  endfacet
  facet normal 0 0 -1
    outer loop
      vertex 88 0 0
      vertex 75.6541 9.37267 0
      vertex 76 9.35 0
    endloop
  endfacet
  facet normal 0 0 -1
    outer loop
      vertex 88 0 0
      vertex 75.3141 9.4403 0
      vertex 75.6541 9.37267 0
    endloop
  endfacet
  facet normal 0 0 -1
    outer loop
      vertex 88 0 0
      vertex 74.9859 9.55172 0
      vertex 75.3141 9.4403 0
    endloop
  endfacet
  facet normal 0 0 -1
    outer loop
      vertex 88 0 0
      vertex 74.675 9.70503 0
      vertex 74.9859 9.55172 0
    endloop
  endfacet
  facet normal 0 0 -1
    outer loop
      vertex 15.325 9.70503 0
      vertex 74.675 9.70503 0
      vertex 88 0 0
    endloop
  endfacet
  facet normal 0 0 -1
    outer loop
      vertex 57.5488 38.7629 0
      vertex 73.705 46.675 0
      vertex 57.6876 38.3541 0
    endloop
  endfacet
  facet normal 0 0 -1
    outer loop
      vertex 56.5089 19.8819 0
      vertex 73.35 12 0
      vertex 73.3727 11.6541 0
    endloop
  endfacet
  facet normal 0 0 -1
    outer loop
      vertex 56.15 19.6421 0
      vertex 73.3727 11.6541 0
      vertex 73.4403 11.3141 0
    endloop
  endfacet
  facet normal 0 0 -1
    outer loop
      vertex 55.7629 19.4512 0
      vertex 73.4403 11.3141 0
      vertex 73.5517 10.9859 0
    endloop
  endfacet
  facet normal 0 0 -1
    outer loop
      vertex 55.3541 19.3124 0
      vertex 73.5517 10.9859 0
      vertex 73.705 10.675 0
    endloop
  endfacet
  facet normal 0 0 -1
    outer loop
      vertex 54.9307 19.2282 0
      vertex 73.705 10.675 0
      vertex 73.8976 10.3868 0
    endloop
  endfacet
  facet normal 0 0 -1
    outer loop
      vertex 54.5 19.2 0
      vertex 73.8976 10.3868 0
      vertex 74.1262 10.1262 0
    endloop
  endfacet
  facet normal 0 0 -1
    outer loop
      vertex 54.0693 19.2282 0
      vertex 74.1262 10.1262 0
      vertex 74.3868 9.89761 0
    endloop
  endfacet
  facet normal 0 0 -1
    outer loop
      vertex 74.3868 14.1024 0
      vertex 57.7718 22.0693 0
      vertex 57.8 22.5 0
    endloop
  endfacet
  facet normal 0 0 -1
    outer loop
      vertex 73.8976 13.6132 0
      vertex 57.6876 21.6459 0
      vertex 57.7718 22.0693 0
    endloop
  endfacet
  facet normal 0 0 -1
    outer loop
      vertex 74.675 9.70503 0
      vertex 15.325 9.70503 0
      vertex 74.3868 9.89761 0
    endloop
  endfacet
  facet normal 0 0 -1
    outer loop
      vertex 73.705 13.325 0
      vertex 57.5488 21.2371 0
      vertex 57.6876 21.6459 0
    endloop
  endfacet
  facet normal 0 0 -1
    outer loop
      vertex 73.5517 13.0141 0
      vertex 57.3579 20.85 0
      vertex 57.5488 21.2371 0
    endloop
  endfacet
  facet normal 0 0 -1
    outer loop
      vertex 73.4403 12.6859 0
      vertex 57.1181 20.4911 0
      vertex 57.3579 20.85 0
    endloop
  endfacet
  facet normal 0 0 -1
    outer loop
      vertex 73.3727 12.3459 0
      vertex 56.8335 20.1665 0
      vertex 57.1181 20.4911 0
    endloop
  endfacet
  facet normal 0 0 -1
    outer loop
      vertex 73.35 12 0
      vertex 56.5089 19.8819 0
      vertex 56.8335 20.1665 0
    endloop
  endfacet
  facet normal 0 0 -1
    outer loop
      vertex 73.3727 11.6541 0
      vertex 56.15 19.6421 0
      vertex 56.5089 19.8819 0
    endloop
  endfacet
  facet normal 0 0 -1
    outer loop
      vertex 73.4403 11.3141 0
      vertex 55.7629 19.4512 0
      vertex 56.15 19.6421 0
    endloop
  endfacet
  facet normal 0 0 -1
    outer loop
      vertex 73.5517 10.9859 0
      vertex 55.3541 19.3124 0
      vertex 55.7629 19.4512 0
    endloop
  endfacet
  facet normal 0 0 -1
    outer loop
      vertex 73.705 10.675 0
      vertex 54.9307 19.2282 0
      vertex 55.3541 19.3124 0
    endloop
  endfacet
  facet normal 0 0 -1
    outer loop
      vertex 73.8976 10.3868 0
      vertex 54.5 19.2 0
      vertex 54.9307 19.2282 0
    endloop
  endfacet
  facet normal 0 0 -1
    outer loop
      vertex 74.1262 10.1262 0
      vertex 54.0693 19.2282 0
      vertex 54.5 19.2 0
    endloop
  endfacet
  facet normal 0 0 -1
    outer loop
      vertex 74.3868 9.89761 0
      vertex 15.6132 9.89761 0
      vertex 54.0693 19.2282 0
    endloop
  endfacet
  facet normal -0 0 -1
    outer loop
      vertex 54.0693 19.2282 0
      vertex 15.6132 9.89761 0
      vertex 53.6459 19.3124 0
    endloop
  endfacet
  facet normal 0 -0 -1
    outer loop
      vertex 36.3541 19.3124 0
      vertex 53.6459 19.3124 0
      vertex 15.6132 9.89761 0
    endloop
  endfacet
  facet normal 0 0 -1
    outer loop
      vertex 51.3124 36.6459 0
      vertex 38.8 37.5 0
      vertex 51.2282 37.0693 0
    endloop
  endfacet
  facet normal 0 0 -1
    outer loop
      vertex 51.2282 22.0693 0
      vertex 38.8 22.5 0
      vertex 51.2 22.5 0
    endloop
  endfacet
  facet normal 0 0 -1
    outer loop
      vertex 38.7718 22.0693 0
      vertex 51.2282 22.0693 0
      vertex 51.3124 21.6459 0
    endloop
  endfacet
  facet normal 0 0 -1
    outer loop
      vertex 38.6876 21.6459 0
      vertex 51.3124 21.6459 0
      vertex 51.4512 21.2371 0
    endloop
  endfacet
  facet normal 0 0 -1
    outer loop
      vertex 38.5488 21.2371 0
      vertex 51.4512 21.2371 0
      vertex 51.6421 20.85 0
    endloop
  endfacet
  facet normal 0 0 -1
    outer loop
      vertex 38.3579 20.85 0
      vertex 51.6421 20.85 0
      vertex 51.8819 20.4911 0
    endloop
  endfacet
  facet normal 0 0 -1
    outer loop
      vertex 38.1181 20.4911 0
      vertex 51.8819 20.4911 0
      vertex 52.1665 20.1665 0
    endloop
  endfacet
  facet normal 0 0 -1
    outer loop
      vertex 37.8335 20.1665 0
      vertex 52.1665 20.1665 0
      vertex 52.4911 19.8819 0
    endloop
  endfacet
  facet normal 0 0 -1
    outer loop
      vertex 37.5089 19.8819 0
      vertex 52.4911 19.8819 0
      vertex 52.85 19.6421 0
    endloop
  endfacet
  facet normal 0 0 -1
    outer loop
      vertex 53.6459 19.3124 0
      vertex 36.3541 19.3124 0
      vertex 53.2371 19.4512 0
    endloop
  endfacet
  facet normal 0 0 -1
    outer loop
      vertex 51.2282 22.0693 0
      vertex 38.7718 22.0693 0
      vertex 38.8 22.5 0
    endloop
  endfacet
  facet normal 0 0 -1
    outer loop
      vertex 51.3124 21.6459 0
      vertex 38.6876 21.6459 0
      vertex 38.7718 22.0693 0
    endloop
  endfacet
  facet normal 0 0 -1
    outer loop
      vertex 51.4512 21.2371 0
      vertex 38.5488 21.2371 0
      vertex 38.6876 21.6459 0
    endloop
  endfacet
  facet normal 0 0 -1
    outer loop
      vertex 51.6421 20.85 0
      vertex 38.3579 20.85 0
      vertex 38.5488 21.2371 0
    endloop
  endfacet
  facet normal 0 0 -1
    outer loop
      vertex 51.8819 20.4911 0
      vertex 38.1181 20.4911 0
      vertex 38.3579 20.85 0
    endloop
  endfacet
  facet normal 0 0 -1
    outer loop
      vertex 52.1665 20.1665 0
      vertex 37.8335 20.1665 0
      vertex 38.1181 20.4911 0
    endloop
  endfacet
  facet normal 0 0 -1
    outer loop
      vertex 52.4911 19.8819 0
      vertex 37.5089 19.8819 0
      vertex 37.8335 20.1665 0
    endloop
  endfacet
  facet normal 0 0 -1
    outer loop
      vertex 52.85 19.6421 0
      vertex 37.15 19.6421 0
      vertex 37.5089 19.8819 0
    endloop
  endfacet
  facet normal -0 0 -1
    outer loop
      vertex 52.85 19.6421 0
      vertex 36.7629 19.4512 0
      vertex 37.15 19.6421 0
    endloop
  endfacet
  facet normal 0 0 -1
    outer loop
      vertex 53.2371 19.4512 0
      vertex 36.7629 19.4512 0
      vertex 52.85 19.6421 0
    endloop
  endfacet
  facet normal 0 -0 -1
    outer loop
      vertex 36.7629 19.4512 0
      vertex 53.2371 19.4512 0
      vertex 36.3541 19.3124 0
    endloop
  endfacet
  facet normal 0 0 -1
    outer loop
      vertex 36.3541 19.3124 0
      vertex 15.6132 9.89761 0
      vertex 35.9307 19.2282 0
    endloop
  endfacet
  facet normal 0 -0 -1
    outer loop
      vertex 15.8738 10.1262 0
      vertex 35.9307 19.2282 0
      vertex 15.6132 9.89761 0
    endloop
  endfacet
  facet normal 0 0 -1
    outer loop
      vertex 35.9307 19.2282 0
      vertex 15.8738 10.1262 0
      vertex 35.5 19.2 0
    endloop
  endfacet
  facet normal 0 -0 -1
    outer loop
      vertex 16.1024 10.3868 0
      vertex 35.5 19.2 0
      vertex 15.8738 10.1262 0
    endloop
  endfacet
  facet normal 0 0 -1
    outer loop
      vertex 32.3124 36.6459 0
      vertex 16.65 48 0
      vertex 32.2282 37.0693 0
    endloop
  endfacet
  facet normal -0 0 -1
    outer loop
      vertex 32.6421 20.85 0
      vertex 16.4483 13.0141 0
      vertex 32.4512 21.2371 0
    endloop
  endfacet
  facet normal 0 0 -1
    outer loop
      vertex 16.4483 13.0141 0
      vertex 32.6421 20.85 0
      vertex 16.5597 12.6859 0
    endloop
  endfacet
  facet normal -0 0 -1
    outer loop
      vertex 32.8819 20.4911 0
      vertex 16.5597 12.6859 0
      vertex 32.6421 20.85 0
    endloop
  endfacet
  facet normal 0 0 -1
    outer loop
      vertex 16.5597 12.6859 0
      vertex 32.8819 20.4911 0
      vertex 16.6273 12.3459 0
    endloop
  endfacet
  facet normal -0 0 -1
    outer loop
      vertex 33.1665 20.1665 0
      vertex 16.6273 12.3459 0
      vertex 32.8819 20.4911 0
    endloop
  endfacet
  facet normal 0 0 -1
    outer loop
      vertex 16.6273 12.3459 0
      vertex 33.1665 20.1665 0
      vertex 16.65 12 0
    endloop
  endfacet
  facet normal -0 0 -1
    outer loop
      vertex 33.4911 19.8819 0
      vertex 16.65 12 0
      vertex 33.1665 20.1665 0
    endloop
  endfacet
  facet normal 0 0 -1
    outer loop
      vertex 16.6273 11.6541 0
      vertex 33.4911 19.8819 0
      vertex 33.85 19.6421 0
    endloop
  endfacet
  facet normal 0 0 -1
    outer loop
      vertex 16.5597 11.3141 0
      vertex 33.85 19.6421 0
      vertex 34.2371 19.4512 0
    endloop
  endfacet
  facet normal -0 0 -1
    outer loop
      vertex 35.5 19.2 0
      vertex 16.1024 10.3868 0
      vertex 35.0693 19.2282 0
    endloop
  endfacet
  facet normal 0 0 -1
    outer loop
      vertex 33.4911 19.8819 0
      vertex 16.6273 11.6541 0
      vertex 16.65 12 0
    endloop
  endfacet
  facet normal 0 0 -1
    outer loop
      vertex 33.85 19.6421 0
      vertex 16.5597 11.3141 0
      vertex 16.6273 11.6541 0
    endloop
  endfacet
  facet normal 0 0 -1
    outer loop
      vertex 34.2371 19.4512 0
      vertex 16.4483 10.9859 0
      vertex 16.5597 11.3141 0
    endloop
  endfacet
  facet normal -0 0 -1
    outer loop
      vertex 34.6459 19.3124 0
      vertex 16.4483 10.9859 0
      vertex 34.2371 19.4512 0
    endloop
  endfacet
  facet normal 0 -0 -1
    outer loop
      vertex 16.4483 10.9859 0
      vertex 34.6459 19.3124 0
      vertex 16.295 10.675 0
    endloop
  endfacet
  facet normal -0 0 -1
    outer loop
      vertex 35.0693 19.2282 0
      vertex 16.295 10.675 0
      vertex 34.6459 19.3124 0
    endloop
  endfacet
  facet normal 0 -0 -1
    outer loop
      vertex 16.295 10.675 0
      vertex 35.0693 19.2282 0
      vertex 16.1024 10.3868 0
    endloop
  endfacet
  facet normal -0 0 -1
    outer loop
      vertex 74.3868 9.89761 0
      vertex 15.325 9.70503 0
      vertex 15.6132 9.89761 0
    endloop
  endfacet
  facet normal 0 0 -1
    outer loop
      vertex 2 0 0
      vertex 15.325 9.70503 0
      vertex 88 0 0
    endloop
  endfacet
  facet normal 0 0 -1
    outer loop
      vertex 15.325 9.70503 0
      vertex 2 0 0
      vertex 15.0141 9.55172 0
    endloop
  endfacet
  facet normal 0 0 -1
    outer loop
      vertex 15.0141 9.55172 0
      vertex 2 0 0
      vertex 14.6859 9.4403 0
    endloop
  endfacet
  facet normal 0 0 -1
    outer loop
      vertex 14.6859 9.4403 0
      vertex 2 0 0
      vertex 14.3459 9.37267 0
    endloop
  endfacet
  facet normal 0 0 -1
    outer loop
      vertex 14.3459 9.37267 0
      vertex 2 0 0
      vertex 14 9.35 0
    endloop
  endfacet
  facet normal -0 0 -1
    outer loop
      vertex 11.3727 11.6541 0
      vertex 0 2 0
      vertex 11.35 12 0
    endloop
  endfacet
  facet normal -0 0 -1
    outer loop
      vertex 11.4403 11.3141 0
      vertex 0 2 0
      vertex 11.3727 11.6541 0
    endloop
  endfacet
  facet normal -0 0 -1
    outer loop
      vertex 11.5517 10.9859 0
      vertex 0 2 0
      vertex 11.4403 11.3141 0
    endloop
  endfacet
  facet normal -0 0 -1
    outer loop
      vertex 11.705 10.675 0
      vertex 0 2 0
      vertex 11.5517 10.9859 0
    endloop
  endfacet
  facet normal -0 0 -1
    outer loop
      vertex 11.8976 10.3868 0
      vertex 0 2 0
      vertex 11.705 10.675 0
    endloop
  endfacet
  facet normal 0 0 -1
    outer loop
      vertex 0 2 0
      vertex 11.8976 10.3868 0
      vertex 2 0 0
    endloop
  endfacet
  facet normal -0 0 -1
    outer loop
      vertex 12.1262 10.1262 0
      vertex 2 0 0
      vertex 11.8976 10.3868 0
    endloop
  endfacet
  facet normal -0 0 -1
    outer loop
      vertex 12.3868 9.89761 0
      vertex 2 0 0
      vertex 12.1262 10.1262 0
    endloop
  endfacet
  facet normal -0 0 -1
    outer loop
      vertex 12.675 9.70503 0
      vertex 2 0 0
      vertex 12.3868 9.89761 0
    endloop
  endfacet
  facet normal -0 0 -1
    outer loop
      vertex 12.9859 9.55172 0
      vertex 2 0 0
      vertex 12.675 9.70503 0
    endloop
  endfacet
  facet normal -0 0 -1
    outer loop
      vertex 13.3141 9.4403 0
      vertex 2 0 0
      vertex 12.9859 9.55172 0
    endloop
  endfacet
  facet normal -0 0 -1
    outer loop
      vertex 13.6541 9.37267 0
      vertex 2 0 0
      vertex 13.3141 9.4403 0
    endloop
  endfacet
  facet normal -0 0 -1
    outer loop
      vertex 14 9.35 0
      vertex 2 0 0
      vertex 13.6541 9.37267 0
    endloop
  endfacet
  facet normal 0 0 -1
    outer loop
      vertex 89 59.732 0
      vertex 88 60 0
      vertex 88.7654 59.8478 0
    endloop
  endfacet
  facet normal 0 0 -1
    outer loop
      vertex 88.7654 59.8478 0
      vertex 88 60 0
      vertex 88.5176 59.9319 0
    endloop
  endfacet
  facet normal 0 0 -1
    outer loop
      vertex 88.5176 59.9319 0
      vertex 88 60 0
      vertex 88.2611 59.9829 0
    endloop
  endfacet
  facet normal 0 0 -1
    outer loop
      vertex 89.2175 59.5867 0
      vertex 88 60 0
      vertex 89 59.732 0
    endloop
  endfacet
  facet normal 0 0 -1
    outer loop
      vertex 89.8478 58.7654 0
      vertex 88 60 0
      vertex 89.732 59 0
    endloop
  endfacet
  facet normal 0 0 -1
    outer loop
      vertex 90 58 0
      vertex 88 60 0
      vertex 89.9829 58.2611 0
    endloop
  endfacet
  facet normal 0 0 -1
    outer loop
      vertex 77.8738 49.8738 0
      vertex 88 60 0
      vertex 78.1024 49.6132 0
    endloop
  endfacet
  facet normal 0 0 -1
    outer loop
      vertex 77.6132 50.1024 0
      vertex 88 60 0
      vertex 77.8738 49.8738 0
    endloop
  endfacet
  facet normal 0 0 -1
    outer loop
      vertex 77.325 50.295 0
      vertex 88 60 0
      vertex 77.6132 50.1024 0
    endloop
  endfacet
  facet normal 0 0 -1
    outer loop
      vertex 77.0141 50.4483 0
      vertex 88 60 0
      vertex 77.325 50.295 0
    endloop
  endfacet
  facet normal 0 0 -1
    outer loop
      vertex 76.6859 50.5597 0
      vertex 88 60 0
      vertex 77.0141 50.4483 0
    endloop
  endfacet
  facet normal 0 0 -1
    outer loop
      vertex 76.3459 50.6273 0
      vertex 88 60 0
      vertex 76.6859 50.5597 0
    endloop
  endfacet
  facet normal 0 0 -1
    outer loop
      vertex 76 50.65 0
      vertex 88 60 0
      vertex 76.3459 50.6273 0
    endloop
  endfacet
  facet normal 0 0 -1
    outer loop
      vertex 75.6541 50.6273 0
      vertex 88 60 0
      vertex 76 50.65 0
    endloop
  endfacet
  facet normal 0 0 -1
    outer loop
      vertex 75.3141 50.5597 0
      vertex 88 60 0
      vertex 75.6541 50.6273 0
    endloop
  endfacet
  facet normal 0 0 -1
    outer loop
      vertex 74.9859 50.4483 0
      vertex 88 60 0
      vertex 75.3141 50.5597 0
    endloop
  endfacet
  facet normal 0 0 -1
    outer loop
      vertex 74.675 50.295 0
      vertex 88 60 0
      vertex 74.9859 50.4483 0
    endloop
  endfacet
  facet normal 0 0 -1
    outer loop
      vertex 15.325 50.295 0
      vertex 74.675 50.295 0
      vertex 74.3868 50.1024 0
    endloop
  endfacet
  facet normal -0 0 -1
    outer loop
      vertex 73.705 46.675 0
      vertex 57.5488 38.7629 0
      vertex 73.5517 46.9859 0
    endloop
  endfacet
  facet normal 0 0 -1
    outer loop
      vertex 57.3579 39.15 0
      vertex 73.5517 46.9859 0
      vertex 57.5488 38.7629 0
    endloop
  endfacet
  facet normal -0 0 -1
    outer loop
      vertex 73.5517 46.9859 0
      vertex 57.3579 39.15 0
      vertex 73.4403 47.3141 0
    endloop
  endfacet
  facet normal 0 0 -1
    outer loop
      vertex 57.1181 39.5089 0
      vertex 73.4403 47.3141 0
      vertex 57.3579 39.15 0
    endloop
  endfacet
  facet normal -0 0 -1
    outer loop
      vertex 73.4403 47.3141 0
      vertex 57.1181 39.5089 0
      vertex 73.3727 47.6541 0
    endloop
  endfacet
  facet normal 0 0 -1
    outer loop
      vertex 56.8335 39.8335 0
      vertex 73.3727 47.6541 0
      vertex 57.1181 39.5089 0
    endloop
  endfacet
  facet normal -0 0 -1
    outer loop
      vertex 73.3727 47.6541 0
      vertex 56.8335 39.8335 0
      vertex 73.35 48 0
    endloop
  endfacet
  facet normal 0 0 -1
    outer loop
      vertex 56.5089 40.1181 0
      vertex 73.35 48 0
      vertex 56.8335 39.8335 0
    endloop
  endfacet
  facet normal -0 0 -1
    outer loop
      vertex 73.35 48 0
      vertex 56.5089 40.1181 0
      vertex 73.3727 48.3459 0
    endloop
  endfacet
  facet normal 0 0 -1
    outer loop
      vertex 56.15 40.3579 0
      vertex 73.3727 48.3459 0
      vertex 56.5089 40.1181 0
    endloop
  endfacet
  facet normal -0 0 -1
    outer loop
      vertex 73.3727 48.3459 0
      vertex 56.15 40.3579 0
      vertex 73.4403 48.6859 0
    endloop
  endfacet
  facet normal 0 0 -1
    outer loop
      vertex 55.7629 40.5488 0
      vertex 73.4403 48.6859 0
      vertex 56.15 40.3579 0
    endloop
  endfacet
  facet normal -0 0 -1
    outer loop
      vertex 73.4403 48.6859 0
      vertex 55.7629 40.5488 0
      vertex 73.5517 49.0141 0
    endloop
  endfacet
  facet normal 0 0 -1
    outer loop
      vertex 55.3541 40.6876 0
      vertex 73.5517 49.0141 0
      vertex 55.7629 40.5488 0
    endloop
  endfacet
  facet normal -0 0 -1
    outer loop
      vertex 73.5517 49.0141 0
      vertex 55.3541 40.6876 0
      vertex 73.705 49.325 0
    endloop
  endfacet
  facet normal 0 0 -1
    outer loop
      vertex 54.9307 40.7718 0
      vertex 73.705 49.325 0
      vertex 55.3541 40.6876 0
    endloop
  endfacet
  facet normal -0 0 -1
    outer loop
      vertex 73.705 49.325 0
      vertex 54.9307 40.7718 0
      vertex 73.8976 49.6132 0
    endloop
  endfacet
  facet normal 0 0 -1
    outer loop
      vertex 54.5 40.8 0
      vertex 73.8976 49.6132 0
      vertex 54.9307 40.7718 0
    endloop
  endfacet
  facet normal -0 0 -1
    outer loop
      vertex 73.8976 49.6132 0
      vertex 54.5 40.8 0
      vertex 74.1262 49.8738 0
    endloop
  endfacet
  facet normal 0 0 -1
    outer loop
      vertex 54.0693 40.7718 0
      vertex 74.1262 49.8738 0
      vertex 54.5 40.8 0
    endloop
  endfacet
  facet normal -0 0 -1
    outer loop
      vertex 74.1262 49.8738 0
      vertex 54.0693 40.7718 0
      vertex 74.3868 50.1024 0
    endloop
  endfacet
  facet normal 0 0 -1
    outer loop
      vertex 15.6132 50.1024 0
      vertex 74.3868 50.1024 0
      vertex 54.0693 40.7718 0
    endloop
  endfacet
  facet normal 0 0 -1
    outer loop
      vertex 15.6132 50.1024 0
      vertex 54.0693 40.7718 0
      vertex 53.6459 40.6876 0
    endloop
  endfacet
  facet normal 0 0 -1
    outer loop
      vertex 36.3541 40.6876 0
      vertex 53.6459 40.6876 0
      vertex 53.2371 40.5488 0
    endloop
  endfacet
  facet normal 0 0 -1
    outer loop
      vertex 36.7629 40.5488 0
      vertex 53.2371 40.5488 0
      vertex 52.85 40.3579 0
    endloop
  endfacet
  facet normal 0 0 -1
    outer loop
      vertex 51.2282 37.0693 0
      vertex 38.8 37.5 0
      vertex 51.2 37.5 0
    endloop
  endfacet
  facet normal 0 0 -1
    outer loop
      vertex 51.2 37.5 0
      vertex 38.8 37.5 0
      vertex 51.2282 37.9307 0
    endloop
  endfacet
  facet normal 0 0 -1
    outer loop
      vertex 38.7718 37.9307 0
      vertex 51.2282 37.9307 0
      vertex 38.8 37.5 0
    endloop
  endfacet
  facet normal 0 0 -1
    outer loop
      vertex 51.2282 37.9307 0
      vertex 38.7718 37.9307 0
      vertex 51.3124 38.3541 0
    endloop
  endfacet
  facet normal 0 0 -1
    outer loop
      vertex 38.6876 38.3541 0
      vertex 51.3124 38.3541 0
      vertex 38.7718 37.9307 0
    endloop
  endfacet
  facet normal 0 0 -1
    outer loop
      vertex 51.3124 38.3541 0
      vertex 38.6876 38.3541 0
      vertex 51.4512 38.7629 0
    endloop
  endfacet
  facet normal 0 0 -1
    outer loop
      vertex 38.5488 38.7629 0
      vertex 51.4512 38.7629 0
      vertex 38.6876 38.3541 0
    endloop
  endfacet
  facet normal 0 0 -1
    outer loop
      vertex 51.4512 38.7629 0
      vertex 38.5488 38.7629 0
      vertex 51.6421 39.15 0
    endloop
  endfacet
  facet normal 0 0 -1
    outer loop
      vertex 38.3579 39.15 0
      vertex 51.6421 39.15 0
      vertex 38.5488 38.7629 0
    endloop
  endfacet
  facet normal 0 0 -1
    outer loop
      vertex 51.6421 39.15 0
      vertex 38.3579 39.15 0
      vertex 51.8819 39.5089 0
    endloop
  endfacet
  facet normal 0 0 -1
    outer loop
      vertex 38.1181 39.5089 0
      vertex 51.8819 39.5089 0
      vertex 38.3579 39.15 0
    endloop
  endfacet
  facet normal 0 0 -1
    outer loop
      vertex 51.8819 39.5089 0
      vertex 38.1181 39.5089 0
      vertex 52.1665 39.8335 0
    endloop
  endfacet
  facet normal 0 0 -1
    outer loop
      vertex 37.8335 39.8335 0
      vertex 52.1665 39.8335 0
      vertex 38.1181 39.5089 0
    endloop
  endfacet
  facet normal 0 0 -1
    outer loop
      vertex 52.1665 39.8335 0
      vertex 37.8335 39.8335 0
      vertex 52.4911 40.1181 0
    endloop
  endfacet
  facet normal 0 0 -1
    outer loop
      vertex 37.5089 40.1181 0
      vertex 52.4911 40.1181 0
      vertex 37.8335 39.8335 0
    endloop
  endfacet
  facet normal 0 0 -1
    outer loop
      vertex 52.4911 40.1181 0
      vertex 37.5089 40.1181 0
      vertex 52.85 40.3579 0
    endloop
  endfacet
  facet normal 0 0 -1
    outer loop
      vertex 37.15 40.3579 0
      vertex 52.85 40.3579 0
      vertex 37.5089 40.1181 0
    endloop
  endfacet
  facet normal 0 0 -1
    outer loop
      vertex 36.7629 40.5488 0
      vertex 52.85 40.3579 0
      vertex 37.15 40.3579 0
    endloop
  endfacet
  facet normal 0 0 -1
    outer loop
      vertex 53.2371 40.5488 0
      vertex 36.7629 40.5488 0
      vertex 36.3541 40.6876 0
    endloop
  endfacet
  facet normal 0 0 -1
    outer loop
      vertex 53.6459 40.6876 0
      vertex 36.3541 40.6876 0
      vertex 15.6132 50.1024 0
    endloop
  endfacet
  facet normal 0 0 -1
    outer loop
      vertex 15.6132 50.1024 0
      vertex 36.3541 40.6876 0
      vertex 35.9307 40.7718 0
    endloop
  endfacet
  facet normal 0 0 -1
    outer loop
      vertex 15.8738 49.8738 0
      vertex 35.9307 40.7718 0
      vertex 35.5 40.8 0
    endloop
  endfacet
  facet normal 0 0 -1
    outer loop
      vertex 16.1024 49.6132 0
      vertex 35.5 40.8 0
      vertex 35.0693 40.7718 0
    endloop
  endfacet
  facet normal 0 0 -1
    outer loop
      vertex 16.295 49.325 0
      vertex 35.0693 40.7718 0
      vertex 34.6459 40.6876 0
    endloop
  endfacet
  facet normal 0 0 -1
    outer loop
      vertex 16.4483 49.0141 0
      vertex 34.6459 40.6876 0
      vertex 34.2371 40.5488 0
    endloop
  endfacet
  facet normal 0 0 -1
    outer loop
      vertex 32.2282 37.0693 0
      vertex 16.65 48 0
      vertex 32.2 37.5 0
    endloop
  endfacet
  facet normal 0 0 -1
    outer loop
      vertex 32.2 37.5 0
      vertex 16.65 48 0
      vertex 32.2282 37.9307 0
    endloop
  endfacet
  facet normal 0 0 -1
    outer loop
      vertex 32.2282 37.9307 0
      vertex 16.65 48 0
      vertex 32.3124 38.3541 0
    endloop
  endfacet
  facet normal 0 0 -1
    outer loop
      vertex 32.3124 38.3541 0
      vertex 16.65 48 0
      vertex 32.4512 38.7629 0
    endloop
  endfacet
  facet normal 0 0 -1
    outer loop
      vertex 32.4512 38.7629 0
      vertex 16.65 48 0
      vertex 32.6421 39.15 0
    endloop
  endfacet
  facet normal 0 0 -1
    outer loop
      vertex 16.65 48 0
      vertex 32.8819 39.5089 0
      vertex 32.6421 39.15 0
    endloop
  endfacet
  facet normal 0 0 -1
    outer loop
      vertex 16.65 48 0
      vertex 33.1665 39.8335 0
      vertex 32.8819 39.5089 0
    endloop
  endfacet
  facet normal 0 0 -1
    outer loop
      vertex 16.65 48 0
      vertex 33.4911 40.1181 0
      vertex 33.1665 39.8335 0
    endloop
  endfacet
  facet normal 0 0 -1
    outer loop
      vertex 16.6273 48.3459 0
      vertex 33.4911 40.1181 0
      vertex 16.65 48 0
    endloop
  endfacet
  facet normal 0 0 -1
    outer loop
      vertex 33.4911 40.1181 0
      vertex 16.6273 48.3459 0
      vertex 33.85 40.3579 0
    endloop
  endfacet
  facet normal 0 0 -1
    outer loop
      vertex 16.5597 48.6859 0
      vertex 33.85 40.3579 0
      vertex 16.6273 48.3459 0
    endloop
  endfacet
  facet normal 0 0 -1
    outer loop
      vertex 33.85 40.3579 0
      vertex 16.5597 48.6859 0
      vertex 34.2371 40.5488 0
    endloop
  endfacet
  facet normal 0 0 -1
    outer loop
      vertex 16.4483 49.0141 0
      vertex 34.2371 40.5488 0
      vertex 16.5597 48.6859 0
    endloop
  endfacet
  facet normal 0 0 -1
    outer loop
      vertex 34.6459 40.6876 0
      vertex 16.4483 49.0141 0
      vertex 16.295 49.325 0
    endloop
  endfacet
  facet normal 0 0 -1
    outer loop
      vertex 35.0693 40.7718 0
      vertex 16.295 49.325 0
      vertex 16.1024 49.6132 0
    endloop
  endfacet
  facet normal 0 0 -1
    outer loop
      vertex 35.5 40.8 0
      vertex 16.1024 49.6132 0
      vertex 15.8738 49.8738 0
    endloop
  endfacet
  facet normal 0 0 -1
    outer loop
      vertex 35.9307 40.7718 0
      vertex 15.8738 49.8738 0
      vertex 15.6132 50.1024 0
    endloop
  endfacet
  facet normal 0 0 -1
    outer loop
      vertex 15.325 50.295 0
      vertex 74.3868 50.1024 0
      vertex 15.6132 50.1024 0
    endloop
  endfacet
  facet normal 0 0 -1
    outer loop
      vertex 74.675 50.295 0
      vertex 15.325 50.295 0
      vertex 88 60 0
    endloop
  endfacet
  facet normal 0 0 -1
    outer loop
      vertex 2 60 0
      vertex 15.325 50.295 0
      vertex 15.0141 50.4483 0
    endloop
  endfacet
  facet normal 0 0 -1
    outer loop
      vertex 2 60 0
      vertex 15.0141 50.4483 0
      vertex 14.6859 50.5597 0
    endloop
  endfacet
  facet normal 0 0 -1
    outer loop
      vertex 2 60 0
      vertex 14.6859 50.5597 0
      vertex 14.3459 50.6273 0
    endloop
  endfacet
  facet normal 0 0 -1
    outer loop
      vertex 2 60 0
      vertex 14.3459 50.6273 0
      vertex 14 50.65 0
    endloop
  endfacet
  facet normal 0 0 -1
    outer loop
      vertex 2 60 0
      vertex 14 50.65 0
      vertex 13.6541 50.6273 0
    endloop
  endfacet
  facet normal 0 0 -1
    outer loop
      vertex 11.4403 47.3141 0
      vertex 0 58 0
      vertex 11.3727 47.6541 0
    endloop
  endfacet
  facet normal 0 0 -1
    outer loop
      vertex 15.325 50.295 0
      vertex 2 60 0
      vertex 88 60 0
    endloop
  endfacet
  facet normal 0 0 -1
    outer loop
      vertex 13.3141 50.5597 0
      vertex 2 60 0
      vertex 13.6541 50.6273 0
    endloop
  endfacet
  facet normal 0 0 -1
    outer loop
      vertex 12.9859 50.4483 0
      vertex 2 60 0
      vertex 13.3141 50.5597 0
    endloop
  endfacet
  facet normal 0 0 -1
    outer loop
      vertex 12.675 50.295 0
      vertex 2 60 0
      vertex 12.9859 50.4483 0
    endloop
  endfacet
  facet normal 0 0 -1
    outer loop
      vertex 12.3868 50.1024 0
      vertex 2 60 0
      vertex 12.675 50.295 0
    endloop
  endfacet
  facet normal 0 0 -1
    outer loop
      vertex 12.1262 49.8738 0
      vertex 2 60 0
      vertex 12.3868 50.1024 0
    endloop
  endfacet
  facet normal 0 0 -1
    outer loop
      vertex 11.8976 49.6132 0
      vertex 2 60 0
      vertex 12.1262 49.8738 0
    endloop
  endfacet
  facet normal 0 0 -1
    outer loop
      vertex 0 58 0
      vertex 11.8976 49.6132 0
      vertex 11.705 49.325 0
    endloop
  endfacet
  facet normal 0 0 -1
    outer loop
      vertex 0 58 0
      vertex 11.705 49.325 0
      vertex 11.5517 49.0141 0
    endloop
  endfacet
  facet normal 0 0 -1
    outer loop
      vertex 0 58 0
      vertex 11.5517 49.0141 0
      vertex 11.4403 48.6859 0
    endloop
  endfacet
  facet normal 0 0 -1
    outer loop
      vertex 0 58 0
      vertex 11.4403 48.6859 0
      vertex 11.3727 48.3459 0
    endloop
  endfacet
  facet normal 0 0 -1
    outer loop
      vertex 11.3727 47.6541 0
      vertex 0 58 0
      vertex 11.35 48 0
    endloop
  endfacet
  facet normal 0 0 -1
    outer loop
      vertex 0 2 0
      vertex 2 0 0
      vertex 1.73895 0.0171099 0
    endloop
  endfacet
  facet normal 0 0 -1
    outer loop
      vertex 11.35 48 0
      vertex 0 58 0
      vertex 11.3727 48.3459 0
    endloop
  endfacet
  facet normal 0 0 -1
    outer loop
      vertex 0 2 0
      vertex 1.73895 0.0171099 0
      vertex 1.48236 0.0681477 0
    endloop
  endfacet
  facet normal 0 0 -1
    outer loop
      vertex 11.8976 49.6132 0
      vertex 0 58 0
      vertex 2 60 0
    endloop
  endfacet
  facet normal 0 0 -1
    outer loop
      vertex 0 2 0
      vertex 1.48236 0.0681477 0
      vertex 1.23463 0.152241 0
    endloop
  endfacet
  facet normal 0 0 -1
    outer loop
      vertex 2 60 0
      vertex 0 58 0
      vertex 1.73895 59.9829 0
    endloop
  endfacet
  facet normal 0 0 -1
    outer loop
      vertex 0 2 0
      vertex 1.23463 0.152241 0
      vertex 1 0.267949 0
    endloop
  endfacet
  facet normal 0 0 -1
    outer loop
      vertex 1.73895 59.9829 0
      vertex 0 58 0
      vertex 1.48236 59.9319 0
    endloop
  endfacet
  facet normal 0 0 -1
    outer loop
      vertex 0 2 0
      vertex 1 0.267949 0
      vertex 0.782476 0.413293 0
    endloop
  endfacet
  facet normal 0 0 -1
    outer loop
      vertex 1.48236 59.9319 0
      vertex 0 58 0
      vertex 1.23463 59.8478 0
    endloop
  endfacet
  facet normal 0 0 -1
    outer loop
      vertex 0 2 0
      vertex 0.782476 0.413293 0
      vertex 0.585786 0.585786 0
    endloop
  endfacet
  facet normal 0 0 -1
    outer loop
      vertex 1.23463 59.8478 0
      vertex 0 58 0
      vertex 1 59.732 0
    endloop
  endfacet
  facet normal 0 0 -1
    outer loop
      vertex 0 2 0
      vertex 0.585786 0.585786 0
      vertex 0.413293 0.782476 0
    endloop
  endfacet
  facet normal 0 0 -1
    outer loop
      vertex 1 59.732 0
      vertex 0 58 0
      vertex 0.782476 59.5867 0
    endloop
  endfacet
  facet normal 0 0 -1
    outer loop
      vertex 0 2 0
      vertex 0.413293 0.782476 0
      vertex 0.267949 1 0
    endloop
  endfacet
  facet normal 0 0 -1
    outer loop
      vertex 0.782476 59.5867 0
      vertex 0 58 0
      vertex 0.585786 59.4142 0
    endloop
  endfacet
  facet normal 0 0 -1
    outer loop
      vertex 0 2 0
      vertex 0.267949 1 0
      vertex 0.152241 1.23463 0
    endloop
  endfacet
  facet normal 0 0 -1
    outer loop
      vertex 0.585786 59.4142 0
      vertex 0 58 0
      vertex 0.413293 59.2175 0
    endloop
  endfacet
  facet normal 0 0 -1
    outer loop
      vertex 0 2 0
      vertex 0.152241 1.23463 0
      vertex 0.0681477 1.48236 0
    endloop
  endfacet
  facet normal 0 0 -1
    outer loop
      vertex 0.413293 59.2175 0
      vertex 0 58 0
      vertex 0.267949 59 0
    endloop
  endfacet
  facet normal 0 0 -1
    outer loop
      vertex 0 2 0
      vertex 0.0681477 1.48236 0
      vertex 0.0171099 1.73895 0
    endloop
  endfacet
  facet normal 0 0 -1
    outer loop
      vertex 0.267949 59 0
      vertex 0 58 0
      vertex 0.152241 58.7654 0
    endloop
  endfacet
  facet normal 0 0 -1
    outer loop
      vertex 0.152241 58.7654 0
      vertex 0 58 0
      vertex 0.0681477 58.5176 0
    endloop
  endfacet
  facet normal 0 0 -1
    outer loop
      vertex 0.0681477 58.5176 0
      vertex 0 58 0
      vertex 0.0171099 58.2611 0
    endloop
  endfacet
  facet normal -0 0 1
    outer loop
      vertex 15.6132 45.8976 8
      vertex 32.2282 37.9307 8
      vertex 15.8738 46.1262 8
    endloop
  endfacet
  facet normal 0 0 1
    outer loop
      vertex 32.4512 23.7629 8
      vertex 16.6273 12.3459 8
      vertex 16.65 12 8
    endloop
  endfacet
  facet normal 0 0 1
    outer loop
      vertex 32.2282 37.9307 8
      vertex 15.6132 45.8976 8
      vertex 32.2 37.5 8
    endloop
  endfacet
  facet normal 0 0 1
    outer loop
      vertex 32.4512 23.7629 8
      vertex 16.5597 12.6859 8
      vertex 16.6273 12.3459 8
    endloop
  endfacet
  facet normal -0 0 1
    outer loop
      vertex 15.325 45.705 8
      vertex 32.2 37.5 8
      vertex 15.6132 45.8976 8
    endloop
  endfacet
  facet normal 0 0 1
    outer loop
      vertex 32.4512 23.7629 8
      vertex 16.4483 13.0141 8
      vertex 16.5597 12.6859 8
    endloop
  endfacet
  facet normal 0 0 1
    outer loop
      vertex 32.2 37.5 8
      vertex 15.325 45.705 8
      vertex 32.2282 37.0693 8
    endloop
  endfacet
  facet normal 0 0 1
    outer loop
      vertex 32.4512 23.7629 8
      vertex 16.295 13.325 8
      vertex 16.4483 13.0141 8
    endloop
  endfacet
  facet normal -0 0 1
    outer loop
      vertex 15.0141 45.5517 8
      vertex 32.2282 37.0693 8
      vertex 15.325 45.705 8
    endloop
  endfacet
  facet normal 0 0 1
    outer loop
      vertex 32.4512 23.7629 8
      vertex 16.1024 13.6132 8
      vertex 16.295 13.325 8
    endloop
  endfacet
  facet normal 0 0 1
    outer loop
      vertex 32.2282 37.0693 8
      vertex 15.0141 45.5517 8
      vertex 32.3124 36.6459 8
    endloop
  endfacet
  facet normal 0 0 1
    outer loop
      vertex 32.4512 23.7629 8
      vertex 15.8738 13.8738 8
      vertex 16.1024 13.6132 8
    endloop
  endfacet
  facet normal -0 0 1
    outer loop
      vertex 14.6859 45.4403 8
      vertex 32.3124 36.6459 8
      vertex 15.0141 45.5517 8
    endloop
  endfacet
  facet normal 0 0 1
    outer loop
      vertex 32.4512 23.7629 8
      vertex 15.6132 14.1024 8
      vertex 15.8738 13.8738 8
    endloop
  endfacet
  facet normal 0 0 1
    outer loop
      vertex 32.3124 36.6459 8
      vertex 14.6859 45.4403 8
      vertex 32.4512 36.2371 8
    endloop
  endfacet
  facet normal 0 0 1
    outer loop
      vertex 32.4512 23.7629 8
      vertex 15.325 14.295 8
      vertex 15.6132 14.1024 8
    endloop
  endfacet
  facet normal 0 0 1
    outer loop
      vertex 32.4512 36.2371 8
      vertex 14.6859 45.4403 8
      vertex 32.4512 23.7629 8
    endloop
  endfacet
  facet normal 0 0 1
    outer loop
      vertex 32.4512 23.7629 8
      vertex 15.0141 14.4483 8
      vertex 15.325 14.295 8
    endloop
  endfacet
  facet normal 0 0 1
    outer loop
      vertex 14.6859 14.5597 8
      vertex 32.4512 23.7629 8
      vertex 14.6859 45.4403 8
    endloop
  endfacet
  facet normal 0 0 1
    outer loop
      vertex 32.4512 23.7629 8
      vertex 14.6859 14.5597 8
      vertex 15.0141 14.4483 8
    endloop
  endfacet
  facet normal -0 0 1
    outer loop
      vertex 14.3459 45.3727 8
      vertex 14.6859 14.5597 8
      vertex 14.6859 45.4403 8
    endloop
  endfacet
  facet normal 0 0 1
    outer loop
      vertex 14.3459 45.3727 8
      vertex 14.3459 14.6273 8
      vertex 14.6859 14.5597 8
    endloop
  endfacet
  facet normal -0 0 1
    outer loop
      vertex 14 45.35 8
      vertex 14.3459 14.6273 8
      vertex 14.3459 45.3727 8
    endloop
  endfacet
  facet normal 0 0 1
    outer loop
      vertex 14 45.35 8
      vertex 14 14.65 8
      vertex 14.3459 14.6273 8
    endloop
  endfacet
  facet normal 0 0 1
    outer loop
      vertex 13.6541 45.3727 8
      vertex 14 14.65 8
      vertex 14 45.35 8
    endloop
  endfacet
  facet normal 0 0 1
    outer loop
      vertex 13.6541 45.3727 8
      vertex 13.6541 14.6273 8
      vertex 14 14.65 8
    endloop
  endfacet
  facet normal 0 0 1
    outer loop
      vertex 13.3141 45.4403 8
      vertex 13.6541 14.6273 8
      vertex 13.6541 45.3727 8
    endloop
  endfacet
  facet normal 0 0 1
    outer loop
      vertex 13.3141 45.4403 8
      vertex 13.3141 14.5597 8
      vertex 13.6541 14.6273 8
    endloop
  endfacet
  facet normal 0 0 1
    outer loop
      vertex 12.9859 45.5517 8
      vertex 13.3141 14.5597 8
      vertex 13.3141 45.4403 8
    endloop
  endfacet
  facet normal 0 0 1
    outer loop
      vertex 12.9859 45.5517 8
      vertex 12.9859 14.4483 8
      vertex 13.3141 14.5597 8
    endloop
  endfacet
  facet normal 0 0 1
    outer loop
      vertex 12.675 45.705 8
      vertex 12.9859 14.4483 8
      vertex 12.9859 45.5517 8
    endloop
  endfacet
  facet normal 0 0 1
    outer loop
      vertex 12.675 45.705 8
      vertex 12.675 14.295 8
      vertex 12.9859 14.4483 8
    endloop
  endfacet
  facet normal 0 0 1
    outer loop
      vertex 12.3868 45.8976 8
      vertex 12.675 14.295 8
      vertex 12.675 45.705 8
    endloop
  endfacet
  facet normal 0 0 1
    outer loop
      vertex 12.3868 45.8976 8
      vertex 12.3868 14.1024 8
      vertex 12.675 14.295 8
    endloop
  endfacet
  facet normal 0 0 1
    outer loop
      vertex 12.1262 46.1262 8
      vertex 12.3868 14.1024 8
      vertex 12.3868 45.8976 8
    endloop
  endfacet
  facet normal 0 0 1
    outer loop
      vertex 12.1262 46.1262 8
      vertex 12.1262 13.8738 8
      vertex 12.3868 14.1024 8
    endloop
  endfacet
  facet normal 0 0 1
    outer loop
      vertex 11.8976 46.3868 8
      vertex 12.1262 13.8738 8
      vertex 12.1262 46.1262 8
    endloop
  endfacet
  facet normal 0 0 1
    outer loop
      vertex 11.8976 46.3868 8
      vertex 11.8976 13.6132 8
      vertex 12.1262 13.8738 8
    endloop
  endfacet
  facet normal 0 0 1
    outer loop
      vertex 11.705 46.675 8
      vertex 11.8976 13.6132 8
      vertex 11.8976 46.3868 8
    endloop
  endfacet
  facet normal 0 0 1
    outer loop
      vertex 11.705 46.675 8
      vertex 11.705 13.325 8
      vertex 11.8976 13.6132 8
    endloop
  endfacet
  facet normal 0 0 1
    outer loop
      vertex 0 58 8
      vertex 11.705 46.675 8
      vertex 11.5517 46.9859 8
    endloop
  endfacet
  facet normal 0 0 1
    outer loop
      vertex 11.705 46.675 8
      vertex 0 58 8
      vertex 11.705 13.325 8
    endloop
  endfacet
  facet normal 0 0 1
    outer loop
      vertex 0 58 8
      vertex 11.5517 46.9859 8
      vertex 11.4403 47.3141 8
    endloop
  endfacet
  facet normal 0 0 1
    outer loop
      vertex 0 2 8
      vertex 11.705 13.325 8
      vertex 0 58 8
    endloop
  endfacet
  facet normal 0 0 1
    outer loop
      vertex 0 58 8
      vertex 11.4403 47.3141 8
      vertex 11.3727 47.6541 8
    endloop
  endfacet
  facet normal 0 0 1
    outer loop
      vertex 11.705 13.325 8
      vertex 0 2 8
      vertex 11.5517 13.0141 8
    endloop
  endfacet
  facet normal 0 0 1
    outer loop
      vertex 0 58 8
      vertex 11.3727 47.6541 8
      vertex 11.35 48 8
    endloop
  endfacet
  facet normal 0 0 1
    outer loop
      vertex 11.5517 13.0141 8
      vertex 0 2 8
      vertex 11.4403 12.6859 8
    endloop
  endfacet
  facet normal 0 0 1
    outer loop
      vertex 38.3579 35.85 8
      vertex 51.6421 35.85 8
      vertex 38.5488 36.2371 8
    endloop
  endfacet
  facet normal 0 0 1
    outer loop
      vertex 51.8819 24.5089 8
      vertex 38.7718 22.9307 8
      vertex 38.8 22.5 8
    endloop
  endfacet
  facet normal 0 0 1
    outer loop
      vertex 51.6421 35.85 8
      vertex 38.3579 35.85 8
      vertex 51.8819 35.4911 8
    endloop
  endfacet
  facet normal 0 0 1
    outer loop
      vertex 51.8819 24.5089 8
      vertex 38.6876 23.3541 8
      vertex 38.7718 22.9307 8
    endloop
  endfacet
  facet normal 0 0 1
    outer loop
      vertex 38.1181 35.4911 8
      vertex 51.8819 35.4911 8
      vertex 38.3579 35.85 8
    endloop
  endfacet
  facet normal 0 0 1
    outer loop
      vertex 51.8819 24.5089 8
      vertex 38.5488 23.7629 8
      vertex 38.6876 23.3541 8
    endloop
  endfacet
  facet normal 0 0 1
    outer loop
      vertex 51.8819 35.4911 8
      vertex 38.1181 35.4911 8
      vertex 51.8819 24.5089 8
    endloop
  endfacet
  facet normal 0 0 1
    outer loop
      vertex 51.8819 24.5089 8
      vertex 38.3579 24.15 8
      vertex 38.5488 23.7629 8
    endloop
  endfacet
  facet normal 0 0 1
    outer loop
      vertex 38.1181 24.5089 8
      vertex 51.8819 24.5089 8
      vertex 38.1181 35.4911 8
    endloop
  endfacet
  facet normal 0 0 1
    outer loop
      vertex 51.8819 24.5089 8
      vertex 38.1181 24.5089 8
      vertex 38.3579 24.15 8
    endloop
  endfacet
  facet normal -0 0 1
    outer loop
      vertex 37.8335 35.1665 8
      vertex 38.1181 24.5089 8
      vertex 38.1181 35.4911 8
    endloop
  endfacet
  facet normal 0 0 1
    outer loop
      vertex 37.8335 35.1665 8
      vertex 37.8335 24.8335 8
      vertex 38.1181 24.5089 8
    endloop
  endfacet
  facet normal -0 0 1
    outer loop
      vertex 37.5089 34.8819 8
      vertex 37.8335 24.8335 8
      vertex 37.8335 35.1665 8
    endloop
  endfacet
  facet normal 0 0 1
    outer loop
      vertex 37.5089 34.8819 8
      vertex 37.5089 25.1181 8
      vertex 37.8335 24.8335 8
    endloop
  endfacet
  facet normal -0 0 1
    outer loop
      vertex 37.15 34.6421 8
      vertex 37.5089 25.1181 8
      vertex 37.5089 34.8819 8
    endloop
  endfacet
  facet normal 0 0 1
    outer loop
      vertex 37.15 34.6421 8
      vertex 37.15 25.3579 8
      vertex 37.5089 25.1181 8
    endloop
  endfacet
  facet normal -0 0 1
    outer loop
      vertex 36.7629 34.4512 8
      vertex 37.15 25.3579 8
      vertex 37.15 34.6421 8
    endloop
  endfacet
  facet normal 0 0 1
    outer loop
      vertex 36.7629 34.4512 8
      vertex 36.7629 25.5488 8
      vertex 37.15 25.3579 8
    endloop
  endfacet
  facet normal -0 0 1
    outer loop
      vertex 36.3541 34.3124 8
      vertex 36.7629 25.5488 8
      vertex 36.7629 34.4512 8
    endloop
  endfacet
  facet normal 0 0 1
    outer loop
      vertex 36.3541 34.3124 8
      vertex 36.3541 25.6876 8
      vertex 36.7629 25.5488 8
    endloop
  endfacet
  facet normal -0 0 1
    outer loop
      vertex 35.9307 34.2282 8
      vertex 36.3541 25.6876 8
      vertex 36.3541 34.3124 8
    endloop
  endfacet
  facet normal 0 0 1
    outer loop
      vertex 35.9307 34.2282 8
      vertex 35.9307 25.7718 8
      vertex 36.3541 25.6876 8
    endloop
  endfacet
  facet normal -0 0 1
    outer loop
      vertex 35.5 34.2 8
      vertex 35.9307 25.7718 8
      vertex 35.9307 34.2282 8
    endloop
  endfacet
  facet normal 0 0 1
    outer loop
      vertex 35.5 34.2 8
      vertex 35.5 25.8 8
      vertex 35.9307 25.7718 8
    endloop
  endfacet
  facet normal 0 0 1
    outer loop
      vertex 35.0693 34.2282 8
      vertex 35.5 25.8 8
      vertex 35.5 34.2 8
    endloop
  endfacet
  facet normal 0 0 1
    outer loop
      vertex 35.0693 34.2282 8
      vertex 35.0693 25.7718 8
      vertex 35.5 25.8 8
    endloop
  endfacet
  facet normal 0 0 1
    outer loop
      vertex 34.6459 34.3124 8
      vertex 35.0693 25.7718 8
      vertex 35.0693 34.2282 8
    endloop
  endfacet
  facet normal 0 0 1
    outer loop
      vertex 34.6459 34.3124 8
      vertex 34.6459 25.6876 8
      vertex 35.0693 25.7718 8
    endloop
  endfacet
  facet normal 0 0 1
    outer loop
      vertex 34.2371 34.4512 8
      vertex 34.6459 25.6876 8
      vertex 34.6459 34.3124 8
    endloop
  endfacet
  facet normal 0 0 1
    outer loop
      vertex 34.2371 34.4512 8
      vertex 34.2371 25.5488 8
      vertex 34.6459 25.6876 8
    endloop
  endfacet
  facet normal 0 0 1
    outer loop
      vertex 33.85 34.6421 8
      vertex 34.2371 25.5488 8
      vertex 34.2371 34.4512 8
    endloop
  endfacet
  facet normal 0 0 1
    outer loop
      vertex 33.85 34.6421 8
      vertex 33.85 25.3579 8
      vertex 34.2371 25.5488 8
    endloop
  endfacet
  facet normal 0 0 1
    outer loop
      vertex 33.4911 34.8819 8
      vertex 33.85 25.3579 8
      vertex 33.85 34.6421 8
    endloop
  endfacet
  facet normal 0 0 1
    outer loop
      vertex 33.4911 34.8819 8
      vertex 33.4911 25.1181 8
      vertex 33.85 25.3579 8
    endloop
  endfacet
  facet normal 0 0 1
    outer loop
      vertex 33.1665 35.1665 8
      vertex 33.4911 25.1181 8
      vertex 33.4911 34.8819 8
    endloop
  endfacet
  facet normal 0 0 1
    outer loop
      vertex 33.1665 35.1665 8
      vertex 33.1665 24.8335 8
      vertex 33.4911 25.1181 8
    endloop
  endfacet
  facet normal 0 0 1
    outer loop
      vertex 32.8819 35.4911 8
      vertex 33.1665 24.8335 8
      vertex 33.1665 35.1665 8
    endloop
  endfacet
  facet normal 0 0 1
    outer loop
      vertex 32.8819 35.4911 8
      vertex 32.8819 24.5089 8
      vertex 33.1665 24.8335 8
    endloop
  endfacet
  facet normal 0 0 1
    outer loop
      vertex 32.6421 35.85 8
      vertex 32.8819 24.5089 8
      vertex 32.8819 35.4911 8
    endloop
  endfacet
  facet normal 0 0 1
    outer loop
      vertex 32.6421 35.85 8
      vertex 32.6421 24.15 8
      vertex 32.8819 24.5089 8
    endloop
  endfacet
  facet normal 0 0 1
    outer loop
      vertex 32.4512 36.2371 8
      vertex 32.6421 24.15 8
      vertex 32.6421 35.85 8
    endloop
  endfacet
  facet normal 0 0 1
    outer loop
      vertex 32.4512 36.2371 8
      vertex 32.4512 23.7629 8
      vertex 32.6421 24.15 8
    endloop
  endfacet
  facet normal -0 0 1
    outer loop
      vertex 16.1024 46.3868 8
      vertex 32.3124 38.3541 8
      vertex 16.295 46.675 8
    endloop
  endfacet
  facet normal 0 0 1
    outer loop
      vertex 32.3124 38.3541 8
      vertex 16.1024 46.3868 8
      vertex 32.2282 37.9307 8
    endloop
  endfacet
  facet normal 0 0 1
    outer loop
      vertex 32.4512 38.7629 8
      vertex 16.295 46.675 8
      vertex 32.3124 38.3541 8
    endloop
  endfacet
  facet normal -0 0 1
    outer loop
      vertex 15.8738 46.1262 8
      vertex 32.2282 37.9307 8
      vertex 16.1024 46.3868 8
    endloop
  endfacet
  facet normal -0 0 1
    outer loop
      vertex 16.295 46.675 8
      vertex 32.4512 38.7629 8
      vertex 16.4483 46.9859 8
    endloop
  endfacet
  facet normal 0 0 1
    outer loop
      vertex 32.4512 23.7629 8
      vertex 16.65 12 8
      vertex 32.3124 23.3541 8
    endloop
  endfacet
  facet normal 0 0 1
    outer loop
      vertex 57.5488 36.2371 8
      vertex 75.3141 45.4403 8
      vertex 57.6876 36.6459 8
    endloop
  endfacet
  facet normal 0 0 1
    outer loop
      vertex 75.3141 14.5597 8
      vertex 57.7718 22.9307 8
      vertex 57.8 22.5 8
    endloop
  endfacet
  facet normal 0 0 1
    outer loop
      vertex 75.3141 45.4403 8
      vertex 57.5488 36.2371 8
      vertex 75.3141 14.5597 8
    endloop
  endfacet
  facet normal 0 0 1
    outer loop
      vertex 75.3141 14.5597 8
      vertex 57.6876 23.3541 8
      vertex 57.7718 22.9307 8
    endloop
  endfacet
  facet normal -0 0 1
    outer loop
      vertex 57.5488 23.7629 8
      vertex 75.3141 14.5597 8
      vertex 57.5488 36.2371 8
    endloop
  endfacet
  facet normal 0 0 1
    outer loop
      vertex 75.3141 14.5597 8
      vertex 57.5488 23.7629 8
      vertex 57.6876 23.3541 8
    endloop
  endfacet
  facet normal -0 0 1
    outer loop
      vertex 57.3579 35.85 8
      vertex 57.5488 23.7629 8
      vertex 57.5488 36.2371 8
    endloop
  endfacet
  facet normal 0 0 1
    outer loop
      vertex 57.3579 35.85 8
      vertex 57.3579 24.15 8
      vertex 57.5488 23.7629 8
    endloop
  endfacet
  facet normal -0 0 1
    outer loop
      vertex 57.1181 35.4911 8
      vertex 57.3579 24.15 8
      vertex 57.3579 35.85 8
    endloop
  endfacet
  facet normal 0 0 1
    outer loop
      vertex 57.1181 35.4911 8
      vertex 57.1181 24.5089 8
      vertex 57.3579 24.15 8
    endloop
  endfacet
  facet normal -0 0 1
    outer loop
      vertex 56.8335 35.1665 8
      vertex 57.1181 24.5089 8
      vertex 57.1181 35.4911 8
    endloop
  endfacet
  facet normal 0 0 1
    outer loop
      vertex 56.8335 35.1665 8
      vertex 56.8335 24.8335 8
      vertex 57.1181 24.5089 8
    endloop
  endfacet
  facet normal -0 0 1
    outer loop
      vertex 56.5089 34.8819 8
      vertex 56.8335 24.8335 8
      vertex 56.8335 35.1665 8
    endloop
  endfacet
  facet normal 0 0 1
    outer loop
      vertex 56.5089 34.8819 8
      vertex 56.5089 25.1181 8
      vertex 56.8335 24.8335 8
    endloop
  endfacet
  facet normal -0 0 1
    outer loop
      vertex 56.15 34.6421 8
      vertex 56.5089 25.1181 8
      vertex 56.5089 34.8819 8
    endloop
  endfacet
  facet normal 0 0 1
    outer loop
      vertex 56.15 34.6421 8
      vertex 56.15 25.3579 8
      vertex 56.5089 25.1181 8
    endloop
  endfacet
  facet normal -0 0 1
    outer loop
      vertex 55.7629 34.4512 8
      vertex 56.15 25.3579 8
      vertex 56.15 34.6421 8
    endloop
  endfacet
  facet normal 0 0 1
    outer loop
      vertex 55.7629 34.4512 8
      vertex 55.7629 25.5488 8
      vertex 56.15 25.3579 8
    endloop
  endfacet
  facet normal -0 0 1
    outer loop
      vertex 55.3541 34.3124 8
      vertex 55.7629 25.5488 8
      vertex 55.7629 34.4512 8
    endloop
  endfacet
  facet normal 0 0 1
    outer loop
      vertex 55.3541 34.3124 8
      vertex 55.3541 25.6876 8
      vertex 55.7629 25.5488 8
    endloop
  endfacet
  facet normal -0 0 1
    outer loop
      vertex 54.9307 34.2282 8
      vertex 55.3541 25.6876 8
      vertex 55.3541 34.3124 8
    endloop
  endfacet
  facet normal 0 0 1
    outer loop
      vertex 54.9307 34.2282 8
      vertex 54.9307 25.7718 8
      vertex 55.3541 25.6876 8
    endloop
  endfacet
  facet normal -0 0 1
    outer loop
      vertex 54.5 34.2 8
      vertex 54.9307 25.7718 8
      vertex 54.9307 34.2282 8
    endloop
  endfacet
  facet normal 0 0 1
    outer loop
      vertex 54.5 34.2 8
      vertex 54.5 25.8 8
      vertex 54.9307 25.7718 8
    endloop
  endfacet
  facet normal 0 0 1
    outer loop
      vertex 54.0693 34.2282 8
      vertex 54.5 25.8 8
      vertex 54.5 34.2 8
    endloop
  endfacet
  facet normal 0 0 1
    outer loop
      vertex 54.0693 34.2282 8
      vertex 54.0693 25.7718 8
      vertex 54.5 25.8 8
    endloop
  endfacet
  facet normal 0 0 1
    outer loop
      vertex 53.6459 34.3124 8
      vertex 54.0693 25.7718 8
      vertex 54.0693 34.2282 8
    endloop
  endfacet
  facet normal 0 0 1
    outer loop
      vertex 53.6459 34.3124 8
      vertex 53.6459 25.6876 8
      vertex 54.0693 25.7718 8
    endloop
  endfacet
  facet normal 0 0 1
    outer loop
      vertex 53.2371 34.4512 8
      vertex 53.6459 25.6876 8
      vertex 53.6459 34.3124 8
    endloop
  endfacet
  facet normal 0 0 1
    outer loop
      vertex 53.2371 34.4512 8
      vertex 53.2371 25.5488 8
      vertex 53.6459 25.6876 8
    endloop
  endfacet
  facet normal 0 0 1
    outer loop
      vertex 52.85 34.6421 8
      vertex 53.2371 25.5488 8
      vertex 53.2371 34.4512 8
    endloop
  endfacet
  facet normal 0 0 1
    outer loop
      vertex 52.85 34.6421 8
      vertex 52.85 25.3579 8
      vertex 53.2371 25.5488 8
    endloop
  endfacet
  facet normal 0 0 1
    outer loop
      vertex 52.4911 34.8819 8
      vertex 52.85 25.3579 8
      vertex 52.85 34.6421 8
    endloop
  endfacet
  facet normal 0 0 1
    outer loop
      vertex 52.4911 34.8819 8
      vertex 52.4911 25.1181 8
      vertex 52.85 25.3579 8
    endloop
  endfacet
  facet normal 0 0 1
    outer loop
      vertex 52.1665 35.1665 8
      vertex 52.4911 25.1181 8
      vertex 52.4911 34.8819 8
    endloop
  endfacet
  facet normal 0 0 1
    outer loop
      vertex 52.1665 35.1665 8
      vertex 52.1665 24.8335 8
      vertex 52.4911 25.1181 8
    endloop
  endfacet
  facet normal 0 0 1
    outer loop
      vertex 51.8819 35.4911 8
      vertex 52.1665 24.8335 8
      vertex 52.1665 35.1665 8
    endloop
  endfacet
  facet normal 0 0 1
    outer loop
      vertex 51.8819 35.4911 8
      vertex 51.8819 24.5089 8
      vertex 52.1665 24.8335 8
    endloop
  endfacet
  facet normal 0 0 1
    outer loop
      vertex 51.3124 36.6459 8
      vertex 38.6876 36.6459 8
      vertex 51.4512 36.2371 8
    endloop
  endfacet
  facet normal 0 0 1
    outer loop
      vertex 38.5488 36.2371 8
      vertex 51.4512 36.2371 8
      vertex 38.6876 36.6459 8
    endloop
  endfacet
  facet normal 0 0 1
    outer loop
      vertex 38.6876 36.6459 8
      vertex 51.3124 36.6459 8
      vertex 38.7718 37.0693 8
    endloop
  endfacet
  facet normal 0 0 1
    outer loop
      vertex 51.4512 36.2371 8
      vertex 38.5488 36.2371 8
      vertex 51.6421 35.85 8
    endloop
  endfacet
  facet normal 0 0 1
    outer loop
      vertex 51.2282 37.0693 8
      vertex 38.7718 37.0693 8
      vertex 51.3124 36.6459 8
    endloop
  endfacet
  facet normal 0 0 1
    outer loop
      vertex 51.8819 24.5089 8
      vertex 38.8 22.5 8
      vertex 51.6421 24.15 8
    endloop
  endfacet
  facet normal 0 0 1
    outer loop
      vertex 38.7718 37.0693 8
      vertex 51.2282 37.0693 8
      vertex 38.8 37.5 8
    endloop
  endfacet
  facet normal 0 0 1
    outer loop
      vertex 51.6421 24.15 8
      vertex 38.8 22.5 8
      vertex 51.4512 23.7629 8
    endloop
  endfacet
  facet normal -0 0 1
    outer loop
      vertex 38.8 37.5 8
      vertex 51.2282 37.0693 8
      vertex 51.2 37.5 8
    endloop
  endfacet
  facet normal 0 0 1
    outer loop
      vertex 51.4512 23.7629 8
      vertex 38.8 22.5 8
      vertex 51.3124 23.3541 8
    endloop
  endfacet
  facet normal 0 0 1
    outer loop
      vertex 78.4483 46.9859 8
      vertex 90 58 8
      vertex 78.5597 47.3141 8
    endloop
  endfacet
  facet normal 0 0 1
    outer loop
      vertex 90 2 8
      vertex 78.6273 12.3459 8
      vertex 78.65 12 8
    endloop
  endfacet
  facet normal 0 0 1
    outer loop
      vertex 78.295 46.675 8
      vertex 90 58 8
      vertex 78.4483 46.9859 8
    endloop
  endfacet
  facet normal 0 0 1
    outer loop
      vertex 90 2 8
      vertex 78.5597 12.6859 8
      vertex 78.6273 12.3459 8
    endloop
  endfacet
  facet normal 0 0 1
    outer loop
      vertex 90 58 8
      vertex 78.295 46.675 8
      vertex 90 2 8
    endloop
  endfacet
  facet normal 0 0 1
    outer loop
      vertex 90 2 8
      vertex 78.4483 13.0141 8
      vertex 78.5597 12.6859 8
    endloop
  endfacet
  facet normal -0 0 1
    outer loop
      vertex 78.295 13.325 8
      vertex 90 2 8
      vertex 78.295 46.675 8
    endloop
  endfacet
  facet normal 0 0 1
    outer loop
      vertex 90 2 8
      vertex 78.295 13.325 8
      vertex 78.4483 13.0141 8
    endloop
  endfacet
  facet normal -0 0 1
    outer loop
      vertex 78.1024 46.3868 8
      vertex 78.295 13.325 8
      vertex 78.295 46.675 8
    endloop
  endfacet
  facet normal 0 0 1
    outer loop
      vertex 78.1024 46.3868 8
      vertex 78.1024 13.6132 8
      vertex 78.295 13.325 8
    endloop
  endfacet
  facet normal -0 0 1
    outer loop
      vertex 77.8738 46.1262 8
      vertex 78.1024 13.6132 8
      vertex 78.1024 46.3868 8
    endloop
  endfacet
  facet normal 0 0 1
    outer loop
      vertex 77.8738 46.1262 8
      vertex 77.8738 13.8738 8
      vertex 78.1024 13.6132 8
    endloop
  endfacet
  facet normal -0 0 1
    outer loop
      vertex 77.6132 45.8976 8
      vertex 77.8738 13.8738 8
      vertex 77.8738 46.1262 8
    endloop
  endfacet
  facet normal 0 0 1
    outer loop
      vertex 77.6132 45.8976 8
      vertex 77.6132 14.1024 8
      vertex 77.8738 13.8738 8
    endloop
  endfacet
  facet normal -0 0 1
    outer loop
      vertex 77.325 45.705 8
      vertex 77.6132 14.1024 8
      vertex 77.6132 45.8976 8
    endloop
  endfacet
  facet normal 0 0 1
    outer loop
      vertex 77.325 45.705 8
      vertex 77.325 14.295 8
      vertex 77.6132 14.1024 8
    endloop
  endfacet
  facet normal -0 0 1
    outer loop
      vertex 77.0141 45.5517 8
      vertex 77.325 14.295 8
      vertex 77.325 45.705 8
    endloop
  endfacet
  facet normal 0 0 1
    outer loop
      vertex 77.0141 45.5517 8
      vertex 77.0141 14.4483 8
      vertex 77.325 14.295 8
    endloop
  endfacet
  facet normal -0 0 1
    outer loop
      vertex 76.6859 45.4403 8
      vertex 77.0141 14.4483 8
      vertex 77.0141 45.5517 8
    endloop
  endfacet
  facet normal 0 0 1
    outer loop
      vertex 76.6859 45.4403 8
      vertex 76.6859 14.5597 8
      vertex 77.0141 14.4483 8
    endloop
  endfacet
  facet normal -0 0 1
    outer loop
      vertex 76.3459 45.3727 8
      vertex 76.6859 14.5597 8
      vertex 76.6859 45.4403 8
    endloop
  endfacet
  facet normal 0 0 1
    outer loop
      vertex 76.3459 45.3727 8
      vertex 76.3459 14.6273 8
      vertex 76.6859 14.5597 8
    endloop
  endfacet
  facet normal -0 0 1
    outer loop
      vertex 76 45.35 8
      vertex 76.3459 14.6273 8
      vertex 76.3459 45.3727 8
    endloop
  endfacet
  facet normal 0 0 1
    outer loop
      vertex 76 45.35 8
      vertex 76 14.65 8
      vertex 76.3459 14.6273 8
    endloop
  endfacet
  facet normal 0 0 1
    outer loop
      vertex 75.6541 45.3727 8
      vertex 76 14.65 8
      vertex 76 45.35 8
    endloop
  endfacet
  facet normal 0 0 1
    outer loop
      vertex 75.6541 45.3727 8
      vertex 75.6541 14.6273 8
      vertex 76 14.65 8
    endloop
  endfacet
  facet normal 0 0 1
    outer loop
      vertex 75.3141 45.4403 8
      vertex 75.6541 14.6273 8
      vertex 75.6541 45.3727 8
    endloop
  endfacet
  facet normal 0 0 1
    outer loop
      vertex 75.3141 45.4403 8
      vertex 75.3141 14.5597 8
      vertex 75.6541 14.6273 8
    endloop
  endfacet
  facet normal 0 0 1
    outer loop
      vertex 74.675 45.705 8
      vertex 57.7718 37.0693 8
      vertex 74.9859 45.5517 8
    endloop
  endfacet
  facet normal 0 0 1
    outer loop
      vertex 57.6876 36.6459 8
      vertex 74.9859 45.5517 8
      vertex 57.7718 37.0693 8
    endloop
  endfacet
  facet normal 0 0 1
    outer loop
      vertex 57.7718 37.0693 8
      vertex 74.675 45.705 8
      vertex 57.8 37.5 8
    endloop
  endfacet
  facet normal 0 0 1
    outer loop
      vertex 74.9859 45.5517 8
      vertex 57.6876 36.6459 8
      vertex 75.3141 45.4403 8
    endloop
  endfacet
  facet normal 0 0 1
    outer loop
      vertex 57.8 37.5 8
      vertex 74.675 45.705 8
      vertex 74.3868 45.8976 8
    endloop
  endfacet
  facet normal 0 0 1
    outer loop
      vertex 75.3141 14.5597 8
      vertex 57.8 22.5 8
      vertex 74.9859 14.4483 8
    endloop
  endfacet
  facet normal 0 0 1
    outer loop
      vertex 57.7718 37.9307 8
      vertex 74.3868 45.8976 8
      vertex 74.1262 46.1262 8
    endloop
  endfacet
  facet normal 0 0 1
    outer loop
      vertex 74.9859 14.4483 8
      vertex 57.8 22.5 8
      vertex 74.675 14.295 8
    endloop
  endfacet
  facet normal 0 0 1
    outer loop
      vertex 57.7718 37.9307 8
      vertex 74.1262 46.1262 8
      vertex 73.8976 46.3868 8
    endloop
  endfacet
  facet normal 0 0 1
    outer loop
      vertex 74.675 14.295 8
      vertex 57.8 22.5 8
      vertex 74.3868 14.1024 8
    endloop
  endfacet
  facet normal 0 0 1
    outer loop
      vertex 57.6876 38.3541 8
      vertex 73.8976 46.3868 8
      vertex 73.705 46.675 8
    endloop
  endfacet
  facet normal -0 0 1
    outer loop
      vertex 57.7718 22.0693 8
      vertex 74.3868 14.1024 8
      vertex 57.8 22.5 8
    endloop
  endfacet
  facet normal 0 0 1
    outer loop
      vertex 57.5488 38.7629 8
      vertex 73.705 46.675 8
      vertex 73.5517 46.9859 8
    endloop
  endfacet
  facet normal 0 0 1
    outer loop
      vertex 74.3868 14.1024 8
      vertex 57.7718 22.0693 8
      vertex 74.1262 13.8738 8
    endloop
  endfacet
  facet normal 0 0 1
    outer loop
      vertex 57.3579 39.15 8
      vertex 73.5517 46.9859 8
      vertex 73.4403 47.3141 8
    endloop
  endfacet
  facet normal 0 0 1
    outer loop
      vertex 74.1262 13.8738 8
      vertex 57.7718 22.0693 8
      vertex 73.8976 13.6132 8
    endloop
  endfacet
  facet normal 0 0 1
    outer loop
      vertex 57.1181 39.5089 8
      vertex 73.4403 47.3141 8
      vertex 73.3727 47.6541 8
    endloop
  endfacet
  facet normal -0 0 1
    outer loop
      vertex 57.6876 21.6459 8
      vertex 73.8976 13.6132 8
      vertex 57.7718 22.0693 8
    endloop
  endfacet
  facet normal 0 0 1
    outer loop
      vertex 56.8335 39.8335 8
      vertex 73.3727 47.6541 8
      vertex 73.35 48 8
    endloop
  endfacet
  facet normal 0 0 1
    outer loop
      vertex 73.8976 13.6132 8
      vertex 57.6876 21.6459 8
      vertex 73.705 13.325 8
    endloop
  endfacet
  facet normal 0 0 1
    outer loop
      vertex 88 60 8
      vertex 90 58 8
      vertex 89.9829 58.2611 8
    endloop
  endfacet
  facet normal 0 0 1
    outer loop
      vertex 78.6273 47.6541 8
      vertex 90 58 8
      vertex 78.65 48 8
    endloop
  endfacet
  facet normal 0 0 1
    outer loop
      vertex 88 60 8
      vertex 89.9829 58.2611 8
      vertex 89.9319 58.5176 8
    endloop
  endfacet
  facet normal 0 0 1
    outer loop
      vertex 78.5597 47.3141 8
      vertex 90 58 8
      vertex 78.6273 47.6541 8
    endloop
  endfacet
  facet normal 0 0 1
    outer loop
      vertex 88 60 8
      vertex 89.9319 58.5176 8
      vertex 89.8478 58.7654 8
    endloop
  endfacet
  facet normal -0 0 1
    outer loop
      vertex 78.6273 11.6541 8
      vertex 90 2 8
      vertex 78.65 12 8
    endloop
  endfacet
  facet normal 0 0 1
    outer loop
      vertex 88 60 8
      vertex 89.8478 58.7654 8
      vertex 89.732 59 8
    endloop
  endfacet
  facet normal -0 0 1
    outer loop
      vertex 78.5597 11.3141 8
      vertex 90 2 8
      vertex 78.6273 11.6541 8
    endloop
  endfacet
  facet normal 0 0 1
    outer loop
      vertex 88 60 8
      vertex 89.732 59 8
      vertex 89.5867 59.2175 8
    endloop
  endfacet
  facet normal -0 0 1
    outer loop
      vertex 78.4483 10.9859 8
      vertex 90 2 8
      vertex 78.5597 11.3141 8
    endloop
  endfacet
  facet normal 0 0 1
    outer loop
      vertex 88 60 8
      vertex 89.5867 59.2175 8
      vertex 89.4142 59.4142 8
    endloop
  endfacet
  facet normal -0 0 1
    outer loop
      vertex 78.295 10.675 8
      vertex 90 2 8
      vertex 78.4483 10.9859 8
    endloop
  endfacet
  facet normal 0 0 1
    outer loop
      vertex 88 60 8
      vertex 89.4142 59.4142 8
      vertex 89.2175 59.5867 8
    endloop
  endfacet
  facet normal -0 0 1
    outer loop
      vertex 78.1024 10.3868 8
      vertex 90 2 8
      vertex 78.295 10.675 8
    endloop
  endfacet
  facet normal 0 0 1
    outer loop
      vertex 88 60 8
      vertex 89.2175 59.5867 8
      vertex 89 59.732 8
    endloop
  endfacet
  facet normal 0 -0 1
    outer loop
      vertex 88 0 8
      vertex 90 2 8
      vertex 78.1024 10.3868 8
    endloop
  endfacet
  facet normal 0 0 1
    outer loop
      vertex 88 60 8
      vertex 89 59.732 8
      vertex 88.7654 59.8478 8
    endloop
  endfacet
  facet normal 0 0 1
    outer loop
      vertex 89.9829 1.73895 8
      vertex 88 0 8
      vertex 89.9319 1.48236 8
    endloop
  endfacet
  facet normal 0 0 1
    outer loop
      vertex 88 60 8
      vertex 88.7654 59.8478 8
      vertex 88.5176 59.9319 8
    endloop
  endfacet
  facet normal 0 0 1
    outer loop
      vertex 89.9319 1.48236 8
      vertex 88 0 8
      vertex 89.8478 1.23463 8
    endloop
  endfacet
  facet normal 0 0 1
    outer loop
      vertex 88 60 8
      vertex 88.5176 59.9319 8
      vertex 88.2611 59.9829 8
    endloop
  endfacet
  facet normal 0 0 1
    outer loop
      vertex 89.732 1 8
      vertex 88 0 8
      vertex 89.5867 0.782476 8
    endloop
  endfacet
  facet normal 0 0 1
    outer loop
      vertex 90 58 8
      vertex 88 60 8
      vertex 78.1024 49.6132 8
    endloop
  endfacet
  facet normal 0 0 1
    outer loop
      vertex 89.5867 0.782476 8
      vertex 88 0 8
      vertex 89.4142 0.585786 8
    endloop
  endfacet
  facet normal 0 0 1
    outer loop
      vertex 89.4142 0.585786 8
      vertex 88 0 8
      vertex 89.2175 0.413293 8
    endloop
  endfacet
  facet normal 0 0 1
    outer loop
      vertex 90 58 8
      vertex 78.6273 48.3459 8
      vertex 78.65 48 8
    endloop
  endfacet
  facet normal 0 0 1
    outer loop
      vertex 90 58 8
      vertex 78.5597 48.6859 8
      vertex 78.6273 48.3459 8
    endloop
  endfacet
  facet normal 0 0 1
    outer loop
      vertex 90 58 8
      vertex 78.4483 49.0141 8
      vertex 78.5597 48.6859 8
    endloop
  endfacet
  facet normal 0 0 1
    outer loop
      vertex 90 58 8
      vertex 78.295 49.325 8
      vertex 78.4483 49.0141 8
    endloop
  endfacet
  facet normal 0 0 1
    outer loop
      vertex 90 58 8
      vertex 78.1024 49.6132 8
      vertex 78.295 49.325 8
    endloop
  endfacet
  facet normal 0 0 1
    outer loop
      vertex 88 60 8
      vertex 77.8738 49.8738 8
      vertex 78.1024 49.6132 8
    endloop
  endfacet
  facet normal 0 0 1
    outer loop
      vertex 88 60 8
      vertex 77.6132 50.1024 8
      vertex 77.8738 49.8738 8
    endloop
  endfacet
  facet normal 0 0 1
    outer loop
      vertex 88 60 8
      vertex 77.325 50.295 8
      vertex 77.6132 50.1024 8
    endloop
  endfacet
  facet normal 0 0 1
    outer loop
      vertex 88 60 8
      vertex 77.0141 50.4483 8
      vertex 77.325 50.295 8
    endloop
  endfacet
  facet normal 0 0 1
    outer loop
      vertex 88 60 8
      vertex 76.6859 50.5597 8
      vertex 77.0141 50.4483 8
    endloop
  endfacet
  facet normal 0 0 1
    outer loop
      vertex 88 60 8
      vertex 76.3459 50.6273 8
      vertex 76.6859 50.5597 8
    endloop
  endfacet
  facet normal 0 0 1
    outer loop
      vertex 88 60 8
      vertex 76 50.65 8
      vertex 76.3459 50.6273 8
    endloop
  endfacet
  facet normal 0 0 1
    outer loop
      vertex 88 60 8
      vertex 75.6541 50.6273 8
      vertex 76 50.65 8
    endloop
  endfacet
  facet normal 0 0 1
    outer loop
      vertex 88 60 8
      vertex 75.3141 50.5597 8
      vertex 75.6541 50.6273 8
    endloop
  endfacet
  facet normal 0 0 1
    outer loop
      vertex 88 60 8
      vertex 74.9859 50.4483 8
      vertex 75.3141 50.5597 8
    endloop
  endfacet
  facet normal 0 0 1
    outer loop
      vertex 88 60 8
      vertex 74.675 50.295 8
      vertex 74.9859 50.4483 8
    endloop
  endfacet
  facet normal 0 0 1
    outer loop
      vertex 15.325 50.295 8
      vertex 74.675 50.295 8
      vertex 88 60 8
    endloop
  endfacet
  facet normal -0 0 1
    outer loop
      vertex 57.5488 21.2371 8
      vertex 73.705 13.325 8
      vertex 57.6876 21.6459 8
    endloop
  endfacet
  facet normal 0 0 1
    outer loop
      vertex 56.5089 40.1181 8
      vertex 73.35 48 8
      vertex 73.3727 48.3459 8
    endloop
  endfacet
  facet normal 0 0 1
    outer loop
      vertex 56.15 40.3579 8
      vertex 73.3727 48.3459 8
      vertex 73.4403 48.6859 8
    endloop
  endfacet
  facet normal 0 0 1
    outer loop
      vertex 55.7629 40.5488 8
      vertex 73.4403 48.6859 8
      vertex 73.5517 49.0141 8
    endloop
  endfacet
  facet normal 0 0 1
    outer loop
      vertex 55.3541 40.6876 8
      vertex 73.5517 49.0141 8
      vertex 73.705 49.325 8
    endloop
  endfacet
  facet normal 0 0 1
    outer loop
      vertex 54.9307 40.7718 8
      vertex 73.705 49.325 8
      vertex 73.8976 49.6132 8
    endloop
  endfacet
  facet normal 0 0 1
    outer loop
      vertex 54.5 40.8 8
      vertex 73.8976 49.6132 8
      vertex 74.1262 49.8738 8
    endloop
  endfacet
  facet normal 0 0 1
    outer loop
      vertex 54.0693 40.7718 8
      vertex 74.1262 49.8738 8
      vertex 74.3868 50.1024 8
    endloop
  endfacet
  facet normal 0 0 1
    outer loop
      vertex 74.3868 45.8976 8
      vertex 57.7718 37.9307 8
      vertex 57.8 37.5 8
    endloop
  endfacet
  facet normal 0 0 1
    outer loop
      vertex 73.8976 46.3868 8
      vertex 57.6876 38.3541 8
      vertex 57.7718 37.9307 8
    endloop
  endfacet
  facet normal 0 0 1
    outer loop
      vertex 74.675 50.295 8
      vertex 15.325 50.295 8
      vertex 74.3868 50.1024 8
    endloop
  endfacet
  facet normal 0 0 1
    outer loop
      vertex 73.705 46.675 8
      vertex 57.5488 38.7629 8
      vertex 57.6876 38.3541 8
    endloop
  endfacet
  facet normal 0 0 1
    outer loop
      vertex 73.5517 46.9859 8
      vertex 57.3579 39.15 8
      vertex 57.5488 38.7629 8
    endloop
  endfacet
  facet normal 0 0 1
    outer loop
      vertex 73.4403 47.3141 8
      vertex 57.1181 39.5089 8
      vertex 57.3579 39.15 8
    endloop
  endfacet
  facet normal 0 0 1
    outer loop
      vertex 73.3727 47.6541 8
      vertex 56.8335 39.8335 8
      vertex 57.1181 39.5089 8
    endloop
  endfacet
  facet normal 0 0 1
    outer loop
      vertex 73.35 48 8
      vertex 56.5089 40.1181 8
      vertex 56.8335 39.8335 8
    endloop
  endfacet
  facet normal 0 0 1
    outer loop
      vertex 73.3727 48.3459 8
      vertex 56.15 40.3579 8
      vertex 56.5089 40.1181 8
    endloop
  endfacet
  facet normal 0 0 1
    outer loop
      vertex 73.4403 48.6859 8
      vertex 55.7629 40.5488 8
      vertex 56.15 40.3579 8
    endloop
  endfacet
  facet normal 0 0 1
    outer loop
      vertex 73.5517 49.0141 8
      vertex 55.3541 40.6876 8
      vertex 55.7629 40.5488 8
    endloop
  endfacet
  facet normal 0 0 1
    outer loop
      vertex 73.705 49.325 8
      vertex 54.9307 40.7718 8
      vertex 55.3541 40.6876 8
    endloop
  endfacet
  facet normal 0 0 1
    outer loop
      vertex 73.8976 49.6132 8
      vertex 54.5 40.8 8
      vertex 54.9307 40.7718 8
    endloop
  endfacet
  facet normal 0 0 1
    outer loop
      vertex 74.1262 49.8738 8
      vertex 54.0693 40.7718 8
      vertex 54.5 40.8 8
    endloop
  endfacet
  facet normal 0 0 1
    outer loop
      vertex 74.3868 50.1024 8
      vertex 15.6132 50.1024 8
      vertex 54.0693 40.7718 8
    endloop
  endfacet
  facet normal 0 0 1
    outer loop
      vertex 54.0693 40.7718 8
      vertex 15.6132 50.1024 8
      vertex 53.6459 40.6876 8
    endloop
  endfacet
  facet normal 0 -0 1
    outer loop
      vertex 36.3541 40.6876 8
      vertex 53.6459 40.6876 8
      vertex 15.6132 50.1024 8
    endloop
  endfacet
  facet normal 0 0 1
    outer loop
      vertex 51.3124 23.3541 8
      vertex 38.8 22.5 8
      vertex 51.2282 22.9307 8
    endloop
  endfacet
  facet normal 0 0 1
    outer loop
      vertex 51.2282 37.9307 8
      vertex 38.8 37.5 8
      vertex 51.2 37.5 8
    endloop
  endfacet
  facet normal 0 0 1
    outer loop
      vertex 38.7718 37.9307 8
      vertex 51.2282 37.9307 8
      vertex 51.3124 38.3541 8
    endloop
  endfacet
  facet normal 0 0 1
    outer loop
      vertex 38.6876 38.3541 8
      vertex 51.3124 38.3541 8
      vertex 51.4512 38.7629 8
    endloop
  endfacet
  facet normal 0 0 1
    outer loop
      vertex 38.5488 38.7629 8
      vertex 51.4512 38.7629 8
      vertex 51.6421 39.15 8
    endloop
  endfacet
  facet normal 0 0 1
    outer loop
      vertex 38.3579 39.15 8
      vertex 51.6421 39.15 8
      vertex 51.8819 39.5089 8
    endloop
  endfacet
  facet normal 0 0 1
    outer loop
      vertex 38.1181 39.5089 8
      vertex 51.8819 39.5089 8
      vertex 52.1665 39.8335 8
    endloop
  endfacet
  facet normal 0 0 1
    outer loop
      vertex 37.8335 39.8335 8
      vertex 52.1665 39.8335 8
      vertex 52.4911 40.1181 8
    endloop
  endfacet
  facet normal 0 0 1
    outer loop
      vertex 37.5089 40.1181 8
      vertex 52.4911 40.1181 8
      vertex 52.85 40.3579 8
    endloop
  endfacet
  facet normal 0 0 1
    outer loop
      vertex 53.6459 40.6876 8
      vertex 36.3541 40.6876 8
      vertex 53.2371 40.5488 8
    endloop
  endfacet
  facet normal 0 0 1
    outer loop
      vertex 51.2282 37.9307 8
      vertex 38.7718 37.9307 8
      vertex 38.8 37.5 8
    endloop
  endfacet
  facet normal 0 0 1
    outer loop
      vertex 51.3124 38.3541 8
      vertex 38.6876 38.3541 8
      vertex 38.7718 37.9307 8
    endloop
  endfacet
  facet normal 0 0 1
    outer loop
      vertex 51.4512 38.7629 8
      vertex 38.5488 38.7629 8
      vertex 38.6876 38.3541 8
    endloop
  endfacet
  facet normal 0 0 1
    outer loop
      vertex 51.6421 39.15 8
      vertex 38.3579 39.15 8
      vertex 38.5488 38.7629 8
    endloop
  endfacet
  facet normal 0 0 1
    outer loop
      vertex 51.8819 39.5089 8
      vertex 38.1181 39.5089 8
      vertex 38.3579 39.15 8
    endloop
  endfacet
  facet normal 0 0 1
    outer loop
      vertex 52.1665 39.8335 8
      vertex 37.8335 39.8335 8
      vertex 38.1181 39.5089 8
    endloop
  endfacet
  facet normal 0 0 1
    outer loop
      vertex 52.4911 40.1181 8
      vertex 37.5089 40.1181 8
      vertex 37.8335 39.8335 8
    endloop
  endfacet
  facet normal 0 0 1
    outer loop
      vertex 52.85 40.3579 8
      vertex 37.15 40.3579 8
      vertex 37.5089 40.1181 8
    endloop
  endfacet
  facet normal 0 0 1
    outer loop
      vertex 52.85 40.3579 8
      vertex 36.7629 40.5488 8
      vertex 37.15 40.3579 8
    endloop
  endfacet
  facet normal 0 0 1
    outer loop
      vertex 53.2371 40.5488 8
      vertex 36.7629 40.5488 8
      vertex 52.85 40.3579 8
    endloop
  endfacet
  facet normal 0 -0 1
    outer loop
      vertex 36.7629 40.5488 8
      vertex 53.2371 40.5488 8
      vertex 36.3541 40.6876 8
    endloop
  endfacet
  facet normal 0 0 1
    outer loop
      vertex 36.3541 40.6876 8
      vertex 15.6132 50.1024 8
      vertex 35.9307 40.7718 8
    endloop
  endfacet
  facet normal -0 -0 1
    outer loop
      vertex 15.8738 49.8738 8
      vertex 35.9307 40.7718 8
      vertex 15.6132 50.1024 8
    endloop
  endfacet
  facet normal 0 0 1
    outer loop
      vertex 35.9307 40.7718 8
      vertex 15.8738 49.8738 8
      vertex 35.5 40.8 8
    endloop
  endfacet
  facet normal -0 -0 1
    outer loop
      vertex 16.1024 49.6132 8
      vertex 35.5 40.8 8
      vertex 15.8738 49.8738 8
    endloop
  endfacet
  facet normal 0 0 1
    outer loop
      vertex 32.3124 23.3541 8
      vertex 16.65 12 8
      vertex 32.2282 22.9307 8
    endloop
  endfacet
  facet normal 0 0 1
    outer loop
      vertex 32.6421 39.15 8
      vertex 16.4483 46.9859 8
      vertex 32.4512 38.7629 8
    endloop
  endfacet
  facet normal -0 0 1
    outer loop
      vertex 16.4483 46.9859 8
      vertex 32.6421 39.15 8
      vertex 16.5597 47.3141 8
    endloop
  endfacet
  facet normal 0 0 1
    outer loop
      vertex 32.8819 39.5089 8
      vertex 16.5597 47.3141 8
      vertex 32.6421 39.15 8
    endloop
  endfacet
  facet normal -0 0 1
    outer loop
      vertex 16.5597 47.3141 8
      vertex 32.8819 39.5089 8
      vertex 16.6273 47.6541 8
    endloop
  endfacet
  facet normal 0 0 1
    outer loop
      vertex 33.1665 39.8335 8
      vertex 16.6273 47.6541 8
      vertex 32.8819 39.5089 8
    endloop
  endfacet
  facet normal -0 0 1
    outer loop
      vertex 16.6273 47.6541 8
      vertex 33.1665 39.8335 8
      vertex 16.65 48 8
    endloop
  endfacet
  facet normal 0 0 1
    outer loop
      vertex 33.4911 40.1181 8
      vertex 16.65 48 8
      vertex 33.1665 39.8335 8
    endloop
  endfacet
  facet normal 0 0 1
    outer loop
      vertex 16.6273 48.3459 8
      vertex 33.4911 40.1181 8
      vertex 33.85 40.3579 8
    endloop
  endfacet
  facet normal 0 0 1
    outer loop
      vertex 16.5597 48.6859 8
      vertex 33.85 40.3579 8
      vertex 34.2371 40.5488 8
    endloop
  endfacet
  facet normal 0 0 1
    outer loop
      vertex 35.5 40.8 8
      vertex 16.1024 49.6132 8
      vertex 35.0693 40.7718 8
    endloop
  endfacet
  facet normal 0 0 1
    outer loop
      vertex 33.4911 40.1181 8
      vertex 16.6273 48.3459 8
      vertex 16.65 48 8
    endloop
  endfacet
  facet normal 0 0 1
    outer loop
      vertex 33.85 40.3579 8
      vertex 16.5597 48.6859 8
      vertex 16.6273 48.3459 8
    endloop
  endfacet
  facet normal 0 0 1
    outer loop
      vertex 34.2371 40.5488 8
      vertex 16.4483 49.0141 8
      vertex 16.5597 48.6859 8
    endloop
  endfacet
  facet normal 0 0 1
    outer loop
      vertex 34.6459 40.6876 8
      vertex 16.4483 49.0141 8
      vertex 34.2371 40.5488 8
    endloop
  endfacet
  facet normal -0 -0 1
    outer loop
      vertex 16.4483 49.0141 8
      vertex 34.6459 40.6876 8
      vertex 16.295 49.325 8
    endloop
  endfacet
  facet normal 0 0 1
    outer loop
      vertex 35.0693 40.7718 8
      vertex 16.295 49.325 8
      vertex 34.6459 40.6876 8
    endloop
  endfacet
  facet normal -0 -0 1
    outer loop
      vertex 16.295 49.325 8
      vertex 35.0693 40.7718 8
      vertex 16.1024 49.6132 8
    endloop
  endfacet
  facet normal 0 0 1
    outer loop
      vertex 74.3868 50.1024 8
      vertex 15.325 50.295 8
      vertex 15.6132 50.1024 8
    endloop
  endfacet
  facet normal -0 0 1
    outer loop
      vertex 2 60 8
      vertex 15.325 50.295 8
      vertex 88 60 8
    endloop
  endfacet
  facet normal 0 0 1
    outer loop
      vertex 15.325 50.295 8
      vertex 2 60 8
      vertex 15.0141 50.4483 8
    endloop
  endfacet
  facet normal 0 0 1
    outer loop
      vertex 15.0141 50.4483 8
      vertex 2 60 8
      vertex 14.6859 50.5597 8
    endloop
  endfacet
  facet normal 0 0 1
    outer loop
      vertex 14.6859 50.5597 8
      vertex 2 60 8
      vertex 14.3459 50.6273 8
    endloop
  endfacet
  facet normal 0 0 1
    outer loop
      vertex 14.3459 50.6273 8
      vertex 2 60 8
      vertex 14 50.65 8
    endloop
  endfacet
  facet normal 0 0 1
    outer loop
      vertex 11.3727 48.3459 8
      vertex 0 58 8
      vertex 11.35 48 8
    endloop
  endfacet
  facet normal 0 0 1
    outer loop
      vertex 11.4403 48.6859 8
      vertex 0 58 8
      vertex 11.3727 48.3459 8
    endloop
  endfacet
  facet normal 0 0 1
    outer loop
      vertex 11.5517 49.0141 8
      vertex 0 58 8
      vertex 11.4403 48.6859 8
    endloop
  endfacet
  facet normal 0 0 1
    outer loop
      vertex 11.705 49.325 8
      vertex 0 58 8
      vertex 11.5517 49.0141 8
    endloop
  endfacet
  facet normal 0 0 1
    outer loop
      vertex 11.8976 49.6132 8
      vertex 0 58 8
      vertex 11.705 49.325 8
    endloop
  endfacet
  facet normal -0 0 1
    outer loop
      vertex 0 58 8
      vertex 11.8976 49.6132 8
      vertex 2 60 8
    endloop
  endfacet
  facet normal 0 0 1
    outer loop
      vertex 12.1262 49.8738 8
      vertex 2 60 8
      vertex 11.8976 49.6132 8
    endloop
  endfacet
  facet normal 0 0 1
    outer loop
      vertex 12.3868 50.1024 8
      vertex 2 60 8
      vertex 12.1262 49.8738 8
    endloop
  endfacet
  facet normal 0 0 1
    outer loop
      vertex 12.675 50.295 8
      vertex 2 60 8
      vertex 12.3868 50.1024 8
    endloop
  endfacet
  facet normal 0 0 1
    outer loop
      vertex 12.9859 50.4483 8
      vertex 2 60 8
      vertex 12.675 50.295 8
    endloop
  endfacet
  facet normal 0 0 1
    outer loop
      vertex 13.3141 50.5597 8
      vertex 2 60 8
      vertex 12.9859 50.4483 8
    endloop
  endfacet
  facet normal 0 0 1
    outer loop
      vertex 13.6541 50.6273 8
      vertex 2 60 8
      vertex 13.3141 50.5597 8
    endloop
  endfacet
  facet normal 0 0 1
    outer loop
      vertex 14 50.65 8
      vertex 2 60 8
      vertex 13.6541 50.6273 8
    endloop
  endfacet
  facet normal 0 0 1
    outer loop
      vertex 89 0.267949 8
      vertex 88 0 8
      vertex 88.7654 0.152241 8
    endloop
  endfacet
  facet normal 0 0 1
    outer loop
      vertex 88.7654 0.152241 8
      vertex 88 0 8
      vertex 88.5176 0.0681477 8
    endloop
  endfacet
  facet normal 0 0 1
    outer loop
      vertex 88.5176 0.0681477 8
      vertex 88 0 8
      vertex 88.2611 0.0171099 8
    endloop
  endfacet
  facet normal 0 0 1
    outer loop
      vertex 89.2175 0.413293 8
      vertex 88 0 8
      vertex 89 0.267949 8
    endloop
  endfacet
  facet normal 0 0 1
    outer loop
      vertex 89.8478 1.23463 8
      vertex 88 0 8
      vertex 89.732 1 8
    endloop
  endfacet
  facet normal 0 0 1
    outer loop
      vertex 90 2 8
      vertex 88 0 8
      vertex 89.9829 1.73895 8
    endloop
  endfacet
  facet normal -0 0 1
    outer loop
      vertex 77.8738 10.1262 8
      vertex 88 0 8
      vertex 78.1024 10.3868 8
    endloop
  endfacet
  facet normal -0 0 1
    outer loop
      vertex 77.6132 9.89761 8
      vertex 88 0 8
      vertex 77.8738 10.1262 8
    endloop
  endfacet
  facet normal -0 0 1
    outer loop
      vertex 77.325 9.70503 8
      vertex 88 0 8
      vertex 77.6132 9.89761 8
    endloop
  endfacet
  facet normal -0 0 1
    outer loop
      vertex 77.0141 9.55172 8
      vertex 88 0 8
      vertex 77.325 9.70503 8
    endloop
  endfacet
  facet normal -0 0 1
    outer loop
      vertex 76.6859 9.4403 8
      vertex 88 0 8
      vertex 77.0141 9.55172 8
    endloop
  endfacet
  facet normal -0 0 1
    outer loop
      vertex 76.3459 9.37267 8
      vertex 88 0 8
      vertex 76.6859 9.4403 8
    endloop
  endfacet
  facet normal -0 0 1
    outer loop
      vertex 76 9.35 8
      vertex 88 0 8
      vertex 76.3459 9.37267 8
    endloop
  endfacet
  facet normal 0 0 1
    outer loop
      vertex 75.6541 9.37267 8
      vertex 88 0 8
      vertex 76 9.35 8
    endloop
  endfacet
  facet normal 0 0 1
    outer loop
      vertex 75.3141 9.4403 8
      vertex 88 0 8
      vertex 75.6541 9.37267 8
    endloop
  endfacet
  facet normal 0 0 1
    outer loop
      vertex 74.9859 9.55172 8
      vertex 88 0 8
      vertex 75.3141 9.4403 8
    endloop
  endfacet
  facet normal 0 0 1
    outer loop
      vertex 74.675 9.70503 8
      vertex 88 0 8
      vertex 74.9859 9.55172 8
    endloop
  endfacet
  facet normal 0 0 1
    outer loop
      vertex 15.325 9.70503 8
      vertex 74.675 9.70503 8
      vertex 74.3868 9.89761 8
    endloop
  endfacet
  facet normal 0 0 1
    outer loop
      vertex 73.705 13.325 8
      vertex 57.5488 21.2371 8
      vertex 73.5517 13.0141 8
    endloop
  endfacet
  facet normal -0 0 1
    outer loop
      vertex 57.3579 20.85 8
      vertex 73.5517 13.0141 8
      vertex 57.5488 21.2371 8
    endloop
  endfacet
  facet normal 0 0 1
    outer loop
      vertex 73.5517 13.0141 8
      vertex 57.3579 20.85 8
      vertex 73.4403 12.6859 8
    endloop
  endfacet
  facet normal -0 0 1
    outer loop
      vertex 57.1181 20.4911 8
      vertex 73.4403 12.6859 8
      vertex 57.3579 20.85 8
    endloop
  endfacet
  facet normal 0 0 1
    outer loop
      vertex 73.4403 12.6859 8
      vertex 57.1181 20.4911 8
      vertex 73.3727 12.3459 8
    endloop
  endfacet
  facet normal -0 0 1
    outer loop
      vertex 56.8335 20.1665 8
      vertex 73.3727 12.3459 8
      vertex 57.1181 20.4911 8
    endloop
  endfacet
  facet normal 0 0 1
    outer loop
      vertex 73.3727 12.3459 8
      vertex 56.8335 20.1665 8
      vertex 73.35 12 8
    endloop
  endfacet
  facet normal -0 0 1
    outer loop
      vertex 56.5089 19.8819 8
      vertex 73.35 12 8
      vertex 56.8335 20.1665 8
    endloop
  endfacet
  facet normal 0 0 1
    outer loop
      vertex 73.35 12 8
      vertex 56.5089 19.8819 8
      vertex 73.3727 11.6541 8
    endloop
  endfacet
  facet normal -0 0 1
    outer loop
      vertex 56.15 19.6421 8
      vertex 73.3727 11.6541 8
      vertex 56.5089 19.8819 8
    endloop
  endfacet
  facet normal 0 0 1
    outer loop
      vertex 73.3727 11.6541 8
      vertex 56.15 19.6421 8
      vertex 73.4403 11.3141 8
    endloop
  endfacet
  facet normal -0 0 1
    outer loop
      vertex 55.7629 19.4512 8
      vertex 73.4403 11.3141 8
      vertex 56.15 19.6421 8
    endloop
  endfacet
  facet normal 0 0 1
    outer loop
      vertex 73.4403 11.3141 8
      vertex 55.7629 19.4512 8
      vertex 73.5517 10.9859 8
    endloop
  endfacet
  facet normal -0 0 1
    outer loop
      vertex 55.3541 19.3124 8
      vertex 73.5517 10.9859 8
      vertex 55.7629 19.4512 8
    endloop
  endfacet
  facet normal 0 0 1
    outer loop
      vertex 73.5517 10.9859 8
      vertex 55.3541 19.3124 8
      vertex 73.705 10.675 8
    endloop
  endfacet
  facet normal -0 0 1
    outer loop
      vertex 54.9307 19.2282 8
      vertex 73.705 10.675 8
      vertex 55.3541 19.3124 8
    endloop
  endfacet
  facet normal 0 0 1
    outer loop
      vertex 73.705 10.675 8
      vertex 54.9307 19.2282 8
      vertex 73.8976 10.3868 8
    endloop
  endfacet
  facet normal -0 0 1
    outer loop
      vertex 54.5 19.2 8
      vertex 73.8976 10.3868 8
      vertex 54.9307 19.2282 8
    endloop
  endfacet
  facet normal 0 0 1
    outer loop
      vertex 73.8976 10.3868 8
      vertex 54.5 19.2 8
      vertex 74.1262 10.1262 8
    endloop
  endfacet
  facet normal 0 0 1
    outer loop
      vertex 54.0693 19.2282 8
      vertex 74.1262 10.1262 8
      vertex 54.5 19.2 8
    endloop
  endfacet
  facet normal 0 0 1
    outer loop
      vertex 74.1262 10.1262 8
      vertex 54.0693 19.2282 8
      vertex 74.3868 9.89761 8
    endloop
  endfacet
  facet normal 0 0 1
    outer loop
      vertex 15.6132 9.89761 8
      vertex 74.3868 9.89761 8
      vertex 54.0693 19.2282 8
    endloop
  endfacet
  facet normal 0 0 1
    outer loop
      vertex 15.6132 9.89761 8
      vertex 54.0693 19.2282 8
      vertex 53.6459 19.3124 8
    endloop
  endfacet
  facet normal 0 0 1
    outer loop
      vertex 36.3541 19.3124 8
      vertex 53.6459 19.3124 8
      vertex 53.2371 19.4512 8
    endloop
  endfacet
  facet normal 0 0 1
    outer loop
      vertex 36.7629 19.4512 8
      vertex 53.2371 19.4512 8
      vertex 52.85 19.6421 8
    endloop
  endfacet
  facet normal 0 0 1
    outer loop
      vertex 51.2282 22.9307 8
      vertex 38.8 22.5 8
      vertex 51.2 22.5 8
    endloop
  endfacet
  facet normal 0 0 1
    outer loop
      vertex 51.2 22.5 8
      vertex 38.8 22.5 8
      vertex 51.2282 22.0693 8
    endloop
  endfacet
  facet normal 0 0 1
    outer loop
      vertex 38.7718 22.0693 8
      vertex 51.2282 22.0693 8
      vertex 38.8 22.5 8
    endloop
  endfacet
  facet normal 0 0 1
    outer loop
      vertex 51.2282 22.0693 8
      vertex 38.7718 22.0693 8
      vertex 51.3124 21.6459 8
    endloop
  endfacet
  facet normal 0 0 1
    outer loop
      vertex 38.6876 21.6459 8
      vertex 51.3124 21.6459 8
      vertex 38.7718 22.0693 8
    endloop
  endfacet
  facet normal 0 0 1
    outer loop
      vertex 51.3124 21.6459 8
      vertex 38.6876 21.6459 8
      vertex 51.4512 21.2371 8
    endloop
  endfacet
  facet normal 0 0 1
    outer loop
      vertex 38.5488 21.2371 8
      vertex 51.4512 21.2371 8
      vertex 38.6876 21.6459 8
    endloop
  endfacet
  facet normal 0 0 1
    outer loop
      vertex 51.4512 21.2371 8
      vertex 38.5488 21.2371 8
      vertex 51.6421 20.85 8
    endloop
  endfacet
  facet normal 0 0 1
    outer loop
      vertex 38.3579 20.85 8
      vertex 51.6421 20.85 8
      vertex 38.5488 21.2371 8
    endloop
  endfacet
  facet normal 0 0 1
    outer loop
      vertex 51.6421 20.85 8
      vertex 38.3579 20.85 8
      vertex 51.8819 20.4911 8
    endloop
  endfacet
  facet normal 0 0 1
    outer loop
      vertex 38.1181 20.4911 8
      vertex 51.8819 20.4911 8
      vertex 38.3579 20.85 8
    endloop
  endfacet
  facet normal 0 0 1
    outer loop
      vertex 51.8819 20.4911 8
      vertex 38.1181 20.4911 8
      vertex 52.1665 20.1665 8
    endloop
  endfacet
  facet normal 0 0 1
    outer loop
      vertex 37.8335 20.1665 8
      vertex 52.1665 20.1665 8
      vertex 38.1181 20.4911 8
    endloop
  endfacet
  facet normal 0 0 1
    outer loop
      vertex 52.1665 20.1665 8
      vertex 37.8335 20.1665 8
      vertex 52.4911 19.8819 8
    endloop
  endfacet
  facet normal 0 0 1
    outer loop
      vertex 37.5089 19.8819 8
      vertex 52.4911 19.8819 8
      vertex 37.8335 20.1665 8
    endloop
  endfacet
  facet normal 0 0 1
    outer loop
      vertex 52.4911 19.8819 8
      vertex 37.5089 19.8819 8
      vertex 52.85 19.6421 8
    endloop
  endfacet
  facet normal 0 0 1
    outer loop
      vertex 37.15 19.6421 8
      vertex 52.85 19.6421 8
      vertex 37.5089 19.8819 8
    endloop
  endfacet
  facet normal 0 0 1
    outer loop
      vertex 36.7629 19.4512 8
      vertex 52.85 19.6421 8
      vertex 37.15 19.6421 8
    endloop
  endfacet
  facet normal 0 0 1
    outer loop
      vertex 53.2371 19.4512 8
      vertex 36.7629 19.4512 8
      vertex 36.3541 19.3124 8
    endloop
  endfacet
  facet normal 0 0 1
    outer loop
      vertex 53.6459 19.3124 8
      vertex 36.3541 19.3124 8
      vertex 15.6132 9.89761 8
    endloop
  endfacet
  facet normal 0 0 1
    outer loop
      vertex 15.6132 9.89761 8
      vertex 36.3541 19.3124 8
      vertex 35.9307 19.2282 8
    endloop
  endfacet
  facet normal 0 0 1
    outer loop
      vertex 15.8738 10.1262 8
      vertex 35.9307 19.2282 8
      vertex 35.5 19.2 8
    endloop
  endfacet
  facet normal 0 0 1
    outer loop
      vertex 16.1024 10.3868 8
      vertex 35.5 19.2 8
      vertex 35.0693 19.2282 8
    endloop
  endfacet
  facet normal 0 0 1
    outer loop
      vertex 16.295 10.675 8
      vertex 35.0693 19.2282 8
      vertex 34.6459 19.3124 8
    endloop
  endfacet
  facet normal 0 0 1
    outer loop
      vertex 16.4483 10.9859 8
      vertex 34.6459 19.3124 8
      vertex 34.2371 19.4512 8
    endloop
  endfacet
  facet normal 0 0 1
    outer loop
      vertex 32.2282 22.9307 8
      vertex 16.65 12 8
      vertex 32.2 22.5 8
    endloop
  endfacet
  facet normal 0 0 1
    outer loop
      vertex 32.2 22.5 8
      vertex 16.65 12 8
      vertex 32.2282 22.0693 8
    endloop
  endfacet
  facet normal 0 0 1
    outer loop
      vertex 32.2282 22.0693 8
      vertex 16.65 12 8
      vertex 32.3124 21.6459 8
    endloop
  endfacet
  facet normal 0 0 1
    outer loop
      vertex 32.3124 21.6459 8
      vertex 16.65 12 8
      vertex 32.4512 21.2371 8
    endloop
  endfacet
  facet normal 0 0 1
    outer loop
      vertex 32.4512 21.2371 8
      vertex 16.65 12 8
      vertex 32.6421 20.85 8
    endloop
  endfacet
  facet normal 0 0 1
    outer loop
      vertex 16.65 12 8
      vertex 32.8819 20.4911 8
      vertex 32.6421 20.85 8
    endloop
  endfacet
  facet normal 0 0 1
    outer loop
      vertex 16.65 12 8
      vertex 33.1665 20.1665 8
      vertex 32.8819 20.4911 8
    endloop
  endfacet
  facet normal 0 0 1
    outer loop
      vertex 16.65 12 8
      vertex 33.4911 19.8819 8
      vertex 33.1665 20.1665 8
    endloop
  endfacet
  facet normal 0 0 1
    outer loop
      vertex 16.6273 11.6541 8
      vertex 33.4911 19.8819 8
      vertex 16.65 12 8
    endloop
  endfacet
  facet normal 0 0 1
    outer loop
      vertex 33.4911 19.8819 8
      vertex 16.6273 11.6541 8
      vertex 33.85 19.6421 8
    endloop
  endfacet
  facet normal 0 0 1
    outer loop
      vertex 16.5597 11.3141 8
      vertex 33.85 19.6421 8
      vertex 16.6273 11.6541 8
    endloop
  endfacet
  facet normal 0 0 1
    outer loop
      vertex 33.85 19.6421 8
      vertex 16.5597 11.3141 8
      vertex 34.2371 19.4512 8
    endloop
  endfacet
  facet normal 0 0 1
    outer loop
      vertex 16.4483 10.9859 8
      vertex 34.2371 19.4512 8
      vertex 16.5597 11.3141 8
    endloop
  endfacet
  facet normal 0 0 1
    outer loop
      vertex 34.6459 19.3124 8
      vertex 16.4483 10.9859 8
      vertex 16.295 10.675 8
    endloop
  endfacet
  facet normal 0 0 1
    outer loop
      vertex 35.0693 19.2282 8
      vertex 16.295 10.675 8
      vertex 16.1024 10.3868 8
    endloop
  endfacet
  facet normal 0 0 1
    outer loop
      vertex 35.5 19.2 8
      vertex 16.1024 10.3868 8
      vertex 15.8738 10.1262 8
    endloop
  endfacet
  facet normal 0 0 1
    outer loop
      vertex 35.9307 19.2282 8
      vertex 15.8738 10.1262 8
      vertex 15.6132 9.89761 8
    endloop
  endfacet
  facet normal 0 0 1
    outer loop
      vertex 15.325 9.70503 8
      vertex 74.3868 9.89761 8
      vertex 15.6132 9.89761 8
    endloop
  endfacet
  facet normal 0 0 1
    outer loop
      vertex 74.675 9.70503 8
      vertex 15.325 9.70503 8
      vertex 88 0 8
    endloop
  endfacet
  facet normal 0 0 1
    outer loop
      vertex 2 0 8
      vertex 15.325 9.70503 8
      vertex 15.0141 9.55172 8
    endloop
  endfacet
  facet normal 0 0 1
    outer loop
      vertex 2 0 8
      vertex 15.0141 9.55172 8
      vertex 14.6859 9.4403 8
    endloop
  endfacet
  facet normal 0 0 1
    outer loop
      vertex 2 0 8
      vertex 14.6859 9.4403 8
      vertex 14.3459 9.37267 8
    endloop
  endfacet
  facet normal 0 0 1
    outer loop
      vertex 2 0 8
      vertex 14.3459 9.37267 8
      vertex 14 9.35 8
    endloop
  endfacet
  facet normal 0 0 1
    outer loop
      vertex 2 0 8
      vertex 14 9.35 8
      vertex 13.6541 9.37267 8
    endloop
  endfacet
  facet normal 0 0 1
    outer loop
      vertex 11.4403 12.6859 8
      vertex 0 2 8
      vertex 11.3727 12.3459 8
    endloop
  endfacet
  facet normal 0 0 1
    outer loop
      vertex 15.325 9.70503 8
      vertex 2 0 8
      vertex 88 0 8
    endloop
  endfacet
  facet normal 0 0 1
    outer loop
      vertex 13.3141 9.4403 8
      vertex 2 0 8
      vertex 13.6541 9.37267 8
    endloop
  endfacet
  facet normal 0 0 1
    outer loop
      vertex 12.9859 9.55172 8
      vertex 2 0 8
      vertex 13.3141 9.4403 8
    endloop
  endfacet
  facet normal 0 0 1
    outer loop
      vertex 12.675 9.70503 8
      vertex 2 0 8
      vertex 12.9859 9.55172 8
    endloop
  endfacet
  facet normal 0 0 1
    outer loop
      vertex 12.3868 9.89761 8
      vertex 2 0 8
      vertex 12.675 9.70503 8
    endloop
  endfacet
  facet normal 0 0 1
    outer loop
      vertex 12.1262 10.1262 8
      vertex 2 0 8
      vertex 12.3868 9.89761 8
    endloop
  endfacet
  facet normal 0 0 1
    outer loop
      vertex 11.8976 10.3868 8
      vertex 2 0 8
      vertex 12.1262 10.1262 8
    endloop
  endfacet
  facet normal 0 0 1
    outer loop
      vertex 0 2 8
      vertex 11.8976 10.3868 8
      vertex 11.705 10.675 8
    endloop
  endfacet
  facet normal 0 0 1
    outer loop
      vertex 0 2 8
      vertex 11.705 10.675 8
      vertex 11.5517 10.9859 8
    endloop
  endfacet
  facet normal 0 0 1
    outer loop
      vertex 0 2 8
      vertex 11.5517 10.9859 8
      vertex 11.4403 11.3141 8
    endloop
  endfacet
  facet normal 0 0 1
    outer loop
      vertex 0 2 8
      vertex 11.4403 11.3141 8
      vertex 11.3727 11.6541 8
    endloop
  endfacet
  facet normal 0 0 1
    outer loop
      vertex 11.3727 12.3459 8
      vertex 0 2 8
      vertex 11.35 12 8
    endloop
  endfacet
  facet normal 0 0 1
    outer loop
      vertex 0 58 8
      vertex 2 60 8
      vertex 1.73895 59.9829 8
    endloop
  endfacet
  facet normal 0 0 1
    outer loop
      vertex 11.35 12 8
      vertex 0 2 8
      vertex 11.3727 11.6541 8
    endloop
  endfacet
  facet normal 0 0 1
    outer loop
      vertex 0 58 8
      vertex 1.73895 59.9829 8
      vertex 1.48236 59.9319 8
    endloop
  endfacet
  facet normal 0 0 1
    outer loop
      vertex 11.8976 10.3868 8
      vertex 0 2 8
      vertex 2 0 8
    endloop
  endfacet
  facet normal 0 0 1
    outer loop
      vertex 0 58 8
      vertex 1.48236 59.9319 8
      vertex 1.23463 59.8478 8
    endloop
  endfacet
  facet normal 0 0 1
    outer loop
      vertex 2 0 8
      vertex 0 2 8
      vertex 1.73895 0.0171099 8
    endloop
  endfacet
  facet normal 0 0 1
    outer loop
      vertex 0 58 8
      vertex 1.23463 59.8478 8
      vertex 1 59.732 8
    endloop
  endfacet
  facet normal 0 0 1
    outer loop
      vertex 1.73895 0.0171099 8
      vertex 0 2 8
      vertex 1.48236 0.0681477 8
    endloop
  endfacet
  facet normal 0 0 1
    outer loop
      vertex 0 58 8
      vertex 1 59.732 8
      vertex 0.782476 59.5867 8
    endloop
  endfacet
  facet normal 0 0 1
    outer loop
      vertex 1.48236 0.0681477 8
      vertex 0 2 8
      vertex 1.23463 0.152241 8
    endloop
  endfacet
  facet normal 0 0 1
    outer loop
      vertex 0 58 8
      vertex 0.782476 59.5867 8
      vertex 0.585786 59.4142 8
    endloop
  endfacet
  facet normal 0 0 1
    outer loop
      vertex 1.23463 0.152241 8
      vertex 0 2 8
      vertex 1 0.267949 8
    endloop
  endfacet
  facet normal 0 0 1
    outer loop
      vertex 0 58 8
      vertex 0.585786 59.4142 8
      vertex 0.413293 59.2175 8
    endloop
  endfacet
  facet normal 0 0 1
    outer loop
      vertex 1 0.267949 8
      vertex 0 2 8
      vertex 0.782476 0.413293 8
    endloop
  endfacet
  facet normal 0 0 1
    outer loop
      vertex 0 58 8
      vertex 0.413293 59.2175 8
      vertex 0.267949 59 8
    endloop
  endfacet
  facet normal 0 0 1
    outer loop
      vertex 0.782476 0.413293 8
      vertex 0 2 8
      vertex 0.585786 0.585786 8
    endloop
  endfacet
  facet normal 0 0 1
    outer loop
      vertex 0 58 8
      vertex 0.267949 59 8
      vertex 0.152241 58.7654 8
    endloop
  endfacet
  facet normal 0 0 1
    outer loop
      vertex 0.585786 0.585786 8
      vertex 0 2 8
      vertex 0.413293 0.782476 8
    endloop
  endfacet
  facet normal 0 0 1
    outer loop
      vertex 0 58 8
      vertex 0.152241 58.7654 8
      vertex 0.0681477 58.5176 8
    endloop
  endfacet
  facet normal 0 0 1
    outer loop
      vertex 0.413293 0.782476 8
      vertex 0 2 8
      vertex 0.267949 1 8
    endloop
  endfacet
  facet normal 0 0 1
    outer loop
      vertex 0 58 8
      vertex 0.0681477 58.5176 8
      vertex 0.0171099 58.2611 8
    endloop
  endfacet
  facet normal 0 0 1
    outer loop
      vertex 0.267949 1 8
      vertex 0 2 8
      vertex 0.152241 1.23463 8
    endloop
  endfacet
  facet normal 0 0 1
    outer loop
      vertex 0.152241 1.23463 8
      vertex 0 2 8
      vertex 0.0681477 1.48236 8
    endloop
  endfacet
  facet normal 0 0 1
    outer loop
      vertex 0.0681477 1.48236 8
      vertex 0 2 8
      vertex 0.0171099 1.73895 8
    endloop
  endfacet
  facet normal -0.99786 0.0653898 0
    outer loop
      vertex 0 58 0
      vertex 0.0171099 58.2611 8
      vertex 0.0171099 58.2611 0
    endloop
  endfacet
  facet normal -0.99786 0.0653898 0
    outer loop
      vertex 0.0171099 58.2611 8
      vertex 0 58 0
      vertex 0 58 8
    endloop
  endfacet
  facet normal -0.195086 -0.980786 0
    outer loop
      vertex 1.48236 0.0681477 0
      vertex 1.73895 0.0171099 8
      vertex 1.48236 0.0681477 8
    endloop
  endfacet
  facet normal -0.195086 -0.980786 -0
    outer loop
      vertex 1.73895 0.0171099 8
      vertex 1.48236 0.0681477 0
      vertex 1.73895 0.0171099 0
    endloop
  endfacet
  facet normal -0.980786 -0.195086 0
    outer loop
      vertex 0.0681477 1.48236 0
      vertex 0.0171099 1.73895 8
      vertex 0.0171099 1.73895 0
    endloop
  endfacet
  facet normal -0.980786 -0.195086 0
    outer loop
      vertex 0.0171099 1.73895 8
      vertex 0.0681477 1.48236 0
      vertex 0.0681477 1.48236 8
    endloop
  endfacet
  facet normal 0 1 -0
    outer loop
      vertex 88 60 0
      vertex 2 60 8
      vertex 88 60 8
    endloop
  endfacet
  facet normal 0 1 0
    outer loop
      vertex 2 60 8
      vertex 88 60 0
      vertex 2 60 0
    endloop
  endfacet
  facet normal 0.659343 0.751842 -0
    outer loop
      vertex 89.4142 59.4142 0
      vertex 89.2175 59.5867 8
      vertex 89.4142 59.4142 8
    endloop
  endfacet
  facet normal 0.659343 0.751842 0
    outer loop
      vertex 89.2175 59.5867 8
      vertex 89.4142 59.4142 0
      vertex 89.2175 59.5867 0
    endloop
  endfacet
  facet normal 0.0653898 -0.99786 0
    outer loop
      vertex 88 0 0
      vertex 88.2611 0.0171099 8
      vertex 88 0 8
    endloop
  endfacet
  facet normal 0.0653898 -0.99786 0
    outer loop
      vertex 88.2611 0.0171099 8
      vertex 88 0 0
      vertex 88.2611 0.0171099 0
    endloop
  endfacet
  facet normal 0.442338 -0.896848 0
    outer loop
      vertex 88.7654 0.152241 0
      vertex 89 0.267949 8
      vertex 88.7654 0.152241 8
    endloop
  endfacet
  facet normal 0.442338 -0.896848 0
    outer loop
      vertex 89 0.267949 8
      vertex 88.7654 0.152241 0
      vertex 89 0.267949 0
    endloop
  endfacet
  facet normal 0.997861 -0.0653646 0
    outer loop
      vertex 89.9829 1.73895 8
      vertex 90 2 0
      vertex 90 2 8
    endloop
  endfacet
  facet normal 0.997861 -0.0653646 0
    outer loop
      vertex 90 2 0
      vertex 89.9829 1.73895 8
      vertex 89.9829 1.73895 0
    endloop
  endfacet
  facet normal -0.751855 0.659328 0
    outer loop
      vertex 0.413293 59.2175 0
      vertex 0.585786 59.4142 8
      vertex 0.585786 59.4142 0
    endloop
  endfacet
  facet normal -0.751855 0.659328 0
    outer loop
      vertex 0.585786 59.4142 8
      vertex 0.413293 59.2175 0
      vertex 0.413293 59.2175 8
    endloop
  endfacet
  facet normal -0.32144 -0.94693 0
    outer loop
      vertex 1.23463 0.152241 0
      vertex 1.48236 0.0681477 8
      vertex 1.23463 0.152241 8
    endloop
  endfacet
  facet normal -0.32144 -0.94693 -0
    outer loop
      vertex 1.48236 0.0681477 8
      vertex 1.23463 0.152241 0
      vertex 1.48236 0.0681477 0
    endloop
  endfacet
  facet normal 0 -1 0
    outer loop
      vertex 2 0 0
      vertex 88 0 8
      vertex 2 0 8
    endloop
  endfacet
  facet normal 0 -1 -0
    outer loop
      vertex 88 0 8
      vertex 2 0 0
      vertex 88 0 0
    endloop
  endfacet
  facet normal -0.194947 0.980814 0
    outer loop
      vertex 1.73895 59.9829 0
      vertex 1.48236 59.9319 8
      vertex 1.73895 59.9829 8
    endloop
  endfacet
  facet normal -0.194947 0.980814 0
    outer loop
      vertex 1.48236 59.9319 8
      vertex 1.73895 59.9829 0
      vertex 1.48236 59.9319 0
    endloop
  endfacet
  facet normal -0.0653646 0.997861 0
    outer loop
      vertex 2 60 0
      vertex 1.73895 59.9829 8
      vertex 2 60 8
    endloop
  endfacet
  facet normal -0.0653646 0.997861 0
    outer loop
      vertex 1.73895 59.9829 8
      vertex 2 60 0
      vertex 1.73895 59.9829 0
    endloop
  endfacet
  facet normal -0.442575 0.896731 0
    outer loop
      vertex 1.23463 59.8478 0
      vertex 1 59.732 8
      vertex 1.23463 59.8478 8
    endloop
  endfacet
  facet normal -0.442575 0.896731 0
    outer loop
      vertex 1 59.732 8
      vertex 1.23463 59.8478 0
      vertex 1 59.732 0
    endloop
  endfacet
  facet normal 0.751842 0.659343 0
    outer loop
      vertex 89.5867 59.2175 8
      vertex 89.4142 59.4142 0
      vertex 89.4142 59.4142 8
    endloop
  endfacet
  facet normal 0.751842 0.659343 0
    outer loop
      vertex 89.4142 59.4142 0
      vertex 89.5867 59.2175 8
      vertex 89.5867 59.2175 0
    endloop
  endfacet
  facet normal 0.896709 0.442621 0
    outer loop
      vertex 89.8478 58.7654 8
      vertex 89.732 59 0
      vertex 89.732 59 8
    endloop
  endfacet
  facet normal 0.896709 0.442621 0
    outer loop
      vertex 89.732 59 0
      vertex 89.8478 58.7654 8
      vertex 89.8478 58.7654 0
    endloop
  endfacet
  facet normal 0.321359 -0.946957 0
    outer loop
      vertex 88.5176 0.0681477 0
      vertex 88.7654 0.152241 8
      vertex 88.5176 0.0681477 8
    endloop
  endfacet
  facet normal 0.321359 -0.946957 0
    outer loop
      vertex 88.7654 0.152241 8
      vertex 88.5176 0.0681477 0
      vertex 88.7654 0.152241 0
    endloop
  endfacet
  facet normal 0.946922 -0.321463 0
    outer loop
      vertex 89.8478 1.23463 8
      vertex 89.9319 1.48236 0
      vertex 89.9319 1.48236 8
    endloop
  endfacet
  facet normal 0.946922 -0.321463 0
    outer loop
      vertex 89.9319 1.48236 0
      vertex 89.8478 1.23463 8
      vertex 89.8478 1.23463 0
    endloop
  endfacet
  facet normal 0.896731 -0.442575 0
    outer loop
      vertex 89.732 1 8
      vertex 89.8478 1.23463 0
      vertex 89.8478 1.23463 8
    endloop
  endfacet
  facet normal 0.896731 -0.442575 0
    outer loop
      vertex 89.8478 1.23463 0
      vertex 89.732 1 8
      vertex 89.732 1 0
    endloop
  endfacet
  facet normal 0.980814 -0.194947 0
    outer loop
      vertex 89.9319 1.48236 8
      vertex 89.9829 1.73895 0
      vertex 89.9829 1.73895 8
    endloop
  endfacet
  facet normal 0.980814 -0.194947 0
    outer loop
      vertex 89.9829 1.73895 0
      vertex 89.9319 1.48236 8
      vertex 89.9319 1.48236 0
    endloop
  endfacet
  facet normal 0.751826 -0.659362 0
    outer loop
      vertex 89.4142 0.585786 8
      vertex 89.5867 0.782476 0
      vertex 89.5867 0.782476 8
    endloop
  endfacet
  facet normal 0.751826 -0.659362 0
    outer loop
      vertex 89.5867 0.782476 0
      vertex 89.4142 0.585786 8
      vertex 89.4142 0.585786 0
    endloop
  endfacet
  facet normal 0.831549 -0.555452 0
    outer loop
      vertex 89.5867 0.782476 8
      vertex 89.732 1 0
      vertex 89.732 1 8
    endloop
  endfacet
  facet normal 0.831549 -0.555452 0
    outer loop
      vertex 89.732 1 0
      vertex 89.5867 0.782476 8
      vertex 89.5867 0.782476 0
    endloop
  endfacet
  facet normal 0.55561 -0.831443 0
    outer loop
      vertex 89 0.267949 0
      vertex 89.2175 0.413293 8
      vertex 89 0.267949 8
    endloop
  endfacet
  facet normal 0.55561 -0.831443 0
    outer loop
      vertex 89.2175 0.413293 8
      vertex 89 0.267949 0
      vertex 89.2175 0.413293 0
    endloop
  endfacet
  facet normal -0.659362 0.751826 0
    outer loop
      vertex 0.782476 59.5867 0
      vertex 0.585786 59.4142 8
      vertex 0.782476 59.5867 8
    endloop
  endfacet
  facet normal -0.659362 0.751826 0
    outer loop
      vertex 0.585786 59.4142 8
      vertex 0.782476 59.5867 0
      vertex 0.585786 59.4142 0
    endloop
  endfacet
  facet normal -0.831443 0.55561 0
    outer loop
      vertex 0.267949 59 0
      vertex 0.413293 59.2175 8
      vertex 0.413293 59.2175 0
    endloop
  endfacet
  facet normal -0.831443 0.55561 0
    outer loop
      vertex 0.413293 59.2175 8
      vertex 0.267949 59 0
      vertex 0.267949 59 8
    endloop
  endfacet
  facet normal -0.946957 0.321359 0
    outer loop
      vertex 0.0681477 58.5176 0
      vertex 0.152241 58.7654 8
      vertex 0.152241 58.7654 0
    endloop
  endfacet
  facet normal -0.946957 0.321359 0
    outer loop
      vertex 0.152241 58.7654 8
      vertex 0.0681477 58.5176 0
      vertex 0.0681477 58.5176 8
    endloop
  endfacet
  facet normal -0.555568 -0.831471 0
    outer loop
      vertex 0.782476 0.413293 0
      vertex 1 0.267949 8
      vertex 0.782476 0.413293 8
    endloop
  endfacet
  facet normal -0.555568 -0.831471 -0
    outer loop
      vertex 1 0.267949 8
      vertex 0.782476 0.413293 0
      vertex 1 0.267949 0
    endloop
  endfacet
  facet normal -0.442293 -0.896871 0
    outer loop
      vertex 1 0.267949 0
      vertex 1.23463 0.152241 8
      vertex 1 0.267949 8
    endloop
  endfacet
  facet normal -0.442293 -0.896871 -0
    outer loop
      vertex 1.23463 0.152241 8
      vertex 1 0.267949 0
      vertex 1.23463 0.152241 0
    endloop
  endfacet
  facet normal -0.831471 -0.555568 0
    outer loop
      vertex 0.413293 0.782476 0
      vertex 0.267949 1 8
      vertex 0.267949 1 0
    endloop
  endfacet
  facet normal -0.831471 -0.555568 0
    outer loop
      vertex 0.267949 1 8
      vertex 0.413293 0.782476 0
      vertex 0.413293 0.782476 8
    endloop
  endfacet
  facet normal -0.751839 -0.659347 0
    outer loop
      vertex 0.585786 0.585786 0
      vertex 0.413293 0.782476 8
      vertex 0.413293 0.782476 0
    endloop
  endfacet
  facet normal -0.751839 -0.659347 0
    outer loop
      vertex 0.413293 0.782476 8
      vertex 0.585786 0.585786 0
      vertex 0.585786 0.585786 8
    endloop
  endfacet
  facet normal -0.659347 -0.751839 0
    outer loop
      vertex 0.585786 0.585786 0
      vertex 0.782476 0.413293 8
      vertex 0.585786 0.585786 8
    endloop
  endfacet
  facet normal -0.659347 -0.751839 -0
    outer loop
      vertex 0.782476 0.413293 8
      vertex 0.585786 0.585786 0
      vertex 0.782476 0.413293 0
    endloop
  endfacet
  facet normal -0.896871 -0.442293 0
    outer loop
      vertex 0.267949 1 0
      vertex 0.152241 1.23463 8
      vertex 0.152241 1.23463 0
    endloop
  endfacet
  facet normal -0.896871 -0.442293 0
    outer loop
      vertex 0.152241 1.23463 8
      vertex 0.267949 1 0
      vertex 0.267949 1 8
    endloop
  endfacet
  facet normal -0.94693 -0.32144 0
    outer loop
      vertex 0.152241 1.23463 0
      vertex 0.0681477 1.48236 8
      vertex 0.0681477 1.48236 0
    endloop
  endfacet
  facet normal -0.94693 -0.32144 0
    outer loop
      vertex 0.0681477 1.48236 8
      vertex 0.152241 1.23463 0
      vertex 0.152241 1.23463 8
    endloop
  endfacet
  facet normal -0.321463 0.946922 0
    outer loop
      vertex 1.48236 59.9319 0
      vertex 1.23463 59.8478 8
      vertex 1.48236 59.9319 8
    endloop
  endfacet
  facet normal -0.321463 0.946922 0
    outer loop
      vertex 1.23463 59.8478 8
      vertex 1.48236 59.9319 0
      vertex 1.23463 59.8478 0
    endloop
  endfacet
  facet normal 0.442621 0.896709 -0
    outer loop
      vertex 89 59.732 0
      vertex 88.7654 59.8478 8
      vertex 89 59.732 8
    endloop
  endfacet
  facet normal 0.442621 0.896709 0
    outer loop
      vertex 88.7654 59.8478 8
      vertex 89 59.732 0
      vertex 88.7654 59.8478 0
    endloop
  endfacet
  facet normal 0.321382 0.94695 -0
    outer loop
      vertex 88.7654 59.8478 0
      vertex 88.5176 59.9319 8
      vertex 88.7654 59.8478 8
    endloop
  endfacet
  facet normal 0.321382 0.94695 0
    outer loop
      vertex 88.5176 59.9319 8
      vertex 88.7654 59.8478 0
      vertex 88.5176 59.9319 0
    endloop
  endfacet
  facet normal 0.831521 0.555494 0
    outer loop
      vertex 89.732 59 8
      vertex 89.5867 59.2175 0
      vertex 89.5867 59.2175 8
    endloop
  endfacet
  facet normal 0.831521 0.555494 0
    outer loop
      vertex 89.5867 59.2175 0
      vertex 89.732 59 8
      vertex 89.732 59 0
    endloop
  endfacet
  facet normal 0.980801 0.195013 0
    outer loop
      vertex 89.9829 58.2611 8
      vertex 89.9319 58.5176 0
      vertex 89.9319 58.5176 8
    endloop
  endfacet
  facet normal 0.980801 0.195013 0
    outer loop
      vertex 89.9319 58.5176 0
      vertex 89.9829 58.2611 8
      vertex 89.9829 58.2611 0
    endloop
  endfacet
  facet normal 0.997862 0.0653521 0
    outer loop
      vertex 90 58 8
      vertex 89.9829 58.2611 0
      vertex 89.9829 58.2611 8
    endloop
  endfacet
  facet normal 0.997862 0.0653521 0
    outer loop
      vertex 89.9829 58.2611 0
      vertex 90 58 8
      vertex 90 58 0
    endloop
  endfacet
  facet normal 0.195152 -0.980773 0
    outer loop
      vertex 88.2611 0.0171099 0
      vertex 88.5176 0.0681477 8
      vertex 88.2611 0.0171099 8
    endloop
  endfacet
  facet normal 0.195152 -0.980773 0
    outer loop
      vertex 88.5176 0.0681477 8
      vertex 88.2611 0.0171099 0
      vertex 88.5176 0.0681477 0
    endloop
  endfacet
  facet normal 0.659328 -0.751855 0
    outer loop
      vertex 89.2175 0.413293 0
      vertex 89.4142 0.585786 8
      vertex 89.2175 0.413293 8
    endloop
  endfacet
  facet normal 0.659328 -0.751855 0
    outer loop
      vertex 89.4142 0.585786 8
      vertex 89.2175 0.413293 0
      vertex 89.4142 0.585786 0
    endloop
  endfacet
  facet normal -0.980773 0.195152 0
    outer loop
      vertex 0.0171099 58.2611 0
      vertex 0.0681477 58.5176 8
      vertex 0.0681477 58.5176 0
    endloop
  endfacet
  facet normal -0.980773 0.195152 0
    outer loop
      vertex 0.0681477 58.5176 8
      vertex 0.0171099 58.2611 0
      vertex 0.0171099 58.2611 8
    endloop
  endfacet
  facet normal -0.896848 0.442338 0
    outer loop
      vertex 0.152241 58.7654 0
      vertex 0.267949 59 8
      vertex 0.267949 59 0
    endloop
  endfacet
  facet normal -0.896848 0.442338 0
    outer loop
      vertex 0.267949 59 8
      vertex 0.152241 58.7654 0
      vertex 0.152241 58.7654 8
    endloop
  endfacet
  facet normal 0.555494 0.831521 -0
    outer loop
      vertex 89.2175 59.5867 0
      vertex 89 59.732 8
      vertex 89.2175 59.5867 8
    endloop
  endfacet
  facet normal 0.555494 0.831521 0
    outer loop
      vertex 89 59.732 8
      vertex 89.2175 59.5867 0
      vertex 89 59.732 0
    endloop
  endfacet
  facet normal 0.0653521 0.997862 -0
    outer loop
      vertex 88.2611 59.9829 0
      vertex 88 60 8
      vertex 88.2611 59.9829 8
    endloop
  endfacet
  facet normal 0.0653521 0.997862 0
    outer loop
      vertex 88 60 8
      vertex 88.2611 59.9829 0
      vertex 88 60 0
    endloop
  endfacet
  facet normal 0.195013 0.980801 -0
    outer loop
      vertex 88.5176 59.9319 0
      vertex 88.2611 59.9829 8
      vertex 88.5176 59.9319 8
    endloop
  endfacet
  facet normal 0.195013 0.980801 0
    outer loop
      vertex 88.2611 59.9829 8
      vertex 88.5176 59.9319 0
      vertex 88.2611 59.9829 0
    endloop
  endfacet
  facet normal 0.94695 0.321382 0
    outer loop
      vertex 89.9319 58.5176 8
      vertex 89.8478 58.7654 0
      vertex 89.8478 58.7654 8
    endloop
  endfacet
  facet normal 0.94695 0.321382 0
    outer loop
      vertex 89.8478 58.7654 0
      vertex 89.9319 58.5176 8
      vertex 89.9319 58.5176 0
    endloop
  endfacet
endsolid OpenSCAD_Model
