solid OpenSCAD_Model
  facet normal -0.997863 -0.0653349 0
    outer loop
      vertex 13.8 32.5 0
      vertex 13.7718 32.9307 12
      vertex 13.7718 32.9307 0
    endloop
  endfacet
  facet normal -0.997863 -0.0653349 0
    outer loop
      vertex 13.7718 32.9307 12
      vertex 13.8 32.5 0
      vertex 13.8 32.5 12
    endloop
  endfacet
  facet normal 0.0653349 -0.997863 0
    outer loop
      vertex 10.0693 35.7718 0
      vertex 10.5 35.8 12
      vertex 10.0693 35.7718 12
    endloop
  endfacet
  facet normal 0.0653349 -0.997863 0
    outer loop
      vertex 10.5 35.8 12
      vertex 10.0693 35.7718 0
      vertex 10.5 35.8 0
    endloop
  endfacet
  facet normal -0.0653349 0.997863 0
    outer loop
      vertex 10.9307 29.2282 0
      vertex 10.5 29.2 12
      vertex 10.9307 29.2282 12
    endloop
  endfacet
  facet normal -0.0653349 0.997863 0
    outer loop
      vertex 10.5 29.2 12
      vertex 10.9307 29.2282 0
      vertex 10.5 29.2 0
    endloop
  endfacet
  facet normal -0.659259 -0.751916 0
    outer loop
      vertex 12.5089 35.1181 0
      vertex 12.8335 34.8335 12
      vertex 12.5089 35.1181 12
    endloop
  endfacet
  facet normal -0.659259 -0.751916 -0
    outer loop
      vertex 12.8335 34.8335 12
      vertex 12.5089 35.1181 0
      vertex 12.8335 34.8335 0
    endloop
  endfacet
  facet normal 0.751893 -0.659285 0
    outer loop
      vertex 7.88193 34.5089 12
      vertex 8.16655 34.8335 0
      vertex 8.16655 34.8335 12
    endloop
  endfacet
  facet normal 0.751893 -0.659285 0
    outer loop
      vertex 8.16655 34.8335 0
      vertex 7.88193 34.5089 12
      vertex 7.88193 34.5089 0
    endloop
  endfacet
  facet normal 0.442258 -0.896888 0
    outer loop
      vertex 8.85 35.3579 0
      vertex 9.23714 35.5488 12
      vertex 8.85 35.3579 12
    endloop
  endfacet
  facet normal 0.442258 -0.896888 0
    outer loop
      vertex 9.23714 35.5488 12
      vertex 8.85 35.3579 0
      vertex 9.23714 35.5488 0
    endloop
  endfacet
  facet normal -0.89687 -0.442295 0
    outer loop
      vertex 13.5488 33.7629 0
      vertex 13.3579 34.15 12
      vertex 13.3579 34.15 0
    endloop
  endfacet
  facet normal -0.89687 -0.442295 0
    outer loop
      vertex 13.3579 34.15 12
      vertex 13.5488 33.7629 0
      vertex 13.5488 33.7629 12
    endloop
  endfacet
  facet normal -0.321504 -0.946908 0
    outer loop
      vertex 11.3541 35.6876 0
      vertex 11.7629 35.5488 12
      vertex 11.3541 35.6876 12
    endloop
  endfacet
  facet normal -0.321504 -0.946908 -0
    outer loop
      vertex 11.7629 35.5488 12
      vertex 11.3541 35.6876 0
      vertex 11.7629 35.5488 0
    endloop
  endfacet
  facet normal -0.195047 -0.980794 0
    outer loop
      vertex 10.9307 35.7718 0
      vertex 11.3541 35.6876 12
      vertex 10.9307 35.7718 12
    endloop
  endfacet
  facet normal -0.195047 -0.980794 -0
    outer loop
      vertex 11.3541 35.6876 12
      vertex 10.9307 35.7718 0
      vertex 11.3541 35.6876 0
    endloop
  endfacet
  facet normal -0.442295 -0.89687 0
    outer loop
      vertex 11.7629 35.5488 0
      vertex 12.15 35.3579 12
      vertex 11.7629 35.5488 12
    endloop
  endfacet
  facet normal -0.442295 -0.89687 -0
    outer loop
      vertex 12.15 35.3579 12
      vertex 11.7629 35.5488 0
      vertex 12.15 35.3579 0
    endloop
  endfacet
  facet normal 0.946936 -0.321421 0
    outer loop
      vertex 7.31244 33.3541 12
      vertex 7.4512 33.7629 0
      vertex 7.4512 33.7629 12
    endloop
  endfacet
  facet normal 0.946936 -0.321421 0
    outer loop
      vertex 7.4512 33.7629 0
      vertex 7.31244 33.3541 12
      vertex 7.31244 33.3541 0
    endloop
  endfacet
  facet normal 0.980789 -0.195069 0
    outer loop
      vertex 7.22823 32.9307 12
      vertex 7.31244 33.3541 0
      vertex 7.31244 33.3541 12
    endloop
  endfacet
  facet normal 0.980789 -0.195069 0
    outer loop
      vertex 7.31244 33.3541 0
      vertex 7.22823 32.9307 12
      vertex 7.22823 32.9307 0
    endloop
  endfacet
  facet normal 0.321532 -0.946899 0
    outer loop
      vertex 9.23714 35.5488 0
      vertex 9.6459 35.6876 12
      vertex 9.23714 35.5488 12
    endloop
  endfacet
  facet normal 0.321532 -0.946899 0
    outer loop
      vertex 9.6459 35.6876 12
      vertex 9.23714 35.5488 0
      vertex 9.6459 35.6876 0
    endloop
  endfacet
  facet normal -0.980794 0.195047 0
    outer loop
      vertex 13.6876 31.6459 0
      vertex 13.7718 32.0693 12
      vertex 13.7718 32.0693 0
    endloop
  endfacet
  facet normal -0.980794 0.195047 0
    outer loop
      vertex 13.7718 32.0693 12
      vertex 13.6876 31.6459 0
      vertex 13.6876 31.6459 12
    endloop
  endfacet
  facet normal 0.195047 0.980794 -0
    outer loop
      vertex 10.0693 29.2282 0
      vertex 9.6459 29.3124 12
      vertex 10.0693 29.2282 12
    endloop
  endfacet
  facet normal 0.195047 0.980794 0
    outer loop
      vertex 9.6459 29.3124 12
      vertex 10.0693 29.2282 0
      vertex 9.6459 29.3124 0
    endloop
  endfacet
  facet normal -0.946908 -0.321504 0
    outer loop
      vertex 13.6876 33.3541 0
      vertex 13.5488 33.7629 12
      vertex 13.5488 33.7629 0
    endloop
  endfacet
  facet normal -0.946908 -0.321504 0
    outer loop
      vertex 13.5488 33.7629 12
      vertex 13.6876 33.3541 0
      vertex 13.6876 33.3541 12
    endloop
  endfacet
  facet normal -0.980794 -0.195047 0
    outer loop
      vertex 13.7718 32.9307 0
      vertex 13.6876 33.3541 12
      vertex 13.6876 33.3541 0
    endloop
  endfacet
  facet normal -0.980794 -0.195047 0
    outer loop
      vertex 13.6876 33.3541 12
      vertex 13.7718 32.9307 0
      vertex 13.7718 32.9307 12
    endloop
  endfacet
  facet normal -0.751916 -0.659259 0
    outer loop
      vertex 13.1181 34.5089 0
      vertex 12.8335 34.8335 12
      vertex 12.8335 34.8335 0
    endloop
  endfacet
  facet normal -0.751916 -0.659259 0
    outer loop
      vertex 12.8335 34.8335 12
      vertex 13.1181 34.5089 0
      vertex 13.1181 34.5089 12
    endloop
  endfacet
  facet normal -0.83148 -0.555555 0
    outer loop
      vertex 13.3579 34.15 0
      vertex 13.1181 34.5089 12
      vertex 13.1181 34.5089 0
    endloop
  endfacet
  facet normal -0.83148 -0.555555 0
    outer loop
      vertex 13.1181 34.5089 12
      vertex 13.3579 34.15 0
      vertex 13.3579 34.15 12
    endloop
  endfacet
  facet normal -0.0653349 -0.997863 0
    outer loop
      vertex 10.5 35.8 0
      vertex 10.9307 35.7718 12
      vertex 10.5 35.8 12
    endloop
  endfacet
  facet normal -0.0653349 -0.997863 -0
    outer loop
      vertex 10.9307 35.7718 12
      vertex 10.5 35.8 0
      vertex 10.9307 35.7718 0
    endloop
  endfacet
  facet normal -0.555555 -0.83148 0
    outer loop
      vertex 12.15 35.3579 0
      vertex 12.5089 35.1181 12
      vertex 12.15 35.3579 12
    endloop
  endfacet
  facet normal -0.555555 -0.83148 -0
    outer loop
      vertex 12.5089 35.1181 12
      vertex 12.15 35.3579 0
      vertex 12.5089 35.1181 0
    endloop
  endfacet
  facet normal 0.896851 -0.442332 0
    outer loop
      vertex 7.4512 33.7629 12
      vertex 7.64212 34.15 0
      vertex 7.64212 34.15 12
    endloop
  endfacet
  facet normal 0.896851 -0.442332 0
    outer loop
      vertex 7.64212 34.15 0
      vertex 7.4512 33.7629 12
      vertex 7.4512 33.7629 0
    endloop
  endfacet
  facet normal 0.831469 -0.555571 0
    outer loop
      vertex 7.64212 34.15 12
      vertex 7.88193 34.5089 0
      vertex 7.88193 34.5089 12
    endloop
  endfacet
  facet normal 0.831469 -0.555571 0
    outer loop
      vertex 7.88193 34.5089 0
      vertex 7.64212 34.15 12
      vertex 7.64212 34.15 0
    endloop
  endfacet
  facet normal 0.997859 -0.0654041 0
    outer loop
      vertex 7.2 32.5 12
      vertex 7.22823 32.9307 0
      vertex 7.22823 32.9307 12
    endloop
  endfacet
  facet normal 0.997859 -0.0654041 0
    outer loop
      vertex 7.22823 32.9307 0
      vertex 7.2 32.5 12
      vertex 7.2 32.5 0
    endloop
  endfacet
  facet normal 0.555545 -0.831487 0
    outer loop
      vertex 8.49109 35.1181 0
      vertex 8.85 35.3579 12
      vertex 8.49109 35.1181 12
    endloop
  endfacet
  facet normal 0.555545 -0.831487 0
    outer loop
      vertex 8.85 35.3579 12
      vertex 8.49109 35.1181 0
      vertex 8.85 35.3579 0
    endloop
  endfacet
  facet normal 0.659328 -0.751856 0
    outer loop
      vertex 8.16655 34.8335 0
      vertex 8.49109 35.1181 12
      vertex 8.16655 34.8335 12
    endloop
  endfacet
  facet normal 0.659328 -0.751856 0
    outer loop
      vertex 8.49109 35.1181 12
      vertex 8.16655 34.8335 0
      vertex 8.49109 35.1181 0
    endloop
  endfacet
  facet normal 0.195047 -0.980794 0
    outer loop
      vertex 9.6459 35.6876 0
      vertex 10.0693 35.7718 12
      vertex 9.6459 35.6876 12
    endloop
  endfacet
  facet normal 0.195047 -0.980794 0
    outer loop
      vertex 10.0693 35.7718 12
      vertex 9.6459 35.6876 0
      vertex 10.0693 35.7718 0
    endloop
  endfacet
  facet normal -0.997863 0.0653349 0
    outer loop
      vertex 13.7718 32.0693 0
      vertex 13.8 32.5 12
      vertex 13.8 32.5 0
    endloop
  endfacet
  facet normal -0.997863 0.0653349 0
    outer loop
      vertex 13.8 32.5 12
      vertex 13.7718 32.0693 0
      vertex 13.7718 32.0693 12
    endloop
  endfacet
  facet normal -0.195047 0.980794 0
    outer loop
      vertex 11.3541 29.3124 0
      vertex 10.9307 29.2282 12
      vertex 11.3541 29.3124 12
    endloop
  endfacet
  facet normal -0.195047 0.980794 0
    outer loop
      vertex 10.9307 29.2282 12
      vertex 11.3541 29.3124 0
      vertex 10.9307 29.2282 0
    endloop
  endfacet
  facet normal -0.442295 0.89687 0
    outer loop
      vertex 12.15 29.6421 0
      vertex 11.7629 29.4512 12
      vertex 12.15 29.6421 12
    endloop
  endfacet
  facet normal -0.442295 0.89687 0
    outer loop
      vertex 11.7629 29.4512 12
      vertex 12.15 29.6421 0
      vertex 11.7629 29.4512 0
    endloop
  endfacet
  facet normal -0.751916 0.659259 0
    outer loop
      vertex 12.8335 30.1665 0
      vertex 13.1181 30.4911 12
      vertex 13.1181 30.4911 0
    endloop
  endfacet
  facet normal -0.751916 0.659259 0
    outer loop
      vertex 13.1181 30.4911 12
      vertex 12.8335 30.1665 0
      vertex 12.8335 30.1665 12
    endloop
  endfacet
  facet normal -0.555555 0.83148 0
    outer loop
      vertex 12.5089 29.8819 0
      vertex 12.15 29.6421 12
      vertex 12.5089 29.8819 12
    endloop
  endfacet
  facet normal -0.555555 0.83148 0
    outer loop
      vertex 12.15 29.6421 12
      vertex 12.5089 29.8819 0
      vertex 12.15 29.6421 0
    endloop
  endfacet
  facet normal -0.83148 0.555555 0
    outer loop
      vertex 13.1181 30.4911 0
      vertex 13.3579 30.85 12
      vertex 13.3579 30.85 0
    endloop
  endfacet
  facet normal -0.83148 0.555555 0
    outer loop
      vertex 13.3579 30.85 12
      vertex 13.1181 30.4911 0
      vertex 13.1181 30.4911 12
    endloop
  endfacet
  facet normal 0.555545 0.831487 -0
    outer loop
      vertex 8.85 29.6421 0
      vertex 8.49109 29.8819 12
      vertex 8.85 29.6421 12
    endloop
  endfacet
  facet normal 0.555545 0.831487 0
    outer loop
      vertex 8.49109 29.8819 12
      vertex 8.85 29.6421 0
      vertex 8.49109 29.8819 0
    endloop
  endfacet
  facet normal 0.321532 0.946899 -0
    outer loop
      vertex 9.6459 29.3124 0
      vertex 9.23714 29.4512 12
      vertex 9.6459 29.3124 12
    endloop
  endfacet
  facet normal 0.321532 0.946899 0
    outer loop
      vertex 9.23714 29.4512 12
      vertex 9.6459 29.3124 0
      vertex 9.23714 29.4512 0
    endloop
  endfacet
  facet normal 0.0653349 0.997863 -0
    outer loop
      vertex 10.5 29.2 0
      vertex 10.0693 29.2282 12
      vertex 10.5 29.2 12
    endloop
  endfacet
  facet normal 0.0653349 0.997863 0
    outer loop
      vertex 10.0693 29.2282 12
      vertex 10.5 29.2 0
      vertex 10.0693 29.2282 0
    endloop
  endfacet
  facet normal 0.831469 0.555571 0
    outer loop
      vertex 7.88193 30.4911 12
      vertex 7.64212 30.85 0
      vertex 7.64212 30.85 12
    endloop
  endfacet
  facet normal 0.831469 0.555571 0
    outer loop
      vertex 7.64212 30.85 0
      vertex 7.88193 30.4911 12
      vertex 7.88193 30.4911 0
    endloop
  endfacet
  facet normal 0.659328 0.751856 -0
    outer loop
      vertex 8.49109 29.8819 0
      vertex 8.16655 30.1665 12
      vertex 8.49109 29.8819 12
    endloop
  endfacet
  facet normal 0.659328 0.751856 0
    outer loop
      vertex 8.16655 30.1665 12
      vertex 8.49109 29.8819 0
      vertex 8.16655 30.1665 0
    endloop
  endfacet
  facet normal 0.896851 0.442332 0
    outer loop
      vertex 7.64212 30.85 12
      vertex 7.4512 31.2371 0
      vertex 7.4512 31.2371 12
    endloop
  endfacet
  facet normal 0.896851 0.442332 0
    outer loop
      vertex 7.4512 31.2371 0
      vertex 7.64212 30.85 12
      vertex 7.64212 30.85 0
    endloop
  endfacet
  facet normal 0.980789 0.195069 0
    outer loop
      vertex 7.31244 31.6459 12
      vertex 7.22823 32.0693 0
      vertex 7.22823 32.0693 12
    endloop
  endfacet
  facet normal 0.980789 0.195069 0
    outer loop
      vertex 7.22823 32.0693 0
      vertex 7.31244 31.6459 12
      vertex 7.31244 31.6459 0
    endloop
  endfacet
  facet normal 0.997859 0.0654041 0
    outer loop
      vertex 7.22823 32.0693 12
      vertex 7.2 32.5 0
      vertex 7.2 32.5 12
    endloop
  endfacet
  facet normal 0.997859 0.0654041 0
    outer loop
      vertex 7.2 32.5 0
      vertex 7.22823 32.0693 12
      vertex 7.22823 32.0693 0
    endloop
  endfacet
  facet normal -0.946908 0.321504 0
    outer loop
      vertex 13.5488 31.2371 0
      vertex 13.6876 31.6459 12
      vertex 13.6876 31.6459 0
    endloop
  endfacet
  facet normal -0.946908 0.321504 0
    outer loop
      vertex 13.6876 31.6459 12
      vertex 13.5488 31.2371 0
      vertex 13.5488 31.2371 12
    endloop
  endfacet
  facet normal -0.321504 0.946908 0
    outer loop
      vertex 11.7629 29.4512 0
      vertex 11.3541 29.3124 12
      vertex 11.7629 29.4512 12
    endloop
  endfacet
  facet normal -0.321504 0.946908 0
    outer loop
      vertex 11.3541 29.3124 12
      vertex 11.7629 29.4512 0
      vertex 11.3541 29.3124 0
    endloop
  endfacet
  facet normal -0.659259 0.751916 0
    outer loop
      vertex 12.8335 30.1665 0
      vertex 12.5089 29.8819 12
      vertex 12.8335 30.1665 12
    endloop
  endfacet
  facet normal -0.659259 0.751916 0
    outer loop
      vertex 12.5089 29.8819 12
      vertex 12.8335 30.1665 0
      vertex 12.5089 29.8819 0
    endloop
  endfacet
  facet normal 0.442258 0.896888 -0
    outer loop
      vertex 9.23714 29.4512 0
      vertex 8.85 29.6421 12
      vertex 9.23714 29.4512 12
    endloop
  endfacet
  facet normal 0.442258 0.896888 0
    outer loop
      vertex 8.85 29.6421 12
      vertex 9.23714 29.4512 0
      vertex 8.85 29.6421 0
    endloop
  endfacet
  facet normal 0.751893 0.659285 0
    outer loop
      vertex 8.16655 30.1665 12
      vertex 7.88193 30.4911 0
      vertex 7.88193 30.4911 12
    endloop
  endfacet
  facet normal 0.751893 0.659285 0
    outer loop
      vertex 7.88193 30.4911 0
      vertex 8.16655 30.1665 12
      vertex 8.16655 30.1665 0
    endloop
  endfacet
  facet normal 0.946936 0.321421 0
    outer loop
      vertex 7.4512 31.2371 12
      vertex 7.31244 31.6459 0
      vertex 7.31244 31.6459 12
    endloop
  endfacet
  facet normal 0.946936 0.321421 0
    outer loop
      vertex 7.31244 31.6459 0
      vertex 7.4512 31.2371 12
      vertex 7.4512 31.2371 0
    endloop
  endfacet
  facet normal -0.89687 0.442295 0
    outer loop
      vertex 13.3579 30.85 0
      vertex 13.5488 31.2371 12
      vertex 13.5488 31.2371 0
    endloop
  endfacet
  facet normal -0.89687 0.442295 0
    outer loop
      vertex 13.5488 31.2371 12
      vertex 13.3579 30.85 0
      vertex 13.3579 30.85 12
    endloop
  endfacet
  facet normal -0.997863 -0.0653349 0
    outer loop
      vertex 13.8 47.5 0
      vertex 13.7718 47.9307 12
      vertex 13.7718 47.9307 0
    endloop
  endfacet
  facet normal -0.997863 -0.0653349 0
    outer loop
      vertex 13.7718 47.9307 12
      vertex 13.8 47.5 0
      vertex 13.8 47.5 12
    endloop
  endfacet
  facet normal 0.0653349 -0.997863 0
    outer loop
      vertex 10.0693 50.7718 0
      vertex 10.5 50.8 12
      vertex 10.0693 50.7718 12
    endloop
  endfacet
  facet normal 0.0653349 -0.997863 0
    outer loop
      vertex 10.5 50.8 12
      vertex 10.0693 50.7718 0
      vertex 10.5 50.8 0
    endloop
  endfacet
  facet normal -0.659259 -0.751916 0
    outer loop
      vertex 12.5089 50.1181 0
      vertex 12.8335 49.8335 12
      vertex 12.5089 50.1181 12
    endloop
  endfacet
  facet normal -0.659259 -0.751916 -0
    outer loop
      vertex 12.8335 49.8335 12
      vertex 12.5089 50.1181 0
      vertex 12.8335 49.8335 0
    endloop
  endfacet
  facet normal 0.751893 -0.659285 0
    outer loop
      vertex 7.88193 49.5089 12
      vertex 8.16655 49.8335 0
      vertex 8.16655 49.8335 12
    endloop
  endfacet
  facet normal 0.751893 -0.659285 0
    outer loop
      vertex 8.16655 49.8335 0
      vertex 7.88193 49.5089 12
      vertex 7.88193 49.5089 0
    endloop
  endfacet
  facet normal 0.442258 -0.896888 0
    outer loop
      vertex 8.85 50.3579 0
      vertex 9.23714 50.5488 12
      vertex 8.85 50.3579 12
    endloop
  endfacet
  facet normal 0.442258 -0.896888 0
    outer loop
      vertex 9.23714 50.5488 12
      vertex 8.85 50.3579 0
      vertex 9.23714 50.5488 0
    endloop
  endfacet
  facet normal -0.89687 0.442295 0
    outer loop
      vertex 13.3579 45.85 0
      vertex 13.5488 46.2371 12
      vertex 13.5488 46.2371 0
    endloop
  endfacet
  facet normal -0.89687 0.442295 0
    outer loop
      vertex 13.5488 46.2371 12
      vertex 13.3579 45.85 0
      vertex 13.3579 45.85 12
    endloop
  endfacet
  facet normal -0.89687 -0.442295 0
    outer loop
      vertex 13.5488 48.7629 0
      vertex 13.3579 49.15 12
      vertex 13.3579 49.15 0
    endloop
  endfacet
  facet normal -0.89687 -0.442295 0
    outer loop
      vertex 13.3579 49.15 12
      vertex 13.5488 48.7629 0
      vertex 13.5488 48.7629 12
    endloop
  endfacet
  facet normal -0.321504 -0.946908 0
    outer loop
      vertex 11.3541 50.6876 0
      vertex 11.7629 50.5488 12
      vertex 11.3541 50.6876 12
    endloop
  endfacet
  facet normal -0.321504 -0.946908 -0
    outer loop
      vertex 11.7629 50.5488 12
      vertex 11.3541 50.6876 0
      vertex 11.7629 50.5488 0
    endloop
  endfacet
  facet normal -0.195047 -0.980794 0
    outer loop
      vertex 10.9307 50.7718 0
      vertex 11.3541 50.6876 12
      vertex 10.9307 50.7718 12
    endloop
  endfacet
  facet normal -0.195047 -0.980794 -0
    outer loop
      vertex 11.3541 50.6876 12
      vertex 10.9307 50.7718 0
      vertex 11.3541 50.6876 0
    endloop
  endfacet
  facet normal -0.442295 -0.89687 0
    outer loop
      vertex 11.7629 50.5488 0
      vertex 12.15 50.3579 12
      vertex 11.7629 50.5488 12
    endloop
  endfacet
  facet normal -0.442295 -0.89687 -0
    outer loop
      vertex 12.15 50.3579 12
      vertex 11.7629 50.5488 0
      vertex 12.15 50.3579 0
    endloop
  endfacet
  facet normal 0.946936 -0.321421 0
    outer loop
      vertex 7.31244 48.3541 12
      vertex 7.4512 48.7629 0
      vertex 7.4512 48.7629 12
    endloop
  endfacet
  facet normal 0.946936 -0.321421 0
    outer loop
      vertex 7.4512 48.7629 0
      vertex 7.31244 48.3541 12
      vertex 7.31244 48.3541 0
    endloop
  endfacet
  facet normal 0.896851 -0.442332 0
    outer loop
      vertex 7.4512 48.7629 12
      vertex 7.64212 49.15 0
      vertex 7.64212 49.15 12
    endloop
  endfacet
  facet normal 0.896851 -0.442332 0
    outer loop
      vertex 7.64212 49.15 0
      vertex 7.4512 48.7629 12
      vertex 7.4512 48.7629 0
    endloop
  endfacet
  facet normal 0.980789 -0.195069 0
    outer loop
      vertex 7.22823 47.9307 12
      vertex 7.31244 48.3541 0
      vertex 7.31244 48.3541 12
    endloop
  endfacet
  facet normal 0.980789 -0.195069 0
    outer loop
      vertex 7.31244 48.3541 0
      vertex 7.22823 47.9307 12
      vertex 7.22823 47.9307 0
    endloop
  endfacet
  facet normal 0.659328 -0.751856 0
    outer loop
      vertex 8.16655 49.8335 0
      vertex 8.49109 50.1181 12
      vertex 8.16655 49.8335 12
    endloop
  endfacet
  facet normal 0.659328 -0.751856 0
    outer loop
      vertex 8.49109 50.1181 12
      vertex 8.16655 49.8335 0
      vertex 8.49109 50.1181 0
    endloop
  endfacet
  facet normal 0.321532 -0.946899 0
    outer loop
      vertex 9.23714 50.5488 0
      vertex 9.6459 50.6876 12
      vertex 9.23714 50.5488 12
    endloop
  endfacet
  facet normal 0.321532 -0.946899 0
    outer loop
      vertex 9.6459 50.6876 12
      vertex 9.23714 50.5488 0
      vertex 9.6459 50.6876 0
    endloop
  endfacet
  facet normal 0.321532 0.946899 -0
    outer loop
      vertex 9.6459 44.3124 0
      vertex 9.23714 44.4512 12
      vertex 9.6459 44.3124 12
    endloop
  endfacet
  facet normal 0.321532 0.946899 0
    outer loop
      vertex 9.23714 44.4512 12
      vertex 9.6459 44.3124 0
      vertex 9.23714 44.4512 0
    endloop
  endfacet
  facet normal 0.195047 0.980794 -0
    outer loop
      vertex 10.0693 44.2282 0
      vertex 9.6459 44.3124 12
      vertex 10.0693 44.2282 12
    endloop
  endfacet
  facet normal 0.195047 0.980794 0
    outer loop
      vertex 9.6459 44.3124 12
      vertex 10.0693 44.2282 0
      vertex 9.6459 44.3124 0
    endloop
  endfacet
  facet normal 0.659328 0.751856 -0
    outer loop
      vertex 8.49109 44.8819 0
      vertex 8.16655 45.1665 12
      vertex 8.49109 44.8819 12
    endloop
  endfacet
  facet normal 0.659328 0.751856 0
    outer loop
      vertex 8.16655 45.1665 12
      vertex 8.49109 44.8819 0
      vertex 8.16655 45.1665 0
    endloop
  endfacet
  facet normal -0.946908 -0.321504 0
    outer loop
      vertex 13.6876 48.3541 0
      vertex 13.5488 48.7629 12
      vertex 13.5488 48.7629 0
    endloop
  endfacet
  facet normal -0.946908 -0.321504 0
    outer loop
      vertex 13.5488 48.7629 12
      vertex 13.6876 48.3541 0
      vertex 13.6876 48.3541 12
    endloop
  endfacet
  facet normal -0.980794 -0.195047 0
    outer loop
      vertex 13.7718 47.9307 0
      vertex 13.6876 48.3541 12
      vertex 13.6876 48.3541 0
    endloop
  endfacet
  facet normal -0.980794 -0.195047 0
    outer loop
      vertex 13.6876 48.3541 12
      vertex 13.7718 47.9307 0
      vertex 13.7718 47.9307 12
    endloop
  endfacet
  facet normal -0.751916 -0.659259 0
    outer loop
      vertex 13.1181 49.5089 0
      vertex 12.8335 49.8335 12
      vertex 12.8335 49.8335 0
    endloop
  endfacet
  facet normal -0.751916 -0.659259 0
    outer loop
      vertex 12.8335 49.8335 12
      vertex 13.1181 49.5089 0
      vertex 13.1181 49.5089 12
    endloop
  endfacet
  facet normal -0.83148 -0.555555 0
    outer loop
      vertex 13.3579 49.15 0
      vertex 13.1181 49.5089 12
      vertex 13.1181 49.5089 0
    endloop
  endfacet
  facet normal -0.83148 -0.555555 0
    outer loop
      vertex 13.1181 49.5089 12
      vertex 13.3579 49.15 0
      vertex 13.3579 49.15 12
    endloop
  endfacet
  facet normal -0.0653349 -0.997863 0
    outer loop
      vertex 10.5 50.8 0
      vertex 10.9307 50.7718 12
      vertex 10.5 50.8 12
    endloop
  endfacet
  facet normal -0.0653349 -0.997863 -0
    outer loop
      vertex 10.9307 50.7718 12
      vertex 10.5 50.8 0
      vertex 10.9307 50.7718 0
    endloop
  endfacet
  facet normal -0.555555 -0.83148 0
    outer loop
      vertex 12.15 50.3579 0
      vertex 12.5089 50.1181 12
      vertex 12.15 50.3579 12
    endloop
  endfacet
  facet normal -0.555555 -0.83148 -0
    outer loop
      vertex 12.5089 50.1181 12
      vertex 12.15 50.3579 0
      vertex 12.5089 50.1181 0
    endloop
  endfacet
  facet normal 0.831469 -0.555571 0
    outer loop
      vertex 7.64212 49.15 12
      vertex 7.88193 49.5089 0
      vertex 7.88193 49.5089 12
    endloop
  endfacet
  facet normal 0.831469 -0.555571 0
    outer loop
      vertex 7.88193 49.5089 0
      vertex 7.64212 49.15 12
      vertex 7.64212 49.15 0
    endloop
  endfacet
  facet normal 0.997859 -0.0654041 0
    outer loop
      vertex 7.2 47.5 12
      vertex 7.22823 47.9307 0
      vertex 7.22823 47.9307 12
    endloop
  endfacet
  facet normal 0.997859 -0.0654041 0
    outer loop
      vertex 7.22823 47.9307 0
      vertex 7.2 47.5 12
      vertex 7.2 47.5 0
    endloop
  endfacet
  facet normal 0.555545 -0.831487 0
    outer loop
      vertex 8.49109 50.1181 0
      vertex 8.85 50.3579 12
      vertex 8.49109 50.1181 12
    endloop
  endfacet
  facet normal 0.555545 -0.831487 0
    outer loop
      vertex 8.85 50.3579 12
      vertex 8.49109 50.1181 0
      vertex 8.85 50.3579 0
    endloop
  endfacet
  facet normal 0.195047 -0.980794 0
    outer loop
      vertex 9.6459 50.6876 0
      vertex 10.0693 50.7718 12
      vertex 9.6459 50.6876 12
    endloop
  endfacet
  facet normal 0.195047 -0.980794 0
    outer loop
      vertex 10.0693 50.7718 12
      vertex 9.6459 50.6876 0
      vertex 10.0693 50.7718 0
    endloop
  endfacet
  facet normal -0.997863 0.0653349 0
    outer loop
      vertex 13.7718 47.0693 0
      vertex 13.8 47.5 12
      vertex 13.8 47.5 0
    endloop
  endfacet
  facet normal -0.997863 0.0653349 0
    outer loop
      vertex 13.8 47.5 12
      vertex 13.7718 47.0693 0
      vertex 13.7718 47.0693 12
    endloop
  endfacet
  facet normal -0.980794 0.195047 0
    outer loop
      vertex 13.6876 46.6459 0
      vertex 13.7718 47.0693 12
      vertex 13.7718 47.0693 0
    endloop
  endfacet
  facet normal -0.980794 0.195047 0
    outer loop
      vertex 13.7718 47.0693 12
      vertex 13.6876 46.6459 0
      vertex 13.6876 46.6459 12
    endloop
  endfacet
  facet normal -0.195047 0.980794 0
    outer loop
      vertex 11.3541 44.3124 0
      vertex 10.9307 44.2282 12
      vertex 11.3541 44.3124 12
    endloop
  endfacet
  facet normal -0.195047 0.980794 0
    outer loop
      vertex 10.9307 44.2282 12
      vertex 11.3541 44.3124 0
      vertex 10.9307 44.2282 0
    endloop
  endfacet
  facet normal -0.442295 0.89687 0
    outer loop
      vertex 12.15 44.6421 0
      vertex 11.7629 44.4512 12
      vertex 12.15 44.6421 12
    endloop
  endfacet
  facet normal -0.442295 0.89687 0
    outer loop
      vertex 11.7629 44.4512 12
      vertex 12.15 44.6421 0
      vertex 11.7629 44.4512 0
    endloop
  endfacet
  facet normal -0.555555 0.83148 0
    outer loop
      vertex 12.5089 44.8819 0
      vertex 12.15 44.6421 12
      vertex 12.5089 44.8819 12
    endloop
  endfacet
  facet normal -0.555555 0.83148 0
    outer loop
      vertex 12.15 44.6421 12
      vertex 12.5089 44.8819 0
      vertex 12.15 44.6421 0
    endloop
  endfacet
  facet normal -0.751916 0.659259 0
    outer loop
      vertex 12.8335 45.1665 0
      vertex 13.1181 45.4911 12
      vertex 13.1181 45.4911 0
    endloop
  endfacet
  facet normal -0.751916 0.659259 0
    outer loop
      vertex 13.1181 45.4911 12
      vertex 12.8335 45.1665 0
      vertex 12.8335 45.1665 12
    endloop
  endfacet
  facet normal -0.659259 0.751916 0
    outer loop
      vertex 12.8335 45.1665 0
      vertex 12.5089 44.8819 12
      vertex 12.8335 45.1665 12
    endloop
  endfacet
  facet normal -0.659259 0.751916 0
    outer loop
      vertex 12.5089 44.8819 12
      vertex 12.8335 45.1665 0
      vertex 12.5089 44.8819 0
    endloop
  endfacet
  facet normal -0.83148 0.555555 0
    outer loop
      vertex 13.1181 45.4911 0
      vertex 13.3579 45.85 12
      vertex 13.3579 45.85 0
    endloop
  endfacet
  facet normal -0.83148 0.555555 0
    outer loop
      vertex 13.3579 45.85 12
      vertex 13.1181 45.4911 0
      vertex 13.1181 45.4911 12
    endloop
  endfacet
  facet normal 0.442258 0.896888 -0
    outer loop
      vertex 9.23714 44.4512 0
      vertex 8.85 44.6421 12
      vertex 9.23714 44.4512 12
    endloop
  endfacet
  facet normal 0.442258 0.896888 0
    outer loop
      vertex 8.85 44.6421 12
      vertex 9.23714 44.4512 0
      vertex 8.85 44.6421 0
    endloop
  endfacet
  facet normal 0.555545 0.831487 -0
    outer loop
      vertex 8.85 44.6421 0
      vertex 8.49109 44.8819 12
      vertex 8.85 44.6421 12
    endloop
  endfacet
  facet normal 0.555545 0.831487 0
    outer loop
      vertex 8.49109 44.8819 12
      vertex 8.85 44.6421 0
      vertex 8.49109 44.8819 0
    endloop
  endfacet
  facet normal 0.0653349 0.997863 -0
    outer loop
      vertex 10.5 44.2 0
      vertex 10.0693 44.2282 12
      vertex 10.5 44.2 12
    endloop
  endfacet
  facet normal 0.0653349 0.997863 0
    outer loop
      vertex 10.0693 44.2282 12
      vertex 10.5 44.2 0
      vertex 10.0693 44.2282 0
    endloop
  endfacet
  facet normal 0.831469 0.555571 0
    outer loop
      vertex 7.88193 45.4911 12
      vertex 7.64212 45.85 0
      vertex 7.64212 45.85 12
    endloop
  endfacet
  facet normal 0.831469 0.555571 0
    outer loop
      vertex 7.64212 45.85 0
      vertex 7.88193 45.4911 12
      vertex 7.88193 45.4911 0
    endloop
  endfacet
  facet normal 0.896851 0.442332 0
    outer loop
      vertex 7.64212 45.85 12
      vertex 7.4512 46.2371 0
      vertex 7.4512 46.2371 12
    endloop
  endfacet
  facet normal 0.896851 0.442332 0
    outer loop
      vertex 7.4512 46.2371 0
      vertex 7.64212 45.85 12
      vertex 7.64212 45.85 0
    endloop
  endfacet
  facet normal 0.980789 0.195069 0
    outer loop
      vertex 7.31244 46.6459 12
      vertex 7.22823 47.0693 0
      vertex 7.22823 47.0693 12
    endloop
  endfacet
  facet normal 0.980789 0.195069 0
    outer loop
      vertex 7.22823 47.0693 0
      vertex 7.31244 46.6459 12
      vertex 7.31244 46.6459 0
    endloop
  endfacet
  facet normal 0.997859 0.0654041 0
    outer loop
      vertex 7.22823 47.0693 12
      vertex 7.2 47.5 0
      vertex 7.2 47.5 12
    endloop
  endfacet
  facet normal 0.997859 0.0654041 0
    outer loop
      vertex 7.2 47.5 0
      vertex 7.22823 47.0693 12
      vertex 7.22823 47.0693 0
    endloop
  endfacet
  facet normal -0.946908 0.321504 0
    outer loop
      vertex 13.5488 46.2371 0
      vertex 13.6876 46.6459 12
      vertex 13.6876 46.6459 0
    endloop
  endfacet
  facet normal -0.946908 0.321504 0
    outer loop
      vertex 13.6876 46.6459 12
      vertex 13.5488 46.2371 0
      vertex 13.5488 46.2371 12
    endloop
  endfacet
  facet normal -0.321504 0.946908 0
    outer loop
      vertex 11.7629 44.4512 0
      vertex 11.3541 44.3124 12
      vertex 11.7629 44.4512 12
    endloop
  endfacet
  facet normal -0.321504 0.946908 0
    outer loop
      vertex 11.3541 44.3124 12
      vertex 11.7629 44.4512 0
      vertex 11.3541 44.3124 0
    endloop
  endfacet
  facet normal -0.0653349 0.997863 0
    outer loop
      vertex 10.9307 44.2282 0
      vertex 10.5 44.2 12
      vertex 10.9307 44.2282 12
    endloop
  endfacet
  facet normal -0.0653349 0.997863 0
    outer loop
      vertex 10.5 44.2 12
      vertex 10.9307 44.2282 0
      vertex 10.5 44.2 0
    endloop
  endfacet
  facet normal 0.751893 0.659285 0
    outer loop
      vertex 8.16655 45.1665 12
      vertex 7.88193 45.4911 0
      vertex 7.88193 45.4911 12
    endloop
  endfacet
  facet normal 0.751893 0.659285 0
    outer loop
      vertex 7.88193 45.4911 0
      vertex 8.16655 45.1665 12
      vertex 8.16655 45.1665 0
    endloop
  endfacet
  facet normal 0.946936 0.321421 0
    outer loop
      vertex 7.4512 46.2371 12
      vertex 7.31244 46.6459 0
      vertex 7.31244 46.6459 12
    endloop
  endfacet
  facet normal 0.946936 0.321421 0
    outer loop
      vertex 7.31244 46.6459 0
      vertex 7.4512 46.2371 12
      vertex 7.4512 46.2371 0
    endloop
  endfacet
  facet normal -0.997863 -0.0653349 0
    outer loop
      vertex 32.8 32.5 0
      vertex 32.7718 32.9307 12
      vertex 32.7718 32.9307 0
    endloop
  endfacet
  facet normal -0.997863 -0.0653349 0
    outer loop
      vertex 32.7718 32.9307 12
      vertex 32.8 32.5 0
      vertex 32.8 32.5 12
    endloop
  endfacet
  facet normal 0.0653349 -0.997863 0
    outer loop
      vertex 29.0693 35.7718 0
      vertex 29.5 35.8 12
      vertex 29.0693 35.7718 12
    endloop
  endfacet
  facet normal 0.0653349 -0.997863 0
    outer loop
      vertex 29.5 35.8 12
      vertex 29.0693 35.7718 0
      vertex 29.5 35.8 0
    endloop
  endfacet
  facet normal -0.659259 -0.751916 0
    outer loop
      vertex 31.5089 35.1181 0
      vertex 31.8335 34.8335 12
      vertex 31.5089 35.1181 12
    endloop
  endfacet
  facet normal -0.659259 -0.751916 -0
    outer loop
      vertex 31.8335 34.8335 12
      vertex 31.5089 35.1181 0
      vertex 31.8335 34.8335 0
    endloop
  endfacet
  facet normal 0.751916 -0.659259 0
    outer loop
      vertex 26.8819 34.5089 12
      vertex 27.1665 34.8335 0
      vertex 27.1665 34.8335 12
    endloop
  endfacet
  facet normal 0.751916 -0.659259 0
    outer loop
      vertex 27.1665 34.8335 0
      vertex 26.8819 34.5089 12
      vertex 26.8819 34.5089 0
    endloop
  endfacet
  facet normal 0.442295 -0.89687 0
    outer loop
      vertex 27.85 35.3579 0
      vertex 28.2371 35.5488 12
      vertex 27.85 35.3579 12
    endloop
  endfacet
  facet normal 0.442295 -0.89687 0
    outer loop
      vertex 28.2371 35.5488 12
      vertex 27.85 35.3579 0
      vertex 28.2371 35.5488 0
    endloop
  endfacet
  facet normal -0.89687 0.442295 0
    outer loop
      vertex 32.3579 30.85 0
      vertex 32.5488 31.2371 12
      vertex 32.5488 31.2371 0
    endloop
  endfacet
  facet normal -0.89687 0.442295 0
    outer loop
      vertex 32.5488 31.2371 12
      vertex 32.3579 30.85 0
      vertex 32.3579 30.85 12
    endloop
  endfacet
  facet normal -0.89687 -0.442295 0
    outer loop
      vertex 32.5488 33.7629 0
      vertex 32.3579 34.15 12
      vertex 32.3579 34.15 0
    endloop
  endfacet
  facet normal -0.89687 -0.442295 0
    outer loop
      vertex 32.3579 34.15 12
      vertex 32.5488 33.7629 0
      vertex 32.5488 33.7629 12
    endloop
  endfacet
  facet normal -0.321504 -0.946908 0
    outer loop
      vertex 30.3541 35.6876 0
      vertex 30.7629 35.5488 12
      vertex 30.3541 35.6876 12
    endloop
  endfacet
  facet normal -0.321504 -0.946908 -0
    outer loop
      vertex 30.7629 35.5488 12
      vertex 30.3541 35.6876 0
      vertex 30.7629 35.5488 0
    endloop
  endfacet
  facet normal -0.195047 -0.980794 0
    outer loop
      vertex 29.9307 35.7718 0
      vertex 30.3541 35.6876 12
      vertex 29.9307 35.7718 12
    endloop
  endfacet
  facet normal -0.195047 -0.980794 -0
    outer loop
      vertex 30.3541 35.6876 12
      vertex 29.9307 35.7718 0
      vertex 30.3541 35.6876 0
    endloop
  endfacet
  facet normal -0.442295 -0.89687 0
    outer loop
      vertex 30.7629 35.5488 0
      vertex 31.15 35.3579 12
      vertex 30.7629 35.5488 12
    endloop
  endfacet
  facet normal -0.442295 -0.89687 -0
    outer loop
      vertex 31.15 35.3579 12
      vertex 30.7629 35.5488 0
      vertex 31.15 35.3579 0
    endloop
  endfacet
  facet normal 0.946908 -0.321504 0
    outer loop
      vertex 26.3124 33.3541 12
      vertex 26.4512 33.7629 0
      vertex 26.4512 33.7629 12
    endloop
  endfacet
  facet normal 0.946908 -0.321504 0
    outer loop
      vertex 26.4512 33.7629 0
      vertex 26.3124 33.3541 12
      vertex 26.3124 33.3541 0
    endloop
  endfacet
  facet normal 0.89687 -0.442295 0
    outer loop
      vertex 26.4512 33.7629 12
      vertex 26.6421 34.15 0
      vertex 26.6421 34.15 12
    endloop
  endfacet
  facet normal 0.89687 -0.442295 0
    outer loop
      vertex 26.6421 34.15 0
      vertex 26.4512 33.7629 12
      vertex 26.4512 33.7629 0
    endloop
  endfacet
  facet normal 0.980794 -0.195047 0
    outer loop
      vertex 26.2282 32.9307 12
      vertex 26.3124 33.3541 0
      vertex 26.3124 33.3541 12
    endloop
  endfacet
  facet normal 0.980794 -0.195047 0
    outer loop
      vertex 26.3124 33.3541 0
      vertex 26.2282 32.9307 12
      vertex 26.2282 32.9307 0
    endloop
  endfacet
  facet normal 0.659259 -0.751916 0
    outer loop
      vertex 27.1665 34.8335 0
      vertex 27.4911 35.1181 12
      vertex 27.1665 34.8335 12
    endloop
  endfacet
  facet normal 0.659259 -0.751916 0
    outer loop
      vertex 27.4911 35.1181 12
      vertex 27.1665 34.8335 0
      vertex 27.4911 35.1181 0
    endloop
  endfacet
  facet normal 0.321504 -0.946908 0
    outer loop
      vertex 28.2371 35.5488 0
      vertex 28.6459 35.6876 12
      vertex 28.2371 35.5488 12
    endloop
  endfacet
  facet normal 0.321504 -0.946908 0
    outer loop
      vertex 28.6459 35.6876 12
      vertex 28.2371 35.5488 0
      vertex 28.6459 35.6876 0
    endloop
  endfacet
  facet normal 0.321504 0.946908 -0
    outer loop
      vertex 28.6459 29.3124 0
      vertex 28.2371 29.4512 12
      vertex 28.6459 29.3124 12
    endloop
  endfacet
  facet normal 0.321504 0.946908 0
    outer loop
      vertex 28.2371 29.4512 12
      vertex 28.6459 29.3124 0
      vertex 28.2371 29.4512 0
    endloop
  endfacet
  facet normal 0.195047 0.980794 -0
    outer loop
      vertex 29.0693 29.2282 0
      vertex 28.6459 29.3124 12
      vertex 29.0693 29.2282 12
    endloop
  endfacet
  facet normal 0.195047 0.980794 0
    outer loop
      vertex 28.6459 29.3124 12
      vertex 29.0693 29.2282 0
      vertex 28.6459 29.3124 0
    endloop
  endfacet
  facet normal 0.659259 0.751916 -0
    outer loop
      vertex 27.4911 29.8819 0
      vertex 27.1665 30.1665 12
      vertex 27.4911 29.8819 12
    endloop
  endfacet
  facet normal 0.659259 0.751916 0
    outer loop
      vertex 27.1665 30.1665 12
      vertex 27.4911 29.8819 0
      vertex 27.1665 30.1665 0
    endloop
  endfacet
  facet normal -0.946908 -0.321504 0
    outer loop
      vertex 32.6876 33.3541 0
      vertex 32.5488 33.7629 12
      vertex 32.5488 33.7629 0
    endloop
  endfacet
  facet normal -0.946908 -0.321504 0
    outer loop
      vertex 32.5488 33.7629 12
      vertex 32.6876 33.3541 0
      vertex 32.6876 33.3541 12
    endloop
  endfacet
  facet normal -0.980794 -0.195047 0
    outer loop
      vertex 32.7718 32.9307 0
      vertex 32.6876 33.3541 12
      vertex 32.6876 33.3541 0
    endloop
  endfacet
  facet normal -0.980794 -0.195047 0
    outer loop
      vertex 32.6876 33.3541 12
      vertex 32.7718 32.9307 0
      vertex 32.7718 32.9307 12
    endloop
  endfacet
  facet normal -0.751916 -0.659259 0
    outer loop
      vertex 32.1181 34.5089 0
      vertex 31.8335 34.8335 12
      vertex 31.8335 34.8335 0
    endloop
  endfacet
  facet normal -0.751916 -0.659259 0
    outer loop
      vertex 31.8335 34.8335 12
      vertex 32.1181 34.5089 0
      vertex 32.1181 34.5089 12
    endloop
  endfacet
  facet normal -0.83148 -0.555555 0
    outer loop
      vertex 32.3579 34.15 0
      vertex 32.1181 34.5089 12
      vertex 32.1181 34.5089 0
    endloop
  endfacet
  facet normal -0.83148 -0.555555 0
    outer loop
      vertex 32.1181 34.5089 12
      vertex 32.3579 34.15 0
      vertex 32.3579 34.15 12
    endloop
  endfacet
  facet normal -0.0653349 -0.997863 0
    outer loop
      vertex 29.5 35.8 0
      vertex 29.9307 35.7718 12
      vertex 29.5 35.8 12
    endloop
  endfacet
  facet normal -0.0653349 -0.997863 -0
    outer loop
      vertex 29.9307 35.7718 12
      vertex 29.5 35.8 0
      vertex 29.9307 35.7718 0
    endloop
  endfacet
  facet normal -0.555555 -0.83148 0
    outer loop
      vertex 31.15 35.3579 0
      vertex 31.5089 35.1181 12
      vertex 31.15 35.3579 12
    endloop
  endfacet
  facet normal -0.555555 -0.83148 -0
    outer loop
      vertex 31.5089 35.1181 12
      vertex 31.15 35.3579 0
      vertex 31.5089 35.1181 0
    endloop
  endfacet
  facet normal 0.83148 -0.555555 0
    outer loop
      vertex 26.6421 34.15 12
      vertex 26.8819 34.5089 0
      vertex 26.8819 34.5089 12
    endloop
  endfacet
  facet normal 0.83148 -0.555555 0
    outer loop
      vertex 26.8819 34.5089 0
      vertex 26.6421 34.15 12
      vertex 26.6421 34.15 0
    endloop
  endfacet
  facet normal 0.997863 -0.0653349 0
    outer loop
      vertex 26.2 32.5 12
      vertex 26.2282 32.9307 0
      vertex 26.2282 32.9307 12
    endloop
  endfacet
  facet normal 0.997863 -0.0653349 0
    outer loop
      vertex 26.2282 32.9307 0
      vertex 26.2 32.5 12
      vertex 26.2 32.5 0
    endloop
  endfacet
  facet normal 0.195047 -0.980794 0
    outer loop
      vertex 28.6459 35.6876 0
      vertex 29.0693 35.7718 12
      vertex 28.6459 35.6876 12
    endloop
  endfacet
  facet normal 0.195047 -0.980794 0
    outer loop
      vertex 29.0693 35.7718 12
      vertex 28.6459 35.6876 0
      vertex 29.0693 35.7718 0
    endloop
  endfacet
  facet normal -0.997863 0.0653349 0
    outer loop
      vertex 32.7718 32.0693 0
      vertex 32.8 32.5 12
      vertex 32.8 32.5 0
    endloop
  endfacet
  facet normal -0.997863 0.0653349 0
    outer loop
      vertex 32.8 32.5 12
      vertex 32.7718 32.0693 0
      vertex 32.7718 32.0693 12
    endloop
  endfacet
  facet normal -0.195047 0.980794 0
    outer loop
      vertex 30.3541 29.3124 0
      vertex 29.9307 29.2282 12
      vertex 30.3541 29.3124 12
    endloop
  endfacet
  facet normal -0.195047 0.980794 0
    outer loop
      vertex 29.9307 29.2282 12
      vertex 30.3541 29.3124 0
      vertex 29.9307 29.2282 0
    endloop
  endfacet
  facet normal -0.442295 0.89687 0
    outer loop
      vertex 31.15 29.6421 0
      vertex 30.7629 29.4512 12
      vertex 31.15 29.6421 12
    endloop
  endfacet
  facet normal -0.442295 0.89687 0
    outer loop
      vertex 30.7629 29.4512 12
      vertex 31.15 29.6421 0
      vertex 30.7629 29.4512 0
    endloop
  endfacet
  facet normal -0.555555 0.83148 0
    outer loop
      vertex 31.5089 29.8819 0
      vertex 31.15 29.6421 12
      vertex 31.5089 29.8819 12
    endloop
  endfacet
  facet normal -0.555555 0.83148 0
    outer loop
      vertex 31.15 29.6421 12
      vertex 31.5089 29.8819 0
      vertex 31.15 29.6421 0
    endloop
  endfacet
  facet normal -0.751916 0.659259 0
    outer loop
      vertex 31.8335 30.1665 0
      vertex 32.1181 30.4911 12
      vertex 32.1181 30.4911 0
    endloop
  endfacet
  facet normal -0.751916 0.659259 0
    outer loop
      vertex 32.1181 30.4911 12
      vertex 31.8335 30.1665 0
      vertex 31.8335 30.1665 12
    endloop
  endfacet
  facet normal -0.659259 0.751916 0
    outer loop
      vertex 31.8335 30.1665 0
      vertex 31.5089 29.8819 12
      vertex 31.8335 30.1665 12
    endloop
  endfacet
  facet normal -0.659259 0.751916 0
    outer loop
      vertex 31.5089 29.8819 12
      vertex 31.8335 30.1665 0
      vertex 31.5089 29.8819 0
    endloop
  endfacet
  facet normal -0.83148 0.555555 0
    outer loop
      vertex 32.1181 30.4911 0
      vertex 32.3579 30.85 12
      vertex 32.3579 30.85 0
    endloop
  endfacet
  facet normal -0.83148 0.555555 0
    outer loop
      vertex 32.3579 30.85 12
      vertex 32.1181 30.4911 0
      vertex 32.1181 30.4911 12
    endloop
  endfacet
  facet normal 0.442295 0.89687 -0
    outer loop
      vertex 28.2371 29.4512 0
      vertex 27.85 29.6421 12
      vertex 28.2371 29.4512 12
    endloop
  endfacet
  facet normal 0.442295 0.89687 0
    outer loop
      vertex 27.85 29.6421 12
      vertex 28.2371 29.4512 0
      vertex 27.85 29.6421 0
    endloop
  endfacet
  facet normal 0.555555 0.83148 -0
    outer loop
      vertex 27.85 29.6421 0
      vertex 27.4911 29.8819 12
      vertex 27.85 29.6421 12
    endloop
  endfacet
  facet normal 0.555555 0.83148 0
    outer loop
      vertex 27.4911 29.8819 12
      vertex 27.85 29.6421 0
      vertex 27.4911 29.8819 0
    endloop
  endfacet
  facet normal 0.0653349 0.997863 -0
    outer loop
      vertex 29.5 29.2 0
      vertex 29.0693 29.2282 12
      vertex 29.5 29.2 12
    endloop
  endfacet
  facet normal 0.0653349 0.997863 0
    outer loop
      vertex 29.0693 29.2282 12
      vertex 29.5 29.2 0
      vertex 29.0693 29.2282 0
    endloop
  endfacet
  facet normal 0.83148 0.555555 0
    outer loop
      vertex 26.8819 30.4911 12
      vertex 26.6421 30.85 0
      vertex 26.6421 30.85 12
    endloop
  endfacet
  facet normal 0.83148 0.555555 0
    outer loop
      vertex 26.6421 30.85 0
      vertex 26.8819 30.4911 12
      vertex 26.8819 30.4911 0
    endloop
  endfacet
  facet normal 0.89687 0.442295 0
    outer loop
      vertex 26.6421 30.85 12
      vertex 26.4512 31.2371 0
      vertex 26.4512 31.2371 12
    endloop
  endfacet
  facet normal 0.89687 0.442295 0
    outer loop
      vertex 26.4512 31.2371 0
      vertex 26.6421 30.85 12
      vertex 26.6421 30.85 0
    endloop
  endfacet
  facet normal 0.980794 0.195047 0
    outer loop
      vertex 26.3124 31.6459 12
      vertex 26.2282 32.0693 0
      vertex 26.2282 32.0693 12
    endloop
  endfacet
  facet normal 0.980794 0.195047 0
    outer loop
      vertex 26.2282 32.0693 0
      vertex 26.3124 31.6459 12
      vertex 26.3124 31.6459 0
    endloop
  endfacet
  facet normal 0.997863 0.0653349 0
    outer loop
      vertex 26.2282 32.0693 12
      vertex 26.2 32.5 0
      vertex 26.2 32.5 12
    endloop
  endfacet
  facet normal 0.997863 0.0653349 0
    outer loop
      vertex 26.2 32.5 0
      vertex 26.2282 32.0693 12
      vertex 26.2282 32.0693 0
    endloop
  endfacet
  facet normal 0.555555 -0.83148 0
    outer loop
      vertex 27.4911 35.1181 0
      vertex 27.85 35.3579 12
      vertex 27.4911 35.1181 12
    endloop
  endfacet
  facet normal 0.555555 -0.83148 0
    outer loop
      vertex 27.85 35.3579 12
      vertex 27.4911 35.1181 0
      vertex 27.85 35.3579 0
    endloop
  endfacet
  facet normal -0.946908 0.321504 0
    outer loop
      vertex 32.5488 31.2371 0
      vertex 32.6876 31.6459 12
      vertex 32.6876 31.6459 0
    endloop
  endfacet
  facet normal -0.946908 0.321504 0
    outer loop
      vertex 32.6876 31.6459 12
      vertex 32.5488 31.2371 0
      vertex 32.5488 31.2371 12
    endloop
  endfacet
  facet normal -0.321504 0.946908 0
    outer loop
      vertex 30.7629 29.4512 0
      vertex 30.3541 29.3124 12
      vertex 30.7629 29.4512 12
    endloop
  endfacet
  facet normal -0.321504 0.946908 0
    outer loop
      vertex 30.3541 29.3124 12
      vertex 30.7629 29.4512 0
      vertex 30.3541 29.3124 0
    endloop
  endfacet
  facet normal -0.0653349 0.997863 0
    outer loop
      vertex 29.9307 29.2282 0
      vertex 29.5 29.2 12
      vertex 29.9307 29.2282 12
    endloop
  endfacet
  facet normal -0.0653349 0.997863 0
    outer loop
      vertex 29.5 29.2 12
      vertex 29.9307 29.2282 0
      vertex 29.5 29.2 0
    endloop
  endfacet
  facet normal 0.751916 0.659259 0
    outer loop
      vertex 27.1665 30.1665 12
      vertex 26.8819 30.4911 0
      vertex 26.8819 30.4911 12
    endloop
  endfacet
  facet normal 0.751916 0.659259 0
    outer loop
      vertex 26.8819 30.4911 0
      vertex 27.1665 30.1665 12
      vertex 27.1665 30.1665 0
    endloop
  endfacet
  facet normal 0.946908 0.321504 0
    outer loop
      vertex 26.4512 31.2371 12
      vertex 26.3124 31.6459 0
      vertex 26.3124 31.6459 12
    endloop
  endfacet
  facet normal 0.946908 0.321504 0
    outer loop
      vertex 26.3124 31.6459 0
      vertex 26.4512 31.2371 12
      vertex 26.4512 31.2371 0
    endloop
  endfacet
  facet normal -0.980794 0.195047 0
    outer loop
      vertex 32.6876 31.6459 0
      vertex 32.7718 32.0693 12
      vertex 32.7718 32.0693 0
    endloop
  endfacet
  facet normal -0.980794 0.195047 0
    outer loop
      vertex 32.7718 32.0693 12
      vertex 32.6876 31.6459 0
      vertex 32.6876 31.6459 12
    endloop
  endfacet
  facet normal -0.997863 -0.0653349 0
    outer loop
      vertex 32.8 47.5 0
      vertex 32.7718 47.9307 12
      vertex 32.7718 47.9307 0
    endloop
  endfacet
  facet normal -0.997863 -0.0653349 0
    outer loop
      vertex 32.7718 47.9307 12
      vertex 32.8 47.5 0
      vertex 32.8 47.5 12
    endloop
  endfacet
  facet normal 0.0653349 -0.997863 0
    outer loop
      vertex 29.0693 50.7718 0
      vertex 29.5 50.8 12
      vertex 29.0693 50.7718 12
    endloop
  endfacet
  facet normal 0.0653349 -0.997863 0
    outer loop
      vertex 29.5 50.8 12
      vertex 29.0693 50.7718 0
      vertex 29.5 50.8 0
    endloop
  endfacet
  facet normal -0.0653349 0.997863 0
    outer loop
      vertex 29.9307 44.2282 0
      vertex 29.5 44.2 12
      vertex 29.9307 44.2282 12
    endloop
  endfacet
  facet normal -0.0653349 0.997863 0
    outer loop
      vertex 29.5 44.2 12
      vertex 29.9307 44.2282 0
      vertex 29.5 44.2 0
    endloop
  endfacet
  facet normal -0.659259 -0.751916 0
    outer loop
      vertex 31.5089 50.1181 0
      vertex 31.8335 49.8335 12
      vertex 31.5089 50.1181 12
    endloop
  endfacet
  facet normal -0.659259 -0.751916 -0
    outer loop
      vertex 31.8335 49.8335 12
      vertex 31.5089 50.1181 0
      vertex 31.8335 49.8335 0
    endloop
  endfacet
  facet normal 0.751916 -0.659259 0
    outer loop
      vertex 26.8819 49.5089 12
      vertex 27.1665 49.8335 0
      vertex 27.1665 49.8335 12
    endloop
  endfacet
  facet normal 0.751916 -0.659259 0
    outer loop
      vertex 27.1665 49.8335 0
      vertex 26.8819 49.5089 12
      vertex 26.8819 49.5089 0
    endloop
  endfacet
  facet normal 0.442295 -0.89687 0
    outer loop
      vertex 27.85 50.3579 0
      vertex 28.2371 50.5488 12
      vertex 27.85 50.3579 12
    endloop
  endfacet
  facet normal 0.442295 -0.89687 0
    outer loop
      vertex 28.2371 50.5488 12
      vertex 27.85 50.3579 0
      vertex 28.2371 50.5488 0
    endloop
  endfacet
  facet normal -0.89687 -0.442295 0
    outer loop
      vertex 32.5488 48.7629 0
      vertex 32.3579 49.15 12
      vertex 32.3579 49.15 0
    endloop
  endfacet
  facet normal -0.89687 -0.442295 0
    outer loop
      vertex 32.3579 49.15 12
      vertex 32.5488 48.7629 0
      vertex 32.5488 48.7629 12
    endloop
  endfacet
  facet normal -0.321504 -0.946908 0
    outer loop
      vertex 30.3541 50.6876 0
      vertex 30.7629 50.5488 12
      vertex 30.3541 50.6876 12
    endloop
  endfacet
  facet normal -0.321504 -0.946908 -0
    outer loop
      vertex 30.7629 50.5488 12
      vertex 30.3541 50.6876 0
      vertex 30.7629 50.5488 0
    endloop
  endfacet
  facet normal -0.195047 -0.980794 0
    outer loop
      vertex 29.9307 50.7718 0
      vertex 30.3541 50.6876 12
      vertex 29.9307 50.7718 12
    endloop
  endfacet
  facet normal -0.195047 -0.980794 -0
    outer loop
      vertex 30.3541 50.6876 12
      vertex 29.9307 50.7718 0
      vertex 30.3541 50.6876 0
    endloop
  endfacet
  facet normal -0.442295 -0.89687 0
    outer loop
      vertex 30.7629 50.5488 0
      vertex 31.15 50.3579 12
      vertex 30.7629 50.5488 12
    endloop
  endfacet
  facet normal -0.442295 -0.89687 -0
    outer loop
      vertex 31.15 50.3579 12
      vertex 30.7629 50.5488 0
      vertex 31.15 50.3579 0
    endloop
  endfacet
  facet normal 0.946908 -0.321504 0
    outer loop
      vertex 26.3124 48.3541 12
      vertex 26.4512 48.7629 0
      vertex 26.4512 48.7629 12
    endloop
  endfacet
  facet normal 0.946908 -0.321504 0
    outer loop
      vertex 26.4512 48.7629 0
      vertex 26.3124 48.3541 12
      vertex 26.3124 48.3541 0
    endloop
  endfacet
  facet normal 0.980794 -0.195047 0
    outer loop
      vertex 26.2282 47.9307 12
      vertex 26.3124 48.3541 0
      vertex 26.3124 48.3541 12
    endloop
  endfacet
  facet normal 0.980794 -0.195047 0
    outer loop
      vertex 26.3124 48.3541 0
      vertex 26.2282 47.9307 12
      vertex 26.2282 47.9307 0
    endloop
  endfacet
  facet normal 0.321504 -0.946908 0
    outer loop
      vertex 28.2371 50.5488 0
      vertex 28.6459 50.6876 12
      vertex 28.2371 50.5488 12
    endloop
  endfacet
  facet normal 0.321504 -0.946908 0
    outer loop
      vertex 28.6459 50.6876 12
      vertex 28.2371 50.5488 0
      vertex 28.6459 50.6876 0
    endloop
  endfacet
  facet normal -0.980794 0.195047 0
    outer loop
      vertex 32.6876 46.6459 0
      vertex 32.7718 47.0693 12
      vertex 32.7718 47.0693 0
    endloop
  endfacet
  facet normal -0.980794 0.195047 0
    outer loop
      vertex 32.7718 47.0693 12
      vertex 32.6876 46.6459 0
      vertex 32.6876 46.6459 12
    endloop
  endfacet
  facet normal 0.195047 0.980794 -0
    outer loop
      vertex 29.0693 44.2282 0
      vertex 28.6459 44.3124 12
      vertex 29.0693 44.2282 12
    endloop
  endfacet
  facet normal 0.195047 0.980794 0
    outer loop
      vertex 28.6459 44.3124 12
      vertex 29.0693 44.2282 0
      vertex 28.6459 44.3124 0
    endloop
  endfacet
  facet normal -0.946908 -0.321504 0
    outer loop
      vertex 32.6876 48.3541 0
      vertex 32.5488 48.7629 12
      vertex 32.5488 48.7629 0
    endloop
  endfacet
  facet normal -0.946908 -0.321504 0
    outer loop
      vertex 32.5488 48.7629 12
      vertex 32.6876 48.3541 0
      vertex 32.6876 48.3541 12
    endloop
  endfacet
  facet normal -0.980794 -0.195047 0
    outer loop
      vertex 32.7718 47.9307 0
      vertex 32.6876 48.3541 12
      vertex 32.6876 48.3541 0
    endloop
  endfacet
  facet normal -0.980794 -0.195047 0
    outer loop
      vertex 32.6876 48.3541 12
      vertex 32.7718 47.9307 0
      vertex 32.7718 47.9307 12
    endloop
  endfacet
  facet normal -0.751916 -0.659259 0
    outer loop
      vertex 32.1181 49.5089 0
      vertex 31.8335 49.8335 12
      vertex 31.8335 49.8335 0
    endloop
  endfacet
  facet normal -0.751916 -0.659259 0
    outer loop
      vertex 31.8335 49.8335 12
      vertex 32.1181 49.5089 0
      vertex 32.1181 49.5089 12
    endloop
  endfacet
  facet normal -0.83148 -0.555555 0
    outer loop
      vertex 32.3579 49.15 0
      vertex 32.1181 49.5089 12
      vertex 32.1181 49.5089 0
    endloop
  endfacet
  facet normal -0.83148 -0.555555 0
    outer loop
      vertex 32.1181 49.5089 12
      vertex 32.3579 49.15 0
      vertex 32.3579 49.15 12
    endloop
  endfacet
  facet normal -0.0653349 -0.997863 0
    outer loop
      vertex 29.5 50.8 0
      vertex 29.9307 50.7718 12
      vertex 29.5 50.8 12
    endloop
  endfacet
  facet normal -0.0653349 -0.997863 -0
    outer loop
      vertex 29.9307 50.7718 12
      vertex 29.5 50.8 0
      vertex 29.9307 50.7718 0
    endloop
  endfacet
  facet normal -0.555555 -0.83148 0
    outer loop
      vertex 31.15 50.3579 0
      vertex 31.5089 50.1181 12
      vertex 31.15 50.3579 12
    endloop
  endfacet
  facet normal -0.555555 -0.83148 -0
    outer loop
      vertex 31.5089 50.1181 12
      vertex 31.15 50.3579 0
      vertex 31.5089 50.1181 0
    endloop
  endfacet
  facet normal 0.89687 -0.442295 0
    outer loop
      vertex 26.4512 48.7629 12
      vertex 26.6421 49.15 0
      vertex 26.6421 49.15 12
    endloop
  endfacet
  facet normal 0.89687 -0.442295 0
    outer loop
      vertex 26.6421 49.15 0
      vertex 26.4512 48.7629 12
      vertex 26.4512 48.7629 0
    endloop
  endfacet
  facet normal 0.83148 -0.555555 0
    outer loop
      vertex 26.6421 49.15 12
      vertex 26.8819 49.5089 0
      vertex 26.8819 49.5089 12
    endloop
  endfacet
  facet normal 0.83148 -0.555555 0
    outer loop
      vertex 26.8819 49.5089 0
      vertex 26.6421 49.15 12
      vertex 26.6421 49.15 0
    endloop
  endfacet
  facet normal 0.997863 -0.0653349 0
    outer loop
      vertex 26.2 47.5 12
      vertex 26.2282 47.9307 0
      vertex 26.2282 47.9307 12
    endloop
  endfacet
  facet normal 0.997863 -0.0653349 0
    outer loop
      vertex 26.2282 47.9307 0
      vertex 26.2 47.5 12
      vertex 26.2 47.5 0
    endloop
  endfacet
  facet normal 0.555555 -0.83148 0
    outer loop
      vertex 27.4911 50.1181 0
      vertex 27.85 50.3579 12
      vertex 27.4911 50.1181 12
    endloop
  endfacet
  facet normal 0.555555 -0.83148 0
    outer loop
      vertex 27.85 50.3579 12
      vertex 27.4911 50.1181 0
      vertex 27.85 50.3579 0
    endloop
  endfacet
  facet normal 0.659259 -0.751916 0
    outer loop
      vertex 27.1665 49.8335 0
      vertex 27.4911 50.1181 12
      vertex 27.1665 49.8335 12
    endloop
  endfacet
  facet normal 0.659259 -0.751916 0
    outer loop
      vertex 27.4911 50.1181 12
      vertex 27.1665 49.8335 0
      vertex 27.4911 50.1181 0
    endloop
  endfacet
  facet normal 0.195047 -0.980794 0
    outer loop
      vertex 28.6459 50.6876 0
      vertex 29.0693 50.7718 12
      vertex 28.6459 50.6876 12
    endloop
  endfacet
  facet normal 0.195047 -0.980794 0
    outer loop
      vertex 29.0693 50.7718 12
      vertex 28.6459 50.6876 0
      vertex 29.0693 50.7718 0
    endloop
  endfacet
  facet normal -0.997863 0.0653349 0
    outer loop
      vertex 32.7718 47.0693 0
      vertex 32.8 47.5 12
      vertex 32.8 47.5 0
    endloop
  endfacet
  facet normal -0.997863 0.0653349 0
    outer loop
      vertex 32.8 47.5 12
      vertex 32.7718 47.0693 0
      vertex 32.7718 47.0693 12
    endloop
  endfacet
  facet normal -0.195047 0.980794 0
    outer loop
      vertex 30.3541 44.3124 0
      vertex 29.9307 44.2282 12
      vertex 30.3541 44.3124 12
    endloop
  endfacet
  facet normal -0.195047 0.980794 0
    outer loop
      vertex 29.9307 44.2282 12
      vertex 30.3541 44.3124 0
      vertex 29.9307 44.2282 0
    endloop
  endfacet
  facet normal -0.442295 0.89687 0
    outer loop
      vertex 31.15 44.6421 0
      vertex 30.7629 44.4512 12
      vertex 31.15 44.6421 12
    endloop
  endfacet
  facet normal -0.442295 0.89687 0
    outer loop
      vertex 30.7629 44.4512 12
      vertex 31.15 44.6421 0
      vertex 30.7629 44.4512 0
    endloop
  endfacet
  facet normal -0.751916 0.659259 0
    outer loop
      vertex 31.8335 45.1665 0
      vertex 32.1181 45.4911 12
      vertex 32.1181 45.4911 0
    endloop
  endfacet
  facet normal -0.751916 0.659259 0
    outer loop
      vertex 32.1181 45.4911 12
      vertex 31.8335 45.1665 0
      vertex 31.8335 45.1665 12
    endloop
  endfacet
  facet normal -0.555555 0.83148 0
    outer loop
      vertex 31.5089 44.8819 0
      vertex 31.15 44.6421 12
      vertex 31.5089 44.8819 12
    endloop
  endfacet
  facet normal -0.555555 0.83148 0
    outer loop
      vertex 31.15 44.6421 12
      vertex 31.5089 44.8819 0
      vertex 31.15 44.6421 0
    endloop
  endfacet
  facet normal -0.83148 0.555555 0
    outer loop
      vertex 32.1181 45.4911 0
      vertex 32.3579 45.85 12
      vertex 32.3579 45.85 0
    endloop
  endfacet
  facet normal -0.83148 0.555555 0
    outer loop
      vertex 32.3579 45.85 12
      vertex 32.1181 45.4911 0
      vertex 32.1181 45.4911 12
    endloop
  endfacet
  facet normal 0.555555 0.83148 -0
    outer loop
      vertex 27.85 44.6421 0
      vertex 27.4911 44.8819 12
      vertex 27.85 44.6421 12
    endloop
  endfacet
  facet normal 0.555555 0.83148 0
    outer loop
      vertex 27.4911 44.8819 12
      vertex 27.85 44.6421 0
      vertex 27.4911 44.8819 0
    endloop
  endfacet
  facet normal 0.321504 0.946908 -0
    outer loop
      vertex 28.6459 44.3124 0
      vertex 28.2371 44.4512 12
      vertex 28.6459 44.3124 12
    endloop
  endfacet
  facet normal 0.321504 0.946908 0
    outer loop
      vertex 28.2371 44.4512 12
      vertex 28.6459 44.3124 0
      vertex 28.2371 44.4512 0
    endloop
  endfacet
  facet normal 0.0653349 0.997863 -0
    outer loop
      vertex 29.5 44.2 0
      vertex 29.0693 44.2282 12
      vertex 29.5 44.2 12
    endloop
  endfacet
  facet normal 0.0653349 0.997863 0
    outer loop
      vertex 29.0693 44.2282 12
      vertex 29.5 44.2 0
      vertex 29.0693 44.2282 0
    endloop
  endfacet
  facet normal 0.83148 0.555555 0
    outer loop
      vertex 26.8819 45.4911 12
      vertex 26.6421 45.85 0
      vertex 26.6421 45.85 12
    endloop
  endfacet
  facet normal 0.83148 0.555555 0
    outer loop
      vertex 26.6421 45.85 0
      vertex 26.8819 45.4911 12
      vertex 26.8819 45.4911 0
    endloop
  endfacet
  facet normal 0.659259 0.751916 -0
    outer loop
      vertex 27.4911 44.8819 0
      vertex 27.1665 45.1665 12
      vertex 27.4911 44.8819 12
    endloop
  endfacet
  facet normal 0.659259 0.751916 0
    outer loop
      vertex 27.1665 45.1665 12
      vertex 27.4911 44.8819 0
      vertex 27.1665 45.1665 0
    endloop
  endfacet
  facet normal 0.89687 0.442295 0
    outer loop
      vertex 26.6421 45.85 12
      vertex 26.4512 46.2371 0
      vertex 26.4512 46.2371 12
    endloop
  endfacet
  facet normal 0.89687 0.442295 0
    outer loop
      vertex 26.4512 46.2371 0
      vertex 26.6421 45.85 12
      vertex 26.6421 45.85 0
    endloop
  endfacet
  facet normal 0.980794 0.195047 0
    outer loop
      vertex 26.3124 46.6459 12
      vertex 26.2282 47.0693 0
      vertex 26.2282 47.0693 12
    endloop
  endfacet
  facet normal 0.980794 0.195047 0
    outer loop
      vertex 26.2282 47.0693 0
      vertex 26.3124 46.6459 12
      vertex 26.3124 46.6459 0
    endloop
  endfacet
  facet normal 0.997863 0.0653349 0
    outer loop
      vertex 26.2282 47.0693 12
      vertex 26.2 47.5 0
      vertex 26.2 47.5 12
    endloop
  endfacet
  facet normal 0.997863 0.0653349 0
    outer loop
      vertex 26.2 47.5 0
      vertex 26.2282 47.0693 12
      vertex 26.2282 47.0693 0
    endloop
  endfacet
  facet normal -0.946908 0.321504 0
    outer loop
      vertex 32.5488 46.2371 0
      vertex 32.6876 46.6459 12
      vertex 32.6876 46.6459 0
    endloop
  endfacet
  facet normal -0.946908 0.321504 0
    outer loop
      vertex 32.6876 46.6459 12
      vertex 32.5488 46.2371 0
      vertex 32.5488 46.2371 12
    endloop
  endfacet
  facet normal -0.321504 0.946908 0
    outer loop
      vertex 30.7629 44.4512 0
      vertex 30.3541 44.3124 12
      vertex 30.7629 44.4512 12
    endloop
  endfacet
  facet normal -0.321504 0.946908 0
    outer loop
      vertex 30.3541 44.3124 12
      vertex 30.7629 44.4512 0
      vertex 30.3541 44.3124 0
    endloop
  endfacet
  facet normal -0.659259 0.751916 0
    outer loop
      vertex 31.8335 45.1665 0
      vertex 31.5089 44.8819 12
      vertex 31.8335 45.1665 12
    endloop
  endfacet
  facet normal -0.659259 0.751916 0
    outer loop
      vertex 31.5089 44.8819 12
      vertex 31.8335 45.1665 0
      vertex 31.5089 44.8819 0
    endloop
  endfacet
  facet normal 0.442295 0.89687 -0
    outer loop
      vertex 28.2371 44.4512 0
      vertex 27.85 44.6421 12
      vertex 28.2371 44.4512 12
    endloop
  endfacet
  facet normal 0.442295 0.89687 0
    outer loop
      vertex 27.85 44.6421 12
      vertex 28.2371 44.4512 0
      vertex 27.85 44.6421 0
    endloop
  endfacet
  facet normal 0.751916 0.659259 0
    outer loop
      vertex 27.1665 45.1665 12
      vertex 26.8819 45.4911 0
      vertex 26.8819 45.4911 12
    endloop
  endfacet
  facet normal 0.751916 0.659259 0
    outer loop
      vertex 26.8819 45.4911 0
      vertex 27.1665 45.1665 12
      vertex 27.1665 45.1665 0
    endloop
  endfacet
  facet normal 0.946908 0.321504 0
    outer loop
      vertex 26.4512 46.2371 12
      vertex 26.3124 46.6459 0
      vertex 26.3124 46.6459 12
    endloop
  endfacet
  facet normal 0.946908 0.321504 0
    outer loop
      vertex 26.3124 46.6459 0
      vertex 26.4512 46.2371 12
      vertex 26.4512 46.2371 0
    endloop
  endfacet
  facet normal -0.89687 0.442295 0
    outer loop
      vertex 32.3579 45.85 0
      vertex 32.5488 46.2371 12
      vertex 32.5488 46.2371 0
    endloop
  endfacet
  facet normal -0.89687 0.442295 0
    outer loop
      vertex 32.5488 46.2371 12
      vertex 32.3579 45.85 0
      vertex 32.3579 45.85 12
    endloop
  endfacet
  facet normal -0.997854 -0.065485 0
    outer loop
      vertex 43.15 22 0
      vertex 43.1273 22.3459 12
      vertex 43.1273 22.3459 0
    endloop
  endfacet
  facet normal -0.997854 -0.065485 0
    outer loop
      vertex 43.1273 22.3459 12
      vertex 43.15 22 0
      vertex 43.15 22 12
    endloop
  endfacet
  facet normal 0.065485 -0.997854 0
    outer loop
      vertex 40.1541 24.6273 0
      vertex 40.5 24.65 12
      vertex 40.1541 24.6273 12
    endloop
  endfacet
  facet normal 0.065485 -0.997854 0
    outer loop
      vertex 40.5 24.65 12
      vertex 40.1541 24.6273 0
      vertex 40.5 24.65 0
    endloop
  endfacet
  facet normal -0.659444 -0.751754 0
    outer loop
      vertex 42.1132 24.1024 0
      vertex 42.3738 23.8738 12
      vertex 42.1132 24.1024 12
    endloop
  endfacet
  facet normal -0.659444 -0.751754 -0
    outer loop
      vertex 42.3738 23.8738 12
      vertex 42.1132 24.1024 0
      vertex 42.3738 23.8738 0
    endloop
  endfacet
  facet normal 0.751754 -0.659444 0
    outer loop
      vertex 38.3976 23.6132 12
      vertex 38.6262 23.8738 0
      vertex 38.6262 23.8738 12
    endloop
  endfacet
  facet normal 0.751754 -0.659444 0
    outer loop
      vertex 38.6262 23.8738 0
      vertex 38.3976 23.6132 12
      vertex 38.3976 23.6132 0
    endloop
  endfacet
  facet normal 0.442245 -0.896894 0
    outer loop
      vertex 39.175 24.295 0
      vertex 39.4859 24.4483 12
      vertex 39.175 24.295 12
    endloop
  endfacet
  facet normal 0.442245 -0.896894 0
    outer loop
      vertex 39.4859 24.4483 12
      vertex 39.175 24.295 0
      vertex 39.4859 24.4483 0
    endloop
  endfacet
  facet normal -0.896894 -0.442245 0
    outer loop
      vertex 42.9483 23.0141 0
      vertex 42.795 23.325 12
      vertex 42.795 23.325 0
    endloop
  endfacet
  facet normal -0.896894 -0.442245 0
    outer loop
      vertex 42.795 23.325 12
      vertex 42.9483 23.0141 0
      vertex 42.9483 23.0141 12
    endloop
  endfacet
  facet normal -0.321416 -0.946938 0
    outer loop
      vertex 41.1859 24.5597 0
      vertex 41.5141 24.4483 12
      vertex 41.1859 24.5597 12
    endloop
  endfacet
  facet normal -0.321416 -0.946938 -0
    outer loop
      vertex 41.5141 24.4483 12
      vertex 41.1859 24.5597 0
      vertex 41.5141 24.4483 0
    endloop
  endfacet
  facet normal -0.195007 -0.980802 0
    outer loop
      vertex 40.8459 24.6273 0
      vertex 41.1859 24.5597 12
      vertex 40.8459 24.6273 12
    endloop
  endfacet
  facet normal -0.195007 -0.980802 -0
    outer loop
      vertex 41.1859 24.5597 12
      vertex 40.8459 24.6273 0
      vertex 41.1859 24.5597 0
    endloop
  endfacet
  facet normal -0.555632 -0.831428 0
    outer loop
      vertex 41.825 24.295 0
      vertex 42.1132 24.1024 12
      vertex 41.825 24.295 12
    endloop
  endfacet
  facet normal -0.555632 -0.831428 -0
    outer loop
      vertex 42.1132 24.1024 12
      vertex 41.825 24.295 0
      vertex 42.1132 24.1024 0
    endloop
  endfacet
  facet normal 0.946938 -0.321416 0
    outer loop
      vertex 37.9403 22.6859 12
      vertex 38.0517 23.0141 0
      vertex 38.0517 23.0141 12
    endloop
  endfacet
  facet normal 0.946938 -0.321416 0
    outer loop
      vertex 38.0517 23.0141 0
      vertex 37.9403 22.6859 12
      vertex 37.9403 22.6859 0
    endloop
  endfacet
  facet normal 0.831428 -0.555632 0
    outer loop
      vertex 38.205 23.325 12
      vertex 38.3976 23.6132 0
      vertex 38.3976 23.6132 12
    endloop
  endfacet
  facet normal 0.831428 -0.555632 0
    outer loop
      vertex 38.3976 23.6132 0
      vertex 38.205 23.325 12
      vertex 38.205 23.325 0
    endloop
  endfacet
  facet normal 0.980802 -0.195007 0
    outer loop
      vertex 37.8727 22.3459 12
      vertex 37.9403 22.6859 0
      vertex 37.9403 22.6859 12
    endloop
  endfacet
  facet normal 0.980802 -0.195007 0
    outer loop
      vertex 37.9403 22.6859 0
      vertex 37.8727 22.3459 12
      vertex 37.8727 22.3459 0
    endloop
  endfacet
  facet normal 0.321416 -0.946938 0
    outer loop
      vertex 39.4859 24.4483 0
      vertex 39.8141 24.5597 12
      vertex 39.4859 24.4483 12
    endloop
  endfacet
  facet normal 0.321416 -0.946938 0
    outer loop
      vertex 39.8141 24.5597 12
      vertex 39.4859 24.4483 0
      vertex 39.8141 24.5597 0
    endloop
  endfacet
  facet normal -0.946938 0.321416 0
    outer loop
      vertex 42.9483 20.9859 0
      vertex 43.0597 21.3141 12
      vertex 43.0597 21.3141 0
    endloop
  endfacet
  facet normal -0.946938 0.321416 0
    outer loop
      vertex 43.0597 21.3141 12
      vertex 42.9483 20.9859 0
      vertex 42.9483 20.9859 12
    endloop
  endfacet
  facet normal -0.831428 0.555632 0
    outer loop
      vertex 42.6024 20.3868 0
      vertex 42.795 20.675 12
      vertex 42.795 20.675 0
    endloop
  endfacet
  facet normal -0.831428 0.555632 0
    outer loop
      vertex 42.795 20.675 12
      vertex 42.6024 20.3868 0
      vertex 42.6024 20.3868 12
    endloop
  endfacet
  facet normal -0.980802 0.195007 0
    outer loop
      vertex 43.0597 21.3141 0
      vertex 43.1273 21.6541 12
      vertex 43.1273 21.6541 0
    endloop
  endfacet
  facet normal -0.980802 0.195007 0
    outer loop
      vertex 43.1273 21.6541 12
      vertex 43.0597 21.3141 0
      vertex 43.0597 21.3141 12
    endloop
  endfacet
  facet normal 0.321416 0.946938 -0
    outer loop
      vertex 39.8141 19.4403 0
      vertex 39.4859 19.5517 12
      vertex 39.8141 19.4403 12
    endloop
  endfacet
  facet normal 0.321416 0.946938 0
    outer loop
      vertex 39.4859 19.5517 12
      vertex 39.8141 19.4403 0
      vertex 39.4859 19.5517 0
    endloop
  endfacet
  facet normal 0.555632 0.831428 -0
    outer loop
      vertex 39.175 19.705 0
      vertex 38.8868 19.8976 12
      vertex 39.175 19.705 12
    endloop
  endfacet
  facet normal 0.555632 0.831428 0
    outer loop
      vertex 38.8868 19.8976 12
      vertex 39.175 19.705 0
      vertex 38.8868 19.8976 0
    endloop
  endfacet
  facet normal 0.195007 0.980802 -0
    outer loop
      vertex 40.1541 19.3727 0
      vertex 39.8141 19.4403 12
      vertex 40.1541 19.3727 12
    endloop
  endfacet
  facet normal 0.195007 0.980802 0
    outer loop
      vertex 39.8141 19.4403 12
      vertex 40.1541 19.3727 0
      vertex 39.8141 19.4403 0
    endloop
  endfacet
  facet normal -0.946938 -0.321416 0
    outer loop
      vertex 43.0597 22.6859 0
      vertex 42.9483 23.0141 12
      vertex 42.9483 23.0141 0
    endloop
  endfacet
  facet normal -0.946938 -0.321416 0
    outer loop
      vertex 42.9483 23.0141 12
      vertex 43.0597 22.6859 0
      vertex 43.0597 22.6859 12
    endloop
  endfacet
  facet normal -0.980802 -0.195007 0
    outer loop
      vertex 43.1273 22.3459 0
      vertex 43.0597 22.6859 12
      vertex 43.0597 22.6859 0
    endloop
  endfacet
  facet normal -0.980802 -0.195007 0
    outer loop
      vertex 43.0597 22.6859 12
      vertex 43.1273 22.3459 0
      vertex 43.1273 22.3459 12
    endloop
  endfacet
  facet normal -0.751754 -0.659444 0
    outer loop
      vertex 42.6024 23.6132 0
      vertex 42.3738 23.8738 12
      vertex 42.3738 23.8738 0
    endloop
  endfacet
  facet normal -0.751754 -0.659444 0
    outer loop
      vertex 42.3738 23.8738 12
      vertex 42.6024 23.6132 0
      vertex 42.6024 23.6132 12
    endloop
  endfacet
  facet normal -0.831428 -0.555632 0
    outer loop
      vertex 42.795 23.325 0
      vertex 42.6024 23.6132 12
      vertex 42.6024 23.6132 0
    endloop
  endfacet
  facet normal -0.831428 -0.555632 0
    outer loop
      vertex 42.6024 23.6132 12
      vertex 42.795 23.325 0
      vertex 42.795 23.325 12
    endloop
  endfacet
  facet normal -0.065485 -0.997854 0
    outer loop
      vertex 40.5 24.65 0
      vertex 40.8459 24.6273 12
      vertex 40.5 24.65 12
    endloop
  endfacet
  facet normal -0.065485 -0.997854 -0
    outer loop
      vertex 40.8459 24.6273 12
      vertex 40.5 24.65 0
      vertex 40.8459 24.6273 0
    endloop
  endfacet
  facet normal -0.442245 -0.896894 0
    outer loop
      vertex 41.5141 24.4483 0
      vertex 41.825 24.295 12
      vertex 41.5141 24.4483 12
    endloop
  endfacet
  facet normal -0.442245 -0.896894 -0
    outer loop
      vertex 41.825 24.295 12
      vertex 41.5141 24.4483 0
      vertex 41.825 24.295 0
    endloop
  endfacet
  facet normal 0.896894 -0.442245 0
    outer loop
      vertex 38.0517 23.0141 12
      vertex 38.205 23.325 0
      vertex 38.205 23.325 12
    endloop
  endfacet
  facet normal 0.896894 -0.442245 0
    outer loop
      vertex 38.205 23.325 0
      vertex 38.0517 23.0141 12
      vertex 38.0517 23.0141 0
    endloop
  endfacet
  facet normal 0.997854 -0.065485 0
    outer loop
      vertex 37.85 22 12
      vertex 37.8727 22.3459 0
      vertex 37.8727 22.3459 12
    endloop
  endfacet
  facet normal 0.997854 -0.065485 0
    outer loop
      vertex 37.8727 22.3459 0
      vertex 37.85 22 12
      vertex 37.85 22 0
    endloop
  endfacet
  facet normal 0.555632 -0.831428 0
    outer loop
      vertex 38.8868 24.1024 0
      vertex 39.175 24.295 12
      vertex 38.8868 24.1024 12
    endloop
  endfacet
  facet normal 0.555632 -0.831428 0
    outer loop
      vertex 39.175 24.295 12
      vertex 38.8868 24.1024 0
      vertex 39.175 24.295 0
    endloop
  endfacet
  facet normal 0.659444 -0.751754 0
    outer loop
      vertex 38.6262 23.8738 0
      vertex 38.8868 24.1024 12
      vertex 38.6262 23.8738 12
    endloop
  endfacet
  facet normal 0.659444 -0.751754 0
    outer loop
      vertex 38.8868 24.1024 12
      vertex 38.6262 23.8738 0
      vertex 38.8868 24.1024 0
    endloop
  endfacet
  facet normal 0.195007 -0.980802 0
    outer loop
      vertex 39.8141 24.5597 0
      vertex 40.1541 24.6273 12
      vertex 39.8141 24.5597 12
    endloop
  endfacet
  facet normal 0.195007 -0.980802 0
    outer loop
      vertex 40.1541 24.6273 12
      vertex 39.8141 24.5597 0
      vertex 40.1541 24.6273 0
    endloop
  endfacet
  facet normal -0.195007 0.980802 0
    outer loop
      vertex 41.1859 19.4403 0
      vertex 40.8459 19.3727 12
      vertex 41.1859 19.4403 12
    endloop
  endfacet
  facet normal -0.195007 0.980802 0
    outer loop
      vertex 40.8459 19.3727 12
      vertex 41.1859 19.4403 0
      vertex 40.8459 19.3727 0
    endloop
  endfacet
  facet normal -0.442245 0.896894 0
    outer loop
      vertex 41.825 19.705 0
      vertex 41.5141 19.5517 12
      vertex 41.825 19.705 12
    endloop
  endfacet
  facet normal -0.442245 0.896894 0
    outer loop
      vertex 41.5141 19.5517 12
      vertex 41.825 19.705 0
      vertex 41.5141 19.5517 0
    endloop
  endfacet
  facet normal -0.751754 0.659444 0
    outer loop
      vertex 42.3738 20.1262 0
      vertex 42.6024 20.3868 12
      vertex 42.6024 20.3868 0
    endloop
  endfacet
  facet normal -0.751754 0.659444 0
    outer loop
      vertex 42.6024 20.3868 12
      vertex 42.3738 20.1262 0
      vertex 42.3738 20.1262 12
    endloop
  endfacet
  facet normal -0.555632 0.831428 0
    outer loop
      vertex 42.1132 19.8976 0
      vertex 41.825 19.705 12
      vertex 42.1132 19.8976 12
    endloop
  endfacet
  facet normal -0.555632 0.831428 0
    outer loop
      vertex 41.825 19.705 12
      vertex 42.1132 19.8976 0
      vertex 41.825 19.705 0
    endloop
  endfacet
  facet normal -0.896894 0.442245 0
    outer loop
      vertex 42.795 20.675 0
      vertex 42.9483 20.9859 12
      vertex 42.9483 20.9859 0
    endloop
  endfacet
  facet normal -0.896894 0.442245 0
    outer loop
      vertex 42.9483 20.9859 12
      vertex 42.795 20.675 0
      vertex 42.795 20.675 12
    endloop
  endfacet
  facet normal -0.997854 0.065485 0
    outer loop
      vertex 43.1273 21.6541 0
      vertex 43.15 22 12
      vertex 43.15 22 0
    endloop
  endfacet
  facet normal -0.997854 0.065485 0
    outer loop
      vertex 43.15 22 12
      vertex 43.1273 21.6541 0
      vertex 43.1273 21.6541 12
    endloop
  endfacet
  facet normal 0.442245 0.896894 -0
    outer loop
      vertex 39.4859 19.5517 0
      vertex 39.175 19.705 12
      vertex 39.4859 19.5517 12
    endloop
  endfacet
  facet normal 0.442245 0.896894 0
    outer loop
      vertex 39.175 19.705 12
      vertex 39.4859 19.5517 0
      vertex 39.175 19.705 0
    endloop
  endfacet
  facet normal 0.065485 0.997854 -0
    outer loop
      vertex 40.5 19.35 0
      vertex 40.1541 19.3727 12
      vertex 40.5 19.35 12
    endloop
  endfacet
  facet normal 0.065485 0.997854 0
    outer loop
      vertex 40.1541 19.3727 12
      vertex 40.5 19.35 0
      vertex 40.1541 19.3727 0
    endloop
  endfacet
  facet normal 0.831428 0.555632 0
    outer loop
      vertex 38.3976 20.3868 12
      vertex 38.205 20.675 0
      vertex 38.205 20.675 12
    endloop
  endfacet
  facet normal 0.831428 0.555632 0
    outer loop
      vertex 38.205 20.675 0
      vertex 38.3976 20.3868 12
      vertex 38.3976 20.3868 0
    endloop
  endfacet
  facet normal 0.659444 0.751754 -0
    outer loop
      vertex 38.8868 19.8976 0
      vertex 38.6262 20.1262 12
      vertex 38.8868 19.8976 12
    endloop
  endfacet
  facet normal 0.659444 0.751754 0
    outer loop
      vertex 38.6262 20.1262 12
      vertex 38.8868 19.8976 0
      vertex 38.6262 20.1262 0
    endloop
  endfacet
  facet normal 0.896894 0.442245 0
    outer loop
      vertex 38.205 20.675 12
      vertex 38.0517 20.9859 0
      vertex 38.0517 20.9859 12
    endloop
  endfacet
  facet normal 0.896894 0.442245 0
    outer loop
      vertex 38.0517 20.9859 0
      vertex 38.205 20.675 12
      vertex 38.205 20.675 0
    endloop
  endfacet
  facet normal 0.980802 0.195007 0
    outer loop
      vertex 37.9403 21.3141 12
      vertex 37.8727 21.6541 0
      vertex 37.8727 21.6541 12
    endloop
  endfacet
  facet normal 0.980802 0.195007 0
    outer loop
      vertex 37.8727 21.6541 0
      vertex 37.9403 21.3141 12
      vertex 37.9403 21.3141 0
    endloop
  endfacet
  facet normal 0.997854 0.065485 0
    outer loop
      vertex 37.8727 21.6541 12
      vertex 37.85 22 0
      vertex 37.85 22 12
    endloop
  endfacet
  facet normal 0.997854 0.065485 0
    outer loop
      vertex 37.85 22 0
      vertex 37.8727 21.6541 12
      vertex 37.8727 21.6541 0
    endloop
  endfacet
  facet normal -0.321416 0.946938 0
    outer loop
      vertex 41.5141 19.5517 0
      vertex 41.1859 19.4403 12
      vertex 41.5141 19.5517 12
    endloop
  endfacet
  facet normal -0.321416 0.946938 0
    outer loop
      vertex 41.1859 19.4403 12
      vertex 41.5141 19.5517 0
      vertex 41.1859 19.4403 0
    endloop
  endfacet
  facet normal -0.659444 0.751754 0
    outer loop
      vertex 42.3738 20.1262 0
      vertex 42.1132 19.8976 12
      vertex 42.3738 20.1262 12
    endloop
  endfacet
  facet normal -0.659444 0.751754 0
    outer loop
      vertex 42.1132 19.8976 12
      vertex 42.3738 20.1262 0
      vertex 42.1132 19.8976 0
    endloop
  endfacet
  facet normal -0.065485 0.997854 0
    outer loop
      vertex 40.8459 19.3727 0
      vertex 40.5 19.35 12
      vertex 40.8459 19.3727 12
    endloop
  endfacet
  facet normal -0.065485 0.997854 0
    outer loop
      vertex 40.5 19.35 12
      vertex 40.8459 19.3727 0
      vertex 40.5 19.35 0
    endloop
  endfacet
  facet normal 0.751754 0.659444 0
    outer loop
      vertex 38.6262 20.1262 12
      vertex 38.3976 20.3868 0
      vertex 38.3976 20.3868 12
    endloop
  endfacet
  facet normal 0.751754 0.659444 0
    outer loop
      vertex 38.3976 20.3868 0
      vertex 38.6262 20.1262 12
      vertex 38.6262 20.1262 0
    endloop
  endfacet
  facet normal 0.946938 0.321416 0
    outer loop
      vertex 38.0517 20.9859 12
      vertex 37.9403 21.3141 0
      vertex 37.9403 21.3141 12
    endloop
  endfacet
  facet normal 0.946938 0.321416 0
    outer loop
      vertex 37.9403 21.3141 0
      vertex 38.0517 20.9859 12
      vertex 38.0517 20.9859 0
    endloop
  endfacet
  facet normal -0.997854 -0.065485 0
    outer loop
      vertex 43.15 58 0
      vertex 43.1273 58.3459 12
      vertex 43.1273 58.3459 0
    endloop
  endfacet
  facet normal -0.997854 -0.065485 0
    outer loop
      vertex 43.1273 58.3459 12
      vertex 43.15 58 0
      vertex 43.15 58 12
    endloop
  endfacet
  facet normal 0.065485 -0.997854 0
    outer loop
      vertex 40.1541 60.6273 0
      vertex 40.5 60.65 12
      vertex 40.1541 60.6273 12
    endloop
  endfacet
  facet normal 0.065485 -0.997854 0
    outer loop
      vertex 40.5 60.65 12
      vertex 40.1541 60.6273 0
      vertex 40.5 60.65 0
    endloop
  endfacet
  facet normal -0.065485 0.997854 0
    outer loop
      vertex 40.8459 55.3727 0
      vertex 40.5 55.35 12
      vertex 40.8459 55.3727 12
    endloop
  endfacet
  facet normal -0.065485 0.997854 0
    outer loop
      vertex 40.5 55.35 12
      vertex 40.8459 55.3727 0
      vertex 40.5 55.35 0
    endloop
  endfacet
  facet normal -0.659444 -0.751754 0
    outer loop
      vertex 42.1132 60.1024 0
      vertex 42.3738 59.8738 12
      vertex 42.1132 60.1024 12
    endloop
  endfacet
  facet normal -0.659444 -0.751754 -0
    outer loop
      vertex 42.3738 59.8738 12
      vertex 42.1132 60.1024 0
      vertex 42.3738 59.8738 0
    endloop
  endfacet
  facet normal 0.751754 -0.659444 0
    outer loop
      vertex 38.3976 59.6132 12
      vertex 38.6262 59.8738 0
      vertex 38.6262 59.8738 12
    endloop
  endfacet
  facet normal 0.751754 -0.659444 0
    outer loop
      vertex 38.6262 59.8738 0
      vertex 38.3976 59.6132 12
      vertex 38.3976 59.6132 0
    endloop
  endfacet
  facet normal 0.442245 -0.896894 0
    outer loop
      vertex 39.175 60.295 0
      vertex 39.4859 60.4483 12
      vertex 39.175 60.295 12
    endloop
  endfacet
  facet normal 0.442245 -0.896894 0
    outer loop
      vertex 39.4859 60.4483 12
      vertex 39.175 60.295 0
      vertex 39.4859 60.4483 0
    endloop
  endfacet
  facet normal -0.896894 -0.442245 0
    outer loop
      vertex 42.9483 59.0141 0
      vertex 42.795 59.325 12
      vertex 42.795 59.325 0
    endloop
  endfacet
  facet normal -0.896894 -0.442245 0
    outer loop
      vertex 42.795 59.325 12
      vertex 42.9483 59.0141 0
      vertex 42.9483 59.0141 12
    endloop
  endfacet
  facet normal -0.321416 -0.946938 0
    outer loop
      vertex 41.1859 60.5597 0
      vertex 41.5141 60.4483 12
      vertex 41.1859 60.5597 12
    endloop
  endfacet
  facet normal -0.321416 -0.946938 -0
    outer loop
      vertex 41.5141 60.4483 12
      vertex 41.1859 60.5597 0
      vertex 41.5141 60.4483 0
    endloop
  endfacet
  facet normal -0.195007 -0.980802 0
    outer loop
      vertex 40.8459 60.6273 0
      vertex 41.1859 60.5597 12
      vertex 40.8459 60.6273 12
    endloop
  endfacet
  facet normal -0.195007 -0.980802 -0
    outer loop
      vertex 41.1859 60.5597 12
      vertex 40.8459 60.6273 0
      vertex 41.1859 60.5597 0
    endloop
  endfacet
  facet normal -0.555632 -0.831428 0
    outer loop
      vertex 41.825 60.295 0
      vertex 42.1132 60.1024 12
      vertex 41.825 60.295 12
    endloop
  endfacet
  facet normal -0.555632 -0.831428 -0
    outer loop
      vertex 42.1132 60.1024 12
      vertex 41.825 60.295 0
      vertex 42.1132 60.1024 0
    endloop
  endfacet
  facet normal 0.896894 -0.442245 0
    outer loop
      vertex 38.0517 59.0141 12
      vertex 38.205 59.325 0
      vertex 38.205 59.325 12
    endloop
  endfacet
  facet normal 0.896894 -0.442245 0
    outer loop
      vertex 38.205 59.325 0
      vertex 38.0517 59.0141 12
      vertex 38.0517 59.0141 0
    endloop
  endfacet
  facet normal 0.831428 -0.555632 0
    outer loop
      vertex 38.205 59.325 12
      vertex 38.3976 59.6132 0
      vertex 38.3976 59.6132 12
    endloop
  endfacet
  facet normal 0.831428 -0.555632 0
    outer loop
      vertex 38.3976 59.6132 0
      vertex 38.205 59.325 12
      vertex 38.205 59.325 0
    endloop
  endfacet
  facet normal 0.980802 -0.195007 0
    outer loop
      vertex 37.8727 58.3459 12
      vertex 37.9403 58.6859 0
      vertex 37.9403 58.6859 12
    endloop
  endfacet
  facet normal 0.980802 -0.195007 0
    outer loop
      vertex 37.9403 58.6859 0
      vertex 37.8727 58.3459 12
      vertex 37.8727 58.3459 0
    endloop
  endfacet
  facet normal 0.659444 -0.751754 0
    outer loop
      vertex 38.6262 59.8738 0
      vertex 38.8868 60.1024 12
      vertex 38.6262 59.8738 12
    endloop
  endfacet
  facet normal 0.659444 -0.751754 0
    outer loop
      vertex 38.8868 60.1024 12
      vertex 38.6262 59.8738 0
      vertex 38.8868 60.1024 0
    endloop
  endfacet
  facet normal 0.321416 -0.946938 0
    outer loop
      vertex 39.4859 60.4483 0
      vertex 39.8141 60.5597 12
      vertex 39.4859 60.4483 12
    endloop
  endfacet
  facet normal 0.321416 -0.946938 0
    outer loop
      vertex 39.8141 60.5597 12
      vertex 39.4859 60.4483 0
      vertex 39.8141 60.5597 0
    endloop
  endfacet
  facet normal -0.896894 0.442245 0
    outer loop
      vertex 42.795 56.675 0
      vertex 42.9483 56.9859 12
      vertex 42.9483 56.9859 0
    endloop
  endfacet
  facet normal -0.896894 0.442245 0
    outer loop
      vertex 42.9483 56.9859 12
      vertex 42.795 56.675 0
      vertex 42.795 56.675 12
    endloop
  endfacet
  facet normal -0.831428 0.555632 0
    outer loop
      vertex 42.6024 56.3868 0
      vertex 42.795 56.675 12
      vertex 42.795 56.675 0
    endloop
  endfacet
  facet normal -0.831428 0.555632 0
    outer loop
      vertex 42.795 56.675 12
      vertex 42.6024 56.3868 0
      vertex 42.6024 56.3868 12
    endloop
  endfacet
  facet normal -0.980802 0.195007 0
    outer loop
      vertex 43.0597 57.3141 0
      vertex 43.1273 57.6541 12
      vertex 43.1273 57.6541 0
    endloop
  endfacet
  facet normal -0.980802 0.195007 0
    outer loop
      vertex 43.1273 57.6541 12
      vertex 43.0597 57.3141 0
      vertex 43.0597 57.3141 12
    endloop
  endfacet
  facet normal 0.321416 0.946938 -0
    outer loop
      vertex 39.8141 55.4403 0
      vertex 39.4859 55.5517 12
      vertex 39.8141 55.4403 12
    endloop
  endfacet
  facet normal 0.321416 0.946938 0
    outer loop
      vertex 39.4859 55.5517 12
      vertex 39.8141 55.4403 0
      vertex 39.4859 55.5517 0
    endloop
  endfacet
  facet normal 0.555632 0.831428 -0
    outer loop
      vertex 39.175 55.705 0
      vertex 38.8868 55.8976 12
      vertex 39.175 55.705 12
    endloop
  endfacet
  facet normal 0.555632 0.831428 0
    outer loop
      vertex 38.8868 55.8976 12
      vertex 39.175 55.705 0
      vertex 38.8868 55.8976 0
    endloop
  endfacet
  facet normal 0.195007 0.980802 -0
    outer loop
      vertex 40.1541 55.3727 0
      vertex 39.8141 55.4403 12
      vertex 40.1541 55.3727 12
    endloop
  endfacet
  facet normal 0.195007 0.980802 0
    outer loop
      vertex 39.8141 55.4403 12
      vertex 40.1541 55.3727 0
      vertex 39.8141 55.4403 0
    endloop
  endfacet
  facet normal 0.659444 0.751754 -0
    outer loop
      vertex 38.8868 55.8976 0
      vertex 38.6262 56.1262 12
      vertex 38.8868 55.8976 12
    endloop
  endfacet
  facet normal 0.659444 0.751754 0
    outer loop
      vertex 38.6262 56.1262 12
      vertex 38.8868 55.8976 0
      vertex 38.6262 56.1262 0
    endloop
  endfacet
  facet normal -0.946938 -0.321416 0
    outer loop
      vertex 43.0597 58.6859 0
      vertex 42.9483 59.0141 12
      vertex 42.9483 59.0141 0
    endloop
  endfacet
  facet normal -0.946938 -0.321416 0
    outer loop
      vertex 42.9483 59.0141 12
      vertex 43.0597 58.6859 0
      vertex 43.0597 58.6859 12
    endloop
  endfacet
  facet normal -0.980802 -0.195007 0
    outer loop
      vertex 43.1273 58.3459 0
      vertex 43.0597 58.6859 12
      vertex 43.0597 58.6859 0
    endloop
  endfacet
  facet normal -0.980802 -0.195007 0
    outer loop
      vertex 43.0597 58.6859 12
      vertex 43.1273 58.3459 0
      vertex 43.1273 58.3459 12
    endloop
  endfacet
  facet normal -0.751754 -0.659444 0
    outer loop
      vertex 42.6024 59.6132 0
      vertex 42.3738 59.8738 12
      vertex 42.3738 59.8738 0
    endloop
  endfacet
  facet normal -0.751754 -0.659444 0
    outer loop
      vertex 42.3738 59.8738 12
      vertex 42.6024 59.6132 0
      vertex 42.6024 59.6132 12
    endloop
  endfacet
  facet normal -0.831428 -0.555632 0
    outer loop
      vertex 42.795 59.325 0
      vertex 42.6024 59.6132 12
      vertex 42.6024 59.6132 0
    endloop
  endfacet
  facet normal -0.831428 -0.555632 0
    outer loop
      vertex 42.6024 59.6132 12
      vertex 42.795 59.325 0
      vertex 42.795 59.325 12
    endloop
  endfacet
  facet normal -0.065485 -0.997854 0
    outer loop
      vertex 40.5 60.65 0
      vertex 40.8459 60.6273 12
      vertex 40.5 60.65 12
    endloop
  endfacet
  facet normal -0.065485 -0.997854 -0
    outer loop
      vertex 40.8459 60.6273 12
      vertex 40.5 60.65 0
      vertex 40.8459 60.6273 0
    endloop
  endfacet
  facet normal 0.946938 -0.321416 0
    outer loop
      vertex 37.9403 58.6859 12
      vertex 38.0517 59.0141 0
      vertex 38.0517 59.0141 12
    endloop
  endfacet
  facet normal 0.946938 -0.321416 0
    outer loop
      vertex 38.0517 59.0141 0
      vertex 37.9403 58.6859 12
      vertex 37.9403 58.6859 0
    endloop
  endfacet
  facet normal 0.997854 -0.065485 0
    outer loop
      vertex 37.85 58 12
      vertex 37.8727 58.3459 0
      vertex 37.8727 58.3459 12
    endloop
  endfacet
  facet normal 0.997854 -0.065485 0
    outer loop
      vertex 37.8727 58.3459 0
      vertex 37.85 58 12
      vertex 37.85 58 0
    endloop
  endfacet
  facet normal 0.195007 -0.980802 0
    outer loop
      vertex 39.8141 60.5597 0
      vertex 40.1541 60.6273 12
      vertex 39.8141 60.5597 12
    endloop
  endfacet
  facet normal 0.195007 -0.980802 0
    outer loop
      vertex 40.1541 60.6273 12
      vertex 39.8141 60.5597 0
      vertex 40.1541 60.6273 0
    endloop
  endfacet
  facet normal -0.997854 0.065485 0
    outer loop
      vertex 43.1273 57.6541 0
      vertex 43.15 58 12
      vertex 43.15 58 0
    endloop
  endfacet
  facet normal -0.997854 0.065485 0
    outer loop
      vertex 43.15 58 12
      vertex 43.1273 57.6541 0
      vertex 43.1273 57.6541 12
    endloop
  endfacet
  facet normal -0.195007 0.980802 0
    outer loop
      vertex 41.1859 55.4403 0
      vertex 40.8459 55.3727 12
      vertex 41.1859 55.4403 12
    endloop
  endfacet
  facet normal -0.195007 0.980802 0
    outer loop
      vertex 40.8459 55.3727 12
      vertex 41.1859 55.4403 0
      vertex 40.8459 55.3727 0
    endloop
  endfacet
  facet normal -0.442245 0.896894 0
    outer loop
      vertex 41.825 55.705 0
      vertex 41.5141 55.5517 12
      vertex 41.825 55.705 12
    endloop
  endfacet
  facet normal -0.442245 0.896894 0
    outer loop
      vertex 41.5141 55.5517 12
      vertex 41.825 55.705 0
      vertex 41.5141 55.5517 0
    endloop
  endfacet
  facet normal -0.555632 0.831428 0
    outer loop
      vertex 42.1132 55.8976 0
      vertex 41.825 55.705 12
      vertex 42.1132 55.8976 12
    endloop
  endfacet
  facet normal -0.555632 0.831428 0
    outer loop
      vertex 41.825 55.705 12
      vertex 42.1132 55.8976 0
      vertex 41.825 55.705 0
    endloop
  endfacet
  facet normal -0.751754 0.659444 0
    outer loop
      vertex 42.3738 56.1262 0
      vertex 42.6024 56.3868 12
      vertex 42.6024 56.3868 0
    endloop
  endfacet
  facet normal -0.751754 0.659444 0
    outer loop
      vertex 42.6024 56.3868 12
      vertex 42.3738 56.1262 0
      vertex 42.3738 56.1262 12
    endloop
  endfacet
  facet normal 0.442245 0.896894 -0
    outer loop
      vertex 39.4859 55.5517 0
      vertex 39.175 55.705 12
      vertex 39.4859 55.5517 12
    endloop
  endfacet
  facet normal 0.442245 0.896894 0
    outer loop
      vertex 39.175 55.705 12
      vertex 39.4859 55.5517 0
      vertex 39.175 55.705 0
    endloop
  endfacet
  facet normal 0.065485 0.997854 -0
    outer loop
      vertex 40.5 55.35 0
      vertex 40.1541 55.3727 12
      vertex 40.5 55.35 12
    endloop
  endfacet
  facet normal 0.065485 0.997854 0
    outer loop
      vertex 40.1541 55.3727 12
      vertex 40.5 55.35 0
      vertex 40.1541 55.3727 0
    endloop
  endfacet
  facet normal 0.831428 0.555632 0
    outer loop
      vertex 38.3976 56.3868 12
      vertex 38.205 56.675 0
      vertex 38.205 56.675 12
    endloop
  endfacet
  facet normal 0.831428 0.555632 0
    outer loop
      vertex 38.205 56.675 0
      vertex 38.3976 56.3868 12
      vertex 38.3976 56.3868 0
    endloop
  endfacet
  facet normal 0.896894 0.442245 0
    outer loop
      vertex 38.205 56.675 12
      vertex 38.0517 56.9859 0
      vertex 38.0517 56.9859 12
    endloop
  endfacet
  facet normal 0.896894 0.442245 0
    outer loop
      vertex 38.0517 56.9859 0
      vertex 38.205 56.675 12
      vertex 38.205 56.675 0
    endloop
  endfacet
  facet normal 0.980802 0.195007 0
    outer loop
      vertex 37.9403 57.3141 12
      vertex 37.8727 57.6541 0
      vertex 37.8727 57.6541 12
    endloop
  endfacet
  facet normal 0.980802 0.195007 0
    outer loop
      vertex 37.8727 57.6541 0
      vertex 37.9403 57.3141 12
      vertex 37.9403 57.3141 0
    endloop
  endfacet
  facet normal -0.442245 -0.896894 0
    outer loop
      vertex 41.5141 60.4483 0
      vertex 41.825 60.295 12
      vertex 41.5141 60.4483 12
    endloop
  endfacet
  facet normal -0.442245 -0.896894 -0
    outer loop
      vertex 41.825 60.295 12
      vertex 41.5141 60.4483 0
      vertex 41.825 60.295 0
    endloop
  endfacet
  facet normal 0.997854 0.065485 0
    outer loop
      vertex 37.8727 57.6541 12
      vertex 37.85 58 0
      vertex 37.85 58 12
    endloop
  endfacet
  facet normal 0.997854 0.065485 0
    outer loop
      vertex 37.85 58 0
      vertex 37.8727 57.6541 12
      vertex 37.8727 57.6541 0
    endloop
  endfacet
  facet normal 0.555632 -0.831428 0
    outer loop
      vertex 38.8868 60.1024 0
      vertex 39.175 60.295 12
      vertex 38.8868 60.1024 12
    endloop
  endfacet
  facet normal 0.555632 -0.831428 0
    outer loop
      vertex 39.175 60.295 12
      vertex 38.8868 60.1024 0
      vertex 39.175 60.295 0
    endloop
  endfacet
  facet normal -0.321416 0.946938 0
    outer loop
      vertex 41.5141 55.5517 0
      vertex 41.1859 55.4403 12
      vertex 41.5141 55.5517 12
    endloop
  endfacet
  facet normal -0.321416 0.946938 0
    outer loop
      vertex 41.1859 55.4403 12
      vertex 41.5141 55.5517 0
      vertex 41.1859 55.4403 0
    endloop
  endfacet
  facet normal -0.659444 0.751754 0
    outer loop
      vertex 42.3738 56.1262 0
      vertex 42.1132 55.8976 12
      vertex 42.3738 56.1262 12
    endloop
  endfacet
  facet normal -0.659444 0.751754 0
    outer loop
      vertex 42.1132 55.8976 12
      vertex 42.3738 56.1262 0
      vertex 42.1132 55.8976 0
    endloop
  endfacet
  facet normal -0.946938 0.321416 0
    outer loop
      vertex 42.9483 56.9859 0
      vertex 43.0597 57.3141 12
      vertex 43.0597 57.3141 0
    endloop
  endfacet
  facet normal -0.946938 0.321416 0
    outer loop
      vertex 43.0597 57.3141 12
      vertex 42.9483 56.9859 0
      vertex 42.9483 56.9859 12
    endloop
  endfacet
  facet normal 0.751754 0.659444 0
    outer loop
      vertex 38.6262 56.1262 12
      vertex 38.3976 56.3868 0
      vertex 38.3976 56.3868 12
    endloop
  endfacet
  facet normal 0.751754 0.659444 0
    outer loop
      vertex 38.3976 56.3868 0
      vertex 38.6262 56.1262 12
      vertex 38.6262 56.1262 0
    endloop
  endfacet
  facet normal 0.946938 0.321416 0
    outer loop
      vertex 38.0517 56.9859 12
      vertex 37.9403 57.3141 0
      vertex 37.9403 57.3141 12
    endloop
  endfacet
  facet normal 0.946938 0.321416 0
    outer loop
      vertex 37.9403 57.3141 0
      vertex 38.0517 56.9859 12
      vertex 38.0517 56.9859 0
    endloop
  endfacet
  facet normal -0.997854 -0.065485 0
    outer loop
      vertex 62.15 22 0
      vertex 62.1273 22.3459 12
      vertex 62.1273 22.3459 0
    endloop
  endfacet
  facet normal -0.997854 -0.065485 0
    outer loop
      vertex 62.1273 22.3459 12
      vertex 62.15 22 0
      vertex 62.15 22 12
    endloop
  endfacet
  facet normal 0.065485 -0.997854 0
    outer loop
      vertex 59.1541 24.6273 0
      vertex 59.5 24.65 12
      vertex 59.1541 24.6273 12
    endloop
  endfacet
  facet normal 0.065485 -0.997854 0
    outer loop
      vertex 59.5 24.65 12
      vertex 59.1541 24.6273 0
      vertex 59.5 24.65 0
    endloop
  endfacet
  facet normal 0.659444 0.751754 -0
    outer loop
      vertex 57.8868 19.8976 0
      vertex 57.6262 20.1262 12
      vertex 57.8868 19.8976 12
    endloop
  endfacet
  facet normal 0.659444 0.751754 0
    outer loop
      vertex 57.6262 20.1262 12
      vertex 57.8868 19.8976 0
      vertex 57.6262 20.1262 0
    endloop
  endfacet
  facet normal -0.659444 -0.751754 0
    outer loop
      vertex 61.1132 24.1024 0
      vertex 61.3738 23.8738 12
      vertex 61.1132 24.1024 12
    endloop
  endfacet
  facet normal -0.659444 -0.751754 -0
    outer loop
      vertex 61.3738 23.8738 12
      vertex 61.1132 24.1024 0
      vertex 61.3738 23.8738 0
    endloop
  endfacet
  facet normal 0.751754 -0.659444 0
    outer loop
      vertex 57.3976 23.6132 12
      vertex 57.6262 23.8738 0
      vertex 57.6262 23.8738 12
    endloop
  endfacet
  facet normal 0.751754 -0.659444 0
    outer loop
      vertex 57.6262 23.8738 0
      vertex 57.3976 23.6132 12
      vertex 57.3976 23.6132 0
    endloop
  endfacet
  facet normal 0.442245 -0.896894 0
    outer loop
      vertex 58.175 24.295 0
      vertex 58.4859 24.4483 12
      vertex 58.175 24.295 12
    endloop
  endfacet
  facet normal 0.442245 -0.896894 0
    outer loop
      vertex 58.4859 24.4483 12
      vertex 58.175 24.295 0
      vertex 58.4859 24.4483 0
    endloop
  endfacet
  facet normal -0.896894 -0.442245 0
    outer loop
      vertex 61.9483 23.0141 0
      vertex 61.795 23.325 12
      vertex 61.795 23.325 0
    endloop
  endfacet
  facet normal -0.896894 -0.442245 0
    outer loop
      vertex 61.795 23.325 12
      vertex 61.9483 23.0141 0
      vertex 61.9483 23.0141 12
    endloop
  endfacet
  facet normal -0.321416 -0.946938 0
    outer loop
      vertex 60.1859 24.5597 0
      vertex 60.5141 24.4483 12
      vertex 60.1859 24.5597 12
    endloop
  endfacet
  facet normal -0.321416 -0.946938 -0
    outer loop
      vertex 60.5141 24.4483 12
      vertex 60.1859 24.5597 0
      vertex 60.5141 24.4483 0
    endloop
  endfacet
  facet normal -0.195007 -0.980802 0
    outer loop
      vertex 59.8459 24.6273 0
      vertex 60.1859 24.5597 12
      vertex 59.8459 24.6273 12
    endloop
  endfacet
  facet normal -0.195007 -0.980802 -0
    outer loop
      vertex 60.1859 24.5597 12
      vertex 59.8459 24.6273 0
      vertex 60.1859 24.5597 0
    endloop
  endfacet
  facet normal -0.555632 -0.831428 0
    outer loop
      vertex 60.825 24.295 0
      vertex 61.1132 24.1024 12
      vertex 60.825 24.295 12
    endloop
  endfacet
  facet normal -0.555632 -0.831428 -0
    outer loop
      vertex 61.1132 24.1024 12
      vertex 60.825 24.295 0
      vertex 61.1132 24.1024 0
    endloop
  endfacet
  facet normal 0.946938 -0.321416 0
    outer loop
      vertex 56.9403 22.6859 12
      vertex 57.0517 23.0141 0
      vertex 57.0517 23.0141 12
    endloop
  endfacet
  facet normal 0.946938 -0.321416 0
    outer loop
      vertex 57.0517 23.0141 0
      vertex 56.9403 22.6859 12
      vertex 56.9403 22.6859 0
    endloop
  endfacet
  facet normal 0.831428 -0.555632 0
    outer loop
      vertex 57.205 23.325 12
      vertex 57.3976 23.6132 0
      vertex 57.3976 23.6132 12
    endloop
  endfacet
  facet normal 0.831428 -0.555632 0
    outer loop
      vertex 57.3976 23.6132 0
      vertex 57.205 23.325 12
      vertex 57.205 23.325 0
    endloop
  endfacet
  facet normal 0.980802 -0.195007 0
    outer loop
      vertex 56.8727 22.3459 12
      vertex 56.9403 22.6859 0
      vertex 56.9403 22.6859 12
    endloop
  endfacet
  facet normal 0.980802 -0.195007 0
    outer loop
      vertex 56.9403 22.6859 0
      vertex 56.8727 22.3459 12
      vertex 56.8727 22.3459 0
    endloop
  endfacet
  facet normal 0.321416 -0.946938 0
    outer loop
      vertex 58.4859 24.4483 0
      vertex 58.8141 24.5597 12
      vertex 58.4859 24.4483 12
    endloop
  endfacet
  facet normal 0.321416 -0.946938 0
    outer loop
      vertex 58.8141 24.5597 12
      vertex 58.4859 24.4483 0
      vertex 58.8141 24.5597 0
    endloop
  endfacet
  facet normal -0.831428 0.555632 0
    outer loop
      vertex 61.6024 20.3868 0
      vertex 61.795 20.675 12
      vertex 61.795 20.675 0
    endloop
  endfacet
  facet normal -0.831428 0.555632 0
    outer loop
      vertex 61.795 20.675 12
      vertex 61.6024 20.3868 0
      vertex 61.6024 20.3868 12
    endloop
  endfacet
  facet normal -0.980802 0.195007 0
    outer loop
      vertex 62.0597 21.3141 0
      vertex 62.1273 21.6541 12
      vertex 62.1273 21.6541 0
    endloop
  endfacet
  facet normal -0.980802 0.195007 0
    outer loop
      vertex 62.1273 21.6541 12
      vertex 62.0597 21.3141 0
      vertex 62.0597 21.3141 12
    endloop
  endfacet
  facet normal 0.555632 0.831428 -0
    outer loop
      vertex 58.175 19.705 0
      vertex 57.8868 19.8976 12
      vertex 58.175 19.705 12
    endloop
  endfacet
  facet normal 0.555632 0.831428 0
    outer loop
      vertex 57.8868 19.8976 12
      vertex 58.175 19.705 0
      vertex 57.8868 19.8976 0
    endloop
  endfacet
  facet normal 0.195007 0.980802 -0
    outer loop
      vertex 59.1541 19.3727 0
      vertex 58.8141 19.4403 12
      vertex 59.1541 19.3727 12
    endloop
  endfacet
  facet normal 0.195007 0.980802 0
    outer loop
      vertex 58.8141 19.4403 12
      vertex 59.1541 19.3727 0
      vertex 58.8141 19.4403 0
    endloop
  endfacet
  facet normal -0.946938 -0.321416 0
    outer loop
      vertex 62.0597 22.6859 0
      vertex 61.9483 23.0141 12
      vertex 61.9483 23.0141 0
    endloop
  endfacet
  facet normal -0.946938 -0.321416 0
    outer loop
      vertex 61.9483 23.0141 12
      vertex 62.0597 22.6859 0
      vertex 62.0597 22.6859 12
    endloop
  endfacet
  facet normal -0.980802 -0.195007 0
    outer loop
      vertex 62.1273 22.3459 0
      vertex 62.0597 22.6859 12
      vertex 62.0597 22.6859 0
    endloop
  endfacet
  facet normal -0.980802 -0.195007 0
    outer loop
      vertex 62.0597 22.6859 12
      vertex 62.1273 22.3459 0
      vertex 62.1273 22.3459 12
    endloop
  endfacet
  facet normal -0.751754 -0.659444 0
    outer loop
      vertex 61.6024 23.6132 0
      vertex 61.3738 23.8738 12
      vertex 61.3738 23.8738 0
    endloop
  endfacet
  facet normal -0.751754 -0.659444 0
    outer loop
      vertex 61.3738 23.8738 12
      vertex 61.6024 23.6132 0
      vertex 61.6024 23.6132 12
    endloop
  endfacet
  facet normal -0.831428 -0.555632 0
    outer loop
      vertex 61.795 23.325 0
      vertex 61.6024 23.6132 12
      vertex 61.6024 23.6132 0
    endloop
  endfacet
  facet normal -0.831428 -0.555632 0
    outer loop
      vertex 61.6024 23.6132 12
      vertex 61.795 23.325 0
      vertex 61.795 23.325 12
    endloop
  endfacet
  facet normal -0.065485 -0.997854 0
    outer loop
      vertex 59.5 24.65 0
      vertex 59.8459 24.6273 12
      vertex 59.5 24.65 12
    endloop
  endfacet
  facet normal -0.065485 -0.997854 -0
    outer loop
      vertex 59.8459 24.6273 12
      vertex 59.5 24.65 0
      vertex 59.8459 24.6273 0
    endloop
  endfacet
  facet normal -0.442245 -0.896894 0
    outer loop
      vertex 60.5141 24.4483 0
      vertex 60.825 24.295 12
      vertex 60.5141 24.4483 12
    endloop
  endfacet
  facet normal -0.442245 -0.896894 -0
    outer loop
      vertex 60.825 24.295 12
      vertex 60.5141 24.4483 0
      vertex 60.825 24.295 0
    endloop
  endfacet
  facet normal 0.896894 -0.442245 0
    outer loop
      vertex 57.0517 23.0141 12
      vertex 57.205 23.325 0
      vertex 57.205 23.325 12
    endloop
  endfacet
  facet normal 0.896894 -0.442245 0
    outer loop
      vertex 57.205 23.325 0
      vertex 57.0517 23.0141 12
      vertex 57.0517 23.0141 0
    endloop
  endfacet
  facet normal 0.997854 -0.065485 0
    outer loop
      vertex 56.85 22 12
      vertex 56.8727 22.3459 0
      vertex 56.8727 22.3459 12
    endloop
  endfacet
  facet normal 0.997854 -0.065485 0
    outer loop
      vertex 56.8727 22.3459 0
      vertex 56.85 22 12
      vertex 56.85 22 0
    endloop
  endfacet
  facet normal 0.555632 -0.831428 0
    outer loop
      vertex 57.8868 24.1024 0
      vertex 58.175 24.295 12
      vertex 57.8868 24.1024 12
    endloop
  endfacet
  facet normal 0.555632 -0.831428 0
    outer loop
      vertex 58.175 24.295 12
      vertex 57.8868 24.1024 0
      vertex 58.175 24.295 0
    endloop
  endfacet
  facet normal 0.659444 -0.751754 0
    outer loop
      vertex 57.6262 23.8738 0
      vertex 57.8868 24.1024 12
      vertex 57.6262 23.8738 12
    endloop
  endfacet
  facet normal 0.659444 -0.751754 0
    outer loop
      vertex 57.8868 24.1024 12
      vertex 57.6262 23.8738 0
      vertex 57.8868 24.1024 0
    endloop
  endfacet
  facet normal 0.195007 -0.980802 0
    outer loop
      vertex 58.8141 24.5597 0
      vertex 59.1541 24.6273 12
      vertex 58.8141 24.5597 12
    endloop
  endfacet
  facet normal 0.195007 -0.980802 0
    outer loop
      vertex 59.1541 24.6273 12
      vertex 58.8141 24.5597 0
      vertex 59.1541 24.6273 0
    endloop
  endfacet
  facet normal -0.195007 0.980802 0
    outer loop
      vertex 60.1859 19.4403 0
      vertex 59.8459 19.3727 12
      vertex 60.1859 19.4403 12
    endloop
  endfacet
  facet normal -0.195007 0.980802 0
    outer loop
      vertex 59.8459 19.3727 12
      vertex 60.1859 19.4403 0
      vertex 59.8459 19.3727 0
    endloop
  endfacet
  facet normal -0.442245 0.896894 0
    outer loop
      vertex 60.825 19.705 0
      vertex 60.5141 19.5517 12
      vertex 60.825 19.705 12
    endloop
  endfacet
  facet normal -0.442245 0.896894 0
    outer loop
      vertex 60.5141 19.5517 12
      vertex 60.825 19.705 0
      vertex 60.5141 19.5517 0
    endloop
  endfacet
  facet normal -0.751754 0.659444 0
    outer loop
      vertex 61.3738 20.1262 0
      vertex 61.6024 20.3868 12
      vertex 61.6024 20.3868 0
    endloop
  endfacet
  facet normal -0.751754 0.659444 0
    outer loop
      vertex 61.6024 20.3868 12
      vertex 61.3738 20.1262 0
      vertex 61.3738 20.1262 12
    endloop
  endfacet
  facet normal -0.555632 0.831428 0
    outer loop
      vertex 61.1132 19.8976 0
      vertex 60.825 19.705 12
      vertex 61.1132 19.8976 12
    endloop
  endfacet
  facet normal -0.555632 0.831428 0
    outer loop
      vertex 60.825 19.705 12
      vertex 61.1132 19.8976 0
      vertex 60.825 19.705 0
    endloop
  endfacet
  facet normal -0.896894 0.442245 0
    outer loop
      vertex 61.795 20.675 0
      vertex 61.9483 20.9859 12
      vertex 61.9483 20.9859 0
    endloop
  endfacet
  facet normal -0.896894 0.442245 0
    outer loop
      vertex 61.9483 20.9859 12
      vertex 61.795 20.675 0
      vertex 61.795 20.675 12
    endloop
  endfacet
  facet normal -0.997854 0.065485 0
    outer loop
      vertex 62.1273 21.6541 0
      vertex 62.15 22 12
      vertex 62.15 22 0
    endloop
  endfacet
  facet normal -0.997854 0.065485 0
    outer loop
      vertex 62.15 22 12
      vertex 62.1273 21.6541 0
      vertex 62.1273 21.6541 12
    endloop
  endfacet
  facet normal 0.442245 0.896894 -0
    outer loop
      vertex 58.4859 19.5517 0
      vertex 58.175 19.705 12
      vertex 58.4859 19.5517 12
    endloop
  endfacet
  facet normal 0.442245 0.896894 0
    outer loop
      vertex 58.175 19.705 12
      vertex 58.4859 19.5517 0
      vertex 58.175 19.705 0
    endloop
  endfacet
  facet normal 0.065485 0.997854 -0
    outer loop
      vertex 59.5 19.35 0
      vertex 59.1541 19.3727 12
      vertex 59.5 19.35 12
    endloop
  endfacet
  facet normal 0.065485 0.997854 0
    outer loop
      vertex 59.1541 19.3727 12
      vertex 59.5 19.35 0
      vertex 59.1541 19.3727 0
    endloop
  endfacet
  facet normal 0.831428 0.555632 0
    outer loop
      vertex 57.3976 20.3868 12
      vertex 57.205 20.675 0
      vertex 57.205 20.675 12
    endloop
  endfacet
  facet normal 0.831428 0.555632 0
    outer loop
      vertex 57.205 20.675 0
      vertex 57.3976 20.3868 12
      vertex 57.3976 20.3868 0
    endloop
  endfacet
  facet normal 0.896894 0.442245 0
    outer loop
      vertex 57.205 20.675 12
      vertex 57.0517 20.9859 0
      vertex 57.0517 20.9859 12
    endloop
  endfacet
  facet normal 0.896894 0.442245 0
    outer loop
      vertex 57.0517 20.9859 0
      vertex 57.205 20.675 12
      vertex 57.205 20.675 0
    endloop
  endfacet
  facet normal 0.980802 0.195007 0
    outer loop
      vertex 56.9403 21.3141 12
      vertex 56.8727 21.6541 0
      vertex 56.8727 21.6541 12
    endloop
  endfacet
  facet normal 0.980802 0.195007 0
    outer loop
      vertex 56.8727 21.6541 0
      vertex 56.9403 21.3141 12
      vertex 56.9403 21.3141 0
    endloop
  endfacet
  facet normal 0.997854 0.065485 0
    outer loop
      vertex 56.8727 21.6541 12
      vertex 56.85 22 0
      vertex 56.85 22 12
    endloop
  endfacet
  facet normal 0.997854 0.065485 0
    outer loop
      vertex 56.85 22 0
      vertex 56.8727 21.6541 12
      vertex 56.8727 21.6541 0
    endloop
  endfacet
  facet normal -0.321416 0.946938 0
    outer loop
      vertex 60.5141 19.5517 0
      vertex 60.1859 19.4403 12
      vertex 60.5141 19.5517 12
    endloop
  endfacet
  facet normal -0.321416 0.946938 0
    outer loop
      vertex 60.1859 19.4403 12
      vertex 60.5141 19.5517 0
      vertex 60.1859 19.4403 0
    endloop
  endfacet
  facet normal -0.659444 0.751754 0
    outer loop
      vertex 61.3738 20.1262 0
      vertex 61.1132 19.8976 12
      vertex 61.3738 20.1262 12
    endloop
  endfacet
  facet normal -0.659444 0.751754 0
    outer loop
      vertex 61.1132 19.8976 12
      vertex 61.3738 20.1262 0
      vertex 61.1132 19.8976 0
    endloop
  endfacet
  facet normal -0.946938 0.321416 0
    outer loop
      vertex 61.9483 20.9859 0
      vertex 62.0597 21.3141 12
      vertex 62.0597 21.3141 0
    endloop
  endfacet
  facet normal -0.946938 0.321416 0
    outer loop
      vertex 62.0597 21.3141 12
      vertex 61.9483 20.9859 0
      vertex 61.9483 20.9859 12
    endloop
  endfacet
  facet normal 0.321416 0.946938 -0
    outer loop
      vertex 58.8141 19.4403 0
      vertex 58.4859 19.5517 12
      vertex 58.8141 19.4403 12
    endloop
  endfacet
  facet normal 0.321416 0.946938 0
    outer loop
      vertex 58.4859 19.5517 12
      vertex 58.8141 19.4403 0
      vertex 58.4859 19.5517 0
    endloop
  endfacet
  facet normal -0.065485 0.997854 0
    outer loop
      vertex 59.8459 19.3727 0
      vertex 59.5 19.35 12
      vertex 59.8459 19.3727 12
    endloop
  endfacet
  facet normal -0.065485 0.997854 0
    outer loop
      vertex 59.5 19.35 12
      vertex 59.8459 19.3727 0
      vertex 59.5 19.35 0
    endloop
  endfacet
  facet normal 0.751754 0.659444 0
    outer loop
      vertex 57.6262 20.1262 12
      vertex 57.3976 20.3868 0
      vertex 57.3976 20.3868 12
    endloop
  endfacet
  facet normal 0.751754 0.659444 0
    outer loop
      vertex 57.3976 20.3868 0
      vertex 57.6262 20.1262 12
      vertex 57.6262 20.1262 0
    endloop
  endfacet
  facet normal 0.946938 0.321416 0
    outer loop
      vertex 57.0517 20.9859 12
      vertex 56.9403 21.3141 0
      vertex 56.9403 21.3141 12
    endloop
  endfacet
  facet normal 0.946938 0.321416 0
    outer loop
      vertex 56.9403 21.3141 0
      vertex 57.0517 20.9859 12
      vertex 57.0517 20.9859 0
    endloop
  endfacet
  facet normal -0.997854 -0.065485 0
    outer loop
      vertex 62.15 58 0
      vertex 62.1273 58.3459 12
      vertex 62.1273 58.3459 0
    endloop
  endfacet
  facet normal -0.997854 -0.065485 0
    outer loop
      vertex 62.1273 58.3459 12
      vertex 62.15 58 0
      vertex 62.15 58 12
    endloop
  endfacet
  facet normal 0.065485 -0.997854 0
    outer loop
      vertex 59.1541 60.6273 0
      vertex 59.5 60.65 12
      vertex 59.1541 60.6273 12
    endloop
  endfacet
  facet normal 0.065485 -0.997854 0
    outer loop
      vertex 59.5 60.65 12
      vertex 59.1541 60.6273 0
      vertex 59.5 60.65 0
    endloop
  endfacet
  facet normal -0.065485 0.997854 0
    outer loop
      vertex 59.8459 55.3727 0
      vertex 59.5 55.35 12
      vertex 59.8459 55.3727 12
    endloop
  endfacet
  facet normal -0.065485 0.997854 0
    outer loop
      vertex 59.5 55.35 12
      vertex 59.8459 55.3727 0
      vertex 59.5 55.35 0
    endloop
  endfacet
  facet normal 0.659444 0.751754 -0
    outer loop
      vertex 57.8868 55.8976 0
      vertex 57.6262 56.1262 12
      vertex 57.8868 55.8976 12
    endloop
  endfacet
  facet normal 0.659444 0.751754 0
    outer loop
      vertex 57.6262 56.1262 12
      vertex 57.8868 55.8976 0
      vertex 57.6262 56.1262 0
    endloop
  endfacet
  facet normal -0.659444 -0.751754 0
    outer loop
      vertex 61.1132 60.1024 0
      vertex 61.3738 59.8738 12
      vertex 61.1132 60.1024 12
    endloop
  endfacet
  facet normal -0.659444 -0.751754 -0
    outer loop
      vertex 61.3738 59.8738 12
      vertex 61.1132 60.1024 0
      vertex 61.3738 59.8738 0
    endloop
  endfacet
  facet normal 0.751754 -0.659444 0
    outer loop
      vertex 57.3976 59.6132 12
      vertex 57.6262 59.8738 0
      vertex 57.6262 59.8738 12
    endloop
  endfacet
  facet normal 0.751754 -0.659444 0
    outer loop
      vertex 57.6262 59.8738 0
      vertex 57.3976 59.6132 12
      vertex 57.3976 59.6132 0
    endloop
  endfacet
  facet normal 0.442245 -0.896894 0
    outer loop
      vertex 58.175 60.295 0
      vertex 58.4859 60.4483 12
      vertex 58.175 60.295 12
    endloop
  endfacet
  facet normal 0.442245 -0.896894 0
    outer loop
      vertex 58.4859 60.4483 12
      vertex 58.175 60.295 0
      vertex 58.4859 60.4483 0
    endloop
  endfacet
  facet normal -0.896894 -0.442245 0
    outer loop
      vertex 61.9483 59.0141 0
      vertex 61.795 59.325 12
      vertex 61.795 59.325 0
    endloop
  endfacet
  facet normal -0.896894 -0.442245 0
    outer loop
      vertex 61.795 59.325 12
      vertex 61.9483 59.0141 0
      vertex 61.9483 59.0141 12
    endloop
  endfacet
  facet normal -0.321416 -0.946938 0
    outer loop
      vertex 60.1859 60.5597 0
      vertex 60.5141 60.4483 12
      vertex 60.1859 60.5597 12
    endloop
  endfacet
  facet normal -0.321416 -0.946938 -0
    outer loop
      vertex 60.5141 60.4483 12
      vertex 60.1859 60.5597 0
      vertex 60.5141 60.4483 0
    endloop
  endfacet
  facet normal -0.195007 -0.980802 0
    outer loop
      vertex 59.8459 60.6273 0
      vertex 60.1859 60.5597 12
      vertex 59.8459 60.6273 12
    endloop
  endfacet
  facet normal -0.195007 -0.980802 -0
    outer loop
      vertex 60.1859 60.5597 12
      vertex 59.8459 60.6273 0
      vertex 60.1859 60.5597 0
    endloop
  endfacet
  facet normal -0.555632 -0.831428 0
    outer loop
      vertex 60.825 60.295 0
      vertex 61.1132 60.1024 12
      vertex 60.825 60.295 12
    endloop
  endfacet
  facet normal -0.555632 -0.831428 -0
    outer loop
      vertex 61.1132 60.1024 12
      vertex 60.825 60.295 0
      vertex 61.1132 60.1024 0
    endloop
  endfacet
  facet normal 0.946938 -0.321416 0
    outer loop
      vertex 56.9403 58.6859 12
      vertex 57.0517 59.0141 0
      vertex 57.0517 59.0141 12
    endloop
  endfacet
  facet normal 0.946938 -0.321416 0
    outer loop
      vertex 57.0517 59.0141 0
      vertex 56.9403 58.6859 12
      vertex 56.9403 58.6859 0
    endloop
  endfacet
  facet normal 0.831428 -0.555632 0
    outer loop
      vertex 57.205 59.325 12
      vertex 57.3976 59.6132 0
      vertex 57.3976 59.6132 12
    endloop
  endfacet
  facet normal 0.831428 -0.555632 0
    outer loop
      vertex 57.3976 59.6132 0
      vertex 57.205 59.325 12
      vertex 57.205 59.325 0
    endloop
  endfacet
  facet normal 0.980802 -0.195007 0
    outer loop
      vertex 56.8727 58.3459 12
      vertex 56.9403 58.6859 0
      vertex 56.9403 58.6859 12
    endloop
  endfacet
  facet normal 0.980802 -0.195007 0
    outer loop
      vertex 56.9403 58.6859 0
      vertex 56.8727 58.3459 12
      vertex 56.8727 58.3459 0
    endloop
  endfacet
  facet normal 0.321416 -0.946938 0
    outer loop
      vertex 58.4859 60.4483 0
      vertex 58.8141 60.5597 12
      vertex 58.4859 60.4483 12
    endloop
  endfacet
  facet normal 0.321416 -0.946938 0
    outer loop
      vertex 58.8141 60.5597 12
      vertex 58.4859 60.4483 0
      vertex 58.8141 60.5597 0
    endloop
  endfacet
  facet normal -0.946938 0.321416 0
    outer loop
      vertex 61.9483 56.9859 0
      vertex 62.0597 57.3141 12
      vertex 62.0597 57.3141 0
    endloop
  endfacet
  facet normal -0.946938 0.321416 0
    outer loop
      vertex 62.0597 57.3141 12
      vertex 61.9483 56.9859 0
      vertex 61.9483 56.9859 12
    endloop
  endfacet
  facet normal -0.831428 0.555632 0
    outer loop
      vertex 61.6024 56.3868 0
      vertex 61.795 56.675 12
      vertex 61.795 56.675 0
    endloop
  endfacet
  facet normal -0.831428 0.555632 0
    outer loop
      vertex 61.795 56.675 12
      vertex 61.6024 56.3868 0
      vertex 61.6024 56.3868 12
    endloop
  endfacet
  facet normal -0.980802 0.195007 0
    outer loop
      vertex 62.0597 57.3141 0
      vertex 62.1273 57.6541 12
      vertex 62.1273 57.6541 0
    endloop
  endfacet
  facet normal -0.980802 0.195007 0
    outer loop
      vertex 62.1273 57.6541 12
      vertex 62.0597 57.3141 0
      vertex 62.0597 57.3141 12
    endloop
  endfacet
  facet normal 0.321416 0.946938 -0
    outer loop
      vertex 58.8141 55.4403 0
      vertex 58.4859 55.5517 12
      vertex 58.8141 55.4403 12
    endloop
  endfacet
  facet normal 0.321416 0.946938 0
    outer loop
      vertex 58.4859 55.5517 12
      vertex 58.8141 55.4403 0
      vertex 58.4859 55.5517 0
    endloop
  endfacet
  facet normal 0.555632 0.831428 -0
    outer loop
      vertex 58.175 55.705 0
      vertex 57.8868 55.8976 12
      vertex 58.175 55.705 12
    endloop
  endfacet
  facet normal 0.555632 0.831428 0
    outer loop
      vertex 57.8868 55.8976 12
      vertex 58.175 55.705 0
      vertex 57.8868 55.8976 0
    endloop
  endfacet
  facet normal 0.195007 0.980802 -0
    outer loop
      vertex 59.1541 55.3727 0
      vertex 58.8141 55.4403 12
      vertex 59.1541 55.3727 12
    endloop
  endfacet
  facet normal 0.195007 0.980802 0
    outer loop
      vertex 58.8141 55.4403 12
      vertex 59.1541 55.3727 0
      vertex 58.8141 55.4403 0
    endloop
  endfacet
  facet normal -0.946938 -0.321416 0
    outer loop
      vertex 62.0597 58.6859 0
      vertex 61.9483 59.0141 12
      vertex 61.9483 59.0141 0
    endloop
  endfacet
  facet normal -0.946938 -0.321416 0
    outer loop
      vertex 61.9483 59.0141 12
      vertex 62.0597 58.6859 0
      vertex 62.0597 58.6859 12
    endloop
  endfacet
  facet normal -0.980802 -0.195007 0
    outer loop
      vertex 62.1273 58.3459 0
      vertex 62.0597 58.6859 12
      vertex 62.0597 58.6859 0
    endloop
  endfacet
  facet normal -0.980802 -0.195007 0
    outer loop
      vertex 62.0597 58.6859 12
      vertex 62.1273 58.3459 0
      vertex 62.1273 58.3459 12
    endloop
  endfacet
  facet normal -0.751754 -0.659444 0
    outer loop
      vertex 61.6024 59.6132 0
      vertex 61.3738 59.8738 12
      vertex 61.3738 59.8738 0
    endloop
  endfacet
  facet normal -0.751754 -0.659444 0
    outer loop
      vertex 61.3738 59.8738 12
      vertex 61.6024 59.6132 0
      vertex 61.6024 59.6132 12
    endloop
  endfacet
  facet normal -0.831428 -0.555632 0
    outer loop
      vertex 61.795 59.325 0
      vertex 61.6024 59.6132 12
      vertex 61.6024 59.6132 0
    endloop
  endfacet
  facet normal -0.831428 -0.555632 0
    outer loop
      vertex 61.6024 59.6132 12
      vertex 61.795 59.325 0
      vertex 61.795 59.325 12
    endloop
  endfacet
  facet normal -0.065485 -0.997854 0
    outer loop
      vertex 59.5 60.65 0
      vertex 59.8459 60.6273 12
      vertex 59.5 60.65 12
    endloop
  endfacet
  facet normal -0.065485 -0.997854 -0
    outer loop
      vertex 59.8459 60.6273 12
      vertex 59.5 60.65 0
      vertex 59.8459 60.6273 0
    endloop
  endfacet
  facet normal -0.442245 -0.896894 0
    outer loop
      vertex 60.5141 60.4483 0
      vertex 60.825 60.295 12
      vertex 60.5141 60.4483 12
    endloop
  endfacet
  facet normal -0.442245 -0.896894 -0
    outer loop
      vertex 60.825 60.295 12
      vertex 60.5141 60.4483 0
      vertex 60.825 60.295 0
    endloop
  endfacet
  facet normal 0.896894 -0.442245 0
    outer loop
      vertex 57.0517 59.0141 12
      vertex 57.205 59.325 0
      vertex 57.205 59.325 12
    endloop
  endfacet
  facet normal 0.896894 -0.442245 0
    outer loop
      vertex 57.205 59.325 0
      vertex 57.0517 59.0141 12
      vertex 57.0517 59.0141 0
    endloop
  endfacet
  facet normal 0.997854 -0.065485 0
    outer loop
      vertex 56.85 58 12
      vertex 56.8727 58.3459 0
      vertex 56.8727 58.3459 12
    endloop
  endfacet
  facet normal 0.997854 -0.065485 0
    outer loop
      vertex 56.8727 58.3459 0
      vertex 56.85 58 12
      vertex 56.85 58 0
    endloop
  endfacet
  facet normal 0.555632 -0.831428 0
    outer loop
      vertex 57.8868 60.1024 0
      vertex 58.175 60.295 12
      vertex 57.8868 60.1024 12
    endloop
  endfacet
  facet normal 0.555632 -0.831428 0
    outer loop
      vertex 58.175 60.295 12
      vertex 57.8868 60.1024 0
      vertex 58.175 60.295 0
    endloop
  endfacet
  facet normal 0.659444 -0.751754 0
    outer loop
      vertex 57.6262 59.8738 0
      vertex 57.8868 60.1024 12
      vertex 57.6262 59.8738 12
    endloop
  endfacet
  facet normal 0.659444 -0.751754 0
    outer loop
      vertex 57.8868 60.1024 12
      vertex 57.6262 59.8738 0
      vertex 57.8868 60.1024 0
    endloop
  endfacet
  facet normal 0.195007 -0.980802 0
    outer loop
      vertex 58.8141 60.5597 0
      vertex 59.1541 60.6273 12
      vertex 58.8141 60.5597 12
    endloop
  endfacet
  facet normal 0.195007 -0.980802 0
    outer loop
      vertex 59.1541 60.6273 12
      vertex 58.8141 60.5597 0
      vertex 59.1541 60.6273 0
    endloop
  endfacet
  facet normal -0.997854 0.065485 0
    outer loop
      vertex 62.1273 57.6541 0
      vertex 62.15 58 12
      vertex 62.15 58 0
    endloop
  endfacet
  facet normal -0.997854 0.065485 0
    outer loop
      vertex 62.15 58 12
      vertex 62.1273 57.6541 0
      vertex 62.1273 57.6541 12
    endloop
  endfacet
  facet normal -0.195007 0.980802 0
    outer loop
      vertex 60.1859 55.4403 0
      vertex 59.8459 55.3727 12
      vertex 60.1859 55.4403 12
    endloop
  endfacet
  facet normal -0.195007 0.980802 0
    outer loop
      vertex 59.8459 55.3727 12
      vertex 60.1859 55.4403 0
      vertex 59.8459 55.3727 0
    endloop
  endfacet
  facet normal -0.442245 0.896894 0
    outer loop
      vertex 60.825 55.705 0
      vertex 60.5141 55.5517 12
      vertex 60.825 55.705 12
    endloop
  endfacet
  facet normal -0.442245 0.896894 0
    outer loop
      vertex 60.5141 55.5517 12
      vertex 60.825 55.705 0
      vertex 60.5141 55.5517 0
    endloop
  endfacet
  facet normal -0.751754 0.659444 0
    outer loop
      vertex 61.3738 56.1262 0
      vertex 61.6024 56.3868 12
      vertex 61.6024 56.3868 0
    endloop
  endfacet
  facet normal -0.751754 0.659444 0
    outer loop
      vertex 61.6024 56.3868 12
      vertex 61.3738 56.1262 0
      vertex 61.3738 56.1262 12
    endloop
  endfacet
  facet normal -0.555632 0.831428 0
    outer loop
      vertex 61.1132 55.8976 0
      vertex 60.825 55.705 12
      vertex 61.1132 55.8976 12
    endloop
  endfacet
  facet normal -0.555632 0.831428 0
    outer loop
      vertex 60.825 55.705 12
      vertex 61.1132 55.8976 0
      vertex 60.825 55.705 0
    endloop
  endfacet
  facet normal -0.896894 0.442245 0
    outer loop
      vertex 61.795 56.675 0
      vertex 61.9483 56.9859 12
      vertex 61.9483 56.9859 0
    endloop
  endfacet
  facet normal -0.896894 0.442245 0
    outer loop
      vertex 61.9483 56.9859 12
      vertex 61.795 56.675 0
      vertex 61.795 56.675 12
    endloop
  endfacet
  facet normal 0.442245 0.896894 -0
    outer loop
      vertex 58.4859 55.5517 0
      vertex 58.175 55.705 12
      vertex 58.4859 55.5517 12
    endloop
  endfacet
  facet normal 0.442245 0.896894 0
    outer loop
      vertex 58.175 55.705 12
      vertex 58.4859 55.5517 0
      vertex 58.175 55.705 0
    endloop
  endfacet
  facet normal 0.065485 0.997854 -0
    outer loop
      vertex 59.5 55.35 0
      vertex 59.1541 55.3727 12
      vertex 59.5 55.35 12
    endloop
  endfacet
  facet normal 0.065485 0.997854 0
    outer loop
      vertex 59.1541 55.3727 12
      vertex 59.5 55.35 0
      vertex 59.1541 55.3727 0
    endloop
  endfacet
  facet normal 0.831428 0.555632 0
    outer loop
      vertex 57.3976 56.3868 12
      vertex 57.205 56.675 0
      vertex 57.205 56.675 12
    endloop
  endfacet
  facet normal 0.831428 0.555632 0
    outer loop
      vertex 57.205 56.675 0
      vertex 57.3976 56.3868 12
      vertex 57.3976 56.3868 0
    endloop
  endfacet
  facet normal 0.896894 0.442245 0
    outer loop
      vertex 57.205 56.675 12
      vertex 57.0517 56.9859 0
      vertex 57.0517 56.9859 12
    endloop
  endfacet
  facet normal 0.896894 0.442245 0
    outer loop
      vertex 57.0517 56.9859 0
      vertex 57.205 56.675 12
      vertex 57.205 56.675 0
    endloop
  endfacet
  facet normal 0.980802 0.195007 0
    outer loop
      vertex 56.9403 57.3141 12
      vertex 56.8727 57.6541 0
      vertex 56.8727 57.6541 12
    endloop
  endfacet
  facet normal 0.980802 0.195007 0
    outer loop
      vertex 56.8727 57.6541 0
      vertex 56.9403 57.3141 12
      vertex 56.9403 57.3141 0
    endloop
  endfacet
  facet normal 0.997854 0.065485 0
    outer loop
      vertex 56.8727 57.6541 12
      vertex 56.85 58 0
      vertex 56.85 58 12
    endloop
  endfacet
  facet normal 0.997854 0.065485 0
    outer loop
      vertex 56.85 58 0
      vertex 56.8727 57.6541 12
      vertex 56.8727 57.6541 0
    endloop
  endfacet
  facet normal -0.321416 0.946938 0
    outer loop
      vertex 60.5141 55.5517 0
      vertex 60.1859 55.4403 12
      vertex 60.5141 55.5517 12
    endloop
  endfacet
  facet normal -0.321416 0.946938 0
    outer loop
      vertex 60.1859 55.4403 12
      vertex 60.5141 55.5517 0
      vertex 60.1859 55.4403 0
    endloop
  endfacet
  facet normal -0.659444 0.751754 0
    outer loop
      vertex 61.3738 56.1262 0
      vertex 61.1132 55.8976 12
      vertex 61.3738 56.1262 12
    endloop
  endfacet
  facet normal -0.659444 0.751754 0
    outer loop
      vertex 61.1132 55.8976 12
      vertex 61.3738 56.1262 0
      vertex 61.1132 55.8976 0
    endloop
  endfacet
  facet normal 0.751754 0.659444 0
    outer loop
      vertex 57.6262 56.1262 12
      vertex 57.3976 56.3868 0
      vertex 57.3976 56.3868 12
    endloop
  endfacet
  facet normal 0.751754 0.659444 0
    outer loop
      vertex 57.3976 56.3868 0
      vertex 57.6262 56.1262 12
      vertex 57.6262 56.1262 0
    endloop
  endfacet
  facet normal 0.946938 0.321416 0
    outer loop
      vertex 57.0517 56.9859 12
      vertex 56.9403 57.3141 0
      vertex 56.9403 57.3141 12
    endloop
  endfacet
  facet normal 0.946938 0.321416 0
    outer loop
      vertex 56.9403 57.3141 0
      vertex 57.0517 56.9859 12
      vertex 57.0517 56.9859 0
    endloop
  endfacet
  facet normal -0.997859 -0.0654023 0
    outer loop
      vertex 0.0171099 1.73895 0
      vertex 0 2 12
      vertex 0 2 0
    endloop
  endfacet
  facet normal -0.997859 -0.0654023 0
    outer loop
      vertex 0 2 12
      vertex 0.0171099 1.73895 0
      vertex 0.0171099 1.73895 12
    endloop
  endfacet
  facet normal -0.0654023 -0.997859 0
    outer loop
      vertex 1.73895 0.0171099 0
      vertex 2 0 12
      vertex 1.73895 0.0171099 12
    endloop
  endfacet
  facet normal -0.0654023 -0.997859 -0
    outer loop
      vertex 2 0 12
      vertex 1.73895 0.0171099 0
      vertex 2 0 0
    endloop
  endfacet
  facet normal 0.997862 0.0653521 0
    outer loop
      vertex 80 78 12
      vertex 79.9829 78.2611 0
      vertex 79.9829 78.2611 12
    endloop
  endfacet
  facet normal 0.997862 0.0653521 0
    outer loop
      vertex 79.9829 78.2611 0
      vertex 80 78 12
      vertex 80 78 0
    endloop
  endfacet
  facet normal -0.751855 0.659328 0
    outer loop
      vertex 0.413293 79.2175 0
      vertex 0.585786 79.4142 12
      vertex 0.585786 79.4142 0
    endloop
  endfacet
  facet normal -0.751855 0.659328 0
    outer loop
      vertex 0.585786 79.4142 12
      vertex 0.413293 79.2175 0
      vertex 0.413293 79.2175 12
    endloop
  endfacet
  facet normal 1 -0 0
    outer loop
      vertex 80 2 12
      vertex 80 78 0
      vertex 80 78 12
    endloop
  endfacet
  facet normal 1 0 0
    outer loop
      vertex 80 78 0
      vertex 80 2 12
      vertex 80 2 0
    endloop
  endfacet
  facet normal 0.896731 -0.442575 0
    outer loop
      vertex 79.732 1 12
      vertex 79.8478 1.23463 0
      vertex 79.8478 1.23463 12
    endloop
  endfacet
  facet normal 0.896731 -0.442575 0
    outer loop
      vertex 79.8478 1.23463 0
      vertex 79.732 1 12
      vertex 79.732 1 0
    endloop
  endfacet
  facet normal -1 0 0
    outer loop
      vertex 0 2 0
      vertex 0 78 12
      vertex 0 78 0
    endloop
  endfacet
  facet normal -1 -0 0
    outer loop
      vertex 0 78 12
      vertex 0 2 0
      vertex 0 2 12
    endloop
  endfacet
  facet normal 0 0 -1
    outer loop
      vertex 13.3579 34.15 0
      vertex 26.6421 34.15 0
      vertex 13.5488 33.7629 0
    endloop
  endfacet
  facet normal 0 0 -1
    outer loop
      vertex 26.8819 45.4911 0
      vertex 13.7718 47.0693 0
      vertex 13.8 47.5 0
    endloop
  endfacet
  facet normal 0 0 -1
    outer loop
      vertex 26.6421 34.15 0
      vertex 13.3579 34.15 0
      vertex 26.8819 34.5089 0
    endloop
  endfacet
  facet normal 0 0 -1
    outer loop
      vertex 26.8819 45.4911 0
      vertex 13.6876 46.6459 0
      vertex 13.7718 47.0693 0
    endloop
  endfacet
  facet normal 0 0 -1
    outer loop
      vertex 13.1181 34.5089 0
      vertex 26.8819 34.5089 0
      vertex 13.3579 34.15 0
    endloop
  endfacet
  facet normal 0 0 -1
    outer loop
      vertex 26.8819 45.4911 0
      vertex 13.5488 46.2371 0
      vertex 13.6876 46.6459 0
    endloop
  endfacet
  facet normal 0 0 -1
    outer loop
      vertex 26.8819 34.5089 0
      vertex 13.1181 34.5089 0
      vertex 26.8819 45.4911 0
    endloop
  endfacet
  facet normal 0 0 -1
    outer loop
      vertex 26.8819 45.4911 0
      vertex 13.3579 45.85 0
      vertex 13.5488 46.2371 0
    endloop
  endfacet
  facet normal 0 0 -1
    outer loop
      vertex 13.1181 45.4911 0
      vertex 26.8819 45.4911 0
      vertex 13.1181 34.5089 0
    endloop
  endfacet
  facet normal 0 0 -1
    outer loop
      vertex 26.8819 45.4911 0
      vertex 13.1181 45.4911 0
      vertex 13.3579 45.85 0
    endloop
  endfacet
  facet normal 0 0 -1
    outer loop
      vertex 12.8335 34.8335 0
      vertex 13.1181 45.4911 0
      vertex 13.1181 34.5089 0
    endloop
  endfacet
  facet normal 0 0 -1
    outer loop
      vertex 12.8335 34.8335 0
      vertex 12.8335 45.1665 0
      vertex 13.1181 45.4911 0
    endloop
  endfacet
  facet normal 0 0 -1
    outer loop
      vertex 12.5089 35.1181 0
      vertex 12.8335 45.1665 0
      vertex 12.8335 34.8335 0
    endloop
  endfacet
  facet normal 0 0 -1
    outer loop
      vertex 12.5089 35.1181 0
      vertex 12.5089 44.8819 0
      vertex 12.8335 45.1665 0
    endloop
  endfacet
  facet normal 0 0 -1
    outer loop
      vertex 12.15 35.3579 0
      vertex 12.5089 44.8819 0
      vertex 12.5089 35.1181 0
    endloop
  endfacet
  facet normal 0 0 -1
    outer loop
      vertex 12.15 35.3579 0
      vertex 12.15 44.6421 0
      vertex 12.5089 44.8819 0
    endloop
  endfacet
  facet normal 0 0 -1
    outer loop
      vertex 11.7629 35.5488 0
      vertex 12.15 44.6421 0
      vertex 12.15 35.3579 0
    endloop
  endfacet
  facet normal 0 0 -1
    outer loop
      vertex 11.7629 35.5488 0
      vertex 11.7629 44.4512 0
      vertex 12.15 44.6421 0
    endloop
  endfacet
  facet normal 0 0 -1
    outer loop
      vertex 11.3541 35.6876 0
      vertex 11.7629 44.4512 0
      vertex 11.7629 35.5488 0
    endloop
  endfacet
  facet normal 0 0 -1
    outer loop
      vertex 11.3541 35.6876 0
      vertex 11.3541 44.3124 0
      vertex 11.7629 44.4512 0
    endloop
  endfacet
  facet normal 0 0 -1
    outer loop
      vertex 10.9307 35.7718 0
      vertex 11.3541 44.3124 0
      vertex 11.3541 35.6876 0
    endloop
  endfacet
  facet normal 0 0 -1
    outer loop
      vertex 10.9307 35.7718 0
      vertex 10.9307 44.2282 0
      vertex 11.3541 44.3124 0
    endloop
  endfacet
  facet normal 0 0 -1
    outer loop
      vertex 10.5 35.8 0
      vertex 10.9307 44.2282 0
      vertex 10.9307 35.7718 0
    endloop
  endfacet
  facet normal 0 0 -1
    outer loop
      vertex 10.5 35.8 0
      vertex 10.5 44.2 0
      vertex 10.9307 44.2282 0
    endloop
  endfacet
  facet normal 0 0 -1
    outer loop
      vertex 10.0693 35.7718 0
      vertex 10.5 44.2 0
      vertex 10.5 35.8 0
    endloop
  endfacet
  facet normal 0 0 -1
    outer loop
      vertex 10.0693 35.7718 0
      vertex 10.0693 44.2282 0
      vertex 10.5 44.2 0
    endloop
  endfacet
  facet normal 0 0 -1
    outer loop
      vertex 9.6459 35.6876 0
      vertex 10.0693 44.2282 0
      vertex 10.0693 35.7718 0
    endloop
  endfacet
  facet normal 0 0 -1
    outer loop
      vertex 9.6459 35.6876 0
      vertex 9.6459 44.3124 0
      vertex 10.0693 44.2282 0
    endloop
  endfacet
  facet normal 0 0 -1
    outer loop
      vertex 9.23714 35.5488 0
      vertex 9.6459 44.3124 0
      vertex 9.6459 35.6876 0
    endloop
  endfacet
  facet normal 0 0 -1
    outer loop
      vertex 9.23714 35.5488 0
      vertex 9.23714 44.4512 0
      vertex 9.6459 44.3124 0
    endloop
  endfacet
  facet normal 0 0 -1
    outer loop
      vertex 8.85 35.3579 0
      vertex 9.23714 44.4512 0
      vertex 9.23714 35.5488 0
    endloop
  endfacet
  facet normal 0 0 -1
    outer loop
      vertex 8.85 35.3579 0
      vertex 8.85 44.6421 0
      vertex 9.23714 44.4512 0
    endloop
  endfacet
  facet normal 0 0 -1
    outer loop
      vertex 8.49109 35.1181 0
      vertex 8.85 44.6421 0
      vertex 8.85 35.3579 0
    endloop
  endfacet
  facet normal 0 0 -1
    outer loop
      vertex 8.49109 35.1181 0
      vertex 8.49109 44.8819 0
      vertex 8.85 44.6421 0
    endloop
  endfacet
  facet normal 0 0 -1
    outer loop
      vertex 8.16655 34.8335 0
      vertex 8.49109 44.8819 0
      vertex 8.49109 35.1181 0
    endloop
  endfacet
  facet normal 0 0 -1
    outer loop
      vertex 8.16655 34.8335 0
      vertex 8.16655 45.1665 0
      vertex 8.49109 44.8819 0
    endloop
  endfacet
  facet normal 0 0 -1
    outer loop
      vertex 7.88193 34.5089 0
      vertex 8.16655 45.1665 0
      vertex 8.16655 34.8335 0
    endloop
  endfacet
  facet normal 0 0 -1
    outer loop
      vertex 7.88193 34.5089 0
      vertex 7.88193 45.4911 0
      vertex 8.16655 45.1665 0
    endloop
  endfacet
  facet normal 0 0 -1
    outer loop
      vertex 7.64212 34.15 0
      vertex 7.88193 45.4911 0
      vertex 7.88193 34.5089 0
    endloop
  endfacet
  facet normal 0 0 -1
    outer loop
      vertex 7.64212 34.15 0
      vertex 7.64212 45.85 0
      vertex 7.88193 45.4911 0
    endloop
  endfacet
  facet normal 0 0 -1
    outer loop
      vertex 7.4512 33.7629 0
      vertex 7.64212 45.85 0
      vertex 7.64212 34.15 0
    endloop
  endfacet
  facet normal 0 0 -1
    outer loop
      vertex 7.4512 33.7629 0
      vertex 7.4512 46.2371 0
      vertex 7.64212 45.85 0
    endloop
  endfacet
  facet normal 0 0 -1
    outer loop
      vertex 7.31244 33.3541 0
      vertex 7.4512 46.2371 0
      vertex 7.4512 33.7629 0
    endloop
  endfacet
  facet normal 0 0 -1
    outer loop
      vertex 7.31244 33.3541 0
      vertex 7.31244 46.6459 0
      vertex 7.4512 46.2371 0
    endloop
  endfacet
  facet normal 0 0 -1
    outer loop
      vertex 7.22823 32.9307 0
      vertex 7.31244 46.6459 0
      vertex 7.31244 33.3541 0
    endloop
  endfacet
  facet normal 0 0 -1
    outer loop
      vertex 7.22823 32.9307 0
      vertex 7.22823 47.0693 0
      vertex 7.31244 46.6459 0
    endloop
  endfacet
  facet normal 0 0 -1
    outer loop
      vertex 7.2 32.5 0
      vertex 7.22823 47.0693 0
      vertex 7.22823 32.9307 0
    endloop
  endfacet
  facet normal -0 0 -1
    outer loop
      vertex 7.22823 47.0693 0
      vertex 7.2 32.5 0
      vertex 7.2 47.5 0
    endloop
  endfacet
  facet normal 0 0 -1
    outer loop
      vertex 32.5488 33.7629 0
      vertex 41.5141 24.4483 0
      vertex 32.6876 33.3541 0
    endloop
  endfacet
  facet normal 0 0 -1
    outer loop
      vertex 41.5141 55.5517 0
      vertex 32.7718 47.0693 0
      vertex 32.8 47.5 0
    endloop
  endfacet
  facet normal 0 0 -1
    outer loop
      vertex 41.5141 24.4483 0
      vertex 32.5488 33.7629 0
      vertex 41.5141 55.5517 0
    endloop
  endfacet
  facet normal 0 0 -1
    outer loop
      vertex 41.5141 55.5517 0
      vertex 32.6876 46.6459 0
      vertex 32.7718 47.0693 0
    endloop
  endfacet
  facet normal 0 0 -1
    outer loop
      vertex 32.5488 46.2371 0
      vertex 41.5141 55.5517 0
      vertex 32.5488 33.7629 0
    endloop
  endfacet
  facet normal 0 0 -1
    outer loop
      vertex 41.5141 55.5517 0
      vertex 32.5488 46.2371 0
      vertex 32.6876 46.6459 0
    endloop
  endfacet
  facet normal 0 0 -1
    outer loop
      vertex 32.3579 34.15 0
      vertex 32.5488 46.2371 0
      vertex 32.5488 33.7629 0
    endloop
  endfacet
  facet normal 0 0 -1
    outer loop
      vertex 32.3579 34.15 0
      vertex 32.3579 45.85 0
      vertex 32.5488 46.2371 0
    endloop
  endfacet
  facet normal 0 0 -1
    outer loop
      vertex 32.1181 34.5089 0
      vertex 32.3579 45.85 0
      vertex 32.3579 34.15 0
    endloop
  endfacet
  facet normal 0 0 -1
    outer loop
      vertex 32.1181 34.5089 0
      vertex 32.1181 45.4911 0
      vertex 32.3579 45.85 0
    endloop
  endfacet
  facet normal 0 0 -1
    outer loop
      vertex 31.8335 34.8335 0
      vertex 32.1181 45.4911 0
      vertex 32.1181 34.5089 0
    endloop
  endfacet
  facet normal 0 0 -1
    outer loop
      vertex 31.8335 34.8335 0
      vertex 31.8335 45.1665 0
      vertex 32.1181 45.4911 0
    endloop
  endfacet
  facet normal 0 0 -1
    outer loop
      vertex 31.5089 35.1181 0
      vertex 31.8335 45.1665 0
      vertex 31.8335 34.8335 0
    endloop
  endfacet
  facet normal 0 0 -1
    outer loop
      vertex 31.5089 35.1181 0
      vertex 31.5089 44.8819 0
      vertex 31.8335 45.1665 0
    endloop
  endfacet
  facet normal 0 0 -1
    outer loop
      vertex 31.15 35.3579 0
      vertex 31.5089 44.8819 0
      vertex 31.5089 35.1181 0
    endloop
  endfacet
  facet normal 0 0 -1
    outer loop
      vertex 31.15 35.3579 0
      vertex 31.15 44.6421 0
      vertex 31.5089 44.8819 0
    endloop
  endfacet
  facet normal 0 0 -1
    outer loop
      vertex 30.7629 35.5488 0
      vertex 31.15 44.6421 0
      vertex 31.15 35.3579 0
    endloop
  endfacet
  facet normal 0 0 -1
    outer loop
      vertex 30.7629 35.5488 0
      vertex 30.7629 44.4512 0
      vertex 31.15 44.6421 0
    endloop
  endfacet
  facet normal 0 0 -1
    outer loop
      vertex 30.3541 35.6876 0
      vertex 30.7629 44.4512 0
      vertex 30.7629 35.5488 0
    endloop
  endfacet
  facet normal 0 0 -1
    outer loop
      vertex 30.3541 35.6876 0
      vertex 30.3541 44.3124 0
      vertex 30.7629 44.4512 0
    endloop
  endfacet
  facet normal 0 0 -1
    outer loop
      vertex 29.9307 35.7718 0
      vertex 30.3541 44.3124 0
      vertex 30.3541 35.6876 0
    endloop
  endfacet
  facet normal 0 0 -1
    outer loop
      vertex 29.9307 35.7718 0
      vertex 29.9307 44.2282 0
      vertex 30.3541 44.3124 0
    endloop
  endfacet
  facet normal 0 0 -1
    outer loop
      vertex 29.5 35.8 0
      vertex 29.9307 44.2282 0
      vertex 29.9307 35.7718 0
    endloop
  endfacet
  facet normal 0 0 -1
    outer loop
      vertex 29.5 35.8 0
      vertex 29.5 44.2 0
      vertex 29.9307 44.2282 0
    endloop
  endfacet
  facet normal 0 0 -1
    outer loop
      vertex 29.0693 35.7718 0
      vertex 29.5 44.2 0
      vertex 29.5 35.8 0
    endloop
  endfacet
  facet normal 0 0 -1
    outer loop
      vertex 29.0693 35.7718 0
      vertex 29.0693 44.2282 0
      vertex 29.5 44.2 0
    endloop
  endfacet
  facet normal 0 0 -1
    outer loop
      vertex 28.6459 35.6876 0
      vertex 29.0693 44.2282 0
      vertex 29.0693 35.7718 0
    endloop
  endfacet
  facet normal 0 0 -1
    outer loop
      vertex 28.6459 35.6876 0
      vertex 28.6459 44.3124 0
      vertex 29.0693 44.2282 0
    endloop
  endfacet
  facet normal 0 0 -1
    outer loop
      vertex 28.2371 35.5488 0
      vertex 28.6459 44.3124 0
      vertex 28.6459 35.6876 0
    endloop
  endfacet
  facet normal 0 0 -1
    outer loop
      vertex 28.2371 35.5488 0
      vertex 28.2371 44.4512 0
      vertex 28.6459 44.3124 0
    endloop
  endfacet
  facet normal 0 0 -1
    outer loop
      vertex 27.85 35.3579 0
      vertex 28.2371 44.4512 0
      vertex 28.2371 35.5488 0
    endloop
  endfacet
  facet normal 0 0 -1
    outer loop
      vertex 27.85 35.3579 0
      vertex 27.85 44.6421 0
      vertex 28.2371 44.4512 0
    endloop
  endfacet
  facet normal 0 0 -1
    outer loop
      vertex 27.4911 35.1181 0
      vertex 27.85 44.6421 0
      vertex 27.85 35.3579 0
    endloop
  endfacet
  facet normal 0 0 -1
    outer loop
      vertex 27.4911 35.1181 0
      vertex 27.4911 44.8819 0
      vertex 27.85 44.6421 0
    endloop
  endfacet
  facet normal 0 0 -1
    outer loop
      vertex 27.1665 34.8335 0
      vertex 27.4911 44.8819 0
      vertex 27.4911 35.1181 0
    endloop
  endfacet
  facet normal 0 0 -1
    outer loop
      vertex 27.1665 34.8335 0
      vertex 27.1665 45.1665 0
      vertex 27.4911 44.8819 0
    endloop
  endfacet
  facet normal 0 0 -1
    outer loop
      vertex 26.8819 34.5089 0
      vertex 27.1665 45.1665 0
      vertex 27.1665 34.8335 0
    endloop
  endfacet
  facet normal 0 0 -1
    outer loop
      vertex 26.8819 34.5089 0
      vertex 26.8819 45.4911 0
      vertex 27.1665 45.1665 0
    endloop
  endfacet
  facet normal 0 0 -1
    outer loop
      vertex 26.3124 33.3541 0
      vertex 13.6876 33.3541 0
      vertex 26.4512 33.7629 0
    endloop
  endfacet
  facet normal 0 0 -1
    outer loop
      vertex 13.5488 33.7629 0
      vertex 26.4512 33.7629 0
      vertex 13.6876 33.3541 0
    endloop
  endfacet
  facet normal 0 0 -1
    outer loop
      vertex 13.6876 33.3541 0
      vertex 26.3124 33.3541 0
      vertex 13.7718 32.9307 0
    endloop
  endfacet
  facet normal 0 0 -1
    outer loop
      vertex 26.4512 33.7629 0
      vertex 13.5488 33.7629 0
      vertex 26.6421 34.15 0
    endloop
  endfacet
  facet normal 0 0 -1
    outer loop
      vertex 26.2282 32.9307 0
      vertex 13.7718 32.9307 0
      vertex 26.3124 33.3541 0
    endloop
  endfacet
  facet normal 0 0 -1
    outer loop
      vertex 26.8819 45.4911 0
      vertex 13.8 47.5 0
      vertex 26.6421 45.85 0
    endloop
  endfacet
  facet normal 0 0 -1
    outer loop
      vertex 13.7718 32.9307 0
      vertex 26.2282 32.9307 0
      vertex 13.8 32.5 0
    endloop
  endfacet
  facet normal 0 0 -1
    outer loop
      vertex 26.6421 45.85 0
      vertex 13.8 47.5 0
      vertex 26.4512 46.2371 0
    endloop
  endfacet
  facet normal 0 0 -1
    outer loop
      vertex 13.8 32.5 0
      vertex 26.2282 32.9307 0
      vertex 26.2 32.5 0
    endloop
  endfacet
  facet normal 0 0 -1
    outer loop
      vertex 26.4512 46.2371 0
      vertex 13.8 47.5 0
      vertex 26.3124 46.6459 0
    endloop
  endfacet
  facet normal 0 0 -1
    outer loop
      vertex 57.3976 23.6132 0
      vertex 42.6024 23.6132 0
      vertex 57.6262 23.8738 0
    endloop
  endfacet
  facet normal 0 0 -1
    outer loop
      vertex 58.175 55.705 0
      vertex 43.1273 57.6541 0
      vertex 43.15 58 0
    endloop
  endfacet
  facet normal 0 0 -1
    outer loop
      vertex 42.3738 23.8738 0
      vertex 57.6262 23.8738 0
      vertex 42.6024 23.6132 0
    endloop
  endfacet
  facet normal 0 0 -1
    outer loop
      vertex 58.175 55.705 0
      vertex 43.0597 57.3141 0
      vertex 43.1273 57.6541 0
    endloop
  endfacet
  facet normal 0 0 -1
    outer loop
      vertex 57.6262 23.8738 0
      vertex 42.3738 23.8738 0
      vertex 57.8868 24.1024 0
    endloop
  endfacet
  facet normal 0 0 -1
    outer loop
      vertex 58.175 55.705 0
      vertex 42.9483 56.9859 0
      vertex 43.0597 57.3141 0
    endloop
  endfacet
  facet normal 0 0 -1
    outer loop
      vertex 42.1132 24.1024 0
      vertex 57.8868 24.1024 0
      vertex 42.3738 23.8738 0
    endloop
  endfacet
  facet normal 0 0 -1
    outer loop
      vertex 58.175 55.705 0
      vertex 42.795 56.675 0
      vertex 42.9483 56.9859 0
    endloop
  endfacet
  facet normal 0 0 -1
    outer loop
      vertex 57.8868 24.1024 0
      vertex 42.1132 24.1024 0
      vertex 58.175 24.295 0
    endloop
  endfacet
  facet normal 0 0 -1
    outer loop
      vertex 58.175 55.705 0
      vertex 42.6024 56.3868 0
      vertex 42.795 56.675 0
    endloop
  endfacet
  facet normal 0 0 -1
    outer loop
      vertex 41.825 24.295 0
      vertex 58.175 24.295 0
      vertex 42.1132 24.1024 0
    endloop
  endfacet
  facet normal 0 0 -1
    outer loop
      vertex 58.175 55.705 0
      vertex 42.3738 56.1262 0
      vertex 42.6024 56.3868 0
    endloop
  endfacet
  facet normal 0 0 -1
    outer loop
      vertex 58.175 24.295 0
      vertex 41.825 24.295 0
      vertex 58.175 55.705 0
    endloop
  endfacet
  facet normal 0 0 -1
    outer loop
      vertex 58.175 55.705 0
      vertex 42.1132 55.8976 0
      vertex 42.3738 56.1262 0
    endloop
  endfacet
  facet normal 0 0 -1
    outer loop
      vertex 41.825 55.705 0
      vertex 58.175 55.705 0
      vertex 41.825 24.295 0
    endloop
  endfacet
  facet normal 0 0 -1
    outer loop
      vertex 58.175 55.705 0
      vertex 41.825 55.705 0
      vertex 42.1132 55.8976 0
    endloop
  endfacet
  facet normal 0 0 -1
    outer loop
      vertex 41.5141 24.4483 0
      vertex 41.825 55.705 0
      vertex 41.825 24.295 0
    endloop
  endfacet
  facet normal 0 0 -1
    outer loop
      vertex 41.5141 24.4483 0
      vertex 41.5141 55.5517 0
      vertex 41.825 55.705 0
    endloop
  endfacet
  facet normal 0 0 -1
    outer loop
      vertex 40.8459 24.6273 0
      vertex 32.7718 32.9307 0
      vertex 41.1859 24.5597 0
    endloop
  endfacet
  facet normal 0 0 -1
    outer loop
      vertex 32.6876 33.3541 0
      vertex 41.1859 24.5597 0
      vertex 32.7718 32.9307 0
    endloop
  endfacet
  facet normal 0 0 -1
    outer loop
      vertex 32.7718 32.9307 0
      vertex 40.8459 24.6273 0
      vertex 32.8 32.5 0
    endloop
  endfacet
  facet normal 0 0 -1
    outer loop
      vertex 41.1859 24.5597 0
      vertex 32.6876 33.3541 0
      vertex 41.5141 24.4483 0
    endloop
  endfacet
  facet normal 0 0 -1
    outer loop
      vertex 32.8 32.5 0
      vertex 40.8459 24.6273 0
      vertex 40.5 24.65 0
    endloop
  endfacet
  facet normal 0 0 -1
    outer loop
      vertex 41.5141 55.5517 0
      vertex 32.8 47.5 0
      vertex 41.1859 55.4403 0
    endloop
  endfacet
  facet normal 0 0 -1
    outer loop
      vertex 32.7718 32.0693 0
      vertex 40.5 24.65 0
      vertex 40.1541 24.6273 0
    endloop
  endfacet
  facet normal 0 0 -1
    outer loop
      vertex 41.1859 55.4403 0
      vertex 32.8 47.5 0
      vertex 40.8459 55.3727 0
    endloop
  endfacet
  facet normal 0 0 -1
    outer loop
      vertex 32.7718 32.0693 0
      vertex 40.1541 24.6273 0
      vertex 39.8141 24.5597 0
    endloop
  endfacet
  facet normal 0 0 -1
    outer loop
      vertex 40.8459 55.3727 0
      vertex 32.8 47.5 0
      vertex 40.5 55.35 0
    endloop
  endfacet
  facet normal 0 0 -1
    outer loop
      vertex 32.6876 31.6459 0
      vertex 39.8141 24.5597 0
      vertex 39.4859 24.4483 0
    endloop
  endfacet
  facet normal 0 0 -1
    outer loop
      vertex 32.7718 47.9307 0
      vertex 40.5 55.35 0
      vertex 32.8 47.5 0
    endloop
  endfacet
  facet normal 0 0 -1
    outer loop
      vertex 32.5488 31.2371 0
      vertex 39.4859 24.4483 0
      vertex 39.175 24.295 0
    endloop
  endfacet
  facet normal -0 0 -1
    outer loop
      vertex 40.5 55.35 0
      vertex 32.7718 47.9307 0
      vertex 40.1541 55.3727 0
    endloop
  endfacet
  facet normal 0 0 -1
    outer loop
      vertex 32.3579 30.85 0
      vertex 39.175 24.295 0
      vertex 38.8868 24.1024 0
    endloop
  endfacet
  facet normal -0 0 -1
    outer loop
      vertex 40.1541 55.3727 0
      vertex 32.7718 47.9307 0
      vertex 39.8141 55.4403 0
    endloop
  endfacet
  facet normal 0 0 -1
    outer loop
      vertex 32.1181 30.4911 0
      vertex 38.8868 24.1024 0
      vertex 38.6262 23.8738 0
    endloop
  endfacet
  facet normal 0 0 -1
    outer loop
      vertex 32.6876 48.3541 0
      vertex 39.8141 55.4403 0
      vertex 32.7718 47.9307 0
    endloop
  endfacet
  facet normal 0 0 -1
    outer loop
      vertex 31.8335 30.1665 0
      vertex 38.6262 23.8738 0
      vertex 38.3976 23.6132 0
    endloop
  endfacet
  facet normal -0 0 -1
    outer loop
      vertex 39.8141 55.4403 0
      vertex 32.6876 48.3541 0
      vertex 39.4859 55.5517 0
    endloop
  endfacet
  facet normal 0 0 -1
    outer loop
      vertex 31.5089 29.8819 0
      vertex 38.3976 23.6132 0
      vertex 38.205 23.325 0
    endloop
  endfacet
  facet normal 0 0 -1
    outer loop
      vertex 32.5488 48.7629 0
      vertex 39.4859 55.5517 0
      vertex 32.6876 48.3541 0
    endloop
  endfacet
  facet normal 0 0 -1
    outer loop
      vertex 31.15 29.6421 0
      vertex 38.205 23.325 0
      vertex 38.0517 23.0141 0
    endloop
  endfacet
  facet normal -0 0 -1
    outer loop
      vertex 39.4859 55.5517 0
      vertex 32.5488 48.7629 0
      vertex 39.175 55.705 0
    endloop
  endfacet
  facet normal 0 0 -1
    outer loop
      vertex 30.7629 29.4512 0
      vertex 38.0517 23.0141 0
      vertex 37.9403 22.6859 0
    endloop
  endfacet
  facet normal 0 0 -1
    outer loop
      vertex 32.3579 49.15 0
      vertex 39.175 55.705 0
      vertex 32.5488 48.7629 0
    endloop
  endfacet
  facet normal 0 0 -1
    outer loop
      vertex 30.3541 29.3124 0
      vertex 37.9403 22.6859 0
      vertex 37.8727 22.3459 0
    endloop
  endfacet
  facet normal -0 0 -1
    outer loop
      vertex 39.175 55.705 0
      vertex 32.3579 49.15 0
      vertex 38.8868 55.8976 0
    endloop
  endfacet
  facet normal 0 0 -1
    outer loop
      vertex 29.9307 29.2282 0
      vertex 37.8727 22.3459 0
      vertex 37.85 22 0
    endloop
  endfacet
  facet normal 0 0 -1
    outer loop
      vertex 32.1181 49.5089 0
      vertex 38.8868 55.8976 0
      vertex 32.3579 49.15 0
    endloop
  endfacet
  facet normal 0 0 -1
    outer loop
      vertex 61.9483 23.0141 0
      vertex 80 2 0
      vertex 62.0597 22.6859 0
    endloop
  endfacet
  facet normal 0 0 -1
    outer loop
      vertex 80 78 0
      vertex 62.1273 57.6541 0
      vertex 62.15 58 0
    endloop
  endfacet
  facet normal 0 0 -1
    outer loop
      vertex 80 2 0
      vertex 61.9483 23.0141 0
      vertex 80 78 0
    endloop
  endfacet
  facet normal 0 0 -1
    outer loop
      vertex 80 78 0
      vertex 62.0597 57.3141 0
      vertex 62.1273 57.6541 0
    endloop
  endfacet
  facet normal 0 0 -1
    outer loop
      vertex 61.9483 56.9859 0
      vertex 80 78 0
      vertex 61.9483 23.0141 0
    endloop
  endfacet
  facet normal 0 0 -1
    outer loop
      vertex 80 78 0
      vertex 61.9483 56.9859 0
      vertex 62.0597 57.3141 0
    endloop
  endfacet
  facet normal 0 0 -1
    outer loop
      vertex 61.795 23.325 0
      vertex 61.9483 56.9859 0
      vertex 61.9483 23.0141 0
    endloop
  endfacet
  facet normal 0 0 -1
    outer loop
      vertex 61.795 23.325 0
      vertex 61.795 56.675 0
      vertex 61.9483 56.9859 0
    endloop
  endfacet
  facet normal 0 0 -1
    outer loop
      vertex 61.6024 23.6132 0
      vertex 61.795 56.675 0
      vertex 61.795 23.325 0
    endloop
  endfacet
  facet normal 0 0 -1
    outer loop
      vertex 61.6024 23.6132 0
      vertex 61.6024 56.3868 0
      vertex 61.795 56.675 0
    endloop
  endfacet
  facet normal 0 0 -1
    outer loop
      vertex 61.3738 23.8738 0
      vertex 61.6024 56.3868 0
      vertex 61.6024 23.6132 0
    endloop
  endfacet
  facet normal 0 0 -1
    outer loop
      vertex 61.3738 23.8738 0
      vertex 61.3738 56.1262 0
      vertex 61.6024 56.3868 0
    endloop
  endfacet
  facet normal 0 0 -1
    outer loop
      vertex 61.1132 24.1024 0
      vertex 61.3738 56.1262 0
      vertex 61.3738 23.8738 0
    endloop
  endfacet
  facet normal 0 0 -1
    outer loop
      vertex 61.1132 24.1024 0
      vertex 61.1132 55.8976 0
      vertex 61.3738 56.1262 0
    endloop
  endfacet
  facet normal 0 0 -1
    outer loop
      vertex 60.825 24.295 0
      vertex 61.1132 55.8976 0
      vertex 61.1132 24.1024 0
    endloop
  endfacet
  facet normal 0 0 -1
    outer loop
      vertex 60.825 24.295 0
      vertex 60.825 55.705 0
      vertex 61.1132 55.8976 0
    endloop
  endfacet
  facet normal 0 0 -1
    outer loop
      vertex 60.5141 24.4483 0
      vertex 60.825 55.705 0
      vertex 60.825 24.295 0
    endloop
  endfacet
  facet normal 0 0 -1
    outer loop
      vertex 60.5141 24.4483 0
      vertex 60.5141 55.5517 0
      vertex 60.825 55.705 0
    endloop
  endfacet
  facet normal 0 0 -1
    outer loop
      vertex 60.1859 24.5597 0
      vertex 60.5141 55.5517 0
      vertex 60.5141 24.4483 0
    endloop
  endfacet
  facet normal 0 0 -1
    outer loop
      vertex 60.1859 24.5597 0
      vertex 60.1859 55.4403 0
      vertex 60.5141 55.5517 0
    endloop
  endfacet
  facet normal 0 0 -1
    outer loop
      vertex 59.8459 24.6273 0
      vertex 60.1859 55.4403 0
      vertex 60.1859 24.5597 0
    endloop
  endfacet
  facet normal 0 0 -1
    outer loop
      vertex 59.8459 24.6273 0
      vertex 59.8459 55.3727 0
      vertex 60.1859 55.4403 0
    endloop
  endfacet
  facet normal 0 0 -1
    outer loop
      vertex 59.5 24.65 0
      vertex 59.8459 55.3727 0
      vertex 59.8459 24.6273 0
    endloop
  endfacet
  facet normal 0 0 -1
    outer loop
      vertex 59.5 24.65 0
      vertex 59.5 55.35 0
      vertex 59.8459 55.3727 0
    endloop
  endfacet
  facet normal 0 0 -1
    outer loop
      vertex 59.1541 24.6273 0
      vertex 59.5 55.35 0
      vertex 59.5 24.65 0
    endloop
  endfacet
  facet normal 0 0 -1
    outer loop
      vertex 59.1541 24.6273 0
      vertex 59.1541 55.3727 0
      vertex 59.5 55.35 0
    endloop
  endfacet
  facet normal 0 0 -1
    outer loop
      vertex 58.8141 24.5597 0
      vertex 59.1541 55.3727 0
      vertex 59.1541 24.6273 0
    endloop
  endfacet
  facet normal 0 0 -1
    outer loop
      vertex 58.8141 24.5597 0
      vertex 58.8141 55.4403 0
      vertex 59.1541 55.3727 0
    endloop
  endfacet
  facet normal 0 0 -1
    outer loop
      vertex 58.4859 24.4483 0
      vertex 58.8141 55.4403 0
      vertex 58.8141 24.5597 0
    endloop
  endfacet
  facet normal 0 0 -1
    outer loop
      vertex 58.4859 24.4483 0
      vertex 58.4859 55.5517 0
      vertex 58.8141 55.4403 0
    endloop
  endfacet
  facet normal 0 0 -1
    outer loop
      vertex 58.175 24.295 0
      vertex 58.4859 55.5517 0
      vertex 58.4859 24.4483 0
    endloop
  endfacet
  facet normal 0 0 -1
    outer loop
      vertex 58.175 24.295 0
      vertex 58.175 55.705 0
      vertex 58.4859 55.5517 0
    endloop
  endfacet
  facet normal 0 0 -1
    outer loop
      vertex 42.795 23.325 0
      vertex 57.205 23.325 0
      vertex 42.9483 23.0141 0
    endloop
  endfacet
  facet normal 0 0 -1
    outer loop
      vertex 57.205 23.325 0
      vertex 42.795 23.325 0
      vertex 57.3976 23.6132 0
    endloop
  endfacet
  facet normal 0 0 -1
    outer loop
      vertex 57.0517 23.0141 0
      vertex 42.9483 23.0141 0
      vertex 57.205 23.325 0
    endloop
  endfacet
  facet normal 0 0 -1
    outer loop
      vertex 42.6024 23.6132 0
      vertex 57.3976 23.6132 0
      vertex 42.795 23.325 0
    endloop
  endfacet
  facet normal 0 0 -1
    outer loop
      vertex 42.9483 23.0141 0
      vertex 57.0517 23.0141 0
      vertex 43.0597 22.6859 0
    endloop
  endfacet
  facet normal 0 0 -1
    outer loop
      vertex 58.175 55.705 0
      vertex 43.15 58 0
      vertex 57.8868 55.8976 0
    endloop
  endfacet
  facet normal 0 0 -1
    outer loop
      vertex 56.9403 22.6859 0
      vertex 43.0597 22.6859 0
      vertex 57.0517 23.0141 0
    endloop
  endfacet
  facet normal 0 0 -1
    outer loop
      vertex 57.8868 55.8976 0
      vertex 43.15 58 0
      vertex 57.6262 56.1262 0
    endloop
  endfacet
  facet normal 0 0 -1
    outer loop
      vertex 43.0597 22.6859 0
      vertex 56.9403 22.6859 0
      vertex 43.1273 22.3459 0
    endloop
  endfacet
  facet normal 0 0 -1
    outer loop
      vertex 57.6262 56.1262 0
      vertex 43.15 58 0
      vertex 57.3976 56.3868 0
    endloop
  endfacet
  facet normal 0 0 -1
    outer loop
      vertex 56.8727 22.3459 0
      vertex 43.1273 22.3459 0
      vertex 56.9403 22.6859 0
    endloop
  endfacet
  facet normal 0 0 -1
    outer loop
      vertex 57.3976 56.3868 0
      vertex 43.15 58 0
      vertex 57.205 56.675 0
    endloop
  endfacet
  facet normal 0 0 -1
    outer loop
      vertex 43.1273 22.3459 0
      vertex 56.8727 22.3459 0
      vertex 43.15 22 0
    endloop
  endfacet
  facet normal 0 0 -1
    outer loop
      vertex 57.205 56.675 0
      vertex 43.15 58 0
      vertex 57.0517 56.9859 0
    endloop
  endfacet
  facet normal 0 0 -1
    outer loop
      vertex 43.15 22 0
      vertex 56.8727 22.3459 0
      vertex 56.85 22 0
    endloop
  endfacet
  facet normal 0 0 -1
    outer loop
      vertex 57.0517 56.9859 0
      vertex 43.15 58 0
      vertex 56.9403 57.3141 0
    endloop
  endfacet
  facet normal 0 0 -1
    outer loop
      vertex 78 0 0
      vertex 80 2 0
      vertex 79.9829 1.73895 0
    endloop
  endfacet
  facet normal 0 0 -1
    outer loop
      vertex 62.1273 22.3459 0
      vertex 80 2 0
      vertex 62.15 22 0
    endloop
  endfacet
  facet normal 0 0 -1
    outer loop
      vertex 78 0 0
      vertex 79.9829 1.73895 0
      vertex 79.9319 1.48236 0
    endloop
  endfacet
  facet normal 0 0 -1
    outer loop
      vertex 62.0597 22.6859 0
      vertex 80 2 0
      vertex 62.1273 22.3459 0
    endloop
  endfacet
  facet normal 0 0 -1
    outer loop
      vertex 78 0 0
      vertex 79.9319 1.48236 0
      vertex 79.8478 1.23463 0
    endloop
  endfacet
  facet normal 0 0 -1
    outer loop
      vertex 62.1273 58.3459 0
      vertex 80 78 0
      vertex 62.15 58 0
    endloop
  endfacet
  facet normal 0 0 -1
    outer loop
      vertex 78 0 0
      vertex 79.8478 1.23463 0
      vertex 79.732 1 0
    endloop
  endfacet
  facet normal 0 0 -1
    outer loop
      vertex 62.0597 58.6859 0
      vertex 80 78 0
      vertex 62.1273 58.3459 0
    endloop
  endfacet
  facet normal 0 0 -1
    outer loop
      vertex 78 0 0
      vertex 79.732 1 0
      vertex 79.5867 0.782476 0
    endloop
  endfacet
  facet normal 0 0 -1
    outer loop
      vertex 61.9483 59.0141 0
      vertex 80 78 0
      vertex 62.0597 58.6859 0
    endloop
  endfacet
  facet normal 0 0 -1
    outer loop
      vertex 78 0 0
      vertex 79.5867 0.782476 0
      vertex 79.4142 0.585786 0
    endloop
  endfacet
  facet normal 0 0 -1
    outer loop
      vertex 61.795 59.325 0
      vertex 80 78 0
      vertex 61.9483 59.0141 0
    endloop
  endfacet
  facet normal 0 0 -1
    outer loop
      vertex 78 0 0
      vertex 79.4142 0.585786 0
      vertex 79.2175 0.413293 0
    endloop
  endfacet
  facet normal 0 0 -1
    outer loop
      vertex 61.6024 59.6132 0
      vertex 80 78 0
      vertex 61.795 59.325 0
    endloop
  endfacet
  facet normal 0 0 -1
    outer loop
      vertex 78 0 0
      vertex 79.2175 0.413293 0
      vertex 79 0.267949 0
    endloop
  endfacet
  facet normal 0 0 -1
    outer loop
      vertex 61.3738 59.8738 0
      vertex 80 78 0
      vertex 61.6024 59.6132 0
    endloop
  endfacet
  facet normal 0 0 -1
    outer loop
      vertex 78 0 0
      vertex 79 0.267949 0
      vertex 78.7654 0.152241 0
    endloop
  endfacet
  facet normal 0 -0 -1
    outer loop
      vertex 78 80 0
      vertex 80 78 0
      vertex 61.3738 59.8738 0
    endloop
  endfacet
  facet normal 0 0 -1
    outer loop
      vertex 78 0 0
      vertex 78.7654 0.152241 0
      vertex 78.5176 0.0681477 0
    endloop
  endfacet
  facet normal 0 0 -1
    outer loop
      vertex 80 78 0
      vertex 78 80 0
      vertex 79.9829 78.2611 0
    endloop
  endfacet
  facet normal 0 0 -1
    outer loop
      vertex 78 0 0
      vertex 78.5176 0.0681477 0
      vertex 78.2611 0.0171099 0
    endloop
  endfacet
  facet normal 0 0 -1
    outer loop
      vertex 79.9319 78.5176 0
      vertex 78 80 0
      vertex 79.8478 78.7654 0
    endloop
  endfacet
  facet normal -0 0 -1
    outer loop
      vertex 80 2 0
      vertex 78 0 0
      vertex 61.3738 20.1262 0
    endloop
  endfacet
  facet normal 0 0 -1
    outer loop
      vertex 79.8478 78.7654 0
      vertex 78 80 0
      vertex 79.732 79 0
    endloop
  endfacet
  facet normal 0 0 -1
    outer loop
      vertex 79.5867 79.2175 0
      vertex 78 80 0
      vertex 79.4142 79.4142 0
    endloop
  endfacet
  facet normal 0 0 -1
    outer loop
      vertex 80 2 0
      vertex 62.1273 21.6541 0
      vertex 62.15 22 0
    endloop
  endfacet
  facet normal 0 0 -1
    outer loop
      vertex 80 2 0
      vertex 62.0597 21.3141 0
      vertex 62.1273 21.6541 0
    endloop
  endfacet
  facet normal 0 0 -1
    outer loop
      vertex 80 2 0
      vertex 61.9483 20.9859 0
      vertex 62.0597 21.3141 0
    endloop
  endfacet
  facet normal 0 0 -1
    outer loop
      vertex 80 2 0
      vertex 61.795 20.675 0
      vertex 61.9483 20.9859 0
    endloop
  endfacet
  facet normal 0 0 -1
    outer loop
      vertex 80 2 0
      vertex 61.6024 20.3868 0
      vertex 61.795 20.675 0
    endloop
  endfacet
  facet normal 0 0 -1
    outer loop
      vertex 80 2 0
      vertex 61.3738 20.1262 0
      vertex 61.6024 20.3868 0
    endloop
  endfacet
  facet normal 0 0 -1
    outer loop
      vertex 78 0 0
      vertex 61.1132 19.8976 0
      vertex 61.3738 20.1262 0
    endloop
  endfacet
  facet normal 0 0 -1
    outer loop
      vertex 78 0 0
      vertex 60.825 19.705 0
      vertex 61.1132 19.8976 0
    endloop
  endfacet
  facet normal 0 0 -1
    outer loop
      vertex 78 0 0
      vertex 60.5141 19.5517 0
      vertex 60.825 19.705 0
    endloop
  endfacet
  facet normal 0 0 -1
    outer loop
      vertex 78 0 0
      vertex 60.1859 19.4403 0
      vertex 60.5141 19.5517 0
    endloop
  endfacet
  facet normal 0 0 -1
    outer loop
      vertex 78 0 0
      vertex 59.8459 19.3727 0
      vertex 60.1859 19.4403 0
    endloop
  endfacet
  facet normal 0 0 -1
    outer loop
      vertex 78 0 0
      vertex 59.5 19.35 0
      vertex 59.8459 19.3727 0
    endloop
  endfacet
  facet normal 0 0 -1
    outer loop
      vertex 78 0 0
      vertex 59.1541 19.3727 0
      vertex 59.5 19.35 0
    endloop
  endfacet
  facet normal 0 0 -1
    outer loop
      vertex 78 0 0
      vertex 58.8141 19.4403 0
      vertex 59.1541 19.3727 0
    endloop
  endfacet
  facet normal 0 0 -1
    outer loop
      vertex 41.1859 19.4403 0
      vertex 58.8141 19.4403 0
      vertex 78 0 0
    endloop
  endfacet
  facet normal 0 0 -1
    outer loop
      vertex 58.8141 19.4403 0
      vertex 41.1859 19.4403 0
      vertex 58.4859 19.5517 0
    endloop
  endfacet
  facet normal 0 -0 -1
    outer loop
      vertex 41.5141 19.5517 0
      vertex 58.4859 19.5517 0
      vertex 41.1859 19.4403 0
    endloop
  endfacet
  facet normal 0 0 -1
    outer loop
      vertex 58.4859 19.5517 0
      vertex 41.5141 19.5517 0
      vertex 58.175 19.705 0
    endloop
  endfacet
  facet normal 0 0 -1
    outer loop
      vertex 56.9403 57.3141 0
      vertex 43.15 58 0
      vertex 56.8727 57.6541 0
    endloop
  endfacet
  facet normal 0 0 -1
    outer loop
      vertex 56.8727 21.6541 0
      vertex 43.15 22 0
      vertex 56.85 22 0
    endloop
  endfacet
  facet normal 0 0 -1
    outer loop
      vertex 43.1273 21.6541 0
      vertex 56.8727 21.6541 0
      vertex 56.9403 21.3141 0
    endloop
  endfacet
  facet normal 0 0 -1
    outer loop
      vertex 43.0597 21.3141 0
      vertex 56.9403 21.3141 0
      vertex 57.0517 20.9859 0
    endloop
  endfacet
  facet normal 0 0 -1
    outer loop
      vertex 42.9483 20.9859 0
      vertex 57.0517 20.9859 0
      vertex 57.205 20.675 0
    endloop
  endfacet
  facet normal 0 0 -1
    outer loop
      vertex 42.795 20.675 0
      vertex 57.205 20.675 0
      vertex 57.3976 20.3868 0
    endloop
  endfacet
  facet normal 0 0 -1
    outer loop
      vertex 42.6024 20.3868 0
      vertex 57.3976 20.3868 0
      vertex 57.6262 20.1262 0
    endloop
  endfacet
  facet normal 0 0 -1
    outer loop
      vertex 58.175 19.705 0
      vertex 41.825 19.705 0
      vertex 57.8868 19.8976 0
    endloop
  endfacet
  facet normal 0 0 -1
    outer loop
      vertex 56.8727 21.6541 0
      vertex 43.1273 21.6541 0
      vertex 43.15 22 0
    endloop
  endfacet
  facet normal 0 0 -1
    outer loop
      vertex 56.9403 21.3141 0
      vertex 43.0597 21.3141 0
      vertex 43.1273 21.6541 0
    endloop
  endfacet
  facet normal 0 0 -1
    outer loop
      vertex 57.0517 20.9859 0
      vertex 42.9483 20.9859 0
      vertex 43.0597 21.3141 0
    endloop
  endfacet
  facet normal 0 0 -1
    outer loop
      vertex 57.205 20.675 0
      vertex 42.795 20.675 0
      vertex 42.9483 20.9859 0
    endloop
  endfacet
  facet normal 0 0 -1
    outer loop
      vertex 57.3976 20.3868 0
      vertex 42.6024 20.3868 0
      vertex 42.795 20.675 0
    endloop
  endfacet
  facet normal 0 0 -1
    outer loop
      vertex 57.6262 20.1262 0
      vertex 42.3738 20.1262 0
      vertex 42.6024 20.3868 0
    endloop
  endfacet
  facet normal -0 0 -1
    outer loop
      vertex 57.6262 20.1262 0
      vertex 42.1132 19.8976 0
      vertex 42.3738 20.1262 0
    endloop
  endfacet
  facet normal 0 0 -1
    outer loop
      vertex 57.8868 19.8976 0
      vertex 42.1132 19.8976 0
      vertex 57.6262 20.1262 0
    endloop
  endfacet
  facet normal 0 -0 -1
    outer loop
      vertex 42.1132 19.8976 0
      vertex 57.8868 19.8976 0
      vertex 41.825 19.705 0
    endloop
  endfacet
  facet normal 0 -0 -1
    outer loop
      vertex 41.825 19.705 0
      vertex 58.175 19.705 0
      vertex 41.5141 19.5517 0
    endloop
  endfacet
  facet normal 0 0 -1
    outer loop
      vertex 78 0 0
      vertex 40.8459 19.3727 0
      vertex 41.1859 19.4403 0
    endloop
  endfacet
  facet normal 0 0 -1
    outer loop
      vertex 78 0 0
      vertex 40.5 19.35 0
      vertex 40.8459 19.3727 0
    endloop
  endfacet
  facet normal 0 0 -1
    outer loop
      vertex 2 0 0
      vertex 40.5 19.35 0
      vertex 78 0 0
    endloop
  endfacet
  facet normal -0 0 -1
    outer loop
      vertex 40.5 19.35 0
      vertex 2 0 0
      vertex 40.1541 19.3727 0
    endloop
  endfacet
  facet normal -0 0 -1
    outer loop
      vertex 40.1541 19.3727 0
      vertex 2 0 0
      vertex 39.8141 19.4403 0
    endloop
  endfacet
  facet normal -0 0 -1
    outer loop
      vertex 39.8141 19.4403 0
      vertex 2 0 0
      vertex 39.4859 19.5517 0
    endloop
  endfacet
  facet normal -0 0 -1
    outer loop
      vertex 38.8868 55.8976 0
      vertex 32.1181 49.5089 0
      vertex 38.6262 56.1262 0
    endloop
  endfacet
  facet normal 0 0 -1
    outer loop
      vertex 29.5 29.2 0
      vertex 37.85 22 0
      vertex 37.8727 21.6541 0
    endloop
  endfacet
  facet normal 0 0 -1
    outer loop
      vertex 29.0693 29.2282 0
      vertex 37.8727 21.6541 0
      vertex 37.9403 21.3141 0
    endloop
  endfacet
  facet normal 0 0 -1
    outer loop
      vertex 28.6459 29.3124 0
      vertex 37.9403 21.3141 0
      vertex 38.0517 20.9859 0
    endloop
  endfacet
  facet normal 0 0 -1
    outer loop
      vertex 40.5 24.65 0
      vertex 32.7718 32.0693 0
      vertex 32.8 32.5 0
    endloop
  endfacet
  facet normal 0 0 -1
    outer loop
      vertex 39.8141 24.5597 0
      vertex 32.6876 31.6459 0
      vertex 32.7718 32.0693 0
    endloop
  endfacet
  facet normal 0 0 -1
    outer loop
      vertex 28.6459 29.3124 0
      vertex 38.0517 20.9859 0
      vertex 38.205 20.675 0
    endloop
  endfacet
  facet normal 0 0 -1
    outer loop
      vertex 39.4859 24.4483 0
      vertex 32.5488 31.2371 0
      vertex 32.6876 31.6459 0
    endloop
  endfacet
  facet normal 0 0 -1
    outer loop
      vertex 39.175 24.295 0
      vertex 32.3579 30.85 0
      vertex 32.5488 31.2371 0
    endloop
  endfacet
  facet normal 0 0 -1
    outer loop
      vertex 38.8868 24.1024 0
      vertex 32.1181 30.4911 0
      vertex 32.3579 30.85 0
    endloop
  endfacet
  facet normal 0 0 -1
    outer loop
      vertex 38.6262 23.8738 0
      vertex 31.8335 30.1665 0
      vertex 32.1181 30.4911 0
    endloop
  endfacet
  facet normal 0 0 -1
    outer loop
      vertex 2 0 0
      vertex 38.205 20.675 0
      vertex 38.3976 20.3868 0
    endloop
  endfacet
  facet normal 0 0 -1
    outer loop
      vertex 38.3976 23.6132 0
      vertex 31.5089 29.8819 0
      vertex 31.8335 30.1665 0
    endloop
  endfacet
  facet normal 0 0 -1
    outer loop
      vertex 38.205 23.325 0
      vertex 31.15 29.6421 0
      vertex 31.5089 29.8819 0
    endloop
  endfacet
  facet normal 0 0 -1
    outer loop
      vertex 38.0517 23.0141 0
      vertex 30.7629 29.4512 0
      vertex 31.15 29.6421 0
    endloop
  endfacet
  facet normal 0 0 -1
    outer loop
      vertex 37.9403 22.6859 0
      vertex 30.3541 29.3124 0
      vertex 30.7629 29.4512 0
    endloop
  endfacet
  facet normal 0 0 -1
    outer loop
      vertex 2 0 0
      vertex 38.3976 20.3868 0
      vertex 38.6262 20.1262 0
    endloop
  endfacet
  facet normal 0 0 -1
    outer loop
      vertex 37.8727 22.3459 0
      vertex 29.9307 29.2282 0
      vertex 30.3541 29.3124 0
    endloop
  endfacet
  facet normal 0 0 -1
    outer loop
      vertex 37.85 22 0
      vertex 29.5 29.2 0
      vertex 29.9307 29.2282 0
    endloop
  endfacet
  facet normal 0 0 -1
    outer loop
      vertex 37.8727 21.6541 0
      vertex 29.0693 29.2282 0
      vertex 29.5 29.2 0
    endloop
  endfacet
  facet normal 0 0 -1
    outer loop
      vertex 37.9403 21.3141 0
      vertex 28.6459 29.3124 0
      vertex 29.0693 29.2282 0
    endloop
  endfacet
  facet normal 0 0 -1
    outer loop
      vertex 38.205 20.675 0
      vertex 28.2371 29.4512 0
      vertex 28.6459 29.3124 0
    endloop
  endfacet
  facet normal -0 0 -1
    outer loop
      vertex 38.205 20.675 0
      vertex 2 0 0
      vertex 28.2371 29.4512 0
    endloop
  endfacet
  facet normal 0 -0 -1
    outer loop
      vertex 11.7629 29.4512 0
      vertex 28.2371 29.4512 0
      vertex 2 0 0
    endloop
  endfacet
  facet normal 0 0 -1
    outer loop
      vertex 2 0 0
      vertex 38.6262 20.1262 0
      vertex 38.8868 19.8976 0
    endloop
  endfacet
  facet normal 0 0 -1
    outer loop
      vertex 26.3124 46.6459 0
      vertex 13.8 47.5 0
      vertex 26.2282 47.0693 0
    endloop
  endfacet
  facet normal 0 0 -1
    outer loop
      vertex 26.2282 32.0693 0
      vertex 13.8 32.5 0
      vertex 26.2 32.5 0
    endloop
  endfacet
  facet normal 0 0 -1
    outer loop
      vertex 13.7718 32.0693 0
      vertex 26.2282 32.0693 0
      vertex 26.3124 31.6459 0
    endloop
  endfacet
  facet normal 0 0 -1
    outer loop
      vertex 13.6876 31.6459 0
      vertex 26.3124 31.6459 0
      vertex 26.4512 31.2371 0
    endloop
  endfacet
  facet normal 0 0 -1
    outer loop
      vertex 13.5488 31.2371 0
      vertex 26.4512 31.2371 0
      vertex 26.6421 30.85 0
    endloop
  endfacet
  facet normal 0 0 -1
    outer loop
      vertex 13.3579 30.85 0
      vertex 26.6421 30.85 0
      vertex 26.8819 30.4911 0
    endloop
  endfacet
  facet normal 0 0 -1
    outer loop
      vertex 13.1181 30.4911 0
      vertex 26.8819 30.4911 0
      vertex 27.1665 30.1665 0
    endloop
  endfacet
  facet normal 0 0 -1
    outer loop
      vertex 12.8335 30.1665 0
      vertex 27.1665 30.1665 0
      vertex 27.4911 29.8819 0
    endloop
  endfacet
  facet normal 0 -0 -1
    outer loop
      vertex 12.15 29.6421 0
      vertex 27.85 29.6421 0
      vertex 11.7629 29.4512 0
    endloop
  endfacet
  facet normal 0 0 -1
    outer loop
      vertex 2 0 0
      vertex 38.8868 19.8976 0
      vertex 39.175 19.705 0
    endloop
  endfacet
  facet normal -0 0 -1
    outer loop
      vertex 39.4859 19.5517 0
      vertex 2 0 0
      vertex 39.175 19.705 0
    endloop
  endfacet
  facet normal 0 0 -1
    outer loop
      vertex 26.2282 32.0693 0
      vertex 13.7718 32.0693 0
      vertex 13.8 32.5 0
    endloop
  endfacet
  facet normal 0 0 -1
    outer loop
      vertex 26.3124 31.6459 0
      vertex 13.6876 31.6459 0
      vertex 13.7718 32.0693 0
    endloop
  endfacet
  facet normal 0 0 -1
    outer loop
      vertex 26.4512 31.2371 0
      vertex 13.5488 31.2371 0
      vertex 13.6876 31.6459 0
    endloop
  endfacet
  facet normal 0 0 -1
    outer loop
      vertex 26.6421 30.85 0
      vertex 13.3579 30.85 0
      vertex 13.5488 31.2371 0
    endloop
  endfacet
  facet normal 0 0 -1
    outer loop
      vertex 26.8819 30.4911 0
      vertex 13.1181 30.4911 0
      vertex 13.3579 30.85 0
    endloop
  endfacet
  facet normal 0 0 -1
    outer loop
      vertex 27.1665 30.1665 0
      vertex 12.8335 30.1665 0
      vertex 13.1181 30.4911 0
    endloop
  endfacet
  facet normal 0 0 -1
    outer loop
      vertex 28.2371 29.4512 0
      vertex 11.7629 29.4512 0
      vertex 27.85 29.6421 0
    endloop
  endfacet
  facet normal 0 0 -1
    outer loop
      vertex 27.4911 29.8819 0
      vertex 12.5089 29.8819 0
      vertex 12.8335 30.1665 0
    endloop
  endfacet
  facet normal -0 0 -1
    outer loop
      vertex 27.4911 29.8819 0
      vertex 12.15 29.6421 0
      vertex 12.5089 29.8819 0
    endloop
  endfacet
  facet normal 0 0 -1
    outer loop
      vertex 27.85 29.6421 0
      vertex 12.15 29.6421 0
      vertex 27.4911 29.8819 0
    endloop
  endfacet
  facet normal 0 0 -1
    outer loop
      vertex 11.7629 29.4512 0
      vertex 2 0 0
      vertex 11.3541 29.3124 0
    endloop
  endfacet
  facet normal 0 0 -1
    outer loop
      vertex 11.3541 29.3124 0
      vertex 2 0 0
      vertex 10.9307 29.2282 0
    endloop
  endfacet
  facet normal 0 0 -1
    outer loop
      vertex 0 2 0
      vertex 10.9307 29.2282 0
      vertex 2 0 0
    endloop
  endfacet
  facet normal 0 0 -1
    outer loop
      vertex 10.9307 29.2282 0
      vertex 0 2 0
      vertex 10.5 29.2 0
    endloop
  endfacet
  facet normal -0 0 -1
    outer loop
      vertex 10.5 29.2 0
      vertex 0 2 0
      vertex 10.0693 29.2282 0
    endloop
  endfacet
  facet normal -0 0 -1
    outer loop
      vertex 7.22823 32.0693 0
      vertex 0 2 0
      vertex 7.2 32.5 0
    endloop
  endfacet
  facet normal -0 0 -1
    outer loop
      vertex 7.31244 31.6459 0
      vertex 0 2 0
      vertex 7.22823 32.0693 0
    endloop
  endfacet
  facet normal -0 0 -1
    outer loop
      vertex 7.4512 31.2371 0
      vertex 0 2 0
      vertex 7.31244 31.6459 0
    endloop
  endfacet
  facet normal -0 0 -1
    outer loop
      vertex 7.64212 30.85 0
      vertex 0 2 0
      vertex 7.4512 31.2371 0
    endloop
  endfacet
  facet normal -0 0 -1
    outer loop
      vertex 7.88193 30.4911 0
      vertex 0 2 0
      vertex 7.64212 30.85 0
    endloop
  endfacet
  facet normal -0 0 -1
    outer loop
      vertex 8.16655 30.1665 0
      vertex 0 2 0
      vertex 7.88193 30.4911 0
    endloop
  endfacet
  facet normal -0 0 -1
    outer loop
      vertex 8.49109 29.8819 0
      vertex 0 2 0
      vertex 8.16655 30.1665 0
    endloop
  endfacet
  facet normal -0 0 -1
    outer loop
      vertex 8.85 29.6421 0
      vertex 0 2 0
      vertex 8.49109 29.8819 0
    endloop
  endfacet
  facet normal -0 0 -1
    outer loop
      vertex 9.23714 29.4512 0
      vertex 0 2 0
      vertex 8.85 29.6421 0
    endloop
  endfacet
  facet normal -0 0 -1
    outer loop
      vertex 9.6459 29.3124 0
      vertex 0 2 0
      vertex 9.23714 29.4512 0
    endloop
  endfacet
  facet normal -0 0 -1
    outer loop
      vertex 10.0693 29.2282 0
      vertex 0 2 0
      vertex 9.6459 29.3124 0
    endloop
  endfacet
  facet normal 0 0 -1
    outer loop
      vertex 79.4142 79.4142 0
      vertex 78 80 0
      vertex 79.2175 79.5867 0
    endloop
  endfacet
  facet normal 0 0 -1
    outer loop
      vertex 79 79.732 0
      vertex 78 80 0
      vertex 78.7654 79.8478 0
    endloop
  endfacet
  facet normal 0 0 -1
    outer loop
      vertex 78.5176 79.9319 0
      vertex 78 80 0
      vertex 78.2611 79.9829 0
    endloop
  endfacet
  facet normal 0 0 -1
    outer loop
      vertex 78.7654 79.8478 0
      vertex 78 80 0
      vertex 78.5176 79.9319 0
    endloop
  endfacet
  facet normal 0 0 -1
    outer loop
      vertex 79.2175 79.5867 0
      vertex 78 80 0
      vertex 79 79.732 0
    endloop
  endfacet
  facet normal 0 0 -1
    outer loop
      vertex 79.732 79 0
      vertex 78 80 0
      vertex 79.5867 79.2175 0
    endloop
  endfacet
  facet normal 0 0 -1
    outer loop
      vertex 79.9829 78.2611 0
      vertex 78 80 0
      vertex 79.9319 78.5176 0
    endloop
  endfacet
  facet normal 0 0 -1
    outer loop
      vertex 61.1132 60.1024 0
      vertex 78 80 0
      vertex 61.3738 59.8738 0
    endloop
  endfacet
  facet normal 0 0 -1
    outer loop
      vertex 60.825 60.295 0
      vertex 78 80 0
      vertex 61.1132 60.1024 0
    endloop
  endfacet
  facet normal 0 0 -1
    outer loop
      vertex 60.5141 60.4483 0
      vertex 78 80 0
      vertex 60.825 60.295 0
    endloop
  endfacet
  facet normal 0 0 -1
    outer loop
      vertex 60.1859 60.5597 0
      vertex 78 80 0
      vertex 60.5141 60.4483 0
    endloop
  endfacet
  facet normal 0 0 -1
    outer loop
      vertex 59.8459 60.6273 0
      vertex 78 80 0
      vertex 60.1859 60.5597 0
    endloop
  endfacet
  facet normal 0 0 -1
    outer loop
      vertex 59.5 60.65 0
      vertex 78 80 0
      vertex 59.8459 60.6273 0
    endloop
  endfacet
  facet normal 0 0 -1
    outer loop
      vertex 59.1541 60.6273 0
      vertex 78 80 0
      vertex 59.5 60.65 0
    endloop
  endfacet
  facet normal 0 0 -1
    outer loop
      vertex 58.8141 60.5597 0
      vertex 78 80 0
      vertex 59.1541 60.6273 0
    endloop
  endfacet
  facet normal 0 0 -1
    outer loop
      vertex 41.1859 60.5597 0
      vertex 58.8141 60.5597 0
      vertex 58.4859 60.4483 0
    endloop
  endfacet
  facet normal 0 0 -1
    outer loop
      vertex 41.5141 60.4483 0
      vertex 58.4859 60.4483 0
      vertex 58.175 60.295 0
    endloop
  endfacet
  facet normal 0 0 -1
    outer loop
      vertex 41.825 60.295 0
      vertex 58.175 60.295 0
      vertex 57.8868 60.1024 0
    endloop
  endfacet
  facet normal 0 0 -1
    outer loop
      vertex 42.1132 60.1024 0
      vertex 57.8868 60.1024 0
      vertex 57.6262 59.8738 0
    endloop
  endfacet
  facet normal 0 0 -1
    outer loop
      vertex 56.8727 57.6541 0
      vertex 43.15 58 0
      vertex 56.85 58 0
    endloop
  endfacet
  facet normal 0 0 -1
    outer loop
      vertex 56.85 58 0
      vertex 43.15 58 0
      vertex 56.8727 58.3459 0
    endloop
  endfacet
  facet normal 0 0 -1
    outer loop
      vertex 43.1273 58.3459 0
      vertex 56.8727 58.3459 0
      vertex 43.15 58 0
    endloop
  endfacet
  facet normal 0 0 -1
    outer loop
      vertex 56.8727 58.3459 0
      vertex 43.1273 58.3459 0
      vertex 56.9403 58.6859 0
    endloop
  endfacet
  facet normal 0 0 -1
    outer loop
      vertex 43.0597 58.6859 0
      vertex 56.9403 58.6859 0
      vertex 43.1273 58.3459 0
    endloop
  endfacet
  facet normal 0 0 -1
    outer loop
      vertex 56.9403 58.6859 0
      vertex 43.0597 58.6859 0
      vertex 57.0517 59.0141 0
    endloop
  endfacet
  facet normal 0 0 -1
    outer loop
      vertex 42.9483 59.0141 0
      vertex 57.0517 59.0141 0
      vertex 43.0597 58.6859 0
    endloop
  endfacet
  facet normal 0 0 -1
    outer loop
      vertex 57.0517 59.0141 0
      vertex 42.9483 59.0141 0
      vertex 57.205 59.325 0
    endloop
  endfacet
  facet normal 0 0 -1
    outer loop
      vertex 42.795 59.325 0
      vertex 57.205 59.325 0
      vertex 42.9483 59.0141 0
    endloop
  endfacet
  facet normal 0 0 -1
    outer loop
      vertex 57.205 59.325 0
      vertex 42.795 59.325 0
      vertex 57.3976 59.6132 0
    endloop
  endfacet
  facet normal 0 0 -1
    outer loop
      vertex 42.6024 59.6132 0
      vertex 57.3976 59.6132 0
      vertex 42.795 59.325 0
    endloop
  endfacet
  facet normal 0 0 -1
    outer loop
      vertex 57.3976 59.6132 0
      vertex 42.6024 59.6132 0
      vertex 57.6262 59.8738 0
    endloop
  endfacet
  facet normal 0 0 -1
    outer loop
      vertex 42.3738 59.8738 0
      vertex 57.6262 59.8738 0
      vertex 42.6024 59.6132 0
    endloop
  endfacet
  facet normal 0 0 -1
    outer loop
      vertex 42.1132 60.1024 0
      vertex 57.6262 59.8738 0
      vertex 42.3738 59.8738 0
    endloop
  endfacet
  facet normal 0 0 -1
    outer loop
      vertex 57.8868 60.1024 0
      vertex 42.1132 60.1024 0
      vertex 41.825 60.295 0
    endloop
  endfacet
  facet normal 0 0 -1
    outer loop
      vertex 58.175 60.295 0
      vertex 41.825 60.295 0
      vertex 41.5141 60.4483 0
    endloop
  endfacet
  facet normal 0 0 -1
    outer loop
      vertex 58.4859 60.4483 0
      vertex 41.5141 60.4483 0
      vertex 41.1859 60.5597 0
    endloop
  endfacet
  facet normal 0 0 -1
    outer loop
      vertex 58.8141 60.5597 0
      vertex 41.1859 60.5597 0
      vertex 78 80 0
    endloop
  endfacet
  facet normal 0 0 -1
    outer loop
      vertex 40.8459 60.6273 0
      vertex 78 80 0
      vertex 41.1859 60.5597 0
    endloop
  endfacet
  facet normal 0 0 -1
    outer loop
      vertex 40.5 60.65 0
      vertex 78 80 0
      vertex 40.8459 60.6273 0
    endloop
  endfacet
  facet normal 0 0 -1
    outer loop
      vertex 2 80 0
      vertex 40.5 60.65 0
      vertex 40.1541 60.6273 0
    endloop
  endfacet
  facet normal 0 0 -1
    outer loop
      vertex 2 80 0
      vertex 40.1541 60.6273 0
      vertex 39.8141 60.5597 0
    endloop
  endfacet
  facet normal 0 0 -1
    outer loop
      vertex 2 80 0
      vertex 39.8141 60.5597 0
      vertex 39.4859 60.4483 0
    endloop
  endfacet
  facet normal 0 0 -1
    outer loop
      vertex 2 80 0
      vertex 39.4859 60.4483 0
      vertex 39.175 60.295 0
    endloop
  endfacet
  facet normal 0 0 -1
    outer loop
      vertex 31.8335 49.8335 0
      vertex 38.6262 56.1262 0
      vertex 32.1181 49.5089 0
    endloop
  endfacet
  facet normal -0 0 -1
    outer loop
      vertex 38.6262 56.1262 0
      vertex 31.8335 49.8335 0
      vertex 38.3976 56.3868 0
    endloop
  endfacet
  facet normal 0 0 -1
    outer loop
      vertex 31.5089 50.1181 0
      vertex 38.3976 56.3868 0
      vertex 31.8335 49.8335 0
    endloop
  endfacet
  facet normal -0 0 -1
    outer loop
      vertex 38.3976 56.3868 0
      vertex 31.5089 50.1181 0
      vertex 38.205 56.675 0
    endloop
  endfacet
  facet normal 0 0 -1
    outer loop
      vertex 31.15 50.3579 0
      vertex 38.205 56.675 0
      vertex 31.5089 50.1181 0
    endloop
  endfacet
  facet normal -0 0 -1
    outer loop
      vertex 38.205 56.675 0
      vertex 31.15 50.3579 0
      vertex 38.0517 56.9859 0
    endloop
  endfacet
  facet normal 0 0 -1
    outer loop
      vertex 30.7629 50.5488 0
      vertex 38.0517 56.9859 0
      vertex 31.15 50.3579 0
    endloop
  endfacet
  facet normal -0 0 -1
    outer loop
      vertex 38.0517 56.9859 0
      vertex 30.7629 50.5488 0
      vertex 37.9403 57.3141 0
    endloop
  endfacet
  facet normal 0 0 -1
    outer loop
      vertex 30.3541 50.6876 0
      vertex 37.9403 57.3141 0
      vertex 30.7629 50.5488 0
    endloop
  endfacet
  facet normal -0 0 -1
    outer loop
      vertex 37.9403 57.3141 0
      vertex 30.3541 50.6876 0
      vertex 37.8727 57.6541 0
    endloop
  endfacet
  facet normal 0 0 -1
    outer loop
      vertex 29.9307 50.7718 0
      vertex 37.8727 57.6541 0
      vertex 30.3541 50.6876 0
    endloop
  endfacet
  facet normal -0 0 -1
    outer loop
      vertex 37.8727 57.6541 0
      vertex 29.9307 50.7718 0
      vertex 37.85 58 0
    endloop
  endfacet
  facet normal 0 0 -1
    outer loop
      vertex 29.5 50.8 0
      vertex 37.85 58 0
      vertex 29.9307 50.7718 0
    endloop
  endfacet
  facet normal -0 0 -1
    outer loop
      vertex 37.85 58 0
      vertex 29.5 50.8 0
      vertex 37.8727 58.3459 0
    endloop
  endfacet
  facet normal 0 0 -1
    outer loop
      vertex 29.0693 50.7718 0
      vertex 37.8727 58.3459 0
      vertex 29.5 50.8 0
    endloop
  endfacet
  facet normal -0 0 -1
    outer loop
      vertex 37.8727 58.3459 0
      vertex 29.0693 50.7718 0
      vertex 37.9403 58.6859 0
    endloop
  endfacet
  facet normal 0 0 -1
    outer loop
      vertex 28.6459 50.6876 0
      vertex 37.9403 58.6859 0
      vertex 29.0693 50.7718 0
    endloop
  endfacet
  facet normal -0 0 -1
    outer loop
      vertex 37.9403 58.6859 0
      vertex 28.6459 50.6876 0
      vertex 38.0517 59.0141 0
    endloop
  endfacet
  facet normal -0 0 -1
    outer loop
      vertex 38.0517 59.0141 0
      vertex 28.6459 50.6876 0
      vertex 38.205 59.325 0
    endloop
  endfacet
  facet normal 0 0 -1
    outer loop
      vertex 28.2371 50.5488 0
      vertex 38.205 59.325 0
      vertex 28.6459 50.6876 0
    endloop
  endfacet
  facet normal 0 0 -1
    outer loop
      vertex 2 80 0
      vertex 38.205 59.325 0
      vertex 28.2371 50.5488 0
    endloop
  endfacet
  facet normal 0 0 -1
    outer loop
      vertex 38.205 59.325 0
      vertex 2 80 0
      vertex 38.3976 59.6132 0
    endloop
  endfacet
  facet normal 0 0 -1
    outer loop
      vertex 11.7629 50.5488 0
      vertex 28.2371 50.5488 0
      vertex 27.85 50.3579 0
    endloop
  endfacet
  facet normal 0 0 -1
    outer loop
      vertex 12.15 50.3579 0
      vertex 27.85 50.3579 0
      vertex 27.4911 50.1181 0
    endloop
  endfacet
  facet normal 0 0 -1
    outer loop
      vertex 28.2371 50.5488 0
      vertex 11.7629 50.5488 0
      vertex 2 80 0
    endloop
  endfacet
  facet normal 0 0 -1
    outer loop
      vertex 26.2282 47.0693 0
      vertex 13.8 47.5 0
      vertex 26.2 47.5 0
    endloop
  endfacet
  facet normal 0 0 -1
    outer loop
      vertex 26.2 47.5 0
      vertex 13.8 47.5 0
      vertex 26.2282 47.9307 0
    endloop
  endfacet
  facet normal 0 0 -1
    outer loop
      vertex 13.7718 47.9307 0
      vertex 26.2282 47.9307 0
      vertex 13.8 47.5 0
    endloop
  endfacet
  facet normal 0 0 -1
    outer loop
      vertex 26.2282 47.9307 0
      vertex 13.7718 47.9307 0
      vertex 26.3124 48.3541 0
    endloop
  endfacet
  facet normal 0 0 -1
    outer loop
      vertex 13.6876 48.3541 0
      vertex 26.3124 48.3541 0
      vertex 13.7718 47.9307 0
    endloop
  endfacet
  facet normal 0 0 -1
    outer loop
      vertex 26.3124 48.3541 0
      vertex 13.6876 48.3541 0
      vertex 26.4512 48.7629 0
    endloop
  endfacet
  facet normal 0 0 -1
    outer loop
      vertex 13.5488 48.7629 0
      vertex 26.4512 48.7629 0
      vertex 13.6876 48.3541 0
    endloop
  endfacet
  facet normal 0 0 -1
    outer loop
      vertex 26.4512 48.7629 0
      vertex 13.5488 48.7629 0
      vertex 26.6421 49.15 0
    endloop
  endfacet
  facet normal 0 0 -1
    outer loop
      vertex 13.3579 49.15 0
      vertex 26.6421 49.15 0
      vertex 13.5488 48.7629 0
    endloop
  endfacet
  facet normal 0 0 -1
    outer loop
      vertex 26.6421 49.15 0
      vertex 13.3579 49.15 0
      vertex 26.8819 49.5089 0
    endloop
  endfacet
  facet normal 0 0 -1
    outer loop
      vertex 13.1181 49.5089 0
      vertex 26.8819 49.5089 0
      vertex 13.3579 49.15 0
    endloop
  endfacet
  facet normal 0 0 -1
    outer loop
      vertex 26.8819 49.5089 0
      vertex 13.1181 49.5089 0
      vertex 27.1665 49.8335 0
    endloop
  endfacet
  facet normal 0 0 -1
    outer loop
      vertex 12.8335 49.8335 0
      vertex 27.1665 49.8335 0
      vertex 13.1181 49.5089 0
    endloop
  endfacet
  facet normal 0 0 -1
    outer loop
      vertex 27.1665 49.8335 0
      vertex 12.8335 49.8335 0
      vertex 27.4911 50.1181 0
    endloop
  endfacet
  facet normal 0 0 -1
    outer loop
      vertex 12.5089 50.1181 0
      vertex 27.4911 50.1181 0
      vertex 12.8335 49.8335 0
    endloop
  endfacet
  facet normal 0 0 -1
    outer loop
      vertex 12.15 50.3579 0
      vertex 27.4911 50.1181 0
      vertex 12.5089 50.1181 0
    endloop
  endfacet
  facet normal 0 0 -1
    outer loop
      vertex 27.85 50.3579 0
      vertex 12.15 50.3579 0
      vertex 11.7629 50.5488 0
    endloop
  endfacet
  facet normal 0 0 -1
    outer loop
      vertex 38.3976 59.6132 0
      vertex 2 80 0
      vertex 38.6262 59.8738 0
    endloop
  endfacet
  facet normal 0 0 -1
    outer loop
      vertex 38.6262 59.8738 0
      vertex 2 80 0
      vertex 38.8868 60.1024 0
    endloop
  endfacet
  facet normal 0 0 -1
    outer loop
      vertex 38.8868 60.1024 0
      vertex 2 80 0
      vertex 39.175 60.295 0
    endloop
  endfacet
  facet normal 0 0 -1
    outer loop
      vertex 2 80 0
      vertex 11.7629 50.5488 0
      vertex 11.3541 50.6876 0
    endloop
  endfacet
  facet normal 0 0 -1
    outer loop
      vertex 2 80 0
      vertex 11.3541 50.6876 0
      vertex 10.9307 50.7718 0
    endloop
  endfacet
  facet normal 0 0 -1
    outer loop
      vertex 0 78 0
      vertex 10.9307 50.7718 0
      vertex 10.5 50.8 0
    endloop
  endfacet
  facet normal 0 0 -1
    outer loop
      vertex 0 78 0
      vertex 10.5 50.8 0
      vertex 10.0693 50.7718 0
    endloop
  endfacet
  facet normal 0 0 -1
    outer loop
      vertex 0 78 0
      vertex 10.0693 50.7718 0
      vertex 9.6459 50.6876 0
    endloop
  endfacet
  facet normal 0 0 -1
    outer loop
      vertex 0 78 0
      vertex 9.6459 50.6876 0
      vertex 9.23714 50.5488 0
    endloop
  endfacet
  facet normal -0 0 -1
    outer loop
      vertex 7.2 32.5 0
      vertex 0 2 0
      vertex 7.2 47.5 0
    endloop
  endfacet
  facet normal 0 0 -1
    outer loop
      vertex 40.5 60.65 0
      vertex 2 80 0
      vertex 78 80 0
    endloop
  endfacet
  facet normal 0 0 -1
    outer loop
      vertex 0 78 0
      vertex 9.23714 50.5488 0
      vertex 8.85 50.3579 0
    endloop
  endfacet
  facet normal 0 0 -1
    outer loop
      vertex 0 78 0
      vertex 8.85 50.3579 0
      vertex 8.49109 50.1181 0
    endloop
  endfacet
  facet normal 0 0 -1
    outer loop
      vertex 0 78 0
      vertex 8.49109 50.1181 0
      vertex 8.16655 49.8335 0
    endloop
  endfacet
  facet normal 0 0 -1
    outer loop
      vertex 0 78 0
      vertex 8.16655 49.8335 0
      vertex 7.88193 49.5089 0
    endloop
  endfacet
  facet normal 0 0 -1
    outer loop
      vertex 0 78 0
      vertex 7.88193 49.5089 0
      vertex 7.64212 49.15 0
    endloop
  endfacet
  facet normal 0 0 -1
    outer loop
      vertex 0 78 0
      vertex 7.64212 49.15 0
      vertex 7.4512 48.7629 0
    endloop
  endfacet
  facet normal 0 0 -1
    outer loop
      vertex 0 78 0
      vertex 7.4512 48.7629 0
      vertex 7.31244 48.3541 0
    endloop
  endfacet
  facet normal 0 0 -1
    outer loop
      vertex 0 78 0
      vertex 7.31244 48.3541 0
      vertex 7.22823 47.9307 0
    endloop
  endfacet
  facet normal 0 0 -1
    outer loop
      vertex 0 78 0
      vertex 7.2 47.5 0
      vertex 0 2 0
    endloop
  endfacet
  facet normal 0 0 -1
    outer loop
      vertex 0 2 0
      vertex 2 0 0
      vertex 1.73895 0.0171099 0
    endloop
  endfacet
  facet normal 0 0 -1
    outer loop
      vertex 7.2 47.5 0
      vertex 0 78 0
      vertex 7.22823 47.9307 0
    endloop
  endfacet
  facet normal 0 0 -1
    outer loop
      vertex 0 2 0
      vertex 1.73895 0.0171099 0
      vertex 1.48236 0.0681477 0
    endloop
  endfacet
  facet normal 0 0 -1
    outer loop
      vertex 10.9307 50.7718 0
      vertex 0 78 0
      vertex 2 80 0
    endloop
  endfacet
  facet normal 0 0 -1
    outer loop
      vertex 0 2 0
      vertex 1.48236 0.0681477 0
      vertex 1.23463 0.152241 0
    endloop
  endfacet
  facet normal 0 0 -1
    outer loop
      vertex 2 80 0
      vertex 0 78 0
      vertex 1.73895 79.9829 0
    endloop
  endfacet
  facet normal 0 0 -1
    outer loop
      vertex 0 2 0
      vertex 1.23463 0.152241 0
      vertex 1 0.267949 0
    endloop
  endfacet
  facet normal 0 0 -1
    outer loop
      vertex 1.73895 79.9829 0
      vertex 0 78 0
      vertex 1.48236 79.9319 0
    endloop
  endfacet
  facet normal 0 0 -1
    outer loop
      vertex 0 2 0
      vertex 1 0.267949 0
      vertex 0.782476 0.413293 0
    endloop
  endfacet
  facet normal 0 0 -1
    outer loop
      vertex 1.48236 79.9319 0
      vertex 0 78 0
      vertex 1.23463 79.8478 0
    endloop
  endfacet
  facet normal 0 0 -1
    outer loop
      vertex 0 2 0
      vertex 0.782476 0.413293 0
      vertex 0.585786 0.585786 0
    endloop
  endfacet
  facet normal 0 0 -1
    outer loop
      vertex 1.23463 79.8478 0
      vertex 0 78 0
      vertex 1 79.732 0
    endloop
  endfacet
  facet normal 0 0 -1
    outer loop
      vertex 0 2 0
      vertex 0.585786 0.585786 0
      vertex 0.413293 0.782476 0
    endloop
  endfacet
  facet normal 0 0 -1
    outer loop
      vertex 1 79.732 0
      vertex 0 78 0
      vertex 0.782476 79.5867 0
    endloop
  endfacet
  facet normal 0 0 -1
    outer loop
      vertex 0 2 0
      vertex 0.413293 0.782476 0
      vertex 0.267949 1 0
    endloop
  endfacet
  facet normal 0 0 -1
    outer loop
      vertex 0.782476 79.5867 0
      vertex 0 78 0
      vertex 0.585786 79.4142 0
    endloop
  endfacet
  facet normal 0 0 -1
    outer loop
      vertex 0 2 0
      vertex 0.267949 1 0
      vertex 0.152241 1.23463 0
    endloop
  endfacet
  facet normal 0 0 -1
    outer loop
      vertex 0.585786 79.4142 0
      vertex 0 78 0
      vertex 0.413293 79.2175 0
    endloop
  endfacet
  facet normal 0 0 -1
    outer loop
      vertex 0 2 0
      vertex 0.152241 1.23463 0
      vertex 0.0681477 1.48236 0
    endloop
  endfacet
  facet normal 0 0 -1
    outer loop
      vertex 0.413293 79.2175 0
      vertex 0 78 0
      vertex 0.267949 79 0
    endloop
  endfacet
  facet normal 0 0 -1
    outer loop
      vertex 0 2 0
      vertex 0.0681477 1.48236 0
      vertex 0.0171099 1.73895 0
    endloop
  endfacet
  facet normal 0 0 -1
    outer loop
      vertex 0.267949 79 0
      vertex 0 78 0
      vertex 0.152241 78.7654 0
    endloop
  endfacet
  facet normal 0 0 -1
    outer loop
      vertex 0.152241 78.7654 0
      vertex 0 78 0
      vertex 0.0681477 78.5176 0
    endloop
  endfacet
  facet normal 0 0 -1
    outer loop
      vertex 0.0681477 78.5176 0
      vertex 0 78 0
      vertex 0.0171099 78.2611 0
    endloop
  endfacet
  facet normal 0 0 1
    outer loop
      vertex 13.3579 45.85 12
      vertex 26.6421 45.85 12
      vertex 13.5488 46.2371 12
    endloop
  endfacet
  facet normal 0 0 1
    outer loop
      vertex 26.8819 34.5089 12
      vertex 13.7718 32.9307 12
      vertex 13.8 32.5 12
    endloop
  endfacet
  facet normal 0 0 1
    outer loop
      vertex 26.6421 45.85 12
      vertex 13.3579 45.85 12
      vertex 26.8819 45.4911 12
    endloop
  endfacet
  facet normal 0 0 1
    outer loop
      vertex 26.8819 34.5089 12
      vertex 13.6876 33.3541 12
      vertex 13.7718 32.9307 12
    endloop
  endfacet
  facet normal 0 0 1
    outer loop
      vertex 13.1181 45.4911 12
      vertex 26.8819 45.4911 12
      vertex 13.3579 45.85 12
    endloop
  endfacet
  facet normal 0 0 1
    outer loop
      vertex 26.8819 34.5089 12
      vertex 13.5488 33.7629 12
      vertex 13.6876 33.3541 12
    endloop
  endfacet
  facet normal 0 0 1
    outer loop
      vertex 26.8819 45.4911 12
      vertex 13.1181 45.4911 12
      vertex 26.8819 34.5089 12
    endloop
  endfacet
  facet normal 0 0 1
    outer loop
      vertex 26.8819 34.5089 12
      vertex 13.3579 34.15 12
      vertex 13.5488 33.7629 12
    endloop
  endfacet
  facet normal 0 0 1
    outer loop
      vertex 13.1181 34.5089 12
      vertex 26.8819 34.5089 12
      vertex 13.1181 45.4911 12
    endloop
  endfacet
  facet normal 0 0 1
    outer loop
      vertex 26.8819 34.5089 12
      vertex 13.1181 34.5089 12
      vertex 13.3579 34.15 12
    endloop
  endfacet
  facet normal -0 0 1
    outer loop
      vertex 12.8335 45.1665 12
      vertex 13.1181 34.5089 12
      vertex 13.1181 45.4911 12
    endloop
  endfacet
  facet normal 0 0 1
    outer loop
      vertex 12.8335 45.1665 12
      vertex 12.8335 34.8335 12
      vertex 13.1181 34.5089 12
    endloop
  endfacet
  facet normal -0 0 1
    outer loop
      vertex 12.5089 44.8819 12
      vertex 12.8335 34.8335 12
      vertex 12.8335 45.1665 12
    endloop
  endfacet
  facet normal 0 0 1
    outer loop
      vertex 12.5089 44.8819 12
      vertex 12.5089 35.1181 12
      vertex 12.8335 34.8335 12
    endloop
  endfacet
  facet normal -0 0 1
    outer loop
      vertex 12.15 44.6421 12
      vertex 12.5089 35.1181 12
      vertex 12.5089 44.8819 12
    endloop
  endfacet
  facet normal 0 0 1
    outer loop
      vertex 12.15 44.6421 12
      vertex 12.15 35.3579 12
      vertex 12.5089 35.1181 12
    endloop
  endfacet
  facet normal -0 0 1
    outer loop
      vertex 11.7629 44.4512 12
      vertex 12.15 35.3579 12
      vertex 12.15 44.6421 12
    endloop
  endfacet
  facet normal 0 0 1
    outer loop
      vertex 11.7629 44.4512 12
      vertex 11.7629 35.5488 12
      vertex 12.15 35.3579 12
    endloop
  endfacet
  facet normal -0 0 1
    outer loop
      vertex 11.3541 44.3124 12
      vertex 11.7629 35.5488 12
      vertex 11.7629 44.4512 12
    endloop
  endfacet
  facet normal 0 0 1
    outer loop
      vertex 11.3541 44.3124 12
      vertex 11.3541 35.6876 12
      vertex 11.7629 35.5488 12
    endloop
  endfacet
  facet normal -0 0 1
    outer loop
      vertex 10.9307 44.2282 12
      vertex 11.3541 35.6876 12
      vertex 11.3541 44.3124 12
    endloop
  endfacet
  facet normal 0 0 1
    outer loop
      vertex 10.9307 44.2282 12
      vertex 10.9307 35.7718 12
      vertex 11.3541 35.6876 12
    endloop
  endfacet
  facet normal -0 0 1
    outer loop
      vertex 10.5 44.2 12
      vertex 10.9307 35.7718 12
      vertex 10.9307 44.2282 12
    endloop
  endfacet
  facet normal 0 0 1
    outer loop
      vertex 10.5 44.2 12
      vertex 10.5 35.8 12
      vertex 10.9307 35.7718 12
    endloop
  endfacet
  facet normal 0 0 1
    outer loop
      vertex 10.0693 44.2282 12
      vertex 10.5 35.8 12
      vertex 10.5 44.2 12
    endloop
  endfacet
  facet normal 0 0 1
    outer loop
      vertex 10.0693 44.2282 12
      vertex 10.0693 35.7718 12
      vertex 10.5 35.8 12
    endloop
  endfacet
  facet normal 0 0 1
    outer loop
      vertex 9.6459 44.3124 12
      vertex 10.0693 35.7718 12
      vertex 10.0693 44.2282 12
    endloop
  endfacet
  facet normal 0 0 1
    outer loop
      vertex 9.6459 44.3124 12
      vertex 9.6459 35.6876 12
      vertex 10.0693 35.7718 12
    endloop
  endfacet
  facet normal 0 0 1
    outer loop
      vertex 9.23714 44.4512 12
      vertex 9.6459 35.6876 12
      vertex 9.6459 44.3124 12
    endloop
  endfacet
  facet normal 0 0 1
    outer loop
      vertex 9.23714 44.4512 12
      vertex 9.23714 35.5488 12
      vertex 9.6459 35.6876 12
    endloop
  endfacet
  facet normal 0 0 1
    outer loop
      vertex 8.85 44.6421 12
      vertex 9.23714 35.5488 12
      vertex 9.23714 44.4512 12
    endloop
  endfacet
  facet normal 0 0 1
    outer loop
      vertex 8.85 44.6421 12
      vertex 8.85 35.3579 12
      vertex 9.23714 35.5488 12
    endloop
  endfacet
  facet normal 0 0 1
    outer loop
      vertex 8.49109 44.8819 12
      vertex 8.85 35.3579 12
      vertex 8.85 44.6421 12
    endloop
  endfacet
  facet normal 0 0 1
    outer loop
      vertex 8.49109 44.8819 12
      vertex 8.49109 35.1181 12
      vertex 8.85 35.3579 12
    endloop
  endfacet
  facet normal 0 0 1
    outer loop
      vertex 8.16655 45.1665 12
      vertex 8.49109 35.1181 12
      vertex 8.49109 44.8819 12
    endloop
  endfacet
  facet normal 0 0 1
    outer loop
      vertex 8.16655 45.1665 12
      vertex 8.16655 34.8335 12
      vertex 8.49109 35.1181 12
    endloop
  endfacet
  facet normal 0 0 1
    outer loop
      vertex 7.88193 45.4911 12
      vertex 8.16655 34.8335 12
      vertex 8.16655 45.1665 12
    endloop
  endfacet
  facet normal 0 0 1
    outer loop
      vertex 7.88193 45.4911 12
      vertex 7.88193 34.5089 12
      vertex 8.16655 34.8335 12
    endloop
  endfacet
  facet normal 0 0 1
    outer loop
      vertex 7.64212 45.85 12
      vertex 7.88193 34.5089 12
      vertex 7.88193 45.4911 12
    endloop
  endfacet
  facet normal 0 0 1
    outer loop
      vertex 7.64212 45.85 12
      vertex 7.64212 34.15 12
      vertex 7.88193 34.5089 12
    endloop
  endfacet
  facet normal 0 0 1
    outer loop
      vertex 7.4512 46.2371 12
      vertex 7.64212 34.15 12
      vertex 7.64212 45.85 12
    endloop
  endfacet
  facet normal 0 0 1
    outer loop
      vertex 7.4512 46.2371 12
      vertex 7.4512 33.7629 12
      vertex 7.64212 34.15 12
    endloop
  endfacet
  facet normal 0 0 1
    outer loop
      vertex 7.31244 46.6459 12
      vertex 7.4512 33.7629 12
      vertex 7.4512 46.2371 12
    endloop
  endfacet
  facet normal 0 0 1
    outer loop
      vertex 7.31244 46.6459 12
      vertex 7.31244 33.3541 12
      vertex 7.4512 33.7629 12
    endloop
  endfacet
  facet normal 0 0 1
    outer loop
      vertex 7.22823 47.0693 12
      vertex 7.31244 33.3541 12
      vertex 7.31244 46.6459 12
    endloop
  endfacet
  facet normal 0 0 1
    outer loop
      vertex 7.22823 47.0693 12
      vertex 7.22823 32.9307 12
      vertex 7.31244 33.3541 12
    endloop
  endfacet
  facet normal 0 0 1
    outer loop
      vertex 7.2 47.5 12
      vertex 7.22823 32.9307 12
      vertex 7.22823 47.0693 12
    endloop
  endfacet
  facet normal 0 0 1
    outer loop
      vertex 7.22823 32.9307 12
      vertex 7.2 47.5 12
      vertex 7.2 32.5 12
    endloop
  endfacet
  facet normal 0 0 1
    outer loop
      vertex 32.5488 46.2371 12
      vertex 41.5141 55.5517 12
      vertex 32.6876 46.6459 12
    endloop
  endfacet
  facet normal 0 0 1
    outer loop
      vertex 41.5141 24.4483 12
      vertex 32.7718 32.9307 12
      vertex 32.8 32.5 12
    endloop
  endfacet
  facet normal 0 0 1
    outer loop
      vertex 41.5141 55.5517 12
      vertex 32.5488 46.2371 12
      vertex 41.5141 24.4483 12
    endloop
  endfacet
  facet normal 0 0 1
    outer loop
      vertex 41.5141 24.4483 12
      vertex 32.6876 33.3541 12
      vertex 32.7718 32.9307 12
    endloop
  endfacet
  facet normal -0 0 1
    outer loop
      vertex 32.5488 33.7629 12
      vertex 41.5141 24.4483 12
      vertex 32.5488 46.2371 12
    endloop
  endfacet
  facet normal 0 0 1
    outer loop
      vertex 41.5141 24.4483 12
      vertex 32.5488 33.7629 12
      vertex 32.6876 33.3541 12
    endloop
  endfacet
  facet normal -0 0 1
    outer loop
      vertex 32.3579 45.85 12
      vertex 32.5488 33.7629 12
      vertex 32.5488 46.2371 12
    endloop
  endfacet
  facet normal 0 0 1
    outer loop
      vertex 32.3579 45.85 12
      vertex 32.3579 34.15 12
      vertex 32.5488 33.7629 12
    endloop
  endfacet
  facet normal -0 0 1
    outer loop
      vertex 32.1181 45.4911 12
      vertex 32.3579 34.15 12
      vertex 32.3579 45.85 12
    endloop
  endfacet
  facet normal 0 0 1
    outer loop
      vertex 32.1181 45.4911 12
      vertex 32.1181 34.5089 12
      vertex 32.3579 34.15 12
    endloop
  endfacet
  facet normal -0 0 1
    outer loop
      vertex 31.8335 45.1665 12
      vertex 32.1181 34.5089 12
      vertex 32.1181 45.4911 12
    endloop
  endfacet
  facet normal 0 0 1
    outer loop
      vertex 31.8335 45.1665 12
      vertex 31.8335 34.8335 12
      vertex 32.1181 34.5089 12
    endloop
  endfacet
  facet normal -0 0 1
    outer loop
      vertex 31.5089 44.8819 12
      vertex 31.8335 34.8335 12
      vertex 31.8335 45.1665 12
    endloop
  endfacet
  facet normal 0 0 1
    outer loop
      vertex 31.5089 44.8819 12
      vertex 31.5089 35.1181 12
      vertex 31.8335 34.8335 12
    endloop
  endfacet
  facet normal -0 0 1
    outer loop
      vertex 31.15 44.6421 12
      vertex 31.5089 35.1181 12
      vertex 31.5089 44.8819 12
    endloop
  endfacet
  facet normal 0 0 1
    outer loop
      vertex 31.15 44.6421 12
      vertex 31.15 35.3579 12
      vertex 31.5089 35.1181 12
    endloop
  endfacet
  facet normal -0 0 1
    outer loop
      vertex 30.7629 44.4512 12
      vertex 31.15 35.3579 12
      vertex 31.15 44.6421 12
    endloop
  endfacet
  facet normal 0 0 1
    outer loop
      vertex 30.7629 44.4512 12
      vertex 30.7629 35.5488 12
      vertex 31.15 35.3579 12
    endloop
  endfacet
  facet normal -0 0 1
    outer loop
      vertex 30.3541 44.3124 12
      vertex 30.7629 35.5488 12
      vertex 30.7629 44.4512 12
    endloop
  endfacet
  facet normal 0 0 1
    outer loop
      vertex 30.3541 44.3124 12
      vertex 30.3541 35.6876 12
      vertex 30.7629 35.5488 12
    endloop
  endfacet
  facet normal -0 0 1
    outer loop
      vertex 29.9307 44.2282 12
      vertex 30.3541 35.6876 12
      vertex 30.3541 44.3124 12
    endloop
  endfacet
  facet normal 0 0 1
    outer loop
      vertex 29.9307 44.2282 12
      vertex 29.9307 35.7718 12
      vertex 30.3541 35.6876 12
    endloop
  endfacet
  facet normal -0 0 1
    outer loop
      vertex 29.5 44.2 12
      vertex 29.9307 35.7718 12
      vertex 29.9307 44.2282 12
    endloop
  endfacet
  facet normal 0 0 1
    outer loop
      vertex 29.5 44.2 12
      vertex 29.5 35.8 12
      vertex 29.9307 35.7718 12
    endloop
  endfacet
  facet normal 0 0 1
    outer loop
      vertex 29.0693 44.2282 12
      vertex 29.5 35.8 12
      vertex 29.5 44.2 12
    endloop
  endfacet
  facet normal 0 0 1
    outer loop
      vertex 29.0693 44.2282 12
      vertex 29.0693 35.7718 12
      vertex 29.5 35.8 12
    endloop
  endfacet
  facet normal 0 0 1
    outer loop
      vertex 28.6459 44.3124 12
      vertex 29.0693 35.7718 12
      vertex 29.0693 44.2282 12
    endloop
  endfacet
  facet normal 0 0 1
    outer loop
      vertex 28.6459 44.3124 12
      vertex 28.6459 35.6876 12
      vertex 29.0693 35.7718 12
    endloop
  endfacet
  facet normal 0 0 1
    outer loop
      vertex 28.2371 44.4512 12
      vertex 28.6459 35.6876 12
      vertex 28.6459 44.3124 12
    endloop
  endfacet
  facet normal 0 0 1
    outer loop
      vertex 28.2371 44.4512 12
      vertex 28.2371 35.5488 12
      vertex 28.6459 35.6876 12
    endloop
  endfacet
  facet normal 0 0 1
    outer loop
      vertex 27.85 44.6421 12
      vertex 28.2371 35.5488 12
      vertex 28.2371 44.4512 12
    endloop
  endfacet
  facet normal 0 0 1
    outer loop
      vertex 27.85 44.6421 12
      vertex 27.85 35.3579 12
      vertex 28.2371 35.5488 12
    endloop
  endfacet
  facet normal 0 0 1
    outer loop
      vertex 27.4911 44.8819 12
      vertex 27.85 35.3579 12
      vertex 27.85 44.6421 12
    endloop
  endfacet
  facet normal 0 0 1
    outer loop
      vertex 27.4911 44.8819 12
      vertex 27.4911 35.1181 12
      vertex 27.85 35.3579 12
    endloop
  endfacet
  facet normal 0 0 1
    outer loop
      vertex 27.1665 45.1665 12
      vertex 27.4911 35.1181 12
      vertex 27.4911 44.8819 12
    endloop
  endfacet
  facet normal 0 0 1
    outer loop
      vertex 27.1665 45.1665 12
      vertex 27.1665 34.8335 12
      vertex 27.4911 35.1181 12
    endloop
  endfacet
  facet normal 0 0 1
    outer loop
      vertex 26.8819 45.4911 12
      vertex 27.1665 34.8335 12
      vertex 27.1665 45.1665 12
    endloop
  endfacet
  facet normal 0 0 1
    outer loop
      vertex 26.8819 45.4911 12
      vertex 26.8819 34.5089 12
      vertex 27.1665 34.8335 12
    endloop
  endfacet
  facet normal 0 0 1
    outer loop
      vertex 26.3124 46.6459 12
      vertex 13.6876 46.6459 12
      vertex 26.4512 46.2371 12
    endloop
  endfacet
  facet normal 0 0 1
    outer loop
      vertex 13.5488 46.2371 12
      vertex 26.4512 46.2371 12
      vertex 13.6876 46.6459 12
    endloop
  endfacet
  facet normal 0 0 1
    outer loop
      vertex 13.6876 46.6459 12
      vertex 26.3124 46.6459 12
      vertex 13.7718 47.0693 12
    endloop
  endfacet
  facet normal 0 0 1
    outer loop
      vertex 26.4512 46.2371 12
      vertex 13.5488 46.2371 12
      vertex 26.6421 45.85 12
    endloop
  endfacet
  facet normal 0 0 1
    outer loop
      vertex 26.2282 47.0693 12
      vertex 13.7718 47.0693 12
      vertex 26.3124 46.6459 12
    endloop
  endfacet
  facet normal 0 0 1
    outer loop
      vertex 26.8819 34.5089 12
      vertex 13.8 32.5 12
      vertex 26.6421 34.15 12
    endloop
  endfacet
  facet normal 0 0 1
    outer loop
      vertex 13.7718 47.0693 12
      vertex 26.2282 47.0693 12
      vertex 13.8 47.5 12
    endloop
  endfacet
  facet normal 0 0 1
    outer loop
      vertex 26.6421 34.15 12
      vertex 13.8 32.5 12
      vertex 26.4512 33.7629 12
    endloop
  endfacet
  facet normal -0 0 1
    outer loop
      vertex 13.8 47.5 12
      vertex 26.2282 47.0693 12
      vertex 26.2 47.5 12
    endloop
  endfacet
  facet normal 0 0 1
    outer loop
      vertex 26.4512 33.7629 12
      vertex 13.8 32.5 12
      vertex 26.3124 33.3541 12
    endloop
  endfacet
  facet normal 0 0 1
    outer loop
      vertex 57.3976 56.3868 12
      vertex 42.6024 56.3868 12
      vertex 57.6262 56.1262 12
    endloop
  endfacet
  facet normal 0 0 1
    outer loop
      vertex 58.175 24.295 12
      vertex 43.1273 22.3459 12
      vertex 43.15 22 12
    endloop
  endfacet
  facet normal 0 0 1
    outer loop
      vertex 42.3738 56.1262 12
      vertex 57.6262 56.1262 12
      vertex 42.6024 56.3868 12
    endloop
  endfacet
  facet normal 0 0 1
    outer loop
      vertex 58.175 24.295 12
      vertex 43.0597 22.6859 12
      vertex 43.1273 22.3459 12
    endloop
  endfacet
  facet normal 0 0 1
    outer loop
      vertex 57.6262 56.1262 12
      vertex 42.3738 56.1262 12
      vertex 57.8868 55.8976 12
    endloop
  endfacet
  facet normal 0 0 1
    outer loop
      vertex 58.175 24.295 12
      vertex 42.9483 23.0141 12
      vertex 43.0597 22.6859 12
    endloop
  endfacet
  facet normal 0 0 1
    outer loop
      vertex 42.1132 55.8976 12
      vertex 57.8868 55.8976 12
      vertex 42.3738 56.1262 12
    endloop
  endfacet
  facet normal 0 0 1
    outer loop
      vertex 58.175 24.295 12
      vertex 42.795 23.325 12
      vertex 42.9483 23.0141 12
    endloop
  endfacet
  facet normal 0 0 1
    outer loop
      vertex 57.8868 55.8976 12
      vertex 42.1132 55.8976 12
      vertex 58.175 55.705 12
    endloop
  endfacet
  facet normal 0 0 1
    outer loop
      vertex 58.175 24.295 12
      vertex 42.6024 23.6132 12
      vertex 42.795 23.325 12
    endloop
  endfacet
  facet normal 0 0 1
    outer loop
      vertex 41.825 55.705 12
      vertex 58.175 55.705 12
      vertex 42.1132 55.8976 12
    endloop
  endfacet
  facet normal 0 0 1
    outer loop
      vertex 58.175 24.295 12
      vertex 42.3738 23.8738 12
      vertex 42.6024 23.6132 12
    endloop
  endfacet
  facet normal 0 0 1
    outer loop
      vertex 58.175 55.705 12
      vertex 41.825 55.705 12
      vertex 58.175 24.295 12
    endloop
  endfacet
  facet normal 0 0 1
    outer loop
      vertex 58.175 24.295 12
      vertex 42.1132 24.1024 12
      vertex 42.3738 23.8738 12
    endloop
  endfacet
  facet normal 0 0 1
    outer loop
      vertex 41.825 24.295 12
      vertex 58.175 24.295 12
      vertex 41.825 55.705 12
    endloop
  endfacet
  facet normal 0 0 1
    outer loop
      vertex 58.175 24.295 12
      vertex 41.825 24.295 12
      vertex 42.1132 24.1024 12
    endloop
  endfacet
  facet normal -0 0 1
    outer loop
      vertex 41.5141 55.5517 12
      vertex 41.825 24.295 12
      vertex 41.825 55.705 12
    endloop
  endfacet
  facet normal 0 0 1
    outer loop
      vertex 41.5141 55.5517 12
      vertex 41.5141 24.4483 12
      vertex 41.825 24.295 12
    endloop
  endfacet
  facet normal -0 0 1
    outer loop
      vertex 40.8459 55.3727 12
      vertex 32.7718 47.0693 12
      vertex 41.1859 55.4403 12
    endloop
  endfacet
  facet normal 0 0 1
    outer loop
      vertex 32.6876 46.6459 12
      vertex 41.1859 55.4403 12
      vertex 32.7718 47.0693 12
    endloop
  endfacet
  facet normal 0 0 1
    outer loop
      vertex 32.7718 47.0693 12
      vertex 40.8459 55.3727 12
      vertex 32.8 47.5 12
    endloop
  endfacet
  facet normal -0 0 1
    outer loop
      vertex 41.1859 55.4403 12
      vertex 32.6876 46.6459 12
      vertex 41.5141 55.5517 12
    endloop
  endfacet
  facet normal 0 0 1
    outer loop
      vertex 32.8 47.5 12
      vertex 40.8459 55.3727 12
      vertex 40.5 55.35 12
    endloop
  endfacet
  facet normal 0 0 1
    outer loop
      vertex 41.5141 24.4483 12
      vertex 32.8 32.5 12
      vertex 41.1859 24.5597 12
    endloop
  endfacet
  facet normal 0 0 1
    outer loop
      vertex 32.7718 47.9307 12
      vertex 40.5 55.35 12
      vertex 40.1541 55.3727 12
    endloop
  endfacet
  facet normal 0 0 1
    outer loop
      vertex 41.1859 24.5597 12
      vertex 32.8 32.5 12
      vertex 40.8459 24.6273 12
    endloop
  endfacet
  facet normal 0 0 1
    outer loop
      vertex 32.7718 47.9307 12
      vertex 40.1541 55.3727 12
      vertex 39.8141 55.4403 12
    endloop
  endfacet
  facet normal 0 0 1
    outer loop
      vertex 40.8459 24.6273 12
      vertex 32.8 32.5 12
      vertex 40.5 24.65 12
    endloop
  endfacet
  facet normal 0 0 1
    outer loop
      vertex 32.6876 48.3541 12
      vertex 39.8141 55.4403 12
      vertex 39.4859 55.5517 12
    endloop
  endfacet
  facet normal -0 0 1
    outer loop
      vertex 32.7718 32.0693 12
      vertex 40.5 24.65 12
      vertex 32.8 32.5 12
    endloop
  endfacet
  facet normal 0 0 1
    outer loop
      vertex 32.5488 48.7629 12
      vertex 39.4859 55.5517 12
      vertex 39.175 55.705 12
    endloop
  endfacet
  facet normal 0 0 1
    outer loop
      vertex 40.5 24.65 12
      vertex 32.7718 32.0693 12
      vertex 40.1541 24.6273 12
    endloop
  endfacet
  facet normal 0 0 1
    outer loop
      vertex 32.3579 49.15 12
      vertex 39.175 55.705 12
      vertex 38.8868 55.8976 12
    endloop
  endfacet
  facet normal 0 0 1
    outer loop
      vertex 40.1541 24.6273 12
      vertex 32.7718 32.0693 12
      vertex 39.8141 24.5597 12
    endloop
  endfacet
  facet normal 0 0 1
    outer loop
      vertex 32.1181 49.5089 12
      vertex 38.8868 55.8976 12
      vertex 38.6262 56.1262 12
    endloop
  endfacet
  facet normal -0 0 1
    outer loop
      vertex 32.6876 31.6459 12
      vertex 39.8141 24.5597 12
      vertex 32.7718 32.0693 12
    endloop
  endfacet
  facet normal 0 0 1
    outer loop
      vertex 31.8335 49.8335 12
      vertex 38.6262 56.1262 12
      vertex 38.3976 56.3868 12
    endloop
  endfacet
  facet normal 0 0 1
    outer loop
      vertex 39.8141 24.5597 12
      vertex 32.6876 31.6459 12
      vertex 39.4859 24.4483 12
    endloop
  endfacet
  facet normal 0 0 1
    outer loop
      vertex 31.5089 50.1181 12
      vertex 38.3976 56.3868 12
      vertex 38.205 56.675 12
    endloop
  endfacet
  facet normal -0 0 1
    outer loop
      vertex 32.5488 31.2371 12
      vertex 39.4859 24.4483 12
      vertex 32.6876 31.6459 12
    endloop
  endfacet
  facet normal 0 0 1
    outer loop
      vertex 31.15 50.3579 12
      vertex 38.205 56.675 12
      vertex 38.0517 56.9859 12
    endloop
  endfacet
  facet normal 0 0 1
    outer loop
      vertex 39.4859 24.4483 12
      vertex 32.5488 31.2371 12
      vertex 39.175 24.295 12
    endloop
  endfacet
  facet normal 0 0 1
    outer loop
      vertex 30.7629 50.5488 12
      vertex 38.0517 56.9859 12
      vertex 37.9403 57.3141 12
    endloop
  endfacet
  facet normal -0 0 1
    outer loop
      vertex 32.3579 30.85 12
      vertex 39.175 24.295 12
      vertex 32.5488 31.2371 12
    endloop
  endfacet
  facet normal 0 0 1
    outer loop
      vertex 30.3541 50.6876 12
      vertex 37.9403 57.3141 12
      vertex 37.8727 57.6541 12
    endloop
  endfacet
  facet normal 0 0 1
    outer loop
      vertex 39.175 24.295 12
      vertex 32.3579 30.85 12
      vertex 38.8868 24.1024 12
    endloop
  endfacet
  facet normal 0 0 1
    outer loop
      vertex 29.9307 50.7718 12
      vertex 37.8727 57.6541 12
      vertex 37.85 58 12
    endloop
  endfacet
  facet normal -0 0 1
    outer loop
      vertex 32.1181 30.4911 12
      vertex 38.8868 24.1024 12
      vertex 32.3579 30.85 12
    endloop
  endfacet
  facet normal 0 0 1
    outer loop
      vertex 61.9483 56.9859 12
      vertex 80 78 12
      vertex 62.0597 57.3141 12
    endloop
  endfacet
  facet normal 0 0 1
    outer loop
      vertex 80 2 12
      vertex 62.1273 22.3459 12
      vertex 62.15 22 12
    endloop
  endfacet
  facet normal 0 0 1
    outer loop
      vertex 80 78 12
      vertex 61.9483 56.9859 12
      vertex 80 2 12
    endloop
  endfacet
  facet normal 0 0 1
    outer loop
      vertex 80 2 12
      vertex 62.0597 22.6859 12
      vertex 62.1273 22.3459 12
    endloop
  endfacet
  facet normal -0 0 1
    outer loop
      vertex 61.9483 23.0141 12
      vertex 80 2 12
      vertex 61.9483 56.9859 12
    endloop
  endfacet
  facet normal 0 0 1
    outer loop
      vertex 80 2 12
      vertex 61.9483 23.0141 12
      vertex 62.0597 22.6859 12
    endloop
  endfacet
  facet normal -0 0 1
    outer loop
      vertex 61.795 56.675 12
      vertex 61.9483 23.0141 12
      vertex 61.9483 56.9859 12
    endloop
  endfacet
  facet normal 0 0 1
    outer loop
      vertex 61.795 56.675 12
      vertex 61.795 23.325 12
      vertex 61.9483 23.0141 12
    endloop
  endfacet
  facet normal -0 0 1
    outer loop
      vertex 61.6024 56.3868 12
      vertex 61.795 23.325 12
      vertex 61.795 56.675 12
    endloop
  endfacet
  facet normal 0 0 1
    outer loop
      vertex 61.6024 56.3868 12
      vertex 61.6024 23.6132 12
      vertex 61.795 23.325 12
    endloop
  endfacet
  facet normal -0 0 1
    outer loop
      vertex 61.3738 56.1262 12
      vertex 61.6024 23.6132 12
      vertex 61.6024 56.3868 12
    endloop
  endfacet
  facet normal 0 0 1
    outer loop
      vertex 61.3738 56.1262 12
      vertex 61.3738 23.8738 12
      vertex 61.6024 23.6132 12
    endloop
  endfacet
  facet normal -0 0 1
    outer loop
      vertex 61.1132 55.8976 12
      vertex 61.3738 23.8738 12
      vertex 61.3738 56.1262 12
    endloop
  endfacet
  facet normal 0 0 1
    outer loop
      vertex 61.1132 55.8976 12
      vertex 61.1132 24.1024 12
      vertex 61.3738 23.8738 12
    endloop
  endfacet
  facet normal -0 0 1
    outer loop
      vertex 60.825 55.705 12
      vertex 61.1132 24.1024 12
      vertex 61.1132 55.8976 12
    endloop
  endfacet
  facet normal 0 0 1
    outer loop
      vertex 60.825 55.705 12
      vertex 60.825 24.295 12
      vertex 61.1132 24.1024 12
    endloop
  endfacet
  facet normal -0 0 1
    outer loop
      vertex 60.5141 55.5517 12
      vertex 60.825 24.295 12
      vertex 60.825 55.705 12
    endloop
  endfacet
  facet normal 0 0 1
    outer loop
      vertex 60.5141 55.5517 12
      vertex 60.5141 24.4483 12
      vertex 60.825 24.295 12
    endloop
  endfacet
  facet normal -0 0 1
    outer loop
      vertex 60.1859 55.4403 12
      vertex 60.5141 24.4483 12
      vertex 60.5141 55.5517 12
    endloop
  endfacet
  facet normal 0 0 1
    outer loop
      vertex 60.1859 55.4403 12
      vertex 60.1859 24.5597 12
      vertex 60.5141 24.4483 12
    endloop
  endfacet
  facet normal -0 0 1
    outer loop
      vertex 59.8459 55.3727 12
      vertex 60.1859 24.5597 12
      vertex 60.1859 55.4403 12
    endloop
  endfacet
  facet normal 0 0 1
    outer loop
      vertex 59.8459 55.3727 12
      vertex 59.8459 24.6273 12
      vertex 60.1859 24.5597 12
    endloop
  endfacet
  facet normal -0 0 1
    outer loop
      vertex 59.5 55.35 12
      vertex 59.8459 24.6273 12
      vertex 59.8459 55.3727 12
    endloop
  endfacet
  facet normal 0 0 1
    outer loop
      vertex 59.5 55.35 12
      vertex 59.5 24.65 12
      vertex 59.8459 24.6273 12
    endloop
  endfacet
  facet normal 0 0 1
    outer loop
      vertex 59.1541 55.3727 12
      vertex 59.5 24.65 12
      vertex 59.5 55.35 12
    endloop
  endfacet
  facet normal 0 0 1
    outer loop
      vertex 59.1541 55.3727 12
      vertex 59.1541 24.6273 12
      vertex 59.5 24.65 12
    endloop
  endfacet
  facet normal 0 0 1
    outer loop
      vertex 58.8141 55.4403 12
      vertex 59.1541 24.6273 12
      vertex 59.1541 55.3727 12
    endloop
  endfacet
  facet normal 0 0 1
    outer loop
      vertex 58.8141 55.4403 12
      vertex 58.8141 24.5597 12
      vertex 59.1541 24.6273 12
    endloop
  endfacet
  facet normal 0 0 1
    outer loop
      vertex 58.4859 55.5517 12
      vertex 58.8141 24.5597 12
      vertex 58.8141 55.4403 12
    endloop
  endfacet
  facet normal 0 0 1
    outer loop
      vertex 58.4859 55.5517 12
      vertex 58.4859 24.4483 12
      vertex 58.8141 24.5597 12
    endloop
  endfacet
  facet normal 0 0 1
    outer loop
      vertex 58.175 55.705 12
      vertex 58.4859 24.4483 12
      vertex 58.4859 55.5517 12
    endloop
  endfacet
  facet normal 0 0 1
    outer loop
      vertex 58.175 55.705 12
      vertex 58.175 24.295 12
      vertex 58.4859 24.4483 12
    endloop
  endfacet
  facet normal 0 0 1
    outer loop
      vertex 42.795 56.675 12
      vertex 57.205 56.675 12
      vertex 42.9483 56.9859 12
    endloop
  endfacet
  facet normal 0 0 1
    outer loop
      vertex 57.205 56.675 12
      vertex 42.795 56.675 12
      vertex 57.3976 56.3868 12
    endloop
  endfacet
  facet normal 0 0 1
    outer loop
      vertex 57.0517 56.9859 12
      vertex 42.9483 56.9859 12
      vertex 57.205 56.675 12
    endloop
  endfacet
  facet normal 0 0 1
    outer loop
      vertex 42.6024 56.3868 12
      vertex 57.3976 56.3868 12
      vertex 42.795 56.675 12
    endloop
  endfacet
  facet normal 0 0 1
    outer loop
      vertex 42.9483 56.9859 12
      vertex 57.0517 56.9859 12
      vertex 43.0597 57.3141 12
    endloop
  endfacet
  facet normal 0 0 1
    outer loop
      vertex 58.175 24.295 12
      vertex 43.15 22 12
      vertex 57.8868 24.1024 12
    endloop
  endfacet
  facet normal 0 0 1
    outer loop
      vertex 56.9403 57.3141 12
      vertex 43.0597 57.3141 12
      vertex 57.0517 56.9859 12
    endloop
  endfacet
  facet normal 0 0 1
    outer loop
      vertex 57.8868 24.1024 12
      vertex 43.15 22 12
      vertex 57.6262 23.8738 12
    endloop
  endfacet
  facet normal 0 0 1
    outer loop
      vertex 43.0597 57.3141 12
      vertex 56.9403 57.3141 12
      vertex 43.1273 57.6541 12
    endloop
  endfacet
  facet normal 0 0 1
    outer loop
      vertex 57.6262 23.8738 12
      vertex 43.15 22 12
      vertex 57.3976 23.6132 12
    endloop
  endfacet
  facet normal 0 0 1
    outer loop
      vertex 56.8727 57.6541 12
      vertex 43.1273 57.6541 12
      vertex 56.9403 57.3141 12
    endloop
  endfacet
  facet normal 0 0 1
    outer loop
      vertex 57.3976 23.6132 12
      vertex 43.15 22 12
      vertex 57.205 23.325 12
    endloop
  endfacet
  facet normal 0 0 1
    outer loop
      vertex 43.1273 57.6541 12
      vertex 56.8727 57.6541 12
      vertex 43.15 58 12
    endloop
  endfacet
  facet normal 0 0 1
    outer loop
      vertex 57.205 23.325 12
      vertex 43.15 22 12
      vertex 57.0517 23.0141 12
    endloop
  endfacet
  facet normal -0 0 1
    outer loop
      vertex 43.15 58 12
      vertex 56.8727 57.6541 12
      vertex 56.85 58 12
    endloop
  endfacet
  facet normal 0 0 1
    outer loop
      vertex 57.0517 23.0141 12
      vertex 43.15 22 12
      vertex 56.9403 22.6859 12
    endloop
  endfacet
  facet normal 0 0 1
    outer loop
      vertex 78 80 12
      vertex 80 78 12
      vertex 79.9829 78.2611 12
    endloop
  endfacet
  facet normal 0 0 1
    outer loop
      vertex 62.1273 57.6541 12
      vertex 80 78 12
      vertex 62.15 58 12
    endloop
  endfacet
  facet normal 0 0 1
    outer loop
      vertex 78 80 12
      vertex 79.9829 78.2611 12
      vertex 79.9319 78.5176 12
    endloop
  endfacet
  facet normal 0 0 1
    outer loop
      vertex 62.0597 57.3141 12
      vertex 80 78 12
      vertex 62.1273 57.6541 12
    endloop
  endfacet
  facet normal 0 0 1
    outer loop
      vertex 78 80 12
      vertex 79.9319 78.5176 12
      vertex 79.8478 78.7654 12
    endloop
  endfacet
  facet normal -0 0 1
    outer loop
      vertex 62.1273 21.6541 12
      vertex 80 2 12
      vertex 62.15 22 12
    endloop
  endfacet
  facet normal 0 0 1
    outer loop
      vertex 78 80 12
      vertex 79.8478 78.7654 12
      vertex 79.732 79 12
    endloop
  endfacet
  facet normal -0 0 1
    outer loop
      vertex 62.0597 21.3141 12
      vertex 80 2 12
      vertex 62.1273 21.6541 12
    endloop
  endfacet
  facet normal 0 0 1
    outer loop
      vertex 78 80 12
      vertex 79.732 79 12
      vertex 79.5867 79.2175 12
    endloop
  endfacet
  facet normal -0 0 1
    outer loop
      vertex 61.9483 20.9859 12
      vertex 80 2 12
      vertex 62.0597 21.3141 12
    endloop
  endfacet
  facet normal 0 0 1
    outer loop
      vertex 78 80 12
      vertex 79.5867 79.2175 12
      vertex 79.4142 79.4142 12
    endloop
  endfacet
  facet normal -0 0 1
    outer loop
      vertex 61.795 20.675 12
      vertex 80 2 12
      vertex 61.9483 20.9859 12
    endloop
  endfacet
  facet normal 0 0 1
    outer loop
      vertex 78 80 12
      vertex 79.4142 79.4142 12
      vertex 79.2175 79.5867 12
    endloop
  endfacet
  facet normal -0 0 1
    outer loop
      vertex 61.6024 20.3868 12
      vertex 80 2 12
      vertex 61.795 20.675 12
    endloop
  endfacet
  facet normal 0 0 1
    outer loop
      vertex 78 80 12
      vertex 79.2175 79.5867 12
      vertex 79 79.732 12
    endloop
  endfacet
  facet normal -0 0 1
    outer loop
      vertex 61.3738 20.1262 12
      vertex 80 2 12
      vertex 61.6024 20.3868 12
    endloop
  endfacet
  facet normal 0 0 1
    outer loop
      vertex 78 80 12
      vertex 79 79.732 12
      vertex 78.7654 79.8478 12
    endloop
  endfacet
  facet normal 0 -0 1
    outer loop
      vertex 78 0 12
      vertex 80 2 12
      vertex 61.3738 20.1262 12
    endloop
  endfacet
  facet normal 0 0 1
    outer loop
      vertex 78 80 12
      vertex 78.7654 79.8478 12
      vertex 78.5176 79.9319 12
    endloop
  endfacet
  facet normal 0 0 1
    outer loop
      vertex 80 2 12
      vertex 78 0 12
      vertex 79.9829 1.73895 12
    endloop
  endfacet
  facet normal 0 0 1
    outer loop
      vertex 78 80 12
      vertex 78.5176 79.9319 12
      vertex 78.2611 79.9829 12
    endloop
  endfacet
  facet normal 0 0 1
    outer loop
      vertex 79.9319 1.48236 12
      vertex 78 0 12
      vertex 79.8478 1.23463 12
    endloop
  endfacet
  facet normal 0 0 1
    outer loop
      vertex 80 78 12
      vertex 78 80 12
      vertex 61.3738 59.8738 12
    endloop
  endfacet
  facet normal 0 0 1
    outer loop
      vertex 79.8478 1.23463 12
      vertex 78 0 12
      vertex 79.732 1 12
    endloop
  endfacet
  facet normal 0 0 1
    outer loop
      vertex 79.5867 0.782476 12
      vertex 78 0 12
      vertex 79.4142 0.585786 12
    endloop
  endfacet
  facet normal 0 0 1
    outer loop
      vertex 80 78 12
      vertex 62.1273 58.3459 12
      vertex 62.15 58 12
    endloop
  endfacet
  facet normal 0 0 1
    outer loop
      vertex 80 78 12
      vertex 62.0597 58.6859 12
      vertex 62.1273 58.3459 12
    endloop
  endfacet
  facet normal 0 0 1
    outer loop
      vertex 80 78 12
      vertex 61.9483 59.0141 12
      vertex 62.0597 58.6859 12
    endloop
  endfacet
  facet normal 0 0 1
    outer loop
      vertex 80 78 12
      vertex 61.795 59.325 12
      vertex 61.9483 59.0141 12
    endloop
  endfacet
  facet normal 0 0 1
    outer loop
      vertex 80 78 12
      vertex 61.6024 59.6132 12
      vertex 61.795 59.325 12
    endloop
  endfacet
  facet normal 0 0 1
    outer loop
      vertex 80 78 12
      vertex 61.3738 59.8738 12
      vertex 61.6024 59.6132 12
    endloop
  endfacet
  facet normal 0 0 1
    outer loop
      vertex 78 80 12
      vertex 61.1132 60.1024 12
      vertex 61.3738 59.8738 12
    endloop
  endfacet
  facet normal 0 0 1
    outer loop
      vertex 78 80 12
      vertex 60.825 60.295 12
      vertex 61.1132 60.1024 12
    endloop
  endfacet
  facet normal 0 0 1
    outer loop
      vertex 78 80 12
      vertex 60.5141 60.4483 12
      vertex 60.825 60.295 12
    endloop
  endfacet
  facet normal 0 0 1
    outer loop
      vertex 78 80 12
      vertex 60.1859 60.5597 12
      vertex 60.5141 60.4483 12
    endloop
  endfacet
  facet normal 0 0 1
    outer loop
      vertex 78 80 12
      vertex 59.8459 60.6273 12
      vertex 60.1859 60.5597 12
    endloop
  endfacet
  facet normal 0 0 1
    outer loop
      vertex 78 80 12
      vertex 59.5 60.65 12
      vertex 59.8459 60.6273 12
    endloop
  endfacet
  facet normal 0 0 1
    outer loop
      vertex 78 80 12
      vertex 59.1541 60.6273 12
      vertex 59.5 60.65 12
    endloop
  endfacet
  facet normal 0 0 1
    outer loop
      vertex 78 80 12
      vertex 58.8141 60.5597 12
      vertex 59.1541 60.6273 12
    endloop
  endfacet
  facet normal 0 0 1
    outer loop
      vertex 41.1859 60.5597 12
      vertex 58.8141 60.5597 12
      vertex 78 80 12
    endloop
  endfacet
  facet normal 0 0 1
    outer loop
      vertex 58.8141 60.5597 12
      vertex 41.1859 60.5597 12
      vertex 58.4859 60.4483 12
    endloop
  endfacet
  facet normal 0 -0 1
    outer loop
      vertex 41.5141 60.4483 12
      vertex 58.4859 60.4483 12
      vertex 41.1859 60.5597 12
    endloop
  endfacet
  facet normal 0 0 1
    outer loop
      vertex 58.4859 60.4483 12
      vertex 41.5141 60.4483 12
      vertex 58.175 60.295 12
    endloop
  endfacet
  facet normal 0 0 1
    outer loop
      vertex 56.9403 22.6859 12
      vertex 43.15 22 12
      vertex 56.8727 22.3459 12
    endloop
  endfacet
  facet normal 0 0 1
    outer loop
      vertex 56.8727 58.3459 12
      vertex 43.15 58 12
      vertex 56.85 58 12
    endloop
  endfacet
  facet normal 0 0 1
    outer loop
      vertex 43.1273 58.3459 12
      vertex 56.8727 58.3459 12
      vertex 56.9403 58.6859 12
    endloop
  endfacet
  facet normal 0 0 1
    outer loop
      vertex 43.0597 58.6859 12
      vertex 56.9403 58.6859 12
      vertex 57.0517 59.0141 12
    endloop
  endfacet
  facet normal 0 0 1
    outer loop
      vertex 42.9483 59.0141 12
      vertex 57.0517 59.0141 12
      vertex 57.205 59.325 12
    endloop
  endfacet
  facet normal 0 0 1
    outer loop
      vertex 42.795 59.325 12
      vertex 57.205 59.325 12
      vertex 57.3976 59.6132 12
    endloop
  endfacet
  facet normal 0 0 1
    outer loop
      vertex 42.6024 59.6132 12
      vertex 57.3976 59.6132 12
      vertex 57.6262 59.8738 12
    endloop
  endfacet
  facet normal 0 0 1
    outer loop
      vertex 58.175 60.295 12
      vertex 41.825 60.295 12
      vertex 57.8868 60.1024 12
    endloop
  endfacet
  facet normal 0 0 1
    outer loop
      vertex 56.8727 58.3459 12
      vertex 43.1273 58.3459 12
      vertex 43.15 58 12
    endloop
  endfacet
  facet normal 0 0 1
    outer loop
      vertex 56.9403 58.6859 12
      vertex 43.0597 58.6859 12
      vertex 43.1273 58.3459 12
    endloop
  endfacet
  facet normal 0 0 1
    outer loop
      vertex 57.0517 59.0141 12
      vertex 42.9483 59.0141 12
      vertex 43.0597 58.6859 12
    endloop
  endfacet
  facet normal 0 0 1
    outer loop
      vertex 57.205 59.325 12
      vertex 42.795 59.325 12
      vertex 42.9483 59.0141 12
    endloop
  endfacet
  facet normal 0 0 1
    outer loop
      vertex 57.3976 59.6132 12
      vertex 42.6024 59.6132 12
      vertex 42.795 59.325 12
    endloop
  endfacet
  facet normal 0 0 1
    outer loop
      vertex 57.6262 59.8738 12
      vertex 42.3738 59.8738 12
      vertex 42.6024 59.6132 12
    endloop
  endfacet
  facet normal 0 0 1
    outer loop
      vertex 57.6262 59.8738 12
      vertex 42.1132 60.1024 12
      vertex 42.3738 59.8738 12
    endloop
  endfacet
  facet normal 0 0 1
    outer loop
      vertex 57.8868 60.1024 12
      vertex 42.1132 60.1024 12
      vertex 57.6262 59.8738 12
    endloop
  endfacet
  facet normal 0 -0 1
    outer loop
      vertex 42.1132 60.1024 12
      vertex 57.8868 60.1024 12
      vertex 41.825 60.295 12
    endloop
  endfacet
  facet normal 0 -0 1
    outer loop
      vertex 41.825 60.295 12
      vertex 58.175 60.295 12
      vertex 41.5141 60.4483 12
    endloop
  endfacet
  facet normal 0 0 1
    outer loop
      vertex 78 80 12
      vertex 40.8459 60.6273 12
      vertex 41.1859 60.5597 12
    endloop
  endfacet
  facet normal 0 0 1
    outer loop
      vertex 78 80 12
      vertex 40.5 60.65 12
      vertex 40.8459 60.6273 12
    endloop
  endfacet
  facet normal -0 0 1
    outer loop
      vertex 2 80 12
      vertex 40.5 60.65 12
      vertex 78 80 12
    endloop
  endfacet
  facet normal 0 0 1
    outer loop
      vertex 40.5 60.65 12
      vertex 2 80 12
      vertex 40.1541 60.6273 12
    endloop
  endfacet
  facet normal 0 0 1
    outer loop
      vertex 40.1541 60.6273 12
      vertex 2 80 12
      vertex 39.8141 60.5597 12
    endloop
  endfacet
  facet normal 0 0 1
    outer loop
      vertex 39.8141 60.5597 12
      vertex 2 80 12
      vertex 39.4859 60.4483 12
    endloop
  endfacet
  facet normal 0 0 1
    outer loop
      vertex 38.8868 24.1024 12
      vertex 32.1181 30.4911 12
      vertex 38.6262 23.8738 12
    endloop
  endfacet
  facet normal 0 0 1
    outer loop
      vertex 29.5 50.8 12
      vertex 37.85 58 12
      vertex 37.8727 58.3459 12
    endloop
  endfacet
  facet normal 0 0 1
    outer loop
      vertex 29.0693 50.7718 12
      vertex 37.8727 58.3459 12
      vertex 37.9403 58.6859 12
    endloop
  endfacet
  facet normal 0 0 1
    outer loop
      vertex 28.6459 50.6876 12
      vertex 37.9403 58.6859 12
      vertex 38.0517 59.0141 12
    endloop
  endfacet
  facet normal 0 0 1
    outer loop
      vertex 40.5 55.35 12
      vertex 32.7718 47.9307 12
      vertex 32.8 47.5 12
    endloop
  endfacet
  facet normal 0 0 1
    outer loop
      vertex 39.8141 55.4403 12
      vertex 32.6876 48.3541 12
      vertex 32.7718 47.9307 12
    endloop
  endfacet
  facet normal 0 0 1
    outer loop
      vertex 28.6459 50.6876 12
      vertex 38.0517 59.0141 12
      vertex 38.205 59.325 12
    endloop
  endfacet
  facet normal 0 0 1
    outer loop
      vertex 39.4859 55.5517 12
      vertex 32.5488 48.7629 12
      vertex 32.6876 48.3541 12
    endloop
  endfacet
  facet normal 0 0 1
    outer loop
      vertex 39.175 55.705 12
      vertex 32.3579 49.15 12
      vertex 32.5488 48.7629 12
    endloop
  endfacet
  facet normal 0 0 1
    outer loop
      vertex 38.8868 55.8976 12
      vertex 32.1181 49.5089 12
      vertex 32.3579 49.15 12
    endloop
  endfacet
  facet normal 0 0 1
    outer loop
      vertex 38.6262 56.1262 12
      vertex 31.8335 49.8335 12
      vertex 32.1181 49.5089 12
    endloop
  endfacet
  facet normal 0 0 1
    outer loop
      vertex 2 80 12
      vertex 38.205 59.325 12
      vertex 38.3976 59.6132 12
    endloop
  endfacet
  facet normal 0 0 1
    outer loop
      vertex 38.3976 56.3868 12
      vertex 31.5089 50.1181 12
      vertex 31.8335 49.8335 12
    endloop
  endfacet
  facet normal 0 0 1
    outer loop
      vertex 38.205 56.675 12
      vertex 31.15 50.3579 12
      vertex 31.5089 50.1181 12
    endloop
  endfacet
  facet normal 0 0 1
    outer loop
      vertex 38.0517 56.9859 12
      vertex 30.7629 50.5488 12
      vertex 31.15 50.3579 12
    endloop
  endfacet
  facet normal 0 0 1
    outer loop
      vertex 37.9403 57.3141 12
      vertex 30.3541 50.6876 12
      vertex 30.7629 50.5488 12
    endloop
  endfacet
  facet normal 0 0 1
    outer loop
      vertex 2 80 12
      vertex 38.3976 59.6132 12
      vertex 38.6262 59.8738 12
    endloop
  endfacet
  facet normal 0 0 1
    outer loop
      vertex 37.8727 57.6541 12
      vertex 29.9307 50.7718 12
      vertex 30.3541 50.6876 12
    endloop
  endfacet
  facet normal 0 0 1
    outer loop
      vertex 37.85 58 12
      vertex 29.5 50.8 12
      vertex 29.9307 50.7718 12
    endloop
  endfacet
  facet normal 0 0 1
    outer loop
      vertex 37.8727 58.3459 12
      vertex 29.0693 50.7718 12
      vertex 29.5 50.8 12
    endloop
  endfacet
  facet normal 0 0 1
    outer loop
      vertex 37.9403 58.6859 12
      vertex 28.6459 50.6876 12
      vertex 29.0693 50.7718 12
    endloop
  endfacet
  facet normal 0 0 1
    outer loop
      vertex 38.205 59.325 12
      vertex 28.2371 50.5488 12
      vertex 28.6459 50.6876 12
    endloop
  endfacet
  facet normal 0 0 1
    outer loop
      vertex 38.205 59.325 12
      vertex 2 80 12
      vertex 28.2371 50.5488 12
    endloop
  endfacet
  facet normal 0 -0 1
    outer loop
      vertex 11.7629 50.5488 12
      vertex 28.2371 50.5488 12
      vertex 2 80 12
    endloop
  endfacet
  facet normal 0 0 1
    outer loop
      vertex 2 80 12
      vertex 38.6262 59.8738 12
      vertex 38.8868 60.1024 12
    endloop
  endfacet
  facet normal 0 0 1
    outer loop
      vertex 26.3124 33.3541 12
      vertex 13.8 32.5 12
      vertex 26.2282 32.9307 12
    endloop
  endfacet
  facet normal 0 0 1
    outer loop
      vertex 26.2282 47.9307 12
      vertex 13.8 47.5 12
      vertex 26.2 47.5 12
    endloop
  endfacet
  facet normal 0 0 1
    outer loop
      vertex 13.7718 47.9307 12
      vertex 26.2282 47.9307 12
      vertex 26.3124 48.3541 12
    endloop
  endfacet
  facet normal 0 0 1
    outer loop
      vertex 13.6876 48.3541 12
      vertex 26.3124 48.3541 12
      vertex 26.4512 48.7629 12
    endloop
  endfacet
  facet normal 0 0 1
    outer loop
      vertex 13.5488 48.7629 12
      vertex 26.4512 48.7629 12
      vertex 26.6421 49.15 12
    endloop
  endfacet
  facet normal 0 0 1
    outer loop
      vertex 13.3579 49.15 12
      vertex 26.6421 49.15 12
      vertex 26.8819 49.5089 12
    endloop
  endfacet
  facet normal 0 0 1
    outer loop
      vertex 13.1181 49.5089 12
      vertex 26.8819 49.5089 12
      vertex 27.1665 49.8335 12
    endloop
  endfacet
  facet normal 0 0 1
    outer loop
      vertex 12.8335 49.8335 12
      vertex 27.1665 49.8335 12
      vertex 27.4911 50.1181 12
    endloop
  endfacet
  facet normal 0 -0 1
    outer loop
      vertex 12.15 50.3579 12
      vertex 27.85 50.3579 12
      vertex 11.7629 50.5488 12
    endloop
  endfacet
  facet normal 0 0 1
    outer loop
      vertex 2 80 12
      vertex 38.8868 60.1024 12
      vertex 39.175 60.295 12
    endloop
  endfacet
  facet normal 0 0 1
    outer loop
      vertex 39.4859 60.4483 12
      vertex 2 80 12
      vertex 39.175 60.295 12
    endloop
  endfacet
  facet normal 0 0 1
    outer loop
      vertex 26.2282 47.9307 12
      vertex 13.7718 47.9307 12
      vertex 13.8 47.5 12
    endloop
  endfacet
  facet normal 0 0 1
    outer loop
      vertex 26.3124 48.3541 12
      vertex 13.6876 48.3541 12
      vertex 13.7718 47.9307 12
    endloop
  endfacet
  facet normal 0 0 1
    outer loop
      vertex 26.4512 48.7629 12
      vertex 13.5488 48.7629 12
      vertex 13.6876 48.3541 12
    endloop
  endfacet
  facet normal 0 0 1
    outer loop
      vertex 26.6421 49.15 12
      vertex 13.3579 49.15 12
      vertex 13.5488 48.7629 12
    endloop
  endfacet
  facet normal 0 0 1
    outer loop
      vertex 26.8819 49.5089 12
      vertex 13.1181 49.5089 12
      vertex 13.3579 49.15 12
    endloop
  endfacet
  facet normal 0 0 1
    outer loop
      vertex 27.1665 49.8335 12
      vertex 12.8335 49.8335 12
      vertex 13.1181 49.5089 12
    endloop
  endfacet
  facet normal 0 0 1
    outer loop
      vertex 28.2371 50.5488 12
      vertex 11.7629 50.5488 12
      vertex 27.85 50.3579 12
    endloop
  endfacet
  facet normal 0 0 1
    outer loop
      vertex 27.4911 50.1181 12
      vertex 12.5089 50.1181 12
      vertex 12.8335 49.8335 12
    endloop
  endfacet
  facet normal 0 0 1
    outer loop
      vertex 27.4911 50.1181 12
      vertex 12.15 50.3579 12
      vertex 12.5089 50.1181 12
    endloop
  endfacet
  facet normal 0 0 1
    outer loop
      vertex 27.85 50.3579 12
      vertex 12.15 50.3579 12
      vertex 27.4911 50.1181 12
    endloop
  endfacet
  facet normal 0 0 1
    outer loop
      vertex 11.7629 50.5488 12
      vertex 2 80 12
      vertex 11.3541 50.6876 12
    endloop
  endfacet
  facet normal 0 0 1
    outer loop
      vertex 11.3541 50.6876 12
      vertex 2 80 12
      vertex 10.9307 50.7718 12
    endloop
  endfacet
  facet normal -0 0 1
    outer loop
      vertex 0 78 12
      vertex 10.9307 50.7718 12
      vertex 2 80 12
    endloop
  endfacet
  facet normal 0 0 1
    outer loop
      vertex 10.9307 50.7718 12
      vertex 0 78 12
      vertex 10.5 50.8 12
    endloop
  endfacet
  facet normal 0 0 1
    outer loop
      vertex 10.5 50.8 12
      vertex 0 78 12
      vertex 10.0693 50.7718 12
    endloop
  endfacet
  facet normal 0 0 1
    outer loop
      vertex 7.22823 47.9307 12
      vertex 0 78 12
      vertex 7.2 47.5 12
    endloop
  endfacet
  facet normal 0 0 1
    outer loop
      vertex 7.31244 48.3541 12
      vertex 0 78 12
      vertex 7.22823 47.9307 12
    endloop
  endfacet
  facet normal 0 0 1
    outer loop
      vertex 7.4512 48.7629 12
      vertex 0 78 12
      vertex 7.31244 48.3541 12
    endloop
  endfacet
  facet normal 0 0 1
    outer loop
      vertex 7.64212 49.15 12
      vertex 0 78 12
      vertex 7.4512 48.7629 12
    endloop
  endfacet
  facet normal 0 0 1
    outer loop
      vertex 7.88193 49.5089 12
      vertex 0 78 12
      vertex 7.64212 49.15 12
    endloop
  endfacet
  facet normal 0 0 1
    outer loop
      vertex 8.16655 49.8335 12
      vertex 0 78 12
      vertex 7.88193 49.5089 12
    endloop
  endfacet
  facet normal 0 0 1
    outer loop
      vertex 8.49109 50.1181 12
      vertex 0 78 12
      vertex 8.16655 49.8335 12
    endloop
  endfacet
  facet normal 0 0 1
    outer loop
      vertex 8.85 50.3579 12
      vertex 0 78 12
      vertex 8.49109 50.1181 12
    endloop
  endfacet
  facet normal 0 0 1
    outer loop
      vertex 9.23714 50.5488 12
      vertex 0 78 12
      vertex 8.85 50.3579 12
    endloop
  endfacet
  facet normal 0 0 1
    outer loop
      vertex 9.6459 50.6876 12
      vertex 0 78 12
      vertex 9.23714 50.5488 12
    endloop
  endfacet
  facet normal 0 0 1
    outer loop
      vertex 10.0693 50.7718 12
      vertex 0 78 12
      vertex 9.6459 50.6876 12
    endloop
  endfacet
  facet normal 0 0 1
    outer loop
      vertex 79.4142 0.585786 12
      vertex 78 0 12
      vertex 79.2175 0.413293 12
    endloop
  endfacet
  facet normal 0 0 1
    outer loop
      vertex 79 0.267949 12
      vertex 78 0 12
      vertex 78.7654 0.152241 12
    endloop
  endfacet
  facet normal 0 0 1
    outer loop
      vertex 78.5176 0.0681477 12
      vertex 78 0 12
      vertex 78.2611 0.0171099 12
    endloop
  endfacet
  facet normal 0 0 1
    outer loop
      vertex 78.7654 0.152241 12
      vertex 78 0 12
      vertex 78.5176 0.0681477 12
    endloop
  endfacet
  facet normal 0 0 1
    outer loop
      vertex 79.2175 0.413293 12
      vertex 78 0 12
      vertex 79 0.267949 12
    endloop
  endfacet
  facet normal 0 0 1
    outer loop
      vertex 79.732 1 12
      vertex 78 0 12
      vertex 79.5867 0.782476 12
    endloop
  endfacet
  facet normal 0 0 1
    outer loop
      vertex 79.9829 1.73895 12
      vertex 78 0 12
      vertex 79.9319 1.48236 12
    endloop
  endfacet
  facet normal -0 0 1
    outer loop
      vertex 61.1132 19.8976 12
      vertex 78 0 12
      vertex 61.3738 20.1262 12
    endloop
  endfacet
  facet normal -0 0 1
    outer loop
      vertex 60.825 19.705 12
      vertex 78 0 12
      vertex 61.1132 19.8976 12
    endloop
  endfacet
  facet normal -0 0 1
    outer loop
      vertex 60.5141 19.5517 12
      vertex 78 0 12
      vertex 60.825 19.705 12
    endloop
  endfacet
  facet normal -0 0 1
    outer loop
      vertex 60.1859 19.4403 12
      vertex 78 0 12
      vertex 60.5141 19.5517 12
    endloop
  endfacet
  facet normal -0 0 1
    outer loop
      vertex 59.8459 19.3727 12
      vertex 78 0 12
      vertex 60.1859 19.4403 12
    endloop
  endfacet
  facet normal -0 0 1
    outer loop
      vertex 59.5 19.35 12
      vertex 78 0 12
      vertex 59.8459 19.3727 12
    endloop
  endfacet
  facet normal 0 0 1
    outer loop
      vertex 59.1541 19.3727 12
      vertex 78 0 12
      vertex 59.5 19.35 12
    endloop
  endfacet
  facet normal 0 0 1
    outer loop
      vertex 58.8141 19.4403 12
      vertex 78 0 12
      vertex 59.1541 19.3727 12
    endloop
  endfacet
  facet normal 0 0 1
    outer loop
      vertex 41.1859 19.4403 12
      vertex 58.8141 19.4403 12
      vertex 58.4859 19.5517 12
    endloop
  endfacet
  facet normal 0 0 1
    outer loop
      vertex 41.5141 19.5517 12
      vertex 58.4859 19.5517 12
      vertex 58.175 19.705 12
    endloop
  endfacet
  facet normal 0 0 1
    outer loop
      vertex 41.825 19.705 12
      vertex 58.175 19.705 12
      vertex 57.8868 19.8976 12
    endloop
  endfacet
  facet normal 0 0 1
    outer loop
      vertex 42.1132 19.8976 12
      vertex 57.8868 19.8976 12
      vertex 57.6262 20.1262 12
    endloop
  endfacet
  facet normal 0 0 1
    outer loop
      vertex 56.8727 22.3459 12
      vertex 43.15 22 12
      vertex 56.85 22 12
    endloop
  endfacet
  facet normal 0 0 1
    outer loop
      vertex 56.85 22 12
      vertex 43.15 22 12
      vertex 56.8727 21.6541 12
    endloop
  endfacet
  facet normal 0 0 1
    outer loop
      vertex 43.1273 21.6541 12
      vertex 56.8727 21.6541 12
      vertex 43.15 22 12
    endloop
  endfacet
  facet normal 0 0 1
    outer loop
      vertex 56.8727 21.6541 12
      vertex 43.1273 21.6541 12
      vertex 56.9403 21.3141 12
    endloop
  endfacet
  facet normal 0 0 1
    outer loop
      vertex 43.0597 21.3141 12
      vertex 56.9403 21.3141 12
      vertex 43.1273 21.6541 12
    endloop
  endfacet
  facet normal 0 0 1
    outer loop
      vertex 56.9403 21.3141 12
      vertex 43.0597 21.3141 12
      vertex 57.0517 20.9859 12
    endloop
  endfacet
  facet normal 0 0 1
    outer loop
      vertex 42.9483 20.9859 12
      vertex 57.0517 20.9859 12
      vertex 43.0597 21.3141 12
    endloop
  endfacet
  facet normal 0 0 1
    outer loop
      vertex 57.0517 20.9859 12
      vertex 42.9483 20.9859 12
      vertex 57.205 20.675 12
    endloop
  endfacet
  facet normal 0 0 1
    outer loop
      vertex 42.795 20.675 12
      vertex 57.205 20.675 12
      vertex 42.9483 20.9859 12
    endloop
  endfacet
  facet normal 0 0 1
    outer loop
      vertex 57.205 20.675 12
      vertex 42.795 20.675 12
      vertex 57.3976 20.3868 12
    endloop
  endfacet
  facet normal 0 0 1
    outer loop
      vertex 42.6024 20.3868 12
      vertex 57.3976 20.3868 12
      vertex 42.795 20.675 12
    endloop
  endfacet
  facet normal 0 0 1
    outer loop
      vertex 57.3976 20.3868 12
      vertex 42.6024 20.3868 12
      vertex 57.6262 20.1262 12
    endloop
  endfacet
  facet normal 0 0 1
    outer loop
      vertex 42.3738 20.1262 12
      vertex 57.6262 20.1262 12
      vertex 42.6024 20.3868 12
    endloop
  endfacet
  facet normal 0 0 1
    outer loop
      vertex 42.1132 19.8976 12
      vertex 57.6262 20.1262 12
      vertex 42.3738 20.1262 12
    endloop
  endfacet
  facet normal 0 0 1
    outer loop
      vertex 57.8868 19.8976 12
      vertex 42.1132 19.8976 12
      vertex 41.825 19.705 12
    endloop
  endfacet
  facet normal 0 0 1
    outer loop
      vertex 58.175 19.705 12
      vertex 41.825 19.705 12
      vertex 41.5141 19.5517 12
    endloop
  endfacet
  facet normal 0 0 1
    outer loop
      vertex 58.4859 19.5517 12
      vertex 41.5141 19.5517 12
      vertex 41.1859 19.4403 12
    endloop
  endfacet
  facet normal 0 0 1
    outer loop
      vertex 58.8141 19.4403 12
      vertex 41.1859 19.4403 12
      vertex 78 0 12
    endloop
  endfacet
  facet normal -0 0 1
    outer loop
      vertex 40.8459 19.3727 12
      vertex 78 0 12
      vertex 41.1859 19.4403 12
    endloop
  endfacet
  facet normal -0 0 1
    outer loop
      vertex 40.5 19.35 12
      vertex 78 0 12
      vertex 40.8459 19.3727 12
    endloop
  endfacet
  facet normal 0 0 1
    outer loop
      vertex 2 0 12
      vertex 40.5 19.35 12
      vertex 40.1541 19.3727 12
    endloop
  endfacet
  facet normal 0 0 1
    outer loop
      vertex 2 0 12
      vertex 40.1541 19.3727 12
      vertex 39.8141 19.4403 12
    endloop
  endfacet
  facet normal 0 0 1
    outer loop
      vertex 2 0 12
      vertex 39.8141 19.4403 12
      vertex 39.4859 19.5517 12
    endloop
  endfacet
  facet normal 0 0 1
    outer loop
      vertex 2 0 12
      vertex 39.4859 19.5517 12
      vertex 39.175 19.705 12
    endloop
  endfacet
  facet normal -0 0 1
    outer loop
      vertex 31.8335 30.1665 12
      vertex 38.6262 23.8738 12
      vertex 32.1181 30.4911 12
    endloop
  endfacet
  facet normal 0 0 1
    outer loop
      vertex 38.6262 23.8738 12
      vertex 31.8335 30.1665 12
      vertex 38.3976 23.6132 12
    endloop
  endfacet
  facet normal -0 0 1
    outer loop
      vertex 31.5089 29.8819 12
      vertex 38.3976 23.6132 12
      vertex 31.8335 30.1665 12
    endloop
  endfacet
  facet normal 0 0 1
    outer loop
      vertex 38.3976 23.6132 12
      vertex 31.5089 29.8819 12
      vertex 38.205 23.325 12
    endloop
  endfacet
  facet normal -0 0 1
    outer loop
      vertex 31.15 29.6421 12
      vertex 38.205 23.325 12
      vertex 31.5089 29.8819 12
    endloop
  endfacet
  facet normal 0 0 1
    outer loop
      vertex 38.205 23.325 12
      vertex 31.15 29.6421 12
      vertex 38.0517 23.0141 12
    endloop
  endfacet
  facet normal -0 0 1
    outer loop
      vertex 30.7629 29.4512 12
      vertex 38.0517 23.0141 12
      vertex 31.15 29.6421 12
    endloop
  endfacet
  facet normal 0 0 1
    outer loop
      vertex 38.0517 23.0141 12
      vertex 30.7629 29.4512 12
      vertex 37.9403 22.6859 12
    endloop
  endfacet
  facet normal -0 0 1
    outer loop
      vertex 30.3541 29.3124 12
      vertex 37.9403 22.6859 12
      vertex 30.7629 29.4512 12
    endloop
  endfacet
  facet normal 0 0 1
    outer loop
      vertex 37.9403 22.6859 12
      vertex 30.3541 29.3124 12
      vertex 37.8727 22.3459 12
    endloop
  endfacet
  facet normal -0 0 1
    outer loop
      vertex 29.9307 29.2282 12
      vertex 37.8727 22.3459 12
      vertex 30.3541 29.3124 12
    endloop
  endfacet
  facet normal 0 0 1
    outer loop
      vertex 37.8727 22.3459 12
      vertex 29.9307 29.2282 12
      vertex 37.85 22 12
    endloop
  endfacet
  facet normal -0 0 1
    outer loop
      vertex 29.5 29.2 12
      vertex 37.85 22 12
      vertex 29.9307 29.2282 12
    endloop
  endfacet
  facet normal 0 0 1
    outer loop
      vertex 37.85 22 12
      vertex 29.5 29.2 12
      vertex 37.8727 21.6541 12
    endloop
  endfacet
  facet normal 0 0 1
    outer loop
      vertex 29.0693 29.2282 12
      vertex 37.8727 21.6541 12
      vertex 29.5 29.2 12
    endloop
  endfacet
  facet normal 0 0 1
    outer loop
      vertex 37.8727 21.6541 12
      vertex 29.0693 29.2282 12
      vertex 37.9403 21.3141 12
    endloop
  endfacet
  facet normal 0 0 1
    outer loop
      vertex 28.6459 29.3124 12
      vertex 37.9403 21.3141 12
      vertex 29.0693 29.2282 12
    endloop
  endfacet
  facet normal 0 0 1
    outer loop
      vertex 37.9403 21.3141 12
      vertex 28.6459 29.3124 12
      vertex 38.0517 20.9859 12
    endloop
  endfacet
  facet normal 0 0 1
    outer loop
      vertex 38.0517 20.9859 12
      vertex 28.6459 29.3124 12
      vertex 38.205 20.675 12
    endloop
  endfacet
  facet normal 0 0 1
    outer loop
      vertex 28.2371 29.4512 12
      vertex 38.205 20.675 12
      vertex 28.6459 29.3124 12
    endloop
  endfacet
  facet normal 0 0 1
    outer loop
      vertex 2 0 12
      vertex 38.205 20.675 12
      vertex 28.2371 29.4512 12
    endloop
  endfacet
  facet normal 0 0 1
    outer loop
      vertex 38.205 20.675 12
      vertex 2 0 12
      vertex 38.3976 20.3868 12
    endloop
  endfacet
  facet normal 0 0 1
    outer loop
      vertex 11.7629 29.4512 12
      vertex 28.2371 29.4512 12
      vertex 27.85 29.6421 12
    endloop
  endfacet
  facet normal 0 0 1
    outer loop
      vertex 12.15 29.6421 12
      vertex 27.85 29.6421 12
      vertex 27.4911 29.8819 12
    endloop
  endfacet
  facet normal 0 0 1
    outer loop
      vertex 28.2371 29.4512 12
      vertex 11.7629 29.4512 12
      vertex 2 0 12
    endloop
  endfacet
  facet normal 0 0 1
    outer loop
      vertex 26.2282 32.9307 12
      vertex 13.8 32.5 12
      vertex 26.2 32.5 12
    endloop
  endfacet
  facet normal 0 0 1
    outer loop
      vertex 26.2 32.5 12
      vertex 13.8 32.5 12
      vertex 26.2282 32.0693 12
    endloop
  endfacet
  facet normal 0 0 1
    outer loop
      vertex 13.7718 32.0693 12
      vertex 26.2282 32.0693 12
      vertex 13.8 32.5 12
    endloop
  endfacet
  facet normal 0 0 1
    outer loop
      vertex 26.2282 32.0693 12
      vertex 13.7718 32.0693 12
      vertex 26.3124 31.6459 12
    endloop
  endfacet
  facet normal 0 0 1
    outer loop
      vertex 13.6876 31.6459 12
      vertex 26.3124 31.6459 12
      vertex 13.7718 32.0693 12
    endloop
  endfacet
  facet normal 0 0 1
    outer loop
      vertex 26.3124 31.6459 12
      vertex 13.6876 31.6459 12
      vertex 26.4512 31.2371 12
    endloop
  endfacet
  facet normal 0 0 1
    outer loop
      vertex 13.5488 31.2371 12
      vertex 26.4512 31.2371 12
      vertex 13.6876 31.6459 12
    endloop
  endfacet
  facet normal 0 0 1
    outer loop
      vertex 26.4512 31.2371 12
      vertex 13.5488 31.2371 12
      vertex 26.6421 30.85 12
    endloop
  endfacet
  facet normal 0 0 1
    outer loop
      vertex 13.3579 30.85 12
      vertex 26.6421 30.85 12
      vertex 13.5488 31.2371 12
    endloop
  endfacet
  facet normal 0 0 1
    outer loop
      vertex 26.6421 30.85 12
      vertex 13.3579 30.85 12
      vertex 26.8819 30.4911 12
    endloop
  endfacet
  facet normal 0 0 1
    outer loop
      vertex 13.1181 30.4911 12
      vertex 26.8819 30.4911 12
      vertex 13.3579 30.85 12
    endloop
  endfacet
  facet normal 0 0 1
    outer loop
      vertex 26.8819 30.4911 12
      vertex 13.1181 30.4911 12
      vertex 27.1665 30.1665 12
    endloop
  endfacet
  facet normal 0 0 1
    outer loop
      vertex 12.8335 30.1665 12
      vertex 27.1665 30.1665 12
      vertex 13.1181 30.4911 12
    endloop
  endfacet
  facet normal 0 0 1
    outer loop
      vertex 27.1665 30.1665 12
      vertex 12.8335 30.1665 12
      vertex 27.4911 29.8819 12
    endloop
  endfacet
  facet normal 0 0 1
    outer loop
      vertex 12.5089 29.8819 12
      vertex 27.4911 29.8819 12
      vertex 12.8335 30.1665 12
    endloop
  endfacet
  facet normal 0 0 1
    outer loop
      vertex 12.15 29.6421 12
      vertex 27.4911 29.8819 12
      vertex 12.5089 29.8819 12
    endloop
  endfacet
  facet normal 0 0 1
    outer loop
      vertex 27.85 29.6421 12
      vertex 12.15 29.6421 12
      vertex 11.7629 29.4512 12
    endloop
  endfacet
  facet normal 0 0 1
    outer loop
      vertex 38.3976 20.3868 12
      vertex 2 0 12
      vertex 38.6262 20.1262 12
    endloop
  endfacet
  facet normal 0 0 1
    outer loop
      vertex 38.6262 20.1262 12
      vertex 2 0 12
      vertex 38.8868 19.8976 12
    endloop
  endfacet
  facet normal 0 0 1
    outer loop
      vertex 38.8868 19.8976 12
      vertex 2 0 12
      vertex 39.175 19.705 12
    endloop
  endfacet
  facet normal 0 0 1
    outer loop
      vertex 2 0 12
      vertex 11.7629 29.4512 12
      vertex 11.3541 29.3124 12
    endloop
  endfacet
  facet normal 0 0 1
    outer loop
      vertex 2 0 12
      vertex 11.3541 29.3124 12
      vertex 10.9307 29.2282 12
    endloop
  endfacet
  facet normal 0 0 1
    outer loop
      vertex 0 2 12
      vertex 10.9307 29.2282 12
      vertex 10.5 29.2 12
    endloop
  endfacet
  facet normal 0 0 1
    outer loop
      vertex 0 2 12
      vertex 10.5 29.2 12
      vertex 10.0693 29.2282 12
    endloop
  endfacet
  facet normal 0 0 1
    outer loop
      vertex 0 2 12
      vertex 10.0693 29.2282 12
      vertex 9.6459 29.3124 12
    endloop
  endfacet
  facet normal 0 0 1
    outer loop
      vertex 0 2 12
      vertex 9.6459 29.3124 12
      vertex 9.23714 29.4512 12
    endloop
  endfacet
  facet normal 0 0 1
    outer loop
      vertex 7.2 47.5 12
      vertex 0 78 12
      vertex 7.2 32.5 12
    endloop
  endfacet
  facet normal 0 0 1
    outer loop
      vertex 40.5 19.35 12
      vertex 2 0 12
      vertex 78 0 12
    endloop
  endfacet
  facet normal 0 0 1
    outer loop
      vertex 0 2 12
      vertex 9.23714 29.4512 12
      vertex 8.85 29.6421 12
    endloop
  endfacet
  facet normal 0 0 1
    outer loop
      vertex 0 2 12
      vertex 8.85 29.6421 12
      vertex 8.49109 29.8819 12
    endloop
  endfacet
  facet normal 0 0 1
    outer loop
      vertex 0 2 12
      vertex 8.49109 29.8819 12
      vertex 8.16655 30.1665 12
    endloop
  endfacet
  facet normal 0 0 1
    outer loop
      vertex 0 2 12
      vertex 8.16655 30.1665 12
      vertex 7.88193 30.4911 12
    endloop
  endfacet
  facet normal 0 0 1
    outer loop
      vertex 0 2 12
      vertex 7.88193 30.4911 12
      vertex 7.64212 30.85 12
    endloop
  endfacet
  facet normal 0 0 1
    outer loop
      vertex 0 2 12
      vertex 7.64212 30.85 12
      vertex 7.4512 31.2371 12
    endloop
  endfacet
  facet normal 0 0 1
    outer loop
      vertex 0 2 12
      vertex 7.4512 31.2371 12
      vertex 7.31244 31.6459 12
    endloop
  endfacet
  facet normal 0 0 1
    outer loop
      vertex 0 2 12
      vertex 7.31244 31.6459 12
      vertex 7.22823 32.0693 12
    endloop
  endfacet
  facet normal 0 0 1
    outer loop
      vertex 0 2 12
      vertex 7.2 32.5 12
      vertex 0 78 12
    endloop
  endfacet
  facet normal 0 0 1
    outer loop
      vertex 0 78 12
      vertex 2 80 12
      vertex 1.73895 79.9829 12
    endloop
  endfacet
  facet normal 0 0 1
    outer loop
      vertex 7.2 32.5 12
      vertex 0 2 12
      vertex 7.22823 32.0693 12
    endloop
  endfacet
  facet normal 0 0 1
    outer loop
      vertex 0 78 12
      vertex 1.73895 79.9829 12
      vertex 1.48236 79.9319 12
    endloop
  endfacet
  facet normal 0 0 1
    outer loop
      vertex 10.9307 29.2282 12
      vertex 0 2 12
      vertex 2 0 12
    endloop
  endfacet
  facet normal 0 0 1
    outer loop
      vertex 0 78 12
      vertex 1.48236 79.9319 12
      vertex 1.23463 79.8478 12
    endloop
  endfacet
  facet normal 0 0 1
    outer loop
      vertex 2 0 12
      vertex 0 2 12
      vertex 1.73895 0.0171099 12
    endloop
  endfacet
  facet normal 0 0 1
    outer loop
      vertex 0 78 12
      vertex 1.23463 79.8478 12
      vertex 1 79.732 12
    endloop
  endfacet
  facet normal 0 0 1
    outer loop
      vertex 1.73895 0.0171099 12
      vertex 0 2 12
      vertex 1.48236 0.0681477 12
    endloop
  endfacet
  facet normal 0 0 1
    outer loop
      vertex 0 78 12
      vertex 1 79.732 12
      vertex 0.782476 79.5867 12
    endloop
  endfacet
  facet normal 0 0 1
    outer loop
      vertex 1.48236 0.0681477 12
      vertex 0 2 12
      vertex 1.23463 0.152241 12
    endloop
  endfacet
  facet normal 0 0 1
    outer loop
      vertex 0 78 12
      vertex 0.782476 79.5867 12
      vertex 0.585786 79.4142 12
    endloop
  endfacet
  facet normal 0 0 1
    outer loop
      vertex 1.23463 0.152241 12
      vertex 0 2 12
      vertex 1 0.267949 12
    endloop
  endfacet
  facet normal 0 0 1
    outer loop
      vertex 0 78 12
      vertex 0.585786 79.4142 12
      vertex 0.413293 79.2175 12
    endloop
  endfacet
  facet normal 0 0 1
    outer loop
      vertex 1 0.267949 12
      vertex 0 2 12
      vertex 0.782476 0.413293 12
    endloop
  endfacet
  facet normal 0 0 1
    outer loop
      vertex 0 78 12
      vertex 0.413293 79.2175 12
      vertex 0.267949 79 12
    endloop
  endfacet
  facet normal 0 0 1
    outer loop
      vertex 0.782476 0.413293 12
      vertex 0 2 12
      vertex 0.585786 0.585786 12
    endloop
  endfacet
  facet normal 0 0 1
    outer loop
      vertex 0 78 12
      vertex 0.267949 79 12
      vertex 0.152241 78.7654 12
    endloop
  endfacet
  facet normal 0 0 1
    outer loop
      vertex 0.585786 0.585786 12
      vertex 0 2 12
      vertex 0.413293 0.782476 12
    endloop
  endfacet
  facet normal 0 0 1
    outer loop
      vertex 0 78 12
      vertex 0.152241 78.7654 12
      vertex 0.0681477 78.5176 12
    endloop
  endfacet
  facet normal 0 0 1
    outer loop
      vertex 0.413293 0.782476 12
      vertex 0 2 12
      vertex 0.267949 1 12
    endloop
  endfacet
  facet normal 0 0 1
    outer loop
      vertex 0 78 12
      vertex 0.0681477 78.5176 12
      vertex 0.0171099 78.2611 12
    endloop
  endfacet
  facet normal 0 0 1
    outer loop
      vertex 0.267949 1 12
      vertex 0 2 12
      vertex 0.152241 1.23463 12
    endloop
  endfacet
  facet normal 0 0 1
    outer loop
      vertex 0.152241 1.23463 12
      vertex 0 2 12
      vertex 0.0681477 1.48236 12
    endloop
  endfacet
  facet normal 0 0 1
    outer loop
      vertex 0.0681477 1.48236 12
      vertex 0 2 12
      vertex 0.0171099 1.73895 12
    endloop
  endfacet
  facet normal -0.99786 0.0653898 0
    outer loop
      vertex 0 78 0
      vertex 0.0171099 78.2611 12
      vertex 0.0171099 78.2611 0
    endloop
  endfacet
  facet normal -0.99786 0.0653898 0
    outer loop
      vertex 0.0171099 78.2611 12
      vertex 0 78 0
      vertex 0 78 12
    endloop
  endfacet
  facet normal -0.195086 -0.980786 0
    outer loop
      vertex 1.48236 0.0681477 0
      vertex 1.73895 0.0171099 12
      vertex 1.48236 0.0681477 12
    endloop
  endfacet
  facet normal -0.195086 -0.980786 -0
    outer loop
      vertex 1.73895 0.0171099 12
      vertex 1.48236 0.0681477 0
      vertex 1.73895 0.0171099 0
    endloop
  endfacet
  facet normal -0.980786 -0.195086 0
    outer loop
      vertex 0.0681477 1.48236 0
      vertex 0.0171099 1.73895 12
      vertex 0.0171099 1.73895 0
    endloop
  endfacet
  facet normal -0.980786 -0.195086 0
    outer loop
      vertex 0.0171099 1.73895 12
      vertex 0.0681477 1.48236 0
      vertex 0.0681477 1.48236 12
    endloop
  endfacet
  facet normal 0 1 -0
    outer loop
      vertex 78 80 0
      vertex 2 80 12
      vertex 78 80 12
    endloop
  endfacet
  facet normal 0 1 0
    outer loop
      vertex 2 80 12
      vertex 78 80 0
      vertex 2 80 0
    endloop
  endfacet
  facet normal 0.0653898 -0.99786 0
    outer loop
      vertex 78 0 0
      vertex 78.2611 0.0171099 12
      vertex 78 0 12
    endloop
  endfacet
  facet normal 0.0653898 -0.99786 0
    outer loop
      vertex 78.2611 0.0171099 12
      vertex 78 0 0
      vertex 78.2611 0.0171099 0
    endloop
  endfacet
  facet normal 0.659328 -0.751855 0
    outer loop
      vertex 79.2175 0.413293 0
      vertex 79.4142 0.585786 12
      vertex 79.2175 0.413293 12
    endloop
  endfacet
  facet normal 0.659328 -0.751855 0
    outer loop
      vertex 79.4142 0.585786 12
      vertex 79.2175 0.413293 0
      vertex 79.4142 0.585786 0
    endloop
  endfacet
  facet normal 0.946922 -0.321463 0
    outer loop
      vertex 79.8478 1.23463 12
      vertex 79.9319 1.48236 0
      vertex 79.9319 1.48236 12
    endloop
  endfacet
  facet normal 0.946922 -0.321463 0
    outer loop
      vertex 79.9319 1.48236 0
      vertex 79.8478 1.23463 12
      vertex 79.8478 1.23463 0
    endloop
  endfacet
  facet normal 0.751826 -0.659362 0
    outer loop
      vertex 79.4142 0.585786 12
      vertex 79.5867 0.782476 0
      vertex 79.5867 0.782476 12
    endloop
  endfacet
  facet normal 0.751826 -0.659362 0
    outer loop
      vertex 79.5867 0.782476 0
      vertex 79.4142 0.585786 12
      vertex 79.4142 0.585786 0
    endloop
  endfacet
  facet normal -0.896848 0.442338 0
    outer loop
      vertex 0.152241 78.7654 0
      vertex 0.267949 79 12
      vertex 0.267949 79 0
    endloop
  endfacet
  facet normal -0.896848 0.442338 0
    outer loop
      vertex 0.267949 79 12
      vertex 0.152241 78.7654 0
      vertex 0.152241 78.7654 12
    endloop
  endfacet
  facet normal -0.946957 0.321359 0
    outer loop
      vertex 0.0681477 78.5176 0
      vertex 0.152241 78.7654 12
      vertex 0.152241 78.7654 0
    endloop
  endfacet
  facet normal -0.946957 0.321359 0
    outer loop
      vertex 0.152241 78.7654 12
      vertex 0.0681477 78.5176 0
      vertex 0.0681477 78.5176 12
    endloop
  endfacet
  facet normal 0 -1 0
    outer loop
      vertex 2 0 0
      vertex 78 0 12
      vertex 2 0 12
    endloop
  endfacet
  facet normal 0 -1 -0
    outer loop
      vertex 78 0 12
      vertex 2 0 0
      vertex 78 0 0
    endloop
  endfacet
  facet normal -0.94693 -0.32144 0
    outer loop
      vertex 0.152241 1.23463 0
      vertex 0.0681477 1.48236 12
      vertex 0.0681477 1.48236 0
    endloop
  endfacet
  facet normal -0.94693 -0.32144 0
    outer loop
      vertex 0.0681477 1.48236 12
      vertex 0.152241 1.23463 0
      vertex 0.152241 1.23463 12
    endloop
  endfacet
  facet normal -0.659362 0.751826 0
    outer loop
      vertex 0.782476 79.5867 0
      vertex 0.585786 79.4142 12
      vertex 0.782476 79.5867 12
    endloop
  endfacet
  facet normal -0.659362 0.751826 0
    outer loop
      vertex 0.585786 79.4142 12
      vertex 0.782476 79.5867 0
      vertex 0.585786 79.4142 0
    endloop
  endfacet
  facet normal 0.94695 0.321382 0
    outer loop
      vertex 79.9319 78.5176 12
      vertex 79.8478 78.7654 0
      vertex 79.8478 78.7654 12
    endloop
  endfacet
  facet normal 0.94695 0.321382 0
    outer loop
      vertex 79.8478 78.7654 0
      vertex 79.9319 78.5176 12
      vertex 79.9319 78.5176 0
    endloop
  endfacet
  facet normal 0.980814 -0.194947 0
    outer loop
      vertex 79.9319 1.48236 12
      vertex 79.9829 1.73895 0
      vertex 79.9829 1.73895 12
    endloop
  endfacet
  facet normal 0.980814 -0.194947 0
    outer loop
      vertex 79.9829 1.73895 0
      vertex 79.9319 1.48236 12
      vertex 79.9319 1.48236 0
    endloop
  endfacet
  facet normal 0.831549 -0.555452 0
    outer loop
      vertex 79.5867 0.782476 12
      vertex 79.732 1 0
      vertex 79.732 1 12
    endloop
  endfacet
  facet normal 0.831549 -0.555452 0
    outer loop
      vertex 79.732 1 0
      vertex 79.5867 0.782476 12
      vertex 79.5867 0.782476 0
    endloop
  endfacet
  facet normal -0.831443 0.55561 0
    outer loop
      vertex 0.267949 79 0
      vertex 0.413293 79.2175 12
      vertex 0.413293 79.2175 0
    endloop
  endfacet
  facet normal -0.831443 0.55561 0
    outer loop
      vertex 0.413293 79.2175 12
      vertex 0.267949 79 0
      vertex 0.267949 79 12
    endloop
  endfacet
  facet normal -0.980773 0.195152 0
    outer loop
      vertex 0.0171099 78.2611 0
      vertex 0.0681477 78.5176 12
      vertex 0.0681477 78.5176 0
    endloop
  endfacet
  facet normal -0.980773 0.195152 0
    outer loop
      vertex 0.0681477 78.5176 12
      vertex 0.0171099 78.2611 0
      vertex 0.0171099 78.2611 12
    endloop
  endfacet
  facet normal -0.555568 -0.831471 0
    outer loop
      vertex 0.782476 0.413293 0
      vertex 1 0.267949 12
      vertex 0.782476 0.413293 12
    endloop
  endfacet
  facet normal -0.555568 -0.831471 -0
    outer loop
      vertex 1 0.267949 12
      vertex 0.782476 0.413293 0
      vertex 1 0.267949 0
    endloop
  endfacet
  facet normal -0.751839 -0.659347 0
    outer loop
      vertex 0.585786 0.585786 0
      vertex 0.413293 0.782476 12
      vertex 0.413293 0.782476 0
    endloop
  endfacet
  facet normal -0.751839 -0.659347 0
    outer loop
      vertex 0.413293 0.782476 12
      vertex 0.585786 0.585786 0
      vertex 0.585786 0.585786 12
    endloop
  endfacet
  facet normal -0.659347 -0.751839 0
    outer loop
      vertex 0.585786 0.585786 0
      vertex 0.782476 0.413293 12
      vertex 0.585786 0.585786 12
    endloop
  endfacet
  facet normal -0.659347 -0.751839 -0
    outer loop
      vertex 0.782476 0.413293 12
      vertex 0.585786 0.585786 0
      vertex 0.782476 0.413293 0
    endloop
  endfacet
  facet normal -0.896871 -0.442293 0
    outer loop
      vertex 0.267949 1 0
      vertex 0.152241 1.23463 12
      vertex 0.152241 1.23463 0
    endloop
  endfacet
  facet normal -0.896871 -0.442293 0
    outer loop
      vertex 0.152241 1.23463 12
      vertex 0.267949 1 0
      vertex 0.267949 1 12
    endloop
  endfacet
  facet normal -0.321463 0.946922 0
    outer loop
      vertex 1.48236 79.9319 0
      vertex 1.23463 79.8478 12
      vertex 1.48236 79.9319 12
    endloop
  endfacet
  facet normal -0.321463 0.946922 0
    outer loop
      vertex 1.23463 79.8478 12
      vertex 1.48236 79.9319 0
      vertex 1.23463 79.8478 0
    endloop
  endfacet
  facet normal 0.442621 0.896709 -0
    outer loop
      vertex 79 79.732 0
      vertex 78.7654 79.8478 12
      vertex 79 79.732 12
    endloop
  endfacet
  facet normal 0.442621 0.896709 0
    outer loop
      vertex 78.7654 79.8478 12
      vertex 79 79.732 0
      vertex 78.7654 79.8478 0
    endloop
  endfacet
  facet normal 0.659343 0.751842 -0
    outer loop
      vertex 79.4142 79.4142 0
      vertex 79.2175 79.5867 12
      vertex 79.4142 79.4142 12
    endloop
  endfacet
  facet normal 0.659343 0.751842 0
    outer loop
      vertex 79.2175 79.5867 12
      vertex 79.4142 79.4142 0
      vertex 79.2175 79.5867 0
    endloop
  endfacet
  facet normal 0.321382 0.94695 -0
    outer loop
      vertex 78.7654 79.8478 0
      vertex 78.5176 79.9319 12
      vertex 78.7654 79.8478 12
    endloop
  endfacet
  facet normal 0.321382 0.94695 0
    outer loop
      vertex 78.5176 79.9319 12
      vertex 78.7654 79.8478 0
      vertex 78.5176 79.9319 0
    endloop
  endfacet
  facet normal 0.0653521 0.997862 -0
    outer loop
      vertex 78.2611 79.9829 0
      vertex 78 80 12
      vertex 78.2611 79.9829 12
    endloop
  endfacet
  facet normal 0.0653521 0.997862 0
    outer loop
      vertex 78 80 12
      vertex 78.2611 79.9829 0
      vertex 78 80 0
    endloop
  endfacet
  facet normal 0.751842 0.659343 0
    outer loop
      vertex 79.5867 79.2175 12
      vertex 79.4142 79.4142 0
      vertex 79.4142 79.4142 12
    endloop
  endfacet
  facet normal 0.751842 0.659343 0
    outer loop
      vertex 79.4142 79.4142 0
      vertex 79.5867 79.2175 12
      vertex 79.5867 79.2175 0
    endloop
  endfacet
  facet normal 0.980801 0.195013 0
    outer loop
      vertex 79.9829 78.2611 12
      vertex 79.9319 78.5176 0
      vertex 79.9319 78.5176 12
    endloop
  endfacet
  facet normal 0.980801 0.195013 0
    outer loop
      vertex 79.9319 78.5176 0
      vertex 79.9829 78.2611 12
      vertex 79.9829 78.2611 0
    endloop
  endfacet
  facet normal 0.321359 -0.946957 0
    outer loop
      vertex 78.5176 0.0681477 0
      vertex 78.7654 0.152241 12
      vertex 78.5176 0.0681477 12
    endloop
  endfacet
  facet normal 0.321359 -0.946957 0
    outer loop
      vertex 78.7654 0.152241 12
      vertex 78.5176 0.0681477 0
      vertex 78.7654 0.152241 0
    endloop
  endfacet
  facet normal 0.997861 -0.0653646 0
    outer loop
      vertex 79.9829 1.73895 12
      vertex 80 2 0
      vertex 80 2 12
    endloop
  endfacet
  facet normal 0.997861 -0.0653646 0
    outer loop
      vertex 80 2 0
      vertex 79.9829 1.73895 12
      vertex 79.9829 1.73895 0
    endloop
  endfacet
  facet normal -0.32144 -0.94693 0
    outer loop
      vertex 1.23463 0.152241 0
      vertex 1.48236 0.0681477 12
      vertex 1.23463 0.152241 12
    endloop
  endfacet
  facet normal -0.32144 -0.94693 -0
    outer loop
      vertex 1.48236 0.0681477 12
      vertex 1.23463 0.152241 0
      vertex 1.48236 0.0681477 0
    endloop
  endfacet
  facet normal -0.442293 -0.896871 0
    outer loop
      vertex 1 0.267949 0
      vertex 1.23463 0.152241 12
      vertex 1 0.267949 12
    endloop
  endfacet
  facet normal -0.442293 -0.896871 -0
    outer loop
      vertex 1.23463 0.152241 12
      vertex 1 0.267949 0
      vertex 1.23463 0.152241 0
    endloop
  endfacet
  facet normal -0.831471 -0.555568 0
    outer loop
      vertex 0.413293 0.782476 0
      vertex 0.267949 1 12
      vertex 0.267949 1 0
    endloop
  endfacet
  facet normal -0.831471 -0.555568 0
    outer loop
      vertex 0.267949 1 12
      vertex 0.413293 0.782476 0
      vertex 0.413293 0.782476 12
    endloop
  endfacet
  facet normal -0.194947 0.980814 0
    outer loop
      vertex 1.73895 79.9829 0
      vertex 1.48236 79.9319 12
      vertex 1.73895 79.9829 12
    endloop
  endfacet
  facet normal -0.194947 0.980814 0
    outer loop
      vertex 1.48236 79.9319 12
      vertex 1.73895 79.9829 0
      vertex 1.48236 79.9319 0
    endloop
  endfacet
  facet normal -0.0653646 0.997861 0
    outer loop
      vertex 2 80 0
      vertex 1.73895 79.9829 12
      vertex 2 80 12
    endloop
  endfacet
  facet normal -0.0653646 0.997861 0
    outer loop
      vertex 1.73895 79.9829 12
      vertex 2 80 0
      vertex 1.73895 79.9829 0
    endloop
  endfacet
  facet normal -0.555452 0.831549 0
    outer loop
      vertex 1 79.732 0
      vertex 0.782476 79.5867 12
      vertex 1 79.732 12
    endloop
  endfacet
  facet normal -0.555452 0.831549 0
    outer loop
      vertex 0.782476 79.5867 12
      vertex 1 79.732 0
      vertex 0.782476 79.5867 0
    endloop
  endfacet
  facet normal -0.442575 0.896731 0
    outer loop
      vertex 1.23463 79.8478 0
      vertex 1 79.732 12
      vertex 1.23463 79.8478 12
    endloop
  endfacet
  facet normal -0.442575 0.896731 0
    outer loop
      vertex 1 79.732 12
      vertex 1.23463 79.8478 0
      vertex 1 79.732 0
    endloop
  endfacet
  facet normal 0.555494 0.831521 -0
    outer loop
      vertex 79.2175 79.5867 0
      vertex 79 79.732 12
      vertex 79.2175 79.5867 12
    endloop
  endfacet
  facet normal 0.555494 0.831521 0
    outer loop
      vertex 79 79.732 12
      vertex 79.2175 79.5867 0
      vertex 79 79.732 0
    endloop
  endfacet
  facet normal 0.195013 0.980801 -0
    outer loop
      vertex 78.5176 79.9319 0
      vertex 78.2611 79.9829 12
      vertex 78.5176 79.9319 12
    endloop
  endfacet
  facet normal 0.195013 0.980801 0
    outer loop
      vertex 78.2611 79.9829 12
      vertex 78.5176 79.9319 0
      vertex 78.2611 79.9829 0
    endloop
  endfacet
  facet normal 0.831521 0.555494 0
    outer loop
      vertex 79.732 79 12
      vertex 79.5867 79.2175 0
      vertex 79.5867 79.2175 12
    endloop
  endfacet
  facet normal 0.831521 0.555494 0
    outer loop
      vertex 79.5867 79.2175 0
      vertex 79.732 79 12
      vertex 79.732 79 0
    endloop
  endfacet
  facet normal 0.896709 0.442621 0
    outer loop
      vertex 79.8478 78.7654 12
      vertex 79.732 79 0
      vertex 79.732 79 12
    endloop
  endfacet
  facet normal 0.896709 0.442621 0
    outer loop
      vertex 79.732 79 0
      vertex 79.8478 78.7654 12
      vertex 79.8478 78.7654 0
    endloop
  endfacet
  facet normal 0.55561 -0.831443 0
    outer loop
      vertex 79 0.267949 0
      vertex 79.2175 0.413293 12
      vertex 79 0.267949 12
    endloop
  endfacet
  facet normal 0.55561 -0.831443 0
    outer loop
      vertex 79.2175 0.413293 12
      vertex 79 0.267949 0
      vertex 79.2175 0.413293 0
    endloop
  endfacet
  facet normal 0.442338 -0.896848 0
    outer loop
      vertex 78.7654 0.152241 0
      vertex 79 0.267949 12
      vertex 78.7654 0.152241 12
    endloop
  endfacet
  facet normal 0.442338 -0.896848 0
    outer loop
      vertex 79 0.267949 12
      vertex 78.7654 0.152241 0
      vertex 79 0.267949 0
    endloop
  endfacet
  facet normal 0.195152 -0.980773 0
    outer loop
      vertex 78.2611 0.0171099 0
      vertex 78.5176 0.0681477 12
      vertex 78.2611 0.0171099 12
    endloop
  endfacet
  facet normal 0.195152 -0.980773 0
    outer loop
      vertex 78.5176 0.0681477 12
      vertex 78.2611 0.0171099 0
      vertex 78.5176 0.0681477 0
    endloop
  endfacet
endsolid OpenSCAD_Model
