solid OpenSCAD_Model
  facet normal 0.554612 0.832109 -0
    outer loop
      vertex 199.218 49.5867 0
      vertex 199 49.732 6
      vertex 199.218 49.5867 6
    endloop
  endfacet
  facet normal 0.554612 0.832109 0
    outer loop
      vertex 199 49.732 6
      vertex 199.218 49.5867 0
      vertex 199 49.732 0
    endloop
  endfacet
  facet normal 1 -0 0
    outer loop
      vertex 200 2 6
      vertex 200 48 0
      vertex 200 48 6
    endloop
  endfacet
  facet normal 1 0 0
    outer loop
      vertex 200 48 0
      vertex 200 2 6
      vertex 200 2 0
    endloop
  endfacet
  facet normal 0 -1 0
    outer loop
      vertex 2 0 0
      vertex 198 0 6
      vertex 2 0 6
    endloop
  endfacet
  facet normal 0 -1 -0
    outer loop
      vertex 198 0 6
      vertex 2 0 0
      vertex 198 0 0
    endloop
  endfacet
  facet normal 0.0653771 0.997861 -0
    outer loop
      vertex 198.261 49.9829 0
      vertex 198 50 6
      vertex 198.261 49.9829 6
    endloop
  endfacet
  facet normal 0.0653771 0.997861 0
    outer loop
      vertex 198 50 6
      vertex 198.261 49.9829 0
      vertex 198 50 0
    endloop
  endfacet
  facet normal -0.751855 0.659328 0
    outer loop
      vertex 0.413293 49.2175 0
      vertex 0.585786 49.4142 6
      vertex 0.585786 49.4142 0
    endloop
  endfacet
  facet normal -0.751855 0.659328 0
    outer loop
      vertex 0.585786 49.4142 6
      vertex 0.413293 49.2175 0
      vertex 0.413293 49.2175 6
    endloop
  endfacet
  facet normal 0.947038 -0.321121 0
    outer loop
      vertex 199.848 1.23463 6
      vertex 199.932 1.48236 0
      vertex 199.932 1.48236 6
    endloop
  endfacet
  facet normal 0.947038 -0.321121 0
    outer loop
      vertex 199.932 1.48236 0
      vertex 199.848 1.23463 6
      vertex 199.848 1.23463 0
    endloop
  endfacet
  facet normal 0.947066 0.321039 0
    outer loop
      vertex 199.932 48.5176 6
      vertex 199.848 48.7654 0
      vertex 199.848 48.7654 6
    endloop
  endfacet
  facet normal 0.947066 0.321039 0
    outer loop
      vertex 199.848 48.7654 0
      vertex 199.932 48.5176 6
      vertex 199.932 48.5176 0
    endloop
  endfacet
  facet normal -0.751839 -0.659347 0
    outer loop
      vertex 0.585786 0.585786 0
      vertex 0.413293 0.782476 6
      vertex 0.413293 0.782476 0
    endloop
  endfacet
  facet normal -0.751839 -0.659347 0
    outer loop
      vertex 0.413293 0.782476 6
      vertex 0.585786 0.585786 0
      vertex 0.585786 0.585786 6
    endloop
  endfacet
  facet normal 0.997886 -0.064984 0
    outer loop
      vertex 199.983 1.73895 6
      vertex 200 2 0
      vertex 200 2 6
    endloop
  endfacet
  facet normal 0.997886 -0.064984 0
    outer loop
      vertex 200 2 0
      vertex 199.983 1.73895 6
      vertex 199.983 1.73895 0
    endloop
  endfacet
  facet normal -1 0 0
    outer loop
      vertex 0 2 0
      vertex 0 48 6
      vertex 0 48 0
    endloop
  endfacet
  facet normal -1 -0 0
    outer loop
      vertex 0 48 6
      vertex 0 2 0
      vertex 0 2 6
    endloop
  endfacet
  facet normal -0.0654023 -0.997859 0
    outer loop
      vertex 1.73895 0.0171099 0
      vertex 2 0 6
      vertex 1.73895 0.0171099 6
    endloop
  endfacet
  facet normal -0.0654023 -0.997859 -0
    outer loop
      vertex 2 0 6
      vertex 1.73895 0.0171099 0
      vertex 2 0 0
    endloop
  endfacet
  facet normal 0.660671 0.750676 -0
    outer loop
      vertex 199.414 49.4142 0
      vertex 199.218 49.5867 6
      vertex 199.414 49.4142 6
    endloop
  endfacet
  facet normal 0.660671 0.750676 0
    outer loop
      vertex 199.218 49.5867 6
      vertex 199.414 49.4142 0
      vertex 199.218 49.5867 0
    endloop
  endfacet
  facet normal 0 1 -0
    outer loop
      vertex 198 50 0
      vertex 2 50 6
      vertex 198 50 6
    endloop
  endfacet
  facet normal 0 1 0
    outer loop
      vertex 2 50 6
      vertex 198 50 0
      vertex 2 50 0
    endloop
  endfacet
  facet normal 0.980801 0.195013 0
    outer loop
      vertex 199.983 48.2611 6
      vertex 199.932 48.5176 0
      vertex 199.932 48.5176 6
    endloop
  endfacet
  facet normal 0.980801 0.195013 0
    outer loop
      vertex 199.932 48.5176 0
      vertex 199.983 48.2611 6
      vertex 199.983 48.2611 0
    endloop
  endfacet
  facet normal 0.896428 -0.44319 0
    outer loop
      vertex 199.732 1 6
      vertex 199.848 1.23463 0
      vertex 199.848 1.23463 6
    endloop
  endfacet
  facet normal 0.896428 -0.44319 0
    outer loop
      vertex 199.848 1.23463 0
      vertex 199.732 1 6
      vertex 199.732 1 0
    endloop
  endfacet
  facet normal 0.194787 -0.980846 0
    outer loop
      vertex 198.261 0.0171099 0
      vertex 198.518 0.0681477 6
      vertex 198.261 0.0171099 6
    endloop
  endfacet
  facet normal 0.194787 -0.980846 0
    outer loop
      vertex 198.518 0.0681477 6
      vertex 198.261 0.0171099 0
      vertex 198.518 0.0681477 0
    endloop
  endfacet
  facet normal -0.896848 0.442338 0
    outer loop
      vertex 0.152241 48.7654 0
      vertex 0.267949 49 6
      vertex 0.267949 49 0
    endloop
  endfacet
  facet normal -0.896848 0.442338 0
    outer loop
      vertex 0.267949 49 6
      vertex 0.152241 48.7654 0
      vertex 0.152241 48.7654 6
    endloop
  endfacet
  facet normal 0.0654148 -0.997858 0
    outer loop
      vertex 198 0 0
      vertex 198.261 0.0171099 6
      vertex 198 0 6
    endloop
  endfacet
  facet normal 0.0654148 -0.997858 0
    outer loop
      vertex 198.261 0.0171099 6
      vertex 198 0 0
      vertex 198.261 0.0171099 0
    endloop
  endfacet
  facet normal -0.555452 0.831549 0
    outer loop
      vertex 1 49.732 0
      vertex 0.782476 49.5867 6
      vertex 1 49.732 6
    endloop
  endfacet
  facet normal -0.555452 0.831549 0
    outer loop
      vertex 0.782476 49.5867 6
      vertex 1 49.732 0
      vertex 0.782476 49.5867 0
    endloop
  endfacet
  facet normal 0.442015 0.897008 -0
    outer loop
      vertex 199 49.732 0
      vertex 198.765 49.8478 6
      vertex 199 49.732 6
    endloop
  endfacet
  facet normal 0.442015 0.897008 0
    outer loop
      vertex 198.765 49.8478 6
      vertex 199 49.732 0
      vertex 198.765 49.8478 0
    endloop
  endfacet
  facet normal 0.83205 0.5547 0
    outer loop
      vertex 199.732 49 6
      vertex 199.587 49.2175 0
      vertex 199.587 49.2175 6
    endloop
  endfacet
  facet normal 0.83205 0.5547 0
    outer loop
      vertex 199.587 49.2175 0
      vertex 199.732 49 6
      vertex 199.732 49 0
    endloop
  endfacet
  facet normal -0.442293 -0.896871 0
    outer loop
      vertex 1 0.267949 0
      vertex 1.23463 0.152241 6
      vertex 1 0.267949 6
    endloop
  endfacet
  facet normal -0.442293 -0.896871 -0
    outer loop
      vertex 1.23463 0.152241 6
      vertex 1 0.267949 0
      vertex 1.23463 0.152241 0
    endloop
  endfacet
  facet normal -0.194947 0.980814 0
    outer loop
      vertex 1.73895 49.9829 0
      vertex 1.48236 49.9319 6
      vertex 1.73895 49.9829 6
    endloop
  endfacet
  facet normal -0.194947 0.980814 0
    outer loop
      vertex 1.48236 49.9319 6
      vertex 1.73895 49.9829 0
      vertex 1.48236 49.9319 0
    endloop
  endfacet
  facet normal -0.32144 -0.94693 0
    outer loop
      vertex 1.23463 0.152241 0
      vertex 1.48236 0.0681477 6
      vertex 1.23463 0.152241 6
    endloop
  endfacet
  facet normal -0.32144 -0.94693 -0
    outer loop
      vertex 1.48236 0.0681477 6
      vertex 1.23463 0.152241 0
      vertex 1.48236 0.0681477 0
    endloop
  endfacet
  facet normal 0.750895 0.660421 0
    outer loop
      vertex 199.587 49.2175 6
      vertex 199.414 49.4142 0
      vertex 199.414 49.4142 6
    endloop
  endfacet
  facet normal 0.750895 0.660421 0
    outer loop
      vertex 199.414 49.4142 0
      vertex 199.587 49.2175 6
      vertex 199.587 49.2175 0
    endloop
  endfacet
  facet normal 0.997887 0.0649716 0
    outer loop
      vertex 200 48 6
      vertex 199.983 48.2611 0
      vertex 199.983 48.2611 6
    endloop
  endfacet
  facet normal 0.997887 0.0649716 0
    outer loop
      vertex 199.983 48.2611 0
      vertex 200 48 6
      vertex 200 48 0
    endloop
  endfacet
  facet normal 0.896405 0.443235 0
    outer loop
      vertex 199.848 48.7654 6
      vertex 199.732 49 0
      vertex 199.732 49 6
    endloop
  endfacet
  facet normal 0.896405 0.443235 0
    outer loop
      vertex 199.732 49 0
      vertex 199.848 48.7654 6
      vertex 199.848 48.7654 0
    endloop
  endfacet
  facet normal 0.554728 -0.832032 0
    outer loop
      vertex 199 0.267949 0
      vertex 199.218 0.413293 6
      vertex 199 0.267949 6
    endloop
  endfacet
  facet normal 0.554728 -0.832032 0
    outer loop
      vertex 199.218 0.413293 6
      vertex 199 0.267949 0
      vertex 199.218 0.413293 0
    endloop
  endfacet
  facet normal 0.980814 -0.194947 0
    outer loop
      vertex 199.932 1.48236 6
      vertex 199.983 1.73895 0
      vertex 199.983 1.73895 6
    endloop
  endfacet
  facet normal 0.980814 -0.194947 0
    outer loop
      vertex 199.983 1.73895 0
      vertex 199.932 1.48236 6
      vertex 199.932 1.48236 0
    endloop
  endfacet
  facet normal -0.980786 -0.195086 0
    outer loop
      vertex 0.0681477 1.48236 0
      vertex 0.0171099 1.73895 6
      vertex 0.0171099 1.73895 0
    endloop
  endfacet
  facet normal -0.980786 -0.195086 0
    outer loop
      vertex 0.0171099 1.73895 6
      vertex 0.0681477 1.48236 0
      vertex 0.0681477 1.48236 6
    endloop
  endfacet
  facet normal -0.442575 0.896731 0
    outer loop
      vertex 1.23463 49.8478 0
      vertex 1 49.732 6
      vertex 1.23463 49.8478 6
    endloop
  endfacet
  facet normal -0.442575 0.896731 0
    outer loop
      vertex 1 49.732 6
      vertex 1.23463 49.8478 0
      vertex 1 49.732 0
    endloop
  endfacet
  facet normal -0.980773 0.195152 0
    outer loop
      vertex 0.0171099 48.2611 0
      vertex 0.0681477 48.5176 6
      vertex 0.0681477 48.5176 0
    endloop
  endfacet
  facet normal -0.980773 0.195152 0
    outer loop
      vertex 0.0681477 48.5176 6
      vertex 0.0171099 48.2611 0
      vertex 0.0171099 48.2611 6
    endloop
  endfacet
  facet normal -0.997859 -0.0654023 0
    outer loop
      vertex 0.0171099 1.73895 0
      vertex 0 2 6
      vertex 0 2 0
    endloop
  endfacet
  facet normal -0.997859 -0.0654023 0
    outer loop
      vertex 0 2 6
      vertex 0.0171099 1.73895 0
      vertex 0.0171099 1.73895 6
    endloop
  endfacet
  facet normal -0.659362 0.751826 0
    outer loop
      vertex 0.782476 49.5867 0
      vertex 0.585786 49.4142 6
      vertex 0.782476 49.5867 6
    endloop
  endfacet
  facet normal -0.659362 0.751826 0
    outer loop
      vertex 0.585786 49.4142 6
      vertex 0.782476 49.5867 0
      vertex 0.585786 49.4142 0
    endloop
  endfacet
  facet normal -0.0653646 0.997861 0
    outer loop
      vertex 2 50 0
      vertex 1.73895 49.9829 6
      vertex 2 50 6
    endloop
  endfacet
  facet normal -0.0653646 0.997861 0
    outer loop
      vertex 1.73895 49.9829 6
      vertex 2 50 0
      vertex 1.73895 49.9829 0
    endloop
  endfacet
  facet normal 0.322292 -0.94664 0
    outer loop
      vertex 198.518 0.0681477 0
      vertex 198.765 0.152241 6
      vertex 198.518 0.0681477 6
    endloop
  endfacet
  facet normal 0.322292 -0.94664 0
    outer loop
      vertex 198.765 0.152241 6
      vertex 198.518 0.0681477 0
      vertex 198.765 0.152241 0
    endloop
  endfacet
  facet normal -0.831471 -0.555568 0
    outer loop
      vertex 0.413293 0.782476 0
      vertex 0.267949 1 6
      vertex 0.267949 1 0
    endloop
  endfacet
  facet normal -0.831471 -0.555568 0
    outer loop
      vertex 0.267949 1 6
      vertex 0.413293 0.782476 0
      vertex 0.413293 0.782476 6
    endloop
  endfacet
  facet normal -0.555568 -0.831471 0
    outer loop
      vertex 0.782476 0.413293 0
      vertex 1 0.267949 6
      vertex 0.782476 0.413293 6
    endloop
  endfacet
  facet normal -0.555568 -0.831471 -0
    outer loop
      vertex 1 0.267949 6
      vertex 0.782476 0.413293 0
      vertex 1 0.267949 0
    endloop
  endfacet
  facet normal -0.94693 -0.32144 0
    outer loop
      vertex 0.152241 1.23463 0
      vertex 0.0681477 1.48236 6
      vertex 0.0681477 1.48236 0
    endloop
  endfacet
  facet normal -0.94693 -0.32144 0
    outer loop
      vertex 0.0681477 1.48236 6
      vertex 0.152241 1.23463 0
      vertex 0.152241 1.23463 6
    endloop
  endfacet
  facet normal -0.321463 0.946922 0
    outer loop
      vertex 1.48236 49.9319 0
      vertex 1.23463 49.8478 6
      vertex 1.48236 49.9319 6
    endloop
  endfacet
  facet normal -0.321463 0.946922 0
    outer loop
      vertex 1.23463 49.8478 6
      vertex 1.48236 49.9319 0
      vertex 1.23463 49.8478 0
    endloop
  endfacet
  facet normal -0.946957 0.321359 0
    outer loop
      vertex 0.0681477 48.5176 0
      vertex 0.152241 48.7654 6
      vertex 0.152241 48.7654 0
    endloop
  endfacet
  facet normal -0.946957 0.321359 0
    outer loop
      vertex 0.152241 48.7654 6
      vertex 0.0681477 48.5176 0
      vertex 0.0681477 48.5176 6
    endloop
  endfacet
  facet normal -0.896871 -0.442293 0
    outer loop
      vertex 0.267949 1 0
      vertex 0.152241 1.23463 6
      vertex 0.152241 1.23463 0
    endloop
  endfacet
  facet normal -0.896871 -0.442293 0
    outer loop
      vertex 0.152241 1.23463 6
      vertex 0.267949 1 0
      vertex 0.267949 1 6
    endloop
  endfacet
  facet normal -0.195086 -0.980786 0
    outer loop
      vertex 1.48236 0.0681477 0
      vertex 1.73895 0.0171099 6
      vertex 1.48236 0.0681477 6
    endloop
  endfacet
  facet normal -0.195086 -0.980786 -0
    outer loop
      vertex 1.73895 0.0171099 6
      vertex 1.48236 0.0681477 0
      vertex 1.73895 0.0171099 0
    endloop
  endfacet
  facet normal -0.659347 -0.751839 0
    outer loop
      vertex 0.585786 0.585786 0
      vertex 0.782476 0.413293 6
      vertex 0.585786 0.585786 6
    endloop
  endfacet
  facet normal -0.659347 -0.751839 -0
    outer loop
      vertex 0.782476 0.413293 6
      vertex 0.585786 0.585786 0
      vertex 0.782476 0.413293 0
    endloop
  endfacet
  facet normal 0.441732 -0.897147 0
    outer loop
      vertex 198.765 0.152241 0
      vertex 199 0.267949 6
      vertex 198.765 0.152241 6
    endloop
  endfacet
  facet normal 0.441732 -0.897147 0
    outer loop
      vertex 199 0.267949 6
      vertex 198.765 0.152241 0
      vertex 199 0.267949 0
    endloop
  endfacet
  facet normal 0 0 -1
    outer loop
      vertex 153.52 20.375 0
      vertex 144.48 20.375 0
      vertex 153.938 21.0004 0
    endloop
  endfacet
  facet normal 0 0 -1
    outer loop
      vertex 153.52 29.625 0
      vertex 145.201 31.7495 0
      vertex 145.25 32.5 0
    endloop
  endfacet
  facet normal 0 0 -1
    outer loop
      vertex 144.062 21.0004 0
      vertex 153.938 21.0004 0
      vertex 144.48 20.375 0
    endloop
  endfacet
  facet normal 0 0 -1
    outer loop
      vertex 153.52 29.625 0
      vertex 145.054 31.0118 0
      vertex 145.201 31.7495 0
    endloop
  endfacet
  facet normal 0 0 -1
    outer loop
      vertex 153.938 21.0004 0
      vertex 144.062 21.0004 0
      vertex 153.938 28.9996 0
    endloop
  endfacet
  facet normal 0 0 -1
    outer loop
      vertex 153.52 29.625 0
      vertex 144.812 30.2996 0
      vertex 145.054 31.0118 0
    endloop
  endfacet
  facet normal 0 0 -1
    outer loop
      vertex 144.062 28.9996 0
      vertex 153.938 28.9996 0
      vertex 144.062 21.0004 0
    endloop
  endfacet
  facet normal 0 0 -1
    outer loop
      vertex 153.52 29.625 0
      vertex 144.48 29.625 0
      vertex 144.812 30.2996 0
    endloop
  endfacet
  facet normal 0 0 -1
    outer loop
      vertex 153.938 28.9996 0
      vertex 144.062 28.9996 0
      vertex 153.52 29.625 0
    endloop
  endfacet
  facet normal -0 0 -1
    outer loop
      vertex 153.52 29.625 0
      vertex 144.062 28.9996 0
      vertex 144.48 29.625 0
    endloop
  endfacet
  facet normal 0 0 -1
    outer loop
      vertex 143.566 21.5659 0
      vertex 144.062 28.9996 0
      vertex 144.062 21.0004 0
    endloop
  endfacet
  facet normal 0 0 -1
    outer loop
      vertex 143.566 21.5659 0
      vertex 143.566 28.4341 0
      vertex 144.062 28.9996 0
    endloop
  endfacet
  facet normal 0 0 -1
    outer loop
      vertex 143 22.0618 0
      vertex 143.566 28.4341 0
      vertex 143.566 21.5659 0
    endloop
  endfacet
  facet normal 0 0 -1
    outer loop
      vertex 143 22.0618 0
      vertex 143 27.9382 0
      vertex 143.566 28.4341 0
    endloop
  endfacet
  facet normal 0 0 -1
    outer loop
      vertex 142.375 22.4796 0
      vertex 143 27.9382 0
      vertex 143 22.0618 0
    endloop
  endfacet
  facet normal 0 0 -1
    outer loop
      vertex 142.375 22.4796 0
      vertex 142.375 27.5204 0
      vertex 143 27.9382 0
    endloop
  endfacet
  facet normal 0 0 -1
    outer loop
      vertex 141.7 22.8123 0
      vertex 142.375 27.5204 0
      vertex 142.375 22.4796 0
    endloop
  endfacet
  facet normal 0 0 -1
    outer loop
      vertex 141.7 22.8123 0
      vertex 141.7 27.1877 0
      vertex 142.375 27.5204 0
    endloop
  endfacet
  facet normal 0 0 -1
    outer loop
      vertex 140.988 23.0541 0
      vertex 141.7 27.1877 0
      vertex 141.7 22.8123 0
    endloop
  endfacet
  facet normal 0 0 -1
    outer loop
      vertex 140.988 23.0541 0
      vertex 140.988 26.9459 0
      vertex 141.7 27.1877 0
    endloop
  endfacet
  facet normal 0 0 -1
    outer loop
      vertex 140.251 23.2008 0
      vertex 140.988 26.9459 0
      vertex 140.988 23.0541 0
    endloop
  endfacet
  facet normal 0 0 -1
    outer loop
      vertex 140.251 23.2008 0
      vertex 140.251 26.7992 0
      vertex 140.988 26.9459 0
    endloop
  endfacet
  facet normal 0 0 -1
    outer loop
      vertex 139.5 23.25 0
      vertex 140.251 26.7992 0
      vertex 140.251 23.2008 0
    endloop
  endfacet
  facet normal 0 0 -1
    outer loop
      vertex 139.5 23.25 0
      vertex 139.5 26.75 0
      vertex 140.251 26.7992 0
    endloop
  endfacet
  facet normal 0 0 -1
    outer loop
      vertex 138.749 23.2008 0
      vertex 139.5 26.75 0
      vertex 139.5 23.25 0
    endloop
  endfacet
  facet normal 0 0 -1
    outer loop
      vertex 138.749 23.2008 0
      vertex 138.749 26.7992 0
      vertex 139.5 26.75 0
    endloop
  endfacet
  facet normal 0 0 -1
    outer loop
      vertex 138.012 23.0541 0
      vertex 138.749 26.7992 0
      vertex 138.749 23.2008 0
    endloop
  endfacet
  facet normal 0 0 -1
    outer loop
      vertex 138.012 23.0541 0
      vertex 138.012 26.9459 0
      vertex 138.749 26.7992 0
    endloop
  endfacet
  facet normal 0 0 -1
    outer loop
      vertex 137.3 22.8123 0
      vertex 138.012 26.9459 0
      vertex 138.012 23.0541 0
    endloop
  endfacet
  facet normal 0 0 -1
    outer loop
      vertex 137.3 22.8123 0
      vertex 137.3 27.1877 0
      vertex 138.012 26.9459 0
    endloop
  endfacet
  facet normal 0 0 -1
    outer loop
      vertex 136.625 22.4796 0
      vertex 137.3 27.1877 0
      vertex 137.3 22.8123 0
    endloop
  endfacet
  facet normal 0 0 -1
    outer loop
      vertex 136.625 22.4796 0
      vertex 136.625 27.5204 0
      vertex 137.3 27.1877 0
    endloop
  endfacet
  facet normal 0 0 -1
    outer loop
      vertex 136 22.0618 0
      vertex 136.625 27.5204 0
      vertex 136.625 22.4796 0
    endloop
  endfacet
  facet normal 0 0 -1
    outer loop
      vertex 136 22.0618 0
      vertex 136 27.9382 0
      vertex 136.625 27.5204 0
    endloop
  endfacet
  facet normal 0 0 -1
    outer loop
      vertex 135.434 21.5659 0
      vertex 136 27.9382 0
      vertex 136 22.0618 0
    endloop
  endfacet
  facet normal 0 0 -1
    outer loop
      vertex 135.434 21.5659 0
      vertex 135.434 28.4341 0
      vertex 136 27.9382 0
    endloop
  endfacet
  facet normal 0 0 -1
    outer loop
      vertex 134.938 21.0004 0
      vertex 135.434 28.4341 0
      vertex 135.434 21.5659 0
    endloop
  endfacet
  facet normal 0 0 -1
    outer loop
      vertex 134.938 21.0004 0
      vertex 134.938 28.9996 0
      vertex 135.434 28.4341 0
    endloop
  endfacet
  facet normal 0 0 -1
    outer loop
      vertex 134.52 20.375 0
      vertex 134.938 28.9996 0
      vertex 134.938 21.0004 0
    endloop
  endfacet
  facet normal 0 0 -1
    outer loop
      vertex 134.52 20.375 0
      vertex 134.52 29.625 0
      vertex 134.938 28.9996 0
    endloop
  endfacet
  facet normal 0 0 -1
    outer loop
      vertex 134.188 19.7004 0
      vertex 134.52 29.625 0
      vertex 134.52 20.375 0
    endloop
  endfacet
  facet normal 0 0 -1
    outer loop
      vertex 134.188 19.7004 0
      vertex 134.188 30.2996 0
      vertex 134.52 29.625 0
    endloop
  endfacet
  facet normal 0 0 -1
    outer loop
      vertex 133.946 18.9882 0
      vertex 134.188 30.2996 0
      vertex 134.188 19.7004 0
    endloop
  endfacet
  facet normal 0 0 -1
    outer loop
      vertex 133.946 18.9882 0
      vertex 133.946 31.0118 0
      vertex 134.188 30.2996 0
    endloop
  endfacet
  facet normal 0 0 -1
    outer loop
      vertex 133.799 18.2505 0
      vertex 133.946 31.0118 0
      vertex 133.946 18.9882 0
    endloop
  endfacet
  facet normal 0 0 -1
    outer loop
      vertex 133.799 18.2505 0
      vertex 133.799 31.7495 0
      vertex 133.946 31.0118 0
    endloop
  endfacet
  facet normal 0 0 -1
    outer loop
      vertex 2 0 0
      vertex 133.799 18.2505 0
      vertex 133.75 17.5 0
    endloop
  endfacet
  facet normal -0 0 -1
    outer loop
      vertex 133.799 18.2505 0
      vertex 2 0 0
      vertex 133.799 31.7495 0
    endloop
  endfacet
  facet normal 0 0 -1
    outer loop
      vertex 200 2 0
      vertex 164.054 18.9882 0
      vertex 200 48 0
    endloop
  endfacet
  facet normal 0 0 -1
    outer loop
      vertex 200 48 0
      vertex 164.201 31.7495 0
      vertex 164.25 32.5 0
    endloop
  endfacet
  facet normal 0 0 -1
    outer loop
      vertex 164.054 31.0118 0
      vertex 200 48 0
      vertex 164.054 18.9882 0
    endloop
  endfacet
  facet normal 0 0 -1
    outer loop
      vertex 200 48 0
      vertex 164.054 31.0118 0
      vertex 164.201 31.7495 0
    endloop
  endfacet
  facet normal 0 0 -1
    outer loop
      vertex 163.812 19.7004 0
      vertex 164.054 31.0118 0
      vertex 164.054 18.9882 0
    endloop
  endfacet
  facet normal 0 0 -1
    outer loop
      vertex 163.812 19.7004 0
      vertex 163.812 30.2996 0
      vertex 164.054 31.0118 0
    endloop
  endfacet
  facet normal 0 0 -1
    outer loop
      vertex 163.48 20.375 0
      vertex 163.812 30.2996 0
      vertex 163.812 19.7004 0
    endloop
  endfacet
  facet normal 0 0 -1
    outer loop
      vertex 163.48 20.375 0
      vertex 163.48 29.625 0
      vertex 163.812 30.2996 0
    endloop
  endfacet
  facet normal 0 0 -1
    outer loop
      vertex 163.062 21.0004 0
      vertex 163.48 29.625 0
      vertex 163.48 20.375 0
    endloop
  endfacet
  facet normal 0 0 -1
    outer loop
      vertex 163.062 21.0004 0
      vertex 163.062 28.9996 0
      vertex 163.48 29.625 0
    endloop
  endfacet
  facet normal 0 0 -1
    outer loop
      vertex 162.566 21.5659 0
      vertex 163.062 28.9996 0
      vertex 163.062 21.0004 0
    endloop
  endfacet
  facet normal 0 0 -1
    outer loop
      vertex 162.566 21.5659 0
      vertex 162.566 28.4341 0
      vertex 163.062 28.9996 0
    endloop
  endfacet
  facet normal 0 0 -1
    outer loop
      vertex 162 22.0618 0
      vertex 162.566 28.4341 0
      vertex 162.566 21.5659 0
    endloop
  endfacet
  facet normal 0 0 -1
    outer loop
      vertex 162 22.0618 0
      vertex 162 27.9382 0
      vertex 162.566 28.4341 0
    endloop
  endfacet
  facet normal 0 0 -1
    outer loop
      vertex 161.375 22.4796 0
      vertex 162 27.9382 0
      vertex 162 22.0618 0
    endloop
  endfacet
  facet normal 0 0 -1
    outer loop
      vertex 161.375 22.4796 0
      vertex 161.375 27.5204 0
      vertex 162 27.9382 0
    endloop
  endfacet
  facet normal 0 0 -1
    outer loop
      vertex 160.7 22.8123 0
      vertex 161.375 27.5204 0
      vertex 161.375 22.4796 0
    endloop
  endfacet
  facet normal 0 0 -1
    outer loop
      vertex 160.7 22.8123 0
      vertex 160.7 27.1877 0
      vertex 161.375 27.5204 0
    endloop
  endfacet
  facet normal 0 0 -1
    outer loop
      vertex 159.988 23.0541 0
      vertex 160.7 27.1877 0
      vertex 160.7 22.8123 0
    endloop
  endfacet
  facet normal 0 0 -1
    outer loop
      vertex 159.988 23.0541 0
      vertex 159.988 26.9459 0
      vertex 160.7 27.1877 0
    endloop
  endfacet
  facet normal 0 0 -1
    outer loop
      vertex 159.251 23.2008 0
      vertex 159.988 26.9459 0
      vertex 159.988 23.0541 0
    endloop
  endfacet
  facet normal 0 0 -1
    outer loop
      vertex 159.251 23.2008 0
      vertex 159.251 26.7992 0
      vertex 159.988 26.9459 0
    endloop
  endfacet
  facet normal 0 0 -1
    outer loop
      vertex 158.5 23.25 0
      vertex 159.251 26.7992 0
      vertex 159.251 23.2008 0
    endloop
  endfacet
  facet normal 0 0 -1
    outer loop
      vertex 158.5 23.25 0
      vertex 158.5 26.75 0
      vertex 159.251 26.7992 0
    endloop
  endfacet
  facet normal 0 0 -1
    outer loop
      vertex 157.749 23.2008 0
      vertex 158.5 26.75 0
      vertex 158.5 23.25 0
    endloop
  endfacet
  facet normal 0 0 -1
    outer loop
      vertex 157.749 23.2008 0
      vertex 157.749 26.7992 0
      vertex 158.5 26.75 0
    endloop
  endfacet
  facet normal 0 0 -1
    outer loop
      vertex 157.012 23.0541 0
      vertex 157.749 26.7992 0
      vertex 157.749 23.2008 0
    endloop
  endfacet
  facet normal 0 0 -1
    outer loop
      vertex 157.012 23.0541 0
      vertex 157.012 26.9459 0
      vertex 157.749 26.7992 0
    endloop
  endfacet
  facet normal 0 0 -1
    outer loop
      vertex 156.3 22.8123 0
      vertex 157.012 26.9459 0
      vertex 157.012 23.0541 0
    endloop
  endfacet
  facet normal 0 0 -1
    outer loop
      vertex 156.3 22.8123 0
      vertex 156.3 27.1877 0
      vertex 157.012 26.9459 0
    endloop
  endfacet
  facet normal 0 0 -1
    outer loop
      vertex 155.625 22.4796 0
      vertex 156.3 27.1877 0
      vertex 156.3 22.8123 0
    endloop
  endfacet
  facet normal 0 0 -1
    outer loop
      vertex 155.625 22.4796 0
      vertex 155.625 27.5204 0
      vertex 156.3 27.1877 0
    endloop
  endfacet
  facet normal 0 0 -1
    outer loop
      vertex 155 22.0618 0
      vertex 155.625 27.5204 0
      vertex 155.625 22.4796 0
    endloop
  endfacet
  facet normal 0 0 -1
    outer loop
      vertex 155 22.0618 0
      vertex 155 27.9382 0
      vertex 155.625 27.5204 0
    endloop
  endfacet
  facet normal 0 0 -1
    outer loop
      vertex 154.434 21.5659 0
      vertex 155 27.9382 0
      vertex 155 22.0618 0
    endloop
  endfacet
  facet normal 0 0 -1
    outer loop
      vertex 154.434 21.5659 0
      vertex 154.434 28.4341 0
      vertex 155 27.9382 0
    endloop
  endfacet
  facet normal 0 0 -1
    outer loop
      vertex 153.938 21.0004 0
      vertex 154.434 28.4341 0
      vertex 154.434 21.5659 0
    endloop
  endfacet
  facet normal 0 0 -1
    outer loop
      vertex 153.938 21.0004 0
      vertex 153.938 28.9996 0
      vertex 154.434 28.4341 0
    endloop
  endfacet
  facet normal 0 0 -1
    outer loop
      vertex 144.812 19.7004 0
      vertex 153.188 19.7004 0
      vertex 145.054 18.9882 0
    endloop
  endfacet
  facet normal 0 0 -1
    outer loop
      vertex 153.188 19.7004 0
      vertex 144.812 19.7004 0
      vertex 153.52 20.375 0
    endloop
  endfacet
  facet normal 0 0 -1
    outer loop
      vertex 145.054 18.9882 0
      vertex 152.946 18.9882 0
      vertex 145.201 18.2505 0
    endloop
  endfacet
  facet normal 0 0 -1
    outer loop
      vertex 152.946 18.9882 0
      vertex 145.054 18.9882 0
      vertex 153.188 19.7004 0
    endloop
  endfacet
  facet normal 0 0 -1
    outer loop
      vertex 152.799 18.2505 0
      vertex 145.201 18.2505 0
      vertex 152.946 18.9882 0
    endloop
  endfacet
  facet normal 0 0 -1
    outer loop
      vertex 144.48 20.375 0
      vertex 153.52 20.375 0
      vertex 144.812 19.7004 0
    endloop
  endfacet
  facet normal 0 0 -1
    outer loop
      vertex 145.201 18.2505 0
      vertex 152.799 18.2505 0
      vertex 145.25 17.5 0
    endloop
  endfacet
  facet normal 0 0 -1
    outer loop
      vertex 153.52 29.625 0
      vertex 145.25 32.5 0
      vertex 153.188 30.2996 0
    endloop
  endfacet
  facet normal 0 0 -1
    outer loop
      vertex 145.25 17.5 0
      vertex 152.799 18.2505 0
      vertex 152.75 17.5 0
    endloop
  endfacet
  facet normal 0 0 -1
    outer loop
      vertex 153.188 30.2996 0
      vertex 145.25 32.5 0
      vertex 152.946 31.0118 0
    endloop
  endfacet
  facet normal 0 0 -1
    outer loop
      vertex 198 0 0
      vertex 200 2 0
      vertex 199.983 1.73895 0
    endloop
  endfacet
  facet normal 0 0 -1
    outer loop
      vertex 164.201 18.2505 0
      vertex 200 2 0
      vertex 164.25 17.5 0
    endloop
  endfacet
  facet normal 0 0 -1
    outer loop
      vertex 198 0 0
      vertex 199.983 1.73895 0
      vertex 199.932 1.48236 0
    endloop
  endfacet
  facet normal 0 0 -1
    outer loop
      vertex 164.054 18.9882 0
      vertex 200 2 0
      vertex 164.201 18.2505 0
    endloop
  endfacet
  facet normal 0 0 -1
    outer loop
      vertex 198 0 0
      vertex 199.932 1.48236 0
      vertex 199.848 1.23463 0
    endloop
  endfacet
  facet normal 0 0 -1
    outer loop
      vertex 164.201 33.2505 0
      vertex 200 48 0
      vertex 164.25 32.5 0
    endloop
  endfacet
  facet normal 0 0 -1
    outer loop
      vertex 198 0 0
      vertex 199.848 1.23463 0
      vertex 199.732 1 0
    endloop
  endfacet
  facet normal 0 0 -1
    outer loop
      vertex 200 48 0
      vertex 198 50 0
      vertex 199.983 48.2611 0
    endloop
  endfacet
  facet normal 0 0 -1
    outer loop
      vertex 198 0 0
      vertex 199.732 1 0
      vertex 199.587 0.782476 0
    endloop
  endfacet
  facet normal 0 0 -1
    outer loop
      vertex 199.983 48.2611 0
      vertex 198 50 0
      vertex 199.932 48.5176 0
    endloop
  endfacet
  facet normal 0 0 -1
    outer loop
      vertex 198 0 0
      vertex 199.587 0.782476 0
      vertex 199.414 0.585786 0
    endloop
  endfacet
  facet normal 0 0 -1
    outer loop
      vertex 199.932 48.5176 0
      vertex 198 50 0
      vertex 199.848 48.7654 0
    endloop
  endfacet
  facet normal 0 0 -1
    outer loop
      vertex 198 0 0
      vertex 199.414 0.585786 0
      vertex 199.218 0.413293 0
    endloop
  endfacet
  facet normal 0 0 -1
    outer loop
      vertex 164.201 16.7495 0
      vertex 200 2 0
      vertex 198 0 0
    endloop
  endfacet
  facet normal 0 0 -1
    outer loop
      vertex 198 0 0
      vertex 199.218 0.413293 0
      vertex 199 0.267949 0
    endloop
  endfacet
  facet normal 0 0 -1
    outer loop
      vertex 199.848 48.7654 0
      vertex 198 50 0
      vertex 199.732 49 0
    endloop
  endfacet
  facet normal 0 0 -1
    outer loop
      vertex 198 0 0
      vertex 199 0.267949 0
      vertex 198.765 0.152241 0
    endloop
  endfacet
  facet normal 0 0 -1
    outer loop
      vertex 199.414 49.4142 0
      vertex 198 50 0
      vertex 199.218 49.5867 0
    endloop
  endfacet
  facet normal 0 0 -1
    outer loop
      vertex 198 0 0
      vertex 198.765 0.152241 0
      vertex 198.518 0.0681477 0
    endloop
  endfacet
  facet normal 0 0 -1
    outer loop
      vertex 199.218 49.5867 0
      vertex 198 50 0
      vertex 199 49.732 0
    endloop
  endfacet
  facet normal 0 0 -1
    outer loop
      vertex 198 0 0
      vertex 198.518 0.0681477 0
      vertex 198.261 0.0171099 0
    endloop
  endfacet
  facet normal 0 0 -1
    outer loop
      vertex 199 49.732 0
      vertex 198 50 0
      vertex 198.765 49.8478 0
    endloop
  endfacet
  facet normal 0 0 -1
    outer loop
      vertex 198.765 49.8478 0
      vertex 198 50 0
      vertex 198.518 49.9319 0
    endloop
  endfacet
  facet normal 0 0 -1
    outer loop
      vertex 198.518 49.9319 0
      vertex 198 50 0
      vertex 198.261 49.9829 0
    endloop
  endfacet
  facet normal 0 0 -1
    outer loop
      vertex 199.732 49 0
      vertex 198 50 0
      vertex 199.587 49.2175 0
    endloop
  endfacet
  facet normal 0 0 -1
    outer loop
      vertex 200 2 0
      vertex 164.201 16.7495 0
      vertex 164.25 17.5 0
    endloop
  endfacet
  facet normal 0 0 -1
    outer loop
      vertex 198 0 0
      vertex 164.054 16.0118 0
      vertex 164.201 16.7495 0
    endloop
  endfacet
  facet normal 0 0 -1
    outer loop
      vertex 198 0 0
      vertex 163.812 15.2996 0
      vertex 164.054 16.0118 0
    endloop
  endfacet
  facet normal 0 0 -1
    outer loop
      vertex 198 0 0
      vertex 163.48 14.625 0
      vertex 163.812 15.2996 0
    endloop
  endfacet
  facet normal 0 0 -1
    outer loop
      vertex 198 0 0
      vertex 163.062 13.9996 0
      vertex 163.48 14.625 0
    endloop
  endfacet
  facet normal 0 0 -1
    outer loop
      vertex 198 0 0
      vertex 162.566 13.4341 0
      vertex 163.062 13.9996 0
    endloop
  endfacet
  facet normal 0 0 -1
    outer loop
      vertex 198 0 0
      vertex 162 12.9382 0
      vertex 162.566 13.4341 0
    endloop
  endfacet
  facet normal 0 0 -1
    outer loop
      vertex 198 0 0
      vertex 161.375 12.5204 0
      vertex 162 12.9382 0
    endloop
  endfacet
  facet normal 0 0 -1
    outer loop
      vertex 198 0 0
      vertex 160.7 12.1877 0
      vertex 161.375 12.5204 0
    endloop
  endfacet
  facet normal 0 0 -1
    outer loop
      vertex 198 0 0
      vertex 159.988 11.9459 0
      vertex 160.7 12.1877 0
    endloop
  endfacet
  facet normal 0 0 -1
    outer loop
      vertex 198 0 0
      vertex 159.251 11.7992 0
      vertex 159.988 11.9459 0
    endloop
  endfacet
  facet normal 0 0 -1
    outer loop
      vertex 198 0 0
      vertex 158.5 11.75 0
      vertex 159.251 11.7992 0
    endloop
  endfacet
  facet normal 0 0 -1
    outer loop
      vertex 198 0 0
      vertex 157.749 11.7992 0
      vertex 158.5 11.75 0
    endloop
  endfacet
  facet normal 0 0 -1
    outer loop
      vertex 140.251 11.7992 0
      vertex 157.749 11.7992 0
      vertex 198 0 0
    endloop
  endfacet
  facet normal 0 0 -1
    outer loop
      vertex 152.946 31.0118 0
      vertex 145.25 32.5 0
      vertex 152.799 31.7495 0
    endloop
  endfacet
  facet normal 0 0 -1
    outer loop
      vertex 152.799 16.7495 0
      vertex 145.25 17.5 0
      vertex 152.75 17.5 0
    endloop
  endfacet
  facet normal 0 0 -1
    outer loop
      vertex 145.201 16.7495 0
      vertex 152.799 16.7495 0
      vertex 152.946 16.0118 0
    endloop
  endfacet
  facet normal 0 0 -1
    outer loop
      vertex 145.054 16.0118 0
      vertex 152.946 16.0118 0
      vertex 153.188 15.2996 0
    endloop
  endfacet
  facet normal 0 0 -1
    outer loop
      vertex 144.812 15.2996 0
      vertex 153.188 15.2996 0
      vertex 153.52 14.625 0
    endloop
  endfacet
  facet normal 0 0 -1
    outer loop
      vertex 144.48 14.625 0
      vertex 153.52 14.625 0
      vertex 153.938 13.9996 0
    endloop
  endfacet
  facet normal 0 0 -1
    outer loop
      vertex 144.062 13.9996 0
      vertex 153.938 13.9996 0
      vertex 154.434 13.4341 0
    endloop
  endfacet
  facet normal 0 0 -1
    outer loop
      vertex 143.566 13.4341 0
      vertex 154.434 13.4341 0
      vertex 155 12.9382 0
    endloop
  endfacet
  facet normal 0 0 -1
    outer loop
      vertex 143 12.9382 0
      vertex 155 12.9382 0
      vertex 155.625 12.5204 0
    endloop
  endfacet
  facet normal 0 0 -1
    outer loop
      vertex 142.375 12.5204 0
      vertex 155.625 12.5204 0
      vertex 156.3 12.1877 0
    endloop
  endfacet
  facet normal 0 0 -1
    outer loop
      vertex 152.799 16.7495 0
      vertex 145.201 16.7495 0
      vertex 145.25 17.5 0
    endloop
  endfacet
  facet normal 0 0 -1
    outer loop
      vertex 152.946 16.0118 0
      vertex 145.054 16.0118 0
      vertex 145.201 16.7495 0
    endloop
  endfacet
  facet normal 0 0 -1
    outer loop
      vertex 153.188 15.2996 0
      vertex 144.812 15.2996 0
      vertex 145.054 16.0118 0
    endloop
  endfacet
  facet normal 0 0 -1
    outer loop
      vertex 141.7 12.1877 0
      vertex 156.3 12.1877 0
      vertex 157.012 11.9459 0
    endloop
  endfacet
  facet normal 0 0 -1
    outer loop
      vertex 157.749 11.7992 0
      vertex 140.251 11.7992 0
      vertex 157.012 11.9459 0
    endloop
  endfacet
  facet normal 0 0 -1
    outer loop
      vertex 153.52 14.625 0
      vertex 144.48 14.625 0
      vertex 144.812 15.2996 0
    endloop
  endfacet
  facet normal 0 0 -1
    outer loop
      vertex 153.938 13.9996 0
      vertex 144.062 13.9996 0
      vertex 144.48 14.625 0
    endloop
  endfacet
  facet normal 0 0 -1
    outer loop
      vertex 154.434 13.4341 0
      vertex 143.566 13.4341 0
      vertex 144.062 13.9996 0
    endloop
  endfacet
  facet normal 0 0 -1
    outer loop
      vertex 155 12.9382 0
      vertex 143 12.9382 0
      vertex 143.566 13.4341 0
    endloop
  endfacet
  facet normal 0 0 -1
    outer loop
      vertex 155.625 12.5204 0
      vertex 142.375 12.5204 0
      vertex 143 12.9382 0
    endloop
  endfacet
  facet normal 0 0 -1
    outer loop
      vertex 156.3 12.1877 0
      vertex 141.7 12.1877 0
      vertex 142.375 12.5204 0
    endloop
  endfacet
  facet normal 0 0 -1
    outer loop
      vertex 157.012 11.9459 0
      vertex 140.988 11.9459 0
      vertex 141.7 12.1877 0
    endloop
  endfacet
  facet normal -0 0 -1
    outer loop
      vertex 157.012 11.9459 0
      vertex 140.251 11.7992 0
      vertex 140.988 11.9459 0
    endloop
  endfacet
  facet normal 0 0 -1
    outer loop
      vertex 198 0 0
      vertex 139.5 11.75 0
      vertex 140.251 11.7992 0
    endloop
  endfacet
  facet normal 0 0 -1
    outer loop
      vertex 198 0 0
      vertex 138.749 11.7992 0
      vertex 139.5 11.75 0
    endloop
  endfacet
  facet normal 0 0 -1
    outer loop
      vertex 2 0 0
      vertex 138.749 11.7992 0
      vertex 198 0 0
    endloop
  endfacet
  facet normal 0 0 -1
    outer loop
      vertex 2 50 0
      vertex 133.799 31.7495 0
      vertex 2 0 0
    endloop
  endfacet
  facet normal -0 0 -1
    outer loop
      vertex 133.799 16.7495 0
      vertex 2 0 0
      vertex 133.75 17.5 0
    endloop
  endfacet
  facet normal -0 0 -1
    outer loop
      vertex 133.946 16.0118 0
      vertex 2 0 0
      vertex 133.799 16.7495 0
    endloop
  endfacet
  facet normal -0 0 -1
    outer loop
      vertex 134.188 15.2996 0
      vertex 2 0 0
      vertex 133.946 16.0118 0
    endloop
  endfacet
  facet normal -0 0 -1
    outer loop
      vertex 134.52 14.625 0
      vertex 2 0 0
      vertex 134.188 15.2996 0
    endloop
  endfacet
  facet normal -0 0 -1
    outer loop
      vertex 134.938 13.9996 0
      vertex 2 0 0
      vertex 134.52 14.625 0
    endloop
  endfacet
  facet normal -0 0 -1
    outer loop
      vertex 135.434 13.4341 0
      vertex 2 0 0
      vertex 134.938 13.9996 0
    endloop
  endfacet
  facet normal -0 0 -1
    outer loop
      vertex 136 12.9382 0
      vertex 2 0 0
      vertex 135.434 13.4341 0
    endloop
  endfacet
  facet normal -0 0 -1
    outer loop
      vertex 136.625 12.5204 0
      vertex 2 0 0
      vertex 136 12.9382 0
    endloop
  endfacet
  facet normal -0 0 -1
    outer loop
      vertex 137.3 12.1877 0
      vertex 2 0 0
      vertex 136.625 12.5204 0
    endloop
  endfacet
  facet normal -0 0 -1
    outer loop
      vertex 138.012 11.9459 0
      vertex 2 0 0
      vertex 137.3 12.1877 0
    endloop
  endfacet
  facet normal -0 0 -1
    outer loop
      vertex 138.749 11.7992 0
      vertex 2 0 0
      vertex 138.012 11.9459 0
    endloop
  endfacet
  facet normal 0 0 -1
    outer loop
      vertex 199.587 49.2175 0
      vertex 198 50 0
      vertex 199.414 49.4142 0
    endloop
  endfacet
  facet normal -0 0 -1
    outer loop
      vertex 200 48 0
      vertex 164.201 33.2505 0
      vertex 198 50 0
    endloop
  endfacet
  facet normal 0 0 -1
    outer loop
      vertex 164.054 33.9882 0
      vertex 198 50 0
      vertex 164.201 33.2505 0
    endloop
  endfacet
  facet normal 0 0 -1
    outer loop
      vertex 163.812 34.7004 0
      vertex 198 50 0
      vertex 164.054 33.9882 0
    endloop
  endfacet
  facet normal 0 0 -1
    outer loop
      vertex 163.48 35.375 0
      vertex 198 50 0
      vertex 163.812 34.7004 0
    endloop
  endfacet
  facet normal 0 0 -1
    outer loop
      vertex 163.062 36.0004 0
      vertex 198 50 0
      vertex 163.48 35.375 0
    endloop
  endfacet
  facet normal 0 0 -1
    outer loop
      vertex 162.566 36.5659 0
      vertex 198 50 0
      vertex 163.062 36.0004 0
    endloop
  endfacet
  facet normal 0 0 -1
    outer loop
      vertex 162 37.0618 0
      vertex 198 50 0
      vertex 162.566 36.5659 0
    endloop
  endfacet
  facet normal 0 0 -1
    outer loop
      vertex 161.375 37.4796 0
      vertex 198 50 0
      vertex 162 37.0618 0
    endloop
  endfacet
  facet normal 0 0 -1
    outer loop
      vertex 160.7 37.8123 0
      vertex 198 50 0
      vertex 161.375 37.4796 0
    endloop
  endfacet
  facet normal 0 0 -1
    outer loop
      vertex 159.988 38.0541 0
      vertex 198 50 0
      vertex 160.7 37.8123 0
    endloop
  endfacet
  facet normal 0 0 -1
    outer loop
      vertex 159.251 38.2008 0
      vertex 198 50 0
      vertex 159.988 38.0541 0
    endloop
  endfacet
  facet normal 0 0 -1
    outer loop
      vertex 158.5 38.25 0
      vertex 198 50 0
      vertex 159.251 38.2008 0
    endloop
  endfacet
  facet normal 0 0 -1
    outer loop
      vertex 157.749 38.2008 0
      vertex 198 50 0
      vertex 158.5 38.25 0
    endloop
  endfacet
  facet normal 0 0 -1
    outer loop
      vertex 140.251 38.2008 0
      vertex 157.749 38.2008 0
      vertex 157.012 38.0541 0
    endloop
  endfacet
  facet normal 0 0 -1
    outer loop
      vertex 152.799 31.7495 0
      vertex 145.25 32.5 0
      vertex 152.75 32.5 0
    endloop
  endfacet
  facet normal 0 0 -1
    outer loop
      vertex 152.75 32.5 0
      vertex 145.25 32.5 0
      vertex 152.799 33.2505 0
    endloop
  endfacet
  facet normal 0 0 -1
    outer loop
      vertex 145.201 33.2505 0
      vertex 152.799 33.2505 0
      vertex 145.25 32.5 0
    endloop
  endfacet
  facet normal 0 0 -1
    outer loop
      vertex 152.799 33.2505 0
      vertex 145.201 33.2505 0
      vertex 152.946 33.9882 0
    endloop
  endfacet
  facet normal 0 0 -1
    outer loop
      vertex 145.054 33.9882 0
      vertex 152.946 33.9882 0
      vertex 145.201 33.2505 0
    endloop
  endfacet
  facet normal 0 0 -1
    outer loop
      vertex 152.946 33.9882 0
      vertex 145.054 33.9882 0
      vertex 153.188 34.7004 0
    endloop
  endfacet
  facet normal 0 0 -1
    outer loop
      vertex 144.812 34.7004 0
      vertex 153.188 34.7004 0
      vertex 145.054 33.9882 0
    endloop
  endfacet
  facet normal 0 0 -1
    outer loop
      vertex 153.188 34.7004 0
      vertex 144.812 34.7004 0
      vertex 153.52 35.375 0
    endloop
  endfacet
  facet normal 0 0 -1
    outer loop
      vertex 144.48 35.375 0
      vertex 153.52 35.375 0
      vertex 144.812 34.7004 0
    endloop
  endfacet
  facet normal 0 0 -1
    outer loop
      vertex 153.52 35.375 0
      vertex 144.48 35.375 0
      vertex 153.938 36.0004 0
    endloop
  endfacet
  facet normal 0 0 -1
    outer loop
      vertex 144.062 36.0004 0
      vertex 153.938 36.0004 0
      vertex 144.48 35.375 0
    endloop
  endfacet
  facet normal 0 0 -1
    outer loop
      vertex 153.938 36.0004 0
      vertex 144.062 36.0004 0
      vertex 154.434 36.5659 0
    endloop
  endfacet
  facet normal 0 0 -1
    outer loop
      vertex 143.566 36.5659 0
      vertex 154.434 36.5659 0
      vertex 144.062 36.0004 0
    endloop
  endfacet
  facet normal 0 0 -1
    outer loop
      vertex 154.434 36.5659 0
      vertex 143.566 36.5659 0
      vertex 155 37.0618 0
    endloop
  endfacet
  facet normal 0 0 -1
    outer loop
      vertex 143 37.0618 0
      vertex 155 37.0618 0
      vertex 143.566 36.5659 0
    endloop
  endfacet
  facet normal 0 0 -1
    outer loop
      vertex 155 37.0618 0
      vertex 143 37.0618 0
      vertex 155.625 37.4796 0
    endloop
  endfacet
  facet normal 0 0 -1
    outer loop
      vertex 142.375 37.4796 0
      vertex 155.625 37.4796 0
      vertex 143 37.0618 0
    endloop
  endfacet
  facet normal 0 0 -1
    outer loop
      vertex 155.625 37.4796 0
      vertex 142.375 37.4796 0
      vertex 156.3 37.8123 0
    endloop
  endfacet
  facet normal 0 0 -1
    outer loop
      vertex 141.7 37.8123 0
      vertex 156.3 37.8123 0
      vertex 142.375 37.4796 0
    endloop
  endfacet
  facet normal 0 0 -1
    outer loop
      vertex 156.3 37.8123 0
      vertex 141.7 37.8123 0
      vertex 157.012 38.0541 0
    endloop
  endfacet
  facet normal 0 0 -1
    outer loop
      vertex 140.988 38.0541 0
      vertex 157.012 38.0541 0
      vertex 141.7 37.8123 0
    endloop
  endfacet
  facet normal 0 0 -1
    outer loop
      vertex 140.251 38.2008 0
      vertex 157.012 38.0541 0
      vertex 140.988 38.0541 0
    endloop
  endfacet
  facet normal 0 0 -1
    outer loop
      vertex 157.749 38.2008 0
      vertex 140.251 38.2008 0
      vertex 198 50 0
    endloop
  endfacet
  facet normal 0 0 -1
    outer loop
      vertex 139.5 38.25 0
      vertex 198 50 0
      vertex 140.251 38.2008 0
    endloop
  endfacet
  facet normal 0 0 -1
    outer loop
      vertex 138.749 38.2008 0
      vertex 198 50 0
      vertex 139.5 38.25 0
    endloop
  endfacet
  facet normal 0 0 -1
    outer loop
      vertex 2 50 0
      vertex 138.749 38.2008 0
      vertex 138.012 38.0541 0
    endloop
  endfacet
  facet normal 0 0 -1
    outer loop
      vertex 133.799 31.7495 0
      vertex 2 50 0
      vertex 133.75 32.5 0
    endloop
  endfacet
  facet normal 0 0 -1
    outer loop
      vertex 133.75 32.5 0
      vertex 2 50 0
      vertex 133.799 33.2505 0
    endloop
  endfacet
  facet normal 0 0 -1
    outer loop
      vertex 133.799 33.2505 0
      vertex 2 50 0
      vertex 133.946 33.9882 0
    endloop
  endfacet
  facet normal 0 0 -1
    outer loop
      vertex 133.946 33.9882 0
      vertex 2 50 0
      vertex 134.188 34.7004 0
    endloop
  endfacet
  facet normal 0 0 -1
    outer loop
      vertex 134.188 34.7004 0
      vertex 2 50 0
      vertex 134.52 35.375 0
    endloop
  endfacet
  facet normal 0 0 -1
    outer loop
      vertex 134.52 35.375 0
      vertex 2 50 0
      vertex 134.938 36.0004 0
    endloop
  endfacet
  facet normal 0 0 -1
    outer loop
      vertex 134.938 36.0004 0
      vertex 2 50 0
      vertex 135.434 36.5659 0
    endloop
  endfacet
  facet normal 0 0 -1
    outer loop
      vertex 135.434 36.5659 0
      vertex 2 50 0
      vertex 136 37.0618 0
    endloop
  endfacet
  facet normal 0 0 -1
    outer loop
      vertex 136 37.0618 0
      vertex 2 50 0
      vertex 136.625 37.4796 0
    endloop
  endfacet
  facet normal 0 0 -1
    outer loop
      vertex 136.625 37.4796 0
      vertex 2 50 0
      vertex 137.3 37.8123 0
    endloop
  endfacet
  facet normal 0 0 -1
    outer loop
      vertex 138.749 38.2008 0
      vertex 2 50 0
      vertex 198 50 0
    endloop
  endfacet
  facet normal 0 0 -1
    outer loop
      vertex 137.3 37.8123 0
      vertex 2 50 0
      vertex 138.012 38.0541 0
    endloop
  endfacet
  facet normal 0 0 -1
    outer loop
      vertex 0 2 0
      vertex 2 0 0
      vertex 1.73895 0.0171099 0
    endloop
  endfacet
  facet normal 0 0 -1
    outer loop
      vertex 2 0 0
      vertex 0 2 0
      vertex 2 50 0
    endloop
  endfacet
  facet normal 0 0 -1
    outer loop
      vertex 0 2 0
      vertex 1.73895 0.0171099 0
      vertex 1.48236 0.0681477 0
    endloop
  endfacet
  facet normal 0 0 -1
    outer loop
      vertex 0 48 0
      vertex 2 50 0
      vertex 0 2 0
    endloop
  endfacet
  facet normal 0 0 -1
    outer loop
      vertex 0 2 0
      vertex 1.48236 0.0681477 0
      vertex 1.23463 0.152241 0
    endloop
  endfacet
  facet normal 0 0 -1
    outer loop
      vertex 2 50 0
      vertex 0 48 0
      vertex 1.73895 49.9829 0
    endloop
  endfacet
  facet normal 0 0 -1
    outer loop
      vertex 0 2 0
      vertex 1.23463 0.152241 0
      vertex 1 0.267949 0
    endloop
  endfacet
  facet normal 0 0 -1
    outer loop
      vertex 1.73895 49.9829 0
      vertex 0 48 0
      vertex 1.48236 49.9319 0
    endloop
  endfacet
  facet normal 0 0 -1
    outer loop
      vertex 0 2 0
      vertex 1 0.267949 0
      vertex 0.782476 0.413293 0
    endloop
  endfacet
  facet normal 0 0 -1
    outer loop
      vertex 1.48236 49.9319 0
      vertex 0 48 0
      vertex 1.23463 49.8478 0
    endloop
  endfacet
  facet normal 0 0 -1
    outer loop
      vertex 0 2 0
      vertex 0.782476 0.413293 0
      vertex 0.585786 0.585786 0
    endloop
  endfacet
  facet normal 0 0 -1
    outer loop
      vertex 1.23463 49.8478 0
      vertex 0 48 0
      vertex 1 49.732 0
    endloop
  endfacet
  facet normal 0 0 -1
    outer loop
      vertex 0 2 0
      vertex 0.585786 0.585786 0
      vertex 0.413293 0.782476 0
    endloop
  endfacet
  facet normal 0 0 -1
    outer loop
      vertex 1 49.732 0
      vertex 0 48 0
      vertex 0.782476 49.5867 0
    endloop
  endfacet
  facet normal 0 0 -1
    outer loop
      vertex 0 2 0
      vertex 0.413293 0.782476 0
      vertex 0.267949 1 0
    endloop
  endfacet
  facet normal 0 0 -1
    outer loop
      vertex 0.782476 49.5867 0
      vertex 0 48 0
      vertex 0.585786 49.4142 0
    endloop
  endfacet
  facet normal 0 0 -1
    outer loop
      vertex 0 2 0
      vertex 0.267949 1 0
      vertex 0.152241 1.23463 0
    endloop
  endfacet
  facet normal 0 0 -1
    outer loop
      vertex 0.585786 49.4142 0
      vertex 0 48 0
      vertex 0.413293 49.2175 0
    endloop
  endfacet
  facet normal 0 0 -1
    outer loop
      vertex 0 2 0
      vertex 0.152241 1.23463 0
      vertex 0.0681477 1.48236 0
    endloop
  endfacet
  facet normal 0 0 -1
    outer loop
      vertex 0.413293 49.2175 0
      vertex 0 48 0
      vertex 0.267949 49 0
    endloop
  endfacet
  facet normal 0 0 -1
    outer loop
      vertex 0 2 0
      vertex 0.0681477 1.48236 0
      vertex 0.0171099 1.73895 0
    endloop
  endfacet
  facet normal 0 0 -1
    outer loop
      vertex 0.267949 49 0
      vertex 0 48 0
      vertex 0.152241 48.7654 0
    endloop
  endfacet
  facet normal 0 0 -1
    outer loop
      vertex 0.152241 48.7654 0
      vertex 0 48 0
      vertex 0.0681477 48.5176 0
    endloop
  endfacet
  facet normal 0 0 -1
    outer loop
      vertex 0.0681477 48.5176 0
      vertex 0 48 0
      vertex 0.0171099 48.2611 0
    endloop
  endfacet
  facet normal -0.831443 0.55561 0
    outer loop
      vertex 0.267949 49 0
      vertex 0.413293 49.2175 6
      vertex 0.413293 49.2175 0
    endloop
  endfacet
  facet normal -0.831443 0.55561 0
    outer loop
      vertex 0.413293 49.2175 6
      vertex 0.267949 49 0
      vertex 0.267949 49 6
    endloop
  endfacet
  facet normal 0.660656 -0.750689 0
    outer loop
      vertex 199.218 0.413293 0
      vertex 199.414 0.585786 6
      vertex 199.218 0.413293 6
    endloop
  endfacet
  facet normal 0.660656 -0.750689 0
    outer loop
      vertex 199.414 0.585786 6
      vertex 199.218 0.413293 0
      vertex 199.414 0.585786 0
    endloop
  endfacet
  facet normal 0.750879 -0.66044 0
    outer loop
      vertex 199.414 0.585786 6
      vertex 199.587 0.782476 0
      vertex 199.587 0.782476 6
    endloop
  endfacet
  facet normal 0.750879 -0.66044 0
    outer loop
      vertex 199.587 0.782476 0
      vertex 199.414 0.585786 6
      vertex 199.414 0.585786 0
    endloop
  endfacet
  facet normal 0.322315 0.946632 -0
    outer loop
      vertex 198.765 49.8478 0
      vertex 198.518 49.9319 6
      vertex 198.765 49.8478 6
    endloop
  endfacet
  facet normal 0.322315 0.946632 0
    outer loop
      vertex 198.518 49.9319 6
      vertex 198.765 49.8478 0
      vertex 198.518 49.9319 0
    endloop
  endfacet
  facet normal -0.99786 0.0653898 0
    outer loop
      vertex 0 48 0
      vertex 0.0171099 48.2611 6
      vertex 0.0171099 48.2611 0
    endloop
  endfacet
  facet normal -0.99786 0.0653898 0
    outer loop
      vertex 0.0171099 48.2611 6
      vertex 0 48 0
      vertex 0 48 6
    endloop
  endfacet
  facet normal 0.832079 -0.554658 0
    outer loop
      vertex 199.587 0.782476 6
      vertex 199.732 1 0
      vertex 199.732 1 6
    endloop
  endfacet
  facet normal 0.832079 -0.554658 0
    outer loop
      vertex 199.732 1 0
      vertex 199.587 0.782476 6
      vertex 199.587 0.782476 0
    endloop
  endfacet
  facet normal 0.194648 0.980873 -0
    outer loop
      vertex 198.518 49.9319 0
      vertex 198.261 49.9829 6
      vertex 198.518 49.9319 6
    endloop
  endfacet
  facet normal 0.194648 0.980873 0
    outer loop
      vertex 198.261 49.9829 6
      vertex 198.518 49.9319 0
      vertex 198.261 49.9829 0
    endloop
  endfacet
  facet normal 0 0 1
    outer loop
      vertex 198 50 6
      vertex 200 48 6
      vertex 199.983 48.2611 6
    endloop
  endfacet
  facet normal 0 0 1
    outer loop
      vertex 200 48 6
      vertex 174.5 44.5 6
      vertex 200 2 6
    endloop
  endfacet
  facet normal 0 0 1
    outer loop
      vertex 198 50 6
      vertex 199.983 48.2611 6
      vertex 199.932 48.5176 6
    endloop
  endfacet
  facet normal -0 0 1
    outer loop
      vertex 174.5 5.5 6
      vertex 200 2 6
      vertex 174.5 44.5 6
    endloop
  endfacet
  facet normal 0 0 1
    outer loop
      vertex 198 50 6
      vertex 199.932 48.5176 6
      vertex 199.848 48.7654 6
    endloop
  endfacet
  facet normal 0 -0 1
    outer loop
      vertex 198 0 6
      vertex 200 2 6
      vertex 174.5 5.5 6
    endloop
  endfacet
  facet normal 0 0 1
    outer loop
      vertex 198 50 6
      vertex 199.848 48.7654 6
      vertex 199.732 49 6
    endloop
  endfacet
  facet normal 0 0 1
    outer loop
      vertex 200 2 6
      vertex 198 0 6
      vertex 199.983 1.73895 6
    endloop
  endfacet
  facet normal 0 0 1
    outer loop
      vertex 198 50 6
      vertex 199.732 49 6
      vertex 199.587 49.2175 6
    endloop
  endfacet
  facet normal 0 0 1
    outer loop
      vertex 199.983 1.73895 6
      vertex 198 0 6
      vertex 199.932 1.48236 6
    endloop
  endfacet
  facet normal 0 0 1
    outer loop
      vertex 198 50 6
      vertex 199.587 49.2175 6
      vertex 199.414 49.4142 6
    endloop
  endfacet
  facet normal 0 0 1
    outer loop
      vertex 199.932 1.48236 6
      vertex 198 0 6
      vertex 199.848 1.23463 6
    endloop
  endfacet
  facet normal 0 0 1
    outer loop
      vertex 198 50 6
      vertex 199.414 49.4142 6
      vertex 199.218 49.5867 6
    endloop
  endfacet
  facet normal 0 0 1
    outer loop
      vertex 199.848 1.23463 6
      vertex 198 0 6
      vertex 199.732 1 6
    endloop
  endfacet
  facet normal 0 0 1
    outer loop
      vertex 198 50 6
      vertex 199.218 49.5867 6
      vertex 199 49.732 6
    endloop
  endfacet
  facet normal 0 0 1
    outer loop
      vertex 200 48 6
      vertex 198 50 6
      vertex 174.5 44.5 6
    endloop
  endfacet
  facet normal 0 0 1
    outer loop
      vertex 198 50 6
      vertex 199 49.732 6
      vertex 198.765 49.8478 6
    endloop
  endfacet
  facet normal 0 0 1
    outer loop
      vertex 199.732 1 6
      vertex 198 0 6
      vertex 199.587 0.782476 6
    endloop
  endfacet
  facet normal 0 0 1
    outer loop
      vertex 198 50 6
      vertex 198.765 49.8478 6
      vertex 198.518 49.9319 6
    endloop
  endfacet
  facet normal 0 0 1
    outer loop
      vertex 199.218 0.413293 6
      vertex 198 0 6
      vertex 199 0.267949 6
    endloop
  endfacet
  facet normal 0 0 1
    outer loop
      vertex 198 50 6
      vertex 198.518 49.9319 6
      vertex 198.261 49.9829 6
    endloop
  endfacet
  facet normal 0 0 1
    outer loop
      vertex 199 0.267949 6
      vertex 198 0 6
      vertex 198.765 0.152241 6
    endloop
  endfacet
  facet normal 0 0 1
    outer loop
      vertex 198.765 0.152241 6
      vertex 198 0 6
      vertex 198.518 0.0681477 6
    endloop
  endfacet
  facet normal 0 0 1
    outer loop
      vertex 198.518 0.0681477 6
      vertex 198 0 6
      vertex 198.261 0.0171099 6
    endloop
  endfacet
  facet normal 0 0 1
    outer loop
      vertex 199.587 0.782476 6
      vertex 198 0 6
      vertex 199.414 0.585786 6
    endloop
  endfacet
  facet normal 0 0 1
    outer loop
      vertex 198 50 6
      vertex 174.491 44.6305 6
      vertex 174.5 44.5 6
    endloop
  endfacet
  facet normal 0 0 1
    outer loop
      vertex 198 50 6
      vertex 174.466 44.7588 6
      vertex 174.491 44.6305 6
    endloop
  endfacet
  facet normal 0 0 1
    outer loop
      vertex 198 50 6
      vertex 174.424 44.8827 6
      vertex 174.466 44.7588 6
    endloop
  endfacet
  facet normal 0 0 1
    outer loop
      vertex 198 50 6
      vertex 174.366 45 6
      vertex 174.424 44.8827 6
    endloop
  endfacet
  facet normal 0 0 1
    outer loop
      vertex 198 50 6
      vertex 174.293 45.1088 6
      vertex 174.366 45 6
    endloop
  endfacet
  facet normal 0 0 1
    outer loop
      vertex 198 50 6
      vertex 174.207 45.2071 6
      vertex 174.293 45.1088 6
    endloop
  endfacet
  facet normal 0 0 1
    outer loop
      vertex 198 50 6
      vertex 174.109 45.2934 6
      vertex 174.207 45.2071 6
    endloop
  endfacet
  facet normal 0 0 1
    outer loop
      vertex 198 50 6
      vertex 174 45.366 6
      vertex 174.109 45.2934 6
    endloop
  endfacet
  facet normal 0 0 1
    outer loop
      vertex 198 50 6
      vertex 173.883 45.4239 6
      vertex 174 45.366 6
    endloop
  endfacet
  facet normal 0 0 1
    outer loop
      vertex 198 50 6
      vertex 173.759 45.4659 6
      vertex 173.883 45.4239 6
    endloop
  endfacet
  facet normal 0 0 1
    outer loop
      vertex 198 50 6
      vertex 173.631 45.4914 6
      vertex 173.759 45.4659 6
    endloop
  endfacet
  facet normal 0 0 1
    outer loop
      vertex 198 50 6
      vertex 173.5 45.5 6
      vertex 173.631 45.4914 6
    endloop
  endfacet
  facet normal 0 0 1
    outer loop
      vertex 198 50 6
      vertex 125.5 45.5 6
      vertex 173.5 45.5 6
    endloop
  endfacet
  facet normal 0 0 1
    outer loop
      vertex 124.5 44.5 6
      vertex 2 50 6
      vertex 124.5 5.5 6
    endloop
  endfacet
  facet normal 0 0 1
    outer loop
      vertex 124.509 44.6305 6
      vertex 2 50 6
      vertex 124.5 44.5 6
    endloop
  endfacet
  facet normal 0 0 1
    outer loop
      vertex 124.534 44.7588 6
      vertex 2 50 6
      vertex 124.509 44.6305 6
    endloop
  endfacet
  facet normal 0 0 1
    outer loop
      vertex 124.576 44.8827 6
      vertex 2 50 6
      vertex 124.534 44.7588 6
    endloop
  endfacet
  facet normal 0 0 1
    outer loop
      vertex 124.634 45 6
      vertex 2 50 6
      vertex 124.576 44.8827 6
    endloop
  endfacet
  facet normal 0 0 1
    outer loop
      vertex 124.707 45.1088 6
      vertex 2 50 6
      vertex 124.634 45 6
    endloop
  endfacet
  facet normal 0 0 1
    outer loop
      vertex 124.793 45.2071 6
      vertex 2 50 6
      vertex 124.707 45.1088 6
    endloop
  endfacet
  facet normal 0 0 1
    outer loop
      vertex 124.891 45.2934 6
      vertex 2 50 6
      vertex 124.793 45.2071 6
    endloop
  endfacet
  facet normal 0 0 1
    outer loop
      vertex 125 45.366 6
      vertex 2 50 6
      vertex 124.891 45.2934 6
    endloop
  endfacet
  facet normal 0 0 1
    outer loop
      vertex 125.117 45.4239 6
      vertex 2 50 6
      vertex 125 45.366 6
    endloop
  endfacet
  facet normal 0 0 1
    outer loop
      vertex 125.241 45.4659 6
      vertex 2 50 6
      vertex 125.117 45.4239 6
    endloop
  endfacet
  facet normal 0 0 1
    outer loop
      vertex 125.369 45.4914 6
      vertex 2 50 6
      vertex 125.241 45.4659 6
    endloop
  endfacet
  facet normal 0 0 1
    outer loop
      vertex 125.5 45.5 6
      vertex 2 50 6
      vertex 125.369 45.4914 6
    endloop
  endfacet
  facet normal -0 0 1
    outer loop
      vertex 2 50 6
      vertex 125.5 45.5 6
      vertex 198 50 6
    endloop
  endfacet
  facet normal 0 0 1
    outer loop
      vertex 199.414 0.585786 6
      vertex 198 0 6
      vertex 199.218 0.413293 6
    endloop
  endfacet
  facet normal -0 0 1
    outer loop
      vertex 174.491 5.36947 6
      vertex 198 0 6
      vertex 174.5 5.5 6
    endloop
  endfacet
  facet normal -0 0 1
    outer loop
      vertex 174.466 5.24118 6
      vertex 198 0 6
      vertex 174.491 5.36947 6
    endloop
  endfacet
  facet normal -0 0 1
    outer loop
      vertex 174.424 5.11732 6
      vertex 198 0 6
      vertex 174.466 5.24118 6
    endloop
  endfacet
  facet normal -0 0 1
    outer loop
      vertex 174.366 5 6
      vertex 198 0 6
      vertex 174.424 5.11732 6
    endloop
  endfacet
  facet normal -0 0 1
    outer loop
      vertex 174.293 4.89124 6
      vertex 198 0 6
      vertex 174.366 5 6
    endloop
  endfacet
  facet normal -0 0 1
    outer loop
      vertex 174.207 4.79289 6
      vertex 198 0 6
      vertex 174.293 4.89124 6
    endloop
  endfacet
  facet normal -0 0 1
    outer loop
      vertex 174.109 4.70665 6
      vertex 198 0 6
      vertex 174.207 4.79289 6
    endloop
  endfacet
  facet normal -0 0 1
    outer loop
      vertex 174 4.63397 6
      vertex 198 0 6
      vertex 174.109 4.70665 6
    endloop
  endfacet
  facet normal -0 0 1
    outer loop
      vertex 173.883 4.57612 6
      vertex 198 0 6
      vertex 174 4.63397 6
    endloop
  endfacet
  facet normal -0 0 1
    outer loop
      vertex 173.759 4.53407 6
      vertex 198 0 6
      vertex 173.883 4.57612 6
    endloop
  endfacet
  facet normal -0 0 1
    outer loop
      vertex 173.631 4.50855 6
      vertex 198 0 6
      vertex 173.759 4.53407 6
    endloop
  endfacet
  facet normal -0 0 1
    outer loop
      vertex 173.5 4.5 6
      vertex 198 0 6
      vertex 173.631 4.50855 6
    endloop
  endfacet
  facet normal -0 0 1
    outer loop
      vertex 125.5 4.5 6
      vertex 198 0 6
      vertex 173.5 4.5 6
    endloop
  endfacet
  facet normal 0 0 1
    outer loop
      vertex 2 0 6
      vertex 124.5 5.5 6
      vertex 2 50 6
    endloop
  endfacet
  facet normal 0 0 1
    outer loop
      vertex 124.5 5.5 6
      vertex 2 0 6
      vertex 124.509 5.36947 6
    endloop
  endfacet
  facet normal 0 0 1
    outer loop
      vertex 124.509 5.36947 6
      vertex 2 0 6
      vertex 124.534 5.24118 6
    endloop
  endfacet
  facet normal 0 0 1
    outer loop
      vertex 124.534 5.24118 6
      vertex 2 0 6
      vertex 124.576 5.11732 6
    endloop
  endfacet
  facet normal 0 0 1
    outer loop
      vertex 124.576 5.11732 6
      vertex 2 0 6
      vertex 124.634 5 6
    endloop
  endfacet
  facet normal 0 0 1
    outer loop
      vertex 124.634 5 6
      vertex 2 0 6
      vertex 124.707 4.89124 6
    endloop
  endfacet
  facet normal 0 0 1
    outer loop
      vertex 124.707 4.89124 6
      vertex 2 0 6
      vertex 124.793 4.79289 6
    endloop
  endfacet
  facet normal 0 0 1
    outer loop
      vertex 124.793 4.79289 6
      vertex 2 0 6
      vertex 124.891 4.70665 6
    endloop
  endfacet
  facet normal 0 0 1
    outer loop
      vertex 124.891 4.70665 6
      vertex 2 0 6
      vertex 125 4.63397 6
    endloop
  endfacet
  facet normal 0 0 1
    outer loop
      vertex 125.5 4.5 6
      vertex 2 0 6
      vertex 198 0 6
    endloop
  endfacet
  facet normal 0 0 1
    outer loop
      vertex 125.369 4.50855 6
      vertex 2 0 6
      vertex 125.5 4.5 6
    endloop
  endfacet
  facet normal 0 0 1
    outer loop
      vertex 125.241 4.53407 6
      vertex 2 0 6
      vertex 125.369 4.50855 6
    endloop
  endfacet
  facet normal 0 0 1
    outer loop
      vertex 125.117 4.57612 6
      vertex 2 0 6
      vertex 125.241 4.53407 6
    endloop
  endfacet
  facet normal 0 0 1
    outer loop
      vertex 125 4.63397 6
      vertex 2 0 6
      vertex 125.117 4.57612 6
    endloop
  endfacet
  facet normal 0 0 1
    outer loop
      vertex 0 48 6
      vertex 2 50 6
      vertex 1.73895 49.9829 6
    endloop
  endfacet
  facet normal 0 0 1
    outer loop
      vertex 2 50 6
      vertex 0 48 6
      vertex 2 0 6
    endloop
  endfacet
  facet normal 0 0 1
    outer loop
      vertex 0 48 6
      vertex 1.73895 49.9829 6
      vertex 1.48236 49.9319 6
    endloop
  endfacet
  facet normal -0 0 1
    outer loop
      vertex 0 2 6
      vertex 2 0 6
      vertex 0 48 6
    endloop
  endfacet
  facet normal 0 0 1
    outer loop
      vertex 0 48 6
      vertex 1.48236 49.9319 6
      vertex 1.23463 49.8478 6
    endloop
  endfacet
  facet normal 0 0 1
    outer loop
      vertex 2 0 6
      vertex 0 2 6
      vertex 1.73895 0.0171099 6
    endloop
  endfacet
  facet normal 0 0 1
    outer loop
      vertex 0 48 6
      vertex 1.23463 49.8478 6
      vertex 1 49.732 6
    endloop
  endfacet
  facet normal 0 0 1
    outer loop
      vertex 1.73895 0.0171099 6
      vertex 0 2 6
      vertex 1.48236 0.0681477 6
    endloop
  endfacet
  facet normal 0 0 1
    outer loop
      vertex 0 48 6
      vertex 1 49.732 6
      vertex 0.782476 49.5867 6
    endloop
  endfacet
  facet normal 0 0 1
    outer loop
      vertex 1.48236 0.0681477 6
      vertex 0 2 6
      vertex 1.23463 0.152241 6
    endloop
  endfacet
  facet normal 0 0 1
    outer loop
      vertex 0 48 6
      vertex 0.782476 49.5867 6
      vertex 0.585786 49.4142 6
    endloop
  endfacet
  facet normal 0 0 1
    outer loop
      vertex 1.23463 0.152241 6
      vertex 0 2 6
      vertex 1 0.267949 6
    endloop
  endfacet
  facet normal 0 0 1
    outer loop
      vertex 0 48 6
      vertex 0.585786 49.4142 6
      vertex 0.413293 49.2175 6
    endloop
  endfacet
  facet normal 0 0 1
    outer loop
      vertex 1 0.267949 6
      vertex 0 2 6
      vertex 0.782476 0.413293 6
    endloop
  endfacet
  facet normal 0 0 1
    outer loop
      vertex 0 48 6
      vertex 0.413293 49.2175 6
      vertex 0.267949 49 6
    endloop
  endfacet
  facet normal 0 0 1
    outer loop
      vertex 0.782476 0.413293 6
      vertex 0 2 6
      vertex 0.585786 0.585786 6
    endloop
  endfacet
  facet normal 0 0 1
    outer loop
      vertex 0 48 6
      vertex 0.267949 49 6
      vertex 0.152241 48.7654 6
    endloop
  endfacet
  facet normal 0 0 1
    outer loop
      vertex 0.585786 0.585786 6
      vertex 0 2 6
      vertex 0.413293 0.782476 6
    endloop
  endfacet
  facet normal 0 0 1
    outer loop
      vertex 0 48 6
      vertex 0.152241 48.7654 6
      vertex 0.0681477 48.5176 6
    endloop
  endfacet
  facet normal 0 0 1
    outer loop
      vertex 0.413293 0.782476 6
      vertex 0 2 6
      vertex 0.267949 1 6
    endloop
  endfacet
  facet normal 0 0 1
    outer loop
      vertex 0 48 6
      vertex 0.0681477 48.5176 6
      vertex 0.0171099 48.2611 6
    endloop
  endfacet
  facet normal 0 0 1
    outer loop
      vertex 0.267949 1 6
      vertex 0 2 6
      vertex 0.152241 1.23463 6
    endloop
  endfacet
  facet normal 0 0 1
    outer loop
      vertex 0.152241 1.23463 6
      vertex 0 2 6
      vertex 0.0681477 1.48236 6
    endloop
  endfacet
  facet normal 0 0 1
    outer loop
      vertex 0.0681477 1.48236 6
      vertex 0 2 6
      vertex 0.0171099 1.73895 6
    endloop
  endfacet
  facet normal -0.947034 -0.321132 0
    outer loop
      vertex 124.576 5.11732 6
      vertex 124.534 5.24118 11
      vertex 124.534 5.24118 6
    endloop
  endfacet
  facet normal -0.947034 -0.321132 0
    outer loop
      vertex 124.534 5.24118 11
      vertex 124.576 5.11732 6
      vertex 124.576 5.11732 11
    endloop
  endfacet
  facet normal 0.98154 0.191259 0
    outer loop
      vertex 174.491 44.6305 11
      vertex 174.466 44.7588 6
      vertex 174.466 44.7588 11
    endloop
  endfacet
  facet normal 0.98154 0.191259 0
    outer loop
      vertex 174.466 44.7588 6
      vertex 174.491 44.6305 11
      vertex 174.491 44.6305 6
    endloop
  endfacet
  facet normal 0.947066 0.321039 0
    outer loop
      vertex 174.466 44.7588 11
      vertex 174.424 44.8827 6
      vertex 174.424 44.8827 11
    endloop
  endfacet
  facet normal 0.947066 0.321039 0
    outer loop
      vertex 174.424 44.8827 6
      vertex 174.466 44.7588 11
      vertex 174.466 44.7588 6
    endloop
  endfacet
  facet normal -0.554348 0.832285 0
    outer loop
      vertex 125 45.366 6
      vertex 124.891 45.2934 11
      vertex 125 45.366 11
    endloop
  endfacet
  facet normal -0.554348 0.832285 0
    outer loop
      vertex 124.891 45.2934 11
      vertex 125 45.366 6
      vertex 124.891 45.2934 6
    endloop
  endfacet
  facet normal 0.660628 -0.750714 0
    outer loop
      vertex 174.109 4.70665 6
      vertex 174.207 4.79289 11
      vertex 174.109 4.70665 11
    endloop
  endfacet
  facet normal 0.660628 -0.750714 0
    outer loop
      vertex 174.207 4.79289 11
      vertex 174.109 4.70665 6
      vertex 174.207 4.79289 6
    endloop
  endfacet
  facet normal 0 -1 0
    outer loop
      vertex 125.5 4.5 6
      vertex 173.5 4.5 11
      vertex 125.5 4.5 11
    endloop
  endfacet
  facet normal 0 -1 -0
    outer loop
      vertex 173.5 4.5 11
      vertex 125.5 4.5 6
      vertex 173.5 4.5 6
    endloop
  endfacet
  facet normal 0.947034 -0.321132 0
    outer loop
      vertex 174.424 5.11732 11
      vertex 174.466 5.24118 6
      vertex 174.466 5.24118 11
    endloop
  endfacet
  facet normal 0.947034 -0.321132 0
    outer loop
      vertex 174.466 5.24118 6
      vertex 174.424 5.11732 11
      vertex 174.424 5.11732 6
    endloop
  endfacet
  facet normal -0.830403 0.557164 0
    outer loop
      vertex 124.634 45 6
      vertex 124.707 45.1088 11
      vertex 124.707 45.1088 6
    endloop
  endfacet
  facet normal -0.830403 0.557164 0
    outer loop
      vertex 124.707 45.1088 11
      vertex 124.634 45 6
      vertex 124.634 45 11
    endloop
  endfacet
  facet normal 0 1 -0
    outer loop
      vertex 173.5 45.5 6
      vertex 125.5 45.5 11
      vertex 173.5 45.5 11
    endloop
  endfacet
  facet normal 0 1 0
    outer loop
      vertex 125.5 45.5 11
      vertex 173.5 45.5 6
      vertex 125.5 45.5 6
    endloop
  endfacet
  facet normal 0.554348 0.832285 -0
    outer loop
      vertex 174.109 45.2934 6
      vertex 174 45.366 11
      vertex 174.109 45.2934 11
    endloop
  endfacet
  facet normal 0.554348 0.832285 0
    outer loop
      vertex 174 45.366 11
      vertex 174.109 45.2934 6
      vertex 174 45.366 6
    endloop
  endfacet
  facet normal 0.443533 0.896258 -0
    outer loop
      vertex 174 45.366 6
      vertex 173.883 45.4239 11
      vertex 174 45.366 11
    endloop
  endfacet
  facet normal 0.443533 0.896258 0
    outer loop
      vertex 173.883 45.4239 11
      vertex 174 45.366 6
      vertex 173.883 45.4239 6
    endloop
  endfacet
  facet normal 0.896435 -0.443175 0
    outer loop
      vertex 174.366 5 11
      vertex 174.424 5.11732 6
      vertex 174.424 5.11732 11
    endloop
  endfacet
  facet normal 0.896435 -0.443175 0
    outer loop
      vertex 174.424 5.11732 6
      vertex 174.366 5 11
      vertex 174.366 5 6
    endloop
  endfacet
  facet normal -1 0 0
    outer loop
      vertex 124.5 5.5 6
      vertex 124.5 44.5 11
      vertex 124.5 44.5 6
    endloop
  endfacet
  facet normal -1 -0 0
    outer loop
      vertex 124.5 44.5 11
      vertex 124.5 5.5 6
      vertex 124.5 5.5 11
    endloop
  endfacet
  facet normal -0.195379 0.980728 0
    outer loop
      vertex 125.369 45.4914 6
      vertex 125.241 45.4659 11
      vertex 125.369 45.4914 11
    endloop
  endfacet
  facet normal -0.195379 0.980728 0
    outer loop
      vertex 125.241 45.4659 11
      vertex 125.369 45.4914 6
      vertex 125.241 45.4659 6
    endloop
  endfacet
  facet normal 0.32115 -0.947028 0
    outer loop
      vertex 173.759 4.53407 6
      vertex 173.883 4.57612 11
      vertex 173.759 4.53407 11
    endloop
  endfacet
  facet normal 0.32115 -0.947028 0
    outer loop
      vertex 173.883 4.57612 11
      vertex 173.759 4.53407 6
      vertex 173.883 4.57612 6
    endloop
  endfacet
  facet normal -0.32115 -0.947028 0
    outer loop
      vertex 125.117 4.57612 6
      vertex 125.241 4.53407 11
      vertex 125.117 4.57612 11
    endloop
  endfacet
  facet normal -0.32115 -0.947028 -0
    outer loop
      vertex 125.241 4.53407 11
      vertex 125.117 4.57612 6
      vertex 125.241 4.53407 6
    endloop
  endfacet
  facet normal 0.0655078 0.997852 -0
    outer loop
      vertex 173.631 45.4914 6
      vertex 173.5 45.5 11
      vertex 173.631 45.4914 11
    endloop
  endfacet
  facet normal 0.0655078 0.997852 0
    outer loop
      vertex 173.5 45.5 11
      vertex 173.631 45.4914 6
      vertex 173.5 45.5 6
    endloop
  endfacet
  facet normal 1 -0 0
    outer loop
      vertex 174.5 5.5 11
      vertex 174.5 44.5 6
      vertex 174.5 44.5 11
    endloop
  endfacet
  facet normal 1 0 0
    outer loop
      vertex 174.5 44.5 6
      vertex 174.5 5.5 11
      vertex 174.5 5.5 6
    endloop
  endfacet
  facet normal -0.554771 -0.832003 0
    outer loop
      vertex 124.891 4.70665 6
      vertex 125 4.63397 11
      vertex 124.891 4.70665 11
    endloop
  endfacet
  facet normal -0.554771 -0.832003 -0
    outer loop
      vertex 125 4.63397 11
      vertex 124.891 4.70665 6
      vertex 125 4.63397 6
    endloop
  endfacet
  facet normal -0.99763 0.0688021 0
    outer loop
      vertex 124.5 44.5 6
      vertex 124.509 44.6305 11
      vertex 124.509 44.6305 6
    endloop
  endfacet
  facet normal -0.99763 0.0688021 0
    outer loop
      vertex 124.509 44.6305 11
      vertex 124.5 44.5 6
      vertex 124.5 44.5 11
    endloop
  endfacet
  facet normal 0.320807 0.947145 -0
    outer loop
      vertex 173.883 45.4239 6
      vertex 173.759 45.4659 11
      vertex 173.883 45.4239 11
    endloop
  endfacet
  facet normal 0.320807 0.947145 0
    outer loop
      vertex 173.759 45.4659 11
      vertex 173.883 45.4239 6
      vertex 173.759 45.4659 6
    endloop
  endfacet
  facet normal -0.947066 0.321039 0
    outer loop
      vertex 124.534 44.7588 6
      vertex 124.576 44.8827 11
      vertex 124.576 44.8827 6
    endloop
  endfacet
  facet normal -0.947066 0.321039 0
    outer loop
      vertex 124.576 44.8827 11
      vertex 124.534 44.7588 6
      vertex 124.534 44.7588 11
    endloop
  endfacet
  facet normal -0.981537 -0.191273 0
    outer loop
      vertex 124.534 5.24118 6
      vertex 124.509 5.36947 11
      vertex 124.509 5.36947 6
    endloop
  endfacet
  facet normal -0.981537 -0.191273 0
    outer loop
      vertex 124.509 5.36947 11
      vertex 124.534 5.24118 6
      vertex 124.534 5.24118 11
    endloop
  endfacet
  facet normal -0.997631 -0.0687864 0
    outer loop
      vertex 124.509 5.36947 6
      vertex 124.5 5.5 11
      vertex 124.5 5.5 6
    endloop
  endfacet
  facet normal -0.997631 -0.0687864 0
    outer loop
      vertex 124.5 5.5 11
      vertex 124.509 5.36947 6
      vertex 124.509 5.36947 11
    endloop
  endfacet
  facet normal 0.830403 0.557164 0
    outer loop
      vertex 174.366 45 11
      vertex 174.293 45.1088 6
      vertex 174.293 45.1088 11
    endloop
  endfacet
  facet normal 0.830403 0.557164 0
    outer loop
      vertex 174.293 45.1088 6
      vertex 174.366 45 11
      vertex 174.366 45 6
    endloop
  endfacet
  facet normal -0.98154 0.191259 0
    outer loop
      vertex 124.509 44.6305 6
      vertex 124.534 44.7588 11
      vertex 124.534 44.7588 6
    endloop
  endfacet
  facet normal -0.98154 0.191259 0
    outer loop
      vertex 124.534 44.7588 11
      vertex 124.509 44.6305 6
      vertex 124.509 44.6305 11
    endloop
  endfacet
  facet normal -0.0651286 -0.997877 0
    outer loop
      vertex 125.369 4.50855 6
      vertex 125.5 4.5 11
      vertex 125.369 4.50855 11
    endloop
  endfacet
  facet normal -0.0651286 -0.997877 -0
    outer loop
      vertex 125.5 4.5 11
      vertex 125.369 4.50855 6
      vertex 125.5 4.5 6
    endloop
  endfacet
  facet normal -0.660628 -0.750714 0
    outer loop
      vertex 124.793 4.79289 6
      vertex 124.891 4.70665 11
      vertex 124.793 4.79289 11
    endloop
  endfacet
  facet normal -0.660628 -0.750714 -0
    outer loop
      vertex 124.891 4.70665 11
      vertex 124.793 4.79289 6
      vertex 124.891 4.70665 6
    endloop
  endfacet
  facet normal 0.195379 0.980728 -0
    outer loop
      vertex 173.759 45.4659 6
      vertex 173.631 45.4914 11
      vertex 173.759 45.4659 11
    endloop
  endfacet
  facet normal 0.195379 0.980728 0
    outer loop
      vertex 173.631 45.4914 11
      vertex 173.759 45.4659 6
      vertex 173.631 45.4914 6
    endloop
  endfacet
  facet normal -0.195527 -0.980698 0
    outer loop
      vertex 125.241 4.53407 6
      vertex 125.369 4.50855 11
      vertex 125.241 4.53407 11
    endloop
  endfacet
  facet normal -0.195527 -0.980698 -0
    outer loop
      vertex 125.369 4.50855 11
      vertex 125.241 4.53407 6
      vertex 125.369 4.50855 6
    endloop
  endfacet
  facet normal 0.660887 0.750486 -0
    outer loop
      vertex 174.207 45.2071 6
      vertex 174.109 45.2934 11
      vertex 174.207 45.2071 11
    endloop
  endfacet
  facet normal 0.660887 0.750486 0
    outer loop
      vertex 174.109 45.2934 11
      vertex 174.207 45.2071 6
      vertex 174.109 45.2934 6
    endloop
  endfacet
  facet normal -0.830308 -0.557305 0
    outer loop
      vertex 124.707 4.89124 6
      vertex 124.634 5 11
      vertex 124.634 5 6
    endloop
  endfacet
  facet normal -0.830308 -0.557305 0
    outer loop
      vertex 124.634 5 11
      vertex 124.707 4.89124 6
      vertex 124.707 4.89124 11
    endloop
  endfacet
  facet normal 0.443225 -0.89641 0
    outer loop
      vertex 173.883 4.57612 6
      vertex 174 4.63397 11
      vertex 173.883 4.57612 11
    endloop
  endfacet
  facet normal 0.443225 -0.89641 0
    outer loop
      vertex 174 4.63397 11
      vertex 173.883 4.57612 6
      vertex 174 4.63397 6
    endloop
  endfacet
  facet normal 0.75279 -0.658261 0
    outer loop
      vertex 174.207 4.79289 11
      vertex 174.293 4.89124 6
      vertex 174.293 4.89124 11
    endloop
  endfacet
  facet normal 0.75279 -0.658261 0
    outer loop
      vertex 174.293 4.89124 6
      vertex 174.207 4.79289 11
      vertex 174.207 4.79289 6
    endloop
  endfacet
  facet normal 0.752624 0.65845 0
    outer loop
      vertex 174.293 45.1088 11
      vertex 174.207 45.2071 6
      vertex 174.207 45.2071 11
    endloop
  endfacet
  facet normal 0.752624 0.65845 0
    outer loop
      vertex 174.207 45.2071 6
      vertex 174.293 45.1088 11
      vertex 174.293 45.1088 6
    endloop
  endfacet
  facet normal -0.75279 -0.658261 0
    outer loop
      vertex 124.793 4.79289 6
      vertex 124.707 4.89124 11
      vertex 124.707 4.89124 6
    endloop
  endfacet
  facet normal -0.75279 -0.658261 0
    outer loop
      vertex 124.707 4.89124 11
      vertex 124.793 4.79289 6
      vertex 124.793 4.79289 11
    endloop
  endfacet
  facet normal 0.981537 -0.191273 0
    outer loop
      vertex 174.466 5.24118 11
      vertex 174.491 5.36947 6
      vertex 174.491 5.36947 11
    endloop
  endfacet
  facet normal 0.981537 -0.191273 0
    outer loop
      vertex 174.491 5.36947 6
      vertex 174.466 5.24118 11
      vertex 174.466 5.24118 6
    endloop
  endfacet
  facet normal -0.752624 0.65845 0
    outer loop
      vertex 124.707 45.1088 6
      vertex 124.793 45.2071 11
      vertex 124.793 45.2071 6
    endloop
  endfacet
  facet normal -0.752624 0.65845 0
    outer loop
      vertex 124.793 45.2071 11
      vertex 124.707 45.1088 6
      vertex 124.707 45.1088 11
    endloop
  endfacet
  facet normal -0.896435 -0.443175 0
    outer loop
      vertex 124.634 5 6
      vertex 124.576 5.11732 11
      vertex 124.576 5.11732 6
    endloop
  endfacet
  facet normal -0.896435 -0.443175 0
    outer loop
      vertex 124.576 5.11732 11
      vertex 124.634 5 6
      vertex 124.634 5 11
    endloop
  endfacet
  facet normal 0.195527 -0.980698 0
    outer loop
      vertex 173.631 4.50855 6
      vertex 173.759 4.53407 11
      vertex 173.631 4.50855 11
    endloop
  endfacet
  facet normal 0.195527 -0.980698 0
    outer loop
      vertex 173.759 4.53407 11
      vertex 173.631 4.50855 6
      vertex 173.759 4.53407 6
    endloop
  endfacet
  facet normal -0.443225 -0.89641 0
    outer loop
      vertex 125 4.63397 6
      vertex 125.117 4.57612 11
      vertex 125 4.63397 11
    endloop
  endfacet
  facet normal -0.443225 -0.89641 -0
    outer loop
      vertex 125.117 4.57612 11
      vertex 125 4.63397 6
      vertex 125.117 4.57612 6
    endloop
  endfacet
  facet normal -0.320807 0.947145 0
    outer loop
      vertex 125.241 45.4659 6
      vertex 125.117 45.4239 11
      vertex 125.241 45.4659 11
    endloop
  endfacet
  facet normal -0.320807 0.947145 0
    outer loop
      vertex 125.117 45.4239 11
      vertex 125.241 45.4659 6
      vertex 125.117 45.4239 6
    endloop
  endfacet
  facet normal 0.830308 -0.557305 0
    outer loop
      vertex 174.293 4.89124 11
      vertex 174.366 5 6
      vertex 174.366 5 11
    endloop
  endfacet
  facet normal 0.830308 -0.557305 0
    outer loop
      vertex 174.366 5 6
      vertex 174.293 4.89124 11
      vertex 174.293 4.89124 6
    endloop
  endfacet
  facet normal 0.99763 0.0688021 0
    outer loop
      vertex 174.5 44.5 11
      vertex 174.491 44.6305 6
      vertex 174.491 44.6305 11
    endloop
  endfacet
  facet normal 0.99763 0.0688021 0
    outer loop
      vertex 174.491 44.6305 6
      vertex 174.5 44.5 11
      vertex 174.5 44.5 6
    endloop
  endfacet
  facet normal 0.997631 -0.0687864 0
    outer loop
      vertex 174.491 5.36947 11
      vertex 174.5 5.5 6
      vertex 174.5 5.5 11
    endloop
  endfacet
  facet normal 0.997631 -0.0687864 0
    outer loop
      vertex 174.5 5.5 6
      vertex 174.491 5.36947 11
      vertex 174.491 5.36947 6
    endloop
  endfacet
  facet normal 0.0651286 -0.997877 0
    outer loop
      vertex 173.5 4.5 6
      vertex 173.631 4.50855 11
      vertex 173.5 4.5 11
    endloop
  endfacet
  facet normal 0.0651286 -0.997877 0
    outer loop
      vertex 173.631 4.50855 11
      vertex 173.5 4.5 6
      vertex 173.631 4.50855 6
    endloop
  endfacet
  facet normal 0 0 1
    outer loop
      vertex 142.358 30.85 11
      vertex 155.642 30.85 11
      vertex 142.549 31.2371 11
    endloop
  endfacet
  facet normal 0 0 1
    outer loop
      vertex 155.882 19.5089 11
      vertex 142.772 17.9307 11
      vertex 142.8 17.5 11
    endloop
  endfacet
  facet normal 0 0 1
    outer loop
      vertex 155.642 30.85 11
      vertex 142.358 30.85 11
      vertex 155.882 30.4911 11
    endloop
  endfacet
  facet normal 0 0 1
    outer loop
      vertex 155.882 19.5089 11
      vertex 142.688 18.3541 11
      vertex 142.772 17.9307 11
    endloop
  endfacet
  facet normal 0 0 1
    outer loop
      vertex 142.118 30.4911 11
      vertex 155.882 30.4911 11
      vertex 142.358 30.85 11
    endloop
  endfacet
  facet normal 0 0 1
    outer loop
      vertex 155.882 19.5089 11
      vertex 142.549 18.7629 11
      vertex 142.688 18.3541 11
    endloop
  endfacet
  facet normal 0 0 1
    outer loop
      vertex 155.882 30.4911 11
      vertex 142.118 30.4911 11
      vertex 155.882 19.5089 11
    endloop
  endfacet
  facet normal 0 0 1
    outer loop
      vertex 155.882 19.5089 11
      vertex 142.358 19.15 11
      vertex 142.549 18.7629 11
    endloop
  endfacet
  facet normal 0 0 1
    outer loop
      vertex 142.118 19.5089 11
      vertex 155.882 19.5089 11
      vertex 142.118 30.4911 11
    endloop
  endfacet
  facet normal 0 0 1
    outer loop
      vertex 155.882 19.5089 11
      vertex 142.118 19.5089 11
      vertex 142.358 19.15 11
    endloop
  endfacet
  facet normal -0 0 1
    outer loop
      vertex 141.833 30.1665 11
      vertex 142.118 19.5089 11
      vertex 142.118 30.4911 11
    endloop
  endfacet
  facet normal 0 0 1
    outer loop
      vertex 141.833 30.1665 11
      vertex 141.833 19.8335 11
      vertex 142.118 19.5089 11
    endloop
  endfacet
  facet normal -0 0 1
    outer loop
      vertex 141.509 29.8819 11
      vertex 141.833 19.8335 11
      vertex 141.833 30.1665 11
    endloop
  endfacet
  facet normal 0 0 1
    outer loop
      vertex 141.509 29.8819 11
      vertex 141.509 20.1181 11
      vertex 141.833 19.8335 11
    endloop
  endfacet
  facet normal -0 0 1
    outer loop
      vertex 141.15 29.6421 11
      vertex 141.509 20.1181 11
      vertex 141.509 29.8819 11
    endloop
  endfacet
  facet normal 0 0 1
    outer loop
      vertex 141.15 29.6421 11
      vertex 141.15 20.3579 11
      vertex 141.509 20.1181 11
    endloop
  endfacet
  facet normal -0 0 1
    outer loop
      vertex 140.763 29.4512 11
      vertex 141.15 20.3579 11
      vertex 141.15 29.6421 11
    endloop
  endfacet
  facet normal 0 0 1
    outer loop
      vertex 140.763 29.4512 11
      vertex 140.763 20.5488 11
      vertex 141.15 20.3579 11
    endloop
  endfacet
  facet normal -0 0 1
    outer loop
      vertex 140.354 29.3124 11
      vertex 140.763 20.5488 11
      vertex 140.763 29.4512 11
    endloop
  endfacet
  facet normal 0 0 1
    outer loop
      vertex 140.354 29.3124 11
      vertex 140.354 20.6876 11
      vertex 140.763 20.5488 11
    endloop
  endfacet
  facet normal -0 0 1
    outer loop
      vertex 139.931 29.2282 11
      vertex 140.354 20.6876 11
      vertex 140.354 29.3124 11
    endloop
  endfacet
  facet normal 0 0 1
    outer loop
      vertex 139.931 29.2282 11
      vertex 139.931 20.7718 11
      vertex 140.354 20.6876 11
    endloop
  endfacet
  facet normal -0 0 1
    outer loop
      vertex 139.5 29.2 11
      vertex 139.931 20.7718 11
      vertex 139.931 29.2282 11
    endloop
  endfacet
  facet normal 0 0 1
    outer loop
      vertex 139.5 29.2 11
      vertex 139.5 20.8 11
      vertex 139.931 20.7718 11
    endloop
  endfacet
  facet normal 0 0 1
    outer loop
      vertex 139.069 29.2282 11
      vertex 139.5 20.8 11
      vertex 139.5 29.2 11
    endloop
  endfacet
  facet normal 0 0 1
    outer loop
      vertex 139.069 29.2282 11
      vertex 139.069 20.7718 11
      vertex 139.5 20.8 11
    endloop
  endfacet
  facet normal 0 0 1
    outer loop
      vertex 138.646 29.3124 11
      vertex 139.069 20.7718 11
      vertex 139.069 29.2282 11
    endloop
  endfacet
  facet normal 0 0 1
    outer loop
      vertex 138.646 29.3124 11
      vertex 138.646 20.6876 11
      vertex 139.069 20.7718 11
    endloop
  endfacet
  facet normal 0 0 1
    outer loop
      vertex 138.237 29.4512 11
      vertex 138.646 20.6876 11
      vertex 138.646 29.3124 11
    endloop
  endfacet
  facet normal 0 0 1
    outer loop
      vertex 138.237 29.4512 11
      vertex 138.237 20.5488 11
      vertex 138.646 20.6876 11
    endloop
  endfacet
  facet normal 0 0 1
    outer loop
      vertex 137.85 29.6421 11
      vertex 138.237 20.5488 11
      vertex 138.237 29.4512 11
    endloop
  endfacet
  facet normal 0 0 1
    outer loop
      vertex 137.85 29.6421 11
      vertex 137.85 20.3579 11
      vertex 138.237 20.5488 11
    endloop
  endfacet
  facet normal 0 0 1
    outer loop
      vertex 137.491 29.8819 11
      vertex 137.85 20.3579 11
      vertex 137.85 29.6421 11
    endloop
  endfacet
  facet normal 0 0 1
    outer loop
      vertex 137.491 29.8819 11
      vertex 137.491 20.1181 11
      vertex 137.85 20.3579 11
    endloop
  endfacet
  facet normal 0 0 1
    outer loop
      vertex 137.167 30.1665 11
      vertex 137.491 20.1181 11
      vertex 137.491 29.8819 11
    endloop
  endfacet
  facet normal 0 0 1
    outer loop
      vertex 137.167 30.1665 11
      vertex 137.167 19.8335 11
      vertex 137.491 20.1181 11
    endloop
  endfacet
  facet normal 0 0 1
    outer loop
      vertex 136.882 30.4911 11
      vertex 137.167 19.8335 11
      vertex 137.167 30.1665 11
    endloop
  endfacet
  facet normal 0 0 1
    outer loop
      vertex 136.882 30.4911 11
      vertex 136.882 19.5089 11
      vertex 137.167 19.8335 11
    endloop
  endfacet
  facet normal 0 0 1
    outer loop
      vertex 136.642 30.85 11
      vertex 136.882 19.5089 11
      vertex 136.882 30.4911 11
    endloop
  endfacet
  facet normal 0 0 1
    outer loop
      vertex 136.642 30.85 11
      vertex 136.642 19.15 11
      vertex 136.882 19.5089 11
    endloop
  endfacet
  facet normal 0 0 1
    outer loop
      vertex 136.451 31.2371 11
      vertex 136.642 19.15 11
      vertex 136.642 30.85 11
    endloop
  endfacet
  facet normal 0 0 1
    outer loop
      vertex 136.451 31.2371 11
      vertex 136.451 18.7629 11
      vertex 136.642 19.15 11
    endloop
  endfacet
  facet normal 0 0 1
    outer loop
      vertex 136.312 31.6459 11
      vertex 136.451 18.7629 11
      vertex 136.451 31.2371 11
    endloop
  endfacet
  facet normal 0 0 1
    outer loop
      vertex 136.312 31.6459 11
      vertex 136.312 18.3541 11
      vertex 136.451 18.7629 11
    endloop
  endfacet
  facet normal 0 0 1
    outer loop
      vertex 124.5 44.5 11
      vertex 136.312 31.6459 11
      vertex 136.228 32.0693 11
    endloop
  endfacet
  facet normal 0 0 1
    outer loop
      vertex 136.312 31.6459 11
      vertex 124.5 44.5 11
      vertex 136.312 18.3541 11
    endloop
  endfacet
  facet normal 0 0 1
    outer loop
      vertex 124.5 44.5 11
      vertex 136.228 32.0693 11
      vertex 136.2 32.5 11
    endloop
  endfacet
  facet normal 0 0 1
    outer loop
      vertex 124.5 5.5 11
      vertex 136.312 18.3541 11
      vertex 124.5 44.5 11
    endloop
  endfacet
  facet normal 0 0 1
    outer loop
      vertex 174.5 44.5 11
      vertex 161.688 31.6459 11
      vertex 174.5 5.5 11
    endloop
  endfacet
  facet normal 0 0 1
    outer loop
      vertex 174.5 5.5 11
      vertex 161.772 17.9307 11
      vertex 161.8 17.5 11
    endloop
  endfacet
  facet normal -0 0 1
    outer loop
      vertex 161.688 18.3541 11
      vertex 174.5 5.5 11
      vertex 161.688 31.6459 11
    endloop
  endfacet
  facet normal 0 0 1
    outer loop
      vertex 174.5 5.5 11
      vertex 161.688 18.3541 11
      vertex 161.772 17.9307 11
    endloop
  endfacet
  facet normal -0 0 1
    outer loop
      vertex 161.549 31.2371 11
      vertex 161.688 18.3541 11
      vertex 161.688 31.6459 11
    endloop
  endfacet
  facet normal 0 0 1
    outer loop
      vertex 161.549 31.2371 11
      vertex 161.549 18.7629 11
      vertex 161.688 18.3541 11
    endloop
  endfacet
  facet normal -0 0 1
    outer loop
      vertex 161.358 30.85 11
      vertex 161.549 18.7629 11
      vertex 161.549 31.2371 11
    endloop
  endfacet
  facet normal 0 0 1
    outer loop
      vertex 161.358 30.85 11
      vertex 161.358 19.15 11
      vertex 161.549 18.7629 11
    endloop
  endfacet
  facet normal -0 0 1
    outer loop
      vertex 161.118 30.4911 11
      vertex 161.358 19.15 11
      vertex 161.358 30.85 11
    endloop
  endfacet
  facet normal 0 0 1
    outer loop
      vertex 161.118 30.4911 11
      vertex 161.118 19.5089 11
      vertex 161.358 19.15 11
    endloop
  endfacet
  facet normal -0 0 1
    outer loop
      vertex 160.833 30.1665 11
      vertex 161.118 19.5089 11
      vertex 161.118 30.4911 11
    endloop
  endfacet
  facet normal 0 0 1
    outer loop
      vertex 160.833 30.1665 11
      vertex 160.833 19.8335 11
      vertex 161.118 19.5089 11
    endloop
  endfacet
  facet normal -0 0 1
    outer loop
      vertex 160.509 29.8819 11
      vertex 160.833 19.8335 11
      vertex 160.833 30.1665 11
    endloop
  endfacet
  facet normal 0 0 1
    outer loop
      vertex 160.509 29.8819 11
      vertex 160.509 20.1181 11
      vertex 160.833 19.8335 11
    endloop
  endfacet
  facet normal -0 0 1
    outer loop
      vertex 160.15 29.6421 11
      vertex 160.509 20.1181 11
      vertex 160.509 29.8819 11
    endloop
  endfacet
  facet normal 0 0 1
    outer loop
      vertex 160.15 29.6421 11
      vertex 160.15 20.3579 11
      vertex 160.509 20.1181 11
    endloop
  endfacet
  facet normal -0 0 1
    outer loop
      vertex 159.763 29.4512 11
      vertex 160.15 20.3579 11
      vertex 160.15 29.6421 11
    endloop
  endfacet
  facet normal 0 0 1
    outer loop
      vertex 159.763 29.4512 11
      vertex 159.763 20.5488 11
      vertex 160.15 20.3579 11
    endloop
  endfacet
  facet normal -0 0 1
    outer loop
      vertex 159.354 29.3124 11
      vertex 159.763 20.5488 11
      vertex 159.763 29.4512 11
    endloop
  endfacet
  facet normal 0 0 1
    outer loop
      vertex 159.354 29.3124 11
      vertex 159.354 20.6876 11
      vertex 159.763 20.5488 11
    endloop
  endfacet
  facet normal -0 0 1
    outer loop
      vertex 158.931 29.2282 11
      vertex 159.354 20.6876 11
      vertex 159.354 29.3124 11
    endloop
  endfacet
  facet normal 0 0 1
    outer loop
      vertex 158.931 29.2282 11
      vertex 158.931 20.7718 11
      vertex 159.354 20.6876 11
    endloop
  endfacet
  facet normal -0 0 1
    outer loop
      vertex 158.5 29.2 11
      vertex 158.931 20.7718 11
      vertex 158.931 29.2282 11
    endloop
  endfacet
  facet normal 0 0 1
    outer loop
      vertex 158.5 29.2 11
      vertex 158.5 20.8 11
      vertex 158.931 20.7718 11
    endloop
  endfacet
  facet normal 0 0 1
    outer loop
      vertex 158.069 29.2282 11
      vertex 158.5 20.8 11
      vertex 158.5 29.2 11
    endloop
  endfacet
  facet normal 0 0 1
    outer loop
      vertex 158.069 29.2282 11
      vertex 158.069 20.7718 11
      vertex 158.5 20.8 11
    endloop
  endfacet
  facet normal 0 0 1
    outer loop
      vertex 157.646 29.3124 11
      vertex 158.069 20.7718 11
      vertex 158.069 29.2282 11
    endloop
  endfacet
  facet normal 0 0 1
    outer loop
      vertex 157.646 29.3124 11
      vertex 157.646 20.6876 11
      vertex 158.069 20.7718 11
    endloop
  endfacet
  facet normal 0 0 1
    outer loop
      vertex 157.237 29.4512 11
      vertex 157.646 20.6876 11
      vertex 157.646 29.3124 11
    endloop
  endfacet
  facet normal 0 0 1
    outer loop
      vertex 157.237 29.4512 11
      vertex 157.237 20.5488 11
      vertex 157.646 20.6876 11
    endloop
  endfacet
  facet normal 0 0 1
    outer loop
      vertex 156.85 29.6421 11
      vertex 157.237 20.5488 11
      vertex 157.237 29.4512 11
    endloop
  endfacet
  facet normal 0 0 1
    outer loop
      vertex 156.85 29.6421 11
      vertex 156.85 20.3579 11
      vertex 157.237 20.5488 11
    endloop
  endfacet
  facet normal 0 0 1
    outer loop
      vertex 156.491 29.8819 11
      vertex 156.85 20.3579 11
      vertex 156.85 29.6421 11
    endloop
  endfacet
  facet normal 0 0 1
    outer loop
      vertex 156.491 29.8819 11
      vertex 156.491 20.1181 11
      vertex 156.85 20.3579 11
    endloop
  endfacet
  facet normal 0 0 1
    outer loop
      vertex 156.167 30.1665 11
      vertex 156.491 20.1181 11
      vertex 156.491 29.8819 11
    endloop
  endfacet
  facet normal 0 0 1
    outer loop
      vertex 156.167 30.1665 11
      vertex 156.167 19.8335 11
      vertex 156.491 20.1181 11
    endloop
  endfacet
  facet normal 0 0 1
    outer loop
      vertex 155.882 30.4911 11
      vertex 156.167 19.8335 11
      vertex 156.167 30.1665 11
    endloop
  endfacet
  facet normal 0 0 1
    outer loop
      vertex 155.882 30.4911 11
      vertex 155.882 19.5089 11
      vertex 156.167 19.8335 11
    endloop
  endfacet
  facet normal 0 0 1
    outer loop
      vertex 155.312 31.6459 11
      vertex 142.688 31.6459 11
      vertex 155.451 31.2371 11
    endloop
  endfacet
  facet normal 0 0 1
    outer loop
      vertex 142.549 31.2371 11
      vertex 155.451 31.2371 11
      vertex 142.688 31.6459 11
    endloop
  endfacet
  facet normal 0 0 1
    outer loop
      vertex 142.688 31.6459 11
      vertex 155.312 31.6459 11
      vertex 142.772 32.0693 11
    endloop
  endfacet
  facet normal 0 0 1
    outer loop
      vertex 155.451 31.2371 11
      vertex 142.549 31.2371 11
      vertex 155.642 30.85 11
    endloop
  endfacet
  facet normal 0 0 1
    outer loop
      vertex 155.228 32.0693 11
      vertex 142.772 32.0693 11
      vertex 155.312 31.6459 11
    endloop
  endfacet
  facet normal 0 0 1
    outer loop
      vertex 155.882 19.5089 11
      vertex 142.8 17.5 11
      vertex 155.642 19.15 11
    endloop
  endfacet
  facet normal 0 0 1
    outer loop
      vertex 142.772 32.0693 11
      vertex 155.228 32.0693 11
      vertex 142.8 32.5 11
    endloop
  endfacet
  facet normal 0 0 1
    outer loop
      vertex 155.642 19.15 11
      vertex 142.8 17.5 11
      vertex 155.451 18.7629 11
    endloop
  endfacet
  facet normal -0 0 1
    outer loop
      vertex 142.8 32.5 11
      vertex 155.228 32.0693 11
      vertex 155.2 32.5 11
    endloop
  endfacet
  facet normal 0 0 1
    outer loop
      vertex 155.451 18.7629 11
      vertex 142.8 17.5 11
      vertex 155.312 18.3541 11
    endloop
  endfacet
  facet normal 0 0 1
    outer loop
      vertex 173.5 45.5 11
      vertex 174.5 44.5 11
      vertex 174.491 44.6305 11
    endloop
  endfacet
  facet normal 0 0 1
    outer loop
      vertex 161.772 32.0693 11
      vertex 174.5 44.5 11
      vertex 161.8 32.5 11
    endloop
  endfacet
  facet normal 0 0 1
    outer loop
      vertex 173.5 45.5 11
      vertex 174.491 44.6305 11
      vertex 174.466 44.7588 11
    endloop
  endfacet
  facet normal 0 0 1
    outer loop
      vertex 161.688 31.6459 11
      vertex 174.5 44.5 11
      vertex 161.772 32.0693 11
    endloop
  endfacet
  facet normal 0 0 1
    outer loop
      vertex 173.5 45.5 11
      vertex 174.466 44.7588 11
      vertex 174.424 44.8827 11
    endloop
  endfacet
  facet normal -0 0 1
    outer loop
      vertex 161.772 17.0693 11
      vertex 174.5 5.5 11
      vertex 161.8 17.5 11
    endloop
  endfacet
  facet normal 0 0 1
    outer loop
      vertex 173.5 45.5 11
      vertex 174.424 44.8827 11
      vertex 174.366 45 11
    endloop
  endfacet
  facet normal -0 0 1
    outer loop
      vertex 161.688 16.6459 11
      vertex 174.5 5.5 11
      vertex 161.772 17.0693 11
    endloop
  endfacet
  facet normal 0 0 1
    outer loop
      vertex 173.5 45.5 11
      vertex 174.366 45 11
      vertex 174.293 45.1088 11
    endloop
  endfacet
  facet normal -0 0 1
    outer loop
      vertex 161.549 16.2371 11
      vertex 174.5 5.5 11
      vertex 161.688 16.6459 11
    endloop
  endfacet
  facet normal 0 0 1
    outer loop
      vertex 173.5 45.5 11
      vertex 174.293 45.1088 11
      vertex 174.207 45.2071 11
    endloop
  endfacet
  facet normal -0 0 1
    outer loop
      vertex 161.358 15.85 11
      vertex 174.5 5.5 11
      vertex 161.549 16.2371 11
    endloop
  endfacet
  facet normal 0 0 1
    outer loop
      vertex 173.5 45.5 11
      vertex 174.207 45.2071 11
      vertex 174.109 45.2934 11
    endloop
  endfacet
  facet normal -0 0 1
    outer loop
      vertex 161.118 15.4911 11
      vertex 174.5 5.5 11
      vertex 161.358 15.85 11
    endloop
  endfacet
  facet normal 0 0 1
    outer loop
      vertex 173.5 45.5 11
      vertex 174.109 45.2934 11
      vertex 174 45.366 11
    endloop
  endfacet
  facet normal 0 0 1
    outer loop
      vertex 174.5 5.5 11
      vertex 173.5 4.5 11
      vertex 174.491 5.36947 11
    endloop
  endfacet
  facet normal 0 0 1
    outer loop
      vertex 173.5 45.5 11
      vertex 174 45.366 11
      vertex 173.883 45.4239 11
    endloop
  endfacet
  facet normal 0 0 1
    outer loop
      vertex 174.491 5.36947 11
      vertex 173.5 4.5 11
      vertex 174.466 5.24118 11
    endloop
  endfacet
  facet normal 0 0 1
    outer loop
      vertex 173.5 45.5 11
      vertex 173.883 45.4239 11
      vertex 173.759 45.4659 11
    endloop
  endfacet
  facet normal 0 0 1
    outer loop
      vertex 174.424 5.11732 11
      vertex 173.5 4.5 11
      vertex 174.366 5 11
    endloop
  endfacet
  facet normal 0 0 1
    outer loop
      vertex 173.5 45.5 11
      vertex 173.759 45.4659 11
      vertex 173.631 45.4914 11
    endloop
  endfacet
  facet normal 0 0 1
    outer loop
      vertex 174.366 5 11
      vertex 173.5 4.5 11
      vertex 174.293 4.89124 11
    endloop
  endfacet
  facet normal 0 0 1
    outer loop
      vertex 161.118 34.5089 11
      vertex 174.5 44.5 11
      vertex 173.5 45.5 11
    endloop
  endfacet
  facet normal 0 0 1
    outer loop
      vertex 174.207 4.79289 11
      vertex 173.5 4.5 11
      vertex 174.109 4.70665 11
    endloop
  endfacet
  facet normal 0 0 1
    outer loop
      vertex 174.109 4.70665 11
      vertex 173.5 4.5 11
      vertex 174 4.63397 11
    endloop
  endfacet
  facet normal 0 0 1
    outer loop
      vertex 174.5 44.5 11
      vertex 161.772 32.9307 11
      vertex 161.8 32.5 11
    endloop
  endfacet
  facet normal 0 0 1
    outer loop
      vertex 174.5 44.5 11
      vertex 161.688 33.3541 11
      vertex 161.772 32.9307 11
    endloop
  endfacet
  facet normal 0 0 1
    outer loop
      vertex 174.5 44.5 11
      vertex 161.549 33.7629 11
      vertex 161.688 33.3541 11
    endloop
  endfacet
  facet normal 0 0 1
    outer loop
      vertex 174.5 44.5 11
      vertex 161.358 34.15 11
      vertex 161.549 33.7629 11
    endloop
  endfacet
  facet normal 0 0 1
    outer loop
      vertex 174.5 44.5 11
      vertex 161.118 34.5089 11
      vertex 161.358 34.15 11
    endloop
  endfacet
  facet normal 0 0 1
    outer loop
      vertex 173.5 45.5 11
      vertex 160.833 34.8335 11
      vertex 161.118 34.5089 11
    endloop
  endfacet
  facet normal 0 0 1
    outer loop
      vertex 173.5 45.5 11
      vertex 160.509 35.1181 11
      vertex 160.833 34.8335 11
    endloop
  endfacet
  facet normal 0 0 1
    outer loop
      vertex 173.5 45.5 11
      vertex 160.15 35.3579 11
      vertex 160.509 35.1181 11
    endloop
  endfacet
  facet normal 0 0 1
    outer loop
      vertex 173.5 45.5 11
      vertex 159.763 35.5488 11
      vertex 160.15 35.3579 11
    endloop
  endfacet
  facet normal 0 0 1
    outer loop
      vertex 173.5 45.5 11
      vertex 159.354 35.6876 11
      vertex 159.763 35.5488 11
    endloop
  endfacet
  facet normal 0 0 1
    outer loop
      vertex 173.5 45.5 11
      vertex 158.931 35.7718 11
      vertex 159.354 35.6876 11
    endloop
  endfacet
  facet normal 0 0 1
    outer loop
      vertex 173.5 45.5 11
      vertex 158.5 35.8 11
      vertex 158.931 35.7718 11
    endloop
  endfacet
  facet normal 0 0 1
    outer loop
      vertex 173.5 45.5 11
      vertex 158.069 35.7718 11
      vertex 158.5 35.8 11
    endloop
  endfacet
  facet normal 0 0 1
    outer loop
      vertex 173.5 45.5 11
      vertex 157.646 35.6876 11
      vertex 158.069 35.7718 11
    endloop
  endfacet
  facet normal -0 0 1
    outer loop
      vertex 125.5 45.5 11
      vertex 157.646 35.6876 11
      vertex 173.5 45.5 11
    endloop
  endfacet
  facet normal 0 -0 1
    outer loop
      vertex 140.354 35.6876 11
      vertex 157.646 35.6876 11
      vertex 125.5 45.5 11
    endloop
  endfacet
  facet normal 0 0 1
    outer loop
      vertex 155.312 18.3541 11
      vertex 142.8 17.5 11
      vertex 155.228 17.9307 11
    endloop
  endfacet
  facet normal 0 0 1
    outer loop
      vertex 155.228 32.9307 11
      vertex 142.8 32.5 11
      vertex 155.2 32.5 11
    endloop
  endfacet
  facet normal 0 0 1
    outer loop
      vertex 142.772 32.9307 11
      vertex 155.228 32.9307 11
      vertex 155.312 33.3541 11
    endloop
  endfacet
  facet normal 0 0 1
    outer loop
      vertex 142.688 33.3541 11
      vertex 155.312 33.3541 11
      vertex 155.451 33.7629 11
    endloop
  endfacet
  facet normal 0 0 1
    outer loop
      vertex 142.549 33.7629 11
      vertex 155.451 33.7629 11
      vertex 155.642 34.15 11
    endloop
  endfacet
  facet normal 0 0 1
    outer loop
      vertex 142.358 34.15 11
      vertex 155.642 34.15 11
      vertex 155.882 34.5089 11
    endloop
  endfacet
  facet normal 0 0 1
    outer loop
      vertex 142.118 34.5089 11
      vertex 155.882 34.5089 11
      vertex 156.167 34.8335 11
    endloop
  endfacet
  facet normal 0 0 1
    outer loop
      vertex 141.833 34.8335 11
      vertex 156.167 34.8335 11
      vertex 156.491 35.1181 11
    endloop
  endfacet
  facet normal 0 0 1
    outer loop
      vertex 141.509 35.1181 11
      vertex 156.491 35.1181 11
      vertex 156.85 35.3579 11
    endloop
  endfacet
  facet normal 0 0 1
    outer loop
      vertex 157.646 35.6876 11
      vertex 140.354 35.6876 11
      vertex 157.237 35.5488 11
    endloop
  endfacet
  facet normal 0 0 1
    outer loop
      vertex 155.228 32.9307 11
      vertex 142.772 32.9307 11
      vertex 142.8 32.5 11
    endloop
  endfacet
  facet normal 0 0 1
    outer loop
      vertex 155.312 33.3541 11
      vertex 142.688 33.3541 11
      vertex 142.772 32.9307 11
    endloop
  endfacet
  facet normal 0 0 1
    outer loop
      vertex 155.451 33.7629 11
      vertex 142.549 33.7629 11
      vertex 142.688 33.3541 11
    endloop
  endfacet
  facet normal 0 0 1
    outer loop
      vertex 155.642 34.15 11
      vertex 142.358 34.15 11
      vertex 142.549 33.7629 11
    endloop
  endfacet
  facet normal 0 0 1
    outer loop
      vertex 155.882 34.5089 11
      vertex 142.118 34.5089 11
      vertex 142.358 34.15 11
    endloop
  endfacet
  facet normal 0 0 1
    outer loop
      vertex 156.167 34.8335 11
      vertex 141.833 34.8335 11
      vertex 142.118 34.5089 11
    endloop
  endfacet
  facet normal 0 0 1
    outer loop
      vertex 156.491 35.1181 11
      vertex 141.509 35.1181 11
      vertex 141.833 34.8335 11
    endloop
  endfacet
  facet normal 0 0 1
    outer loop
      vertex 156.85 35.3579 11
      vertex 141.15 35.3579 11
      vertex 141.509 35.1181 11
    endloop
  endfacet
  facet normal 0 0 1
    outer loop
      vertex 156.85 35.3579 11
      vertex 140.763 35.5488 11
      vertex 141.15 35.3579 11
    endloop
  endfacet
  facet normal 0 0 1
    outer loop
      vertex 157.237 35.5488 11
      vertex 140.763 35.5488 11
      vertex 156.85 35.3579 11
    endloop
  endfacet
  facet normal 0 -0 1
    outer loop
      vertex 140.763 35.5488 11
      vertex 157.237 35.5488 11
      vertex 140.354 35.6876 11
    endloop
  endfacet
  facet normal 0 0 1
    outer loop
      vertex 140.354 35.6876 11
      vertex 125.5 45.5 11
      vertex 139.931 35.7718 11
    endloop
  endfacet
  facet normal 0 0 1
    outer loop
      vertex 139.931 35.7718 11
      vertex 125.5 45.5 11
      vertex 139.5 35.8 11
    endloop
  endfacet
  facet normal 0 0 1
    outer loop
      vertex 139.5 35.8 11
      vertex 125.5 45.5 11
      vertex 139.069 35.7718 11
    endloop
  endfacet
  facet normal 0 0 1
    outer loop
      vertex 136.228 32.9307 11
      vertex 124.5 44.5 11
      vertex 136.2 32.5 11
    endloop
  endfacet
  facet normal 0 0 1
    outer loop
      vertex 136.312 33.3541 11
      vertex 124.5 44.5 11
      vertex 136.228 32.9307 11
    endloop
  endfacet
  facet normal 0 0 1
    outer loop
      vertex 136.451 33.7629 11
      vertex 124.5 44.5 11
      vertex 136.312 33.3541 11
    endloop
  endfacet
  facet normal 0 0 1
    outer loop
      vertex 136.642 34.15 11
      vertex 124.5 44.5 11
      vertex 136.451 33.7629 11
    endloop
  endfacet
  facet normal 0 0 1
    outer loop
      vertex 136.882 34.5089 11
      vertex 124.5 44.5 11
      vertex 136.642 34.15 11
    endloop
  endfacet
  facet normal -0 0 1
    outer loop
      vertex 124.5 44.5 11
      vertex 136.882 34.5089 11
      vertex 125.5 45.5 11
    endloop
  endfacet
  facet normal 0 0 1
    outer loop
      vertex 137.167 34.8335 11
      vertex 125.5 45.5 11
      vertex 136.882 34.5089 11
    endloop
  endfacet
  facet normal 0 0 1
    outer loop
      vertex 137.491 35.1181 11
      vertex 125.5 45.5 11
      vertex 137.167 34.8335 11
    endloop
  endfacet
  facet normal 0 0 1
    outer loop
      vertex 137.85 35.3579 11
      vertex 125.5 45.5 11
      vertex 137.491 35.1181 11
    endloop
  endfacet
  facet normal 0 0 1
    outer loop
      vertex 138.237 35.5488 11
      vertex 125.5 45.5 11
      vertex 137.85 35.3579 11
    endloop
  endfacet
  facet normal 0 0 1
    outer loop
      vertex 138.646 35.6876 11
      vertex 125.5 45.5 11
      vertex 138.237 35.5488 11
    endloop
  endfacet
  facet normal 0 0 1
    outer loop
      vertex 139.069 35.7718 11
      vertex 125.5 45.5 11
      vertex 138.646 35.6876 11
    endloop
  endfacet
  facet normal 0 0 1
    outer loop
      vertex 173.883 4.57612 11
      vertex 173.5 4.5 11
      vertex 173.759 4.53407 11
    endloop
  endfacet
  facet normal 0 0 1
    outer loop
      vertex 173.759 4.53407 11
      vertex 173.5 4.5 11
      vertex 173.631 4.50855 11
    endloop
  endfacet
  facet normal 0 0 1
    outer loop
      vertex 174 4.63397 11
      vertex 173.5 4.5 11
      vertex 173.883 4.57612 11
    endloop
  endfacet
  facet normal 0 0 1
    outer loop
      vertex 174.293 4.89124 11
      vertex 173.5 4.5 11
      vertex 174.207 4.79289 11
    endloop
  endfacet
  facet normal 0 0 1
    outer loop
      vertex 174.466 5.24118 11
      vertex 173.5 4.5 11
      vertex 174.424 5.11732 11
    endloop
  endfacet
  facet normal 0 0 1
    outer loop
      vertex 174.5 5.5 11
      vertex 161.118 15.4911 11
      vertex 173.5 4.5 11
    endloop
  endfacet
  facet normal -0 0 1
    outer loop
      vertex 160.833 15.1665 11
      vertex 173.5 4.5 11
      vertex 161.118 15.4911 11
    endloop
  endfacet
  facet normal -0 0 1
    outer loop
      vertex 160.509 14.8819 11
      vertex 173.5 4.5 11
      vertex 160.833 15.1665 11
    endloop
  endfacet
  facet normal -0 0 1
    outer loop
      vertex 160.15 14.6421 11
      vertex 173.5 4.5 11
      vertex 160.509 14.8819 11
    endloop
  endfacet
  facet normal -0 0 1
    outer loop
      vertex 159.763 14.4512 11
      vertex 173.5 4.5 11
      vertex 160.15 14.6421 11
    endloop
  endfacet
  facet normal -0 0 1
    outer loop
      vertex 159.354 14.3124 11
      vertex 173.5 4.5 11
      vertex 159.763 14.4512 11
    endloop
  endfacet
  facet normal -0 0 1
    outer loop
      vertex 158.931 14.2282 11
      vertex 173.5 4.5 11
      vertex 159.354 14.3124 11
    endloop
  endfacet
  facet normal -0 0 1
    outer loop
      vertex 158.5 14.2 11
      vertex 173.5 4.5 11
      vertex 158.931 14.2282 11
    endloop
  endfacet
  facet normal 0 0 1
    outer loop
      vertex 158.069 14.2282 11
      vertex 173.5 4.5 11
      vertex 158.5 14.2 11
    endloop
  endfacet
  facet normal 0 0 1
    outer loop
      vertex 157.646 14.3124 11
      vertex 173.5 4.5 11
      vertex 158.069 14.2282 11
    endloop
  endfacet
  facet normal 0 0 1
    outer loop
      vertex 140.354 14.3124 11
      vertex 157.646 14.3124 11
      vertex 157.237 14.4512 11
    endloop
  endfacet
  facet normal 0 0 1
    outer loop
      vertex 140.763 14.4512 11
      vertex 157.237 14.4512 11
      vertex 156.85 14.6421 11
    endloop
  endfacet
  facet normal 0 0 1
    outer loop
      vertex 155.228 17.9307 11
      vertex 142.8 17.5 11
      vertex 155.2 17.5 11
    endloop
  endfacet
  facet normal 0 0 1
    outer loop
      vertex 155.2 17.5 11
      vertex 142.8 17.5 11
      vertex 155.228 17.0693 11
    endloop
  endfacet
  facet normal 0 0 1
    outer loop
      vertex 142.772 17.0693 11
      vertex 155.228 17.0693 11
      vertex 142.8 17.5 11
    endloop
  endfacet
  facet normal 0 0 1
    outer loop
      vertex 155.228 17.0693 11
      vertex 142.772 17.0693 11
      vertex 155.312 16.6459 11
    endloop
  endfacet
  facet normal 0 0 1
    outer loop
      vertex 142.688 16.6459 11
      vertex 155.312 16.6459 11
      vertex 142.772 17.0693 11
    endloop
  endfacet
  facet normal 0 0 1
    outer loop
      vertex 155.312 16.6459 11
      vertex 142.688 16.6459 11
      vertex 155.451 16.2371 11
    endloop
  endfacet
  facet normal 0 0 1
    outer loop
      vertex 142.549 16.2371 11
      vertex 155.451 16.2371 11
      vertex 142.688 16.6459 11
    endloop
  endfacet
  facet normal 0 0 1
    outer loop
      vertex 155.451 16.2371 11
      vertex 142.549 16.2371 11
      vertex 155.642 15.85 11
    endloop
  endfacet
  facet normal 0 0 1
    outer loop
      vertex 142.358 15.85 11
      vertex 155.642 15.85 11
      vertex 142.549 16.2371 11
    endloop
  endfacet
  facet normal 0 0 1
    outer loop
      vertex 155.642 15.85 11
      vertex 142.358 15.85 11
      vertex 155.882 15.4911 11
    endloop
  endfacet
  facet normal 0 0 1
    outer loop
      vertex 142.118 15.4911 11
      vertex 155.882 15.4911 11
      vertex 142.358 15.85 11
    endloop
  endfacet
  facet normal 0 0 1
    outer loop
      vertex 155.882 15.4911 11
      vertex 142.118 15.4911 11
      vertex 156.167 15.1665 11
    endloop
  endfacet
  facet normal 0 0 1
    outer loop
      vertex 141.833 15.1665 11
      vertex 156.167 15.1665 11
      vertex 142.118 15.4911 11
    endloop
  endfacet
  facet normal 0 0 1
    outer loop
      vertex 156.167 15.1665 11
      vertex 141.833 15.1665 11
      vertex 156.491 14.8819 11
    endloop
  endfacet
  facet normal 0 0 1
    outer loop
      vertex 141.509 14.8819 11
      vertex 156.491 14.8819 11
      vertex 141.833 15.1665 11
    endloop
  endfacet
  facet normal 0 0 1
    outer loop
      vertex 156.491 14.8819 11
      vertex 141.509 14.8819 11
      vertex 156.85 14.6421 11
    endloop
  endfacet
  facet normal 0 0 1
    outer loop
      vertex 141.15 14.6421 11
      vertex 156.85 14.6421 11
      vertex 141.509 14.8819 11
    endloop
  endfacet
  facet normal 0 0 1
    outer loop
      vertex 140.763 14.4512 11
      vertex 156.85 14.6421 11
      vertex 141.15 14.6421 11
    endloop
  endfacet
  facet normal 0 0 1
    outer loop
      vertex 157.237 14.4512 11
      vertex 140.763 14.4512 11
      vertex 140.354 14.3124 11
    endloop
  endfacet
  facet normal 0 0 1
    outer loop
      vertex 157.646 14.3124 11
      vertex 140.354 14.3124 11
      vertex 125.5 4.5 11
    endloop
  endfacet
  facet normal 0 0 1
    outer loop
      vertex 125.5 4.5 11
      vertex 140.354 14.3124 11
      vertex 139.931 14.2282 11
    endloop
  endfacet
  facet normal 0 0 1
    outer loop
      vertex 125.5 4.5 11
      vertex 139.931 14.2282 11
      vertex 139.5 14.2 11
    endloop
  endfacet
  facet normal 0 0 1
    outer loop
      vertex 125.5 4.5 11
      vertex 139.5 14.2 11
      vertex 139.069 14.2282 11
    endloop
  endfacet
  facet normal 0 0 1
    outer loop
      vertex 125.5 4.5 11
      vertex 139.069 14.2282 11
      vertex 138.646 14.3124 11
    endloop
  endfacet
  facet normal 0 0 1
    outer loop
      vertex 136.312 18.3541 11
      vertex 124.5 5.5 11
      vertex 136.228 17.9307 11
    endloop
  endfacet
  facet normal 0 0 1
    outer loop
      vertex 136.228 17.9307 11
      vertex 124.5 5.5 11
      vertex 136.2 17.5 11
    endloop
  endfacet
  facet normal 0 0 1
    outer loop
      vertex 136.2 17.5 11
      vertex 124.5 5.5 11
      vertex 136.228 17.0693 11
    endloop
  endfacet
  facet normal 0 0 1
    outer loop
      vertex 157.646 14.3124 11
      vertex 125.5 4.5 11
      vertex 173.5 4.5 11
    endloop
  endfacet
  facet normal 0 0 1
    outer loop
      vertex 138.237 14.4512 11
      vertex 125.5 4.5 11
      vertex 138.646 14.3124 11
    endloop
  endfacet
  facet normal 0 0 1
    outer loop
      vertex 137.85 14.6421 11
      vertex 125.5 4.5 11
      vertex 138.237 14.4512 11
    endloop
  endfacet
  facet normal 0 0 1
    outer loop
      vertex 137.491 14.8819 11
      vertex 125.5 4.5 11
      vertex 137.85 14.6421 11
    endloop
  endfacet
  facet normal 0 0 1
    outer loop
      vertex 137.167 15.1665 11
      vertex 125.5 4.5 11
      vertex 137.491 14.8819 11
    endloop
  endfacet
  facet normal 0 0 1
    outer loop
      vertex 136.882 15.4911 11
      vertex 125.5 4.5 11
      vertex 137.167 15.1665 11
    endloop
  endfacet
  facet normal 0 0 1
    outer loop
      vertex 124.5 5.5 11
      vertex 136.882 15.4911 11
      vertex 136.642 15.85 11
    endloop
  endfacet
  facet normal 0 0 1
    outer loop
      vertex 124.5 5.5 11
      vertex 136.642 15.85 11
      vertex 136.451 16.2371 11
    endloop
  endfacet
  facet normal 0 0 1
    outer loop
      vertex 136.228 17.0693 11
      vertex 124.5 5.5 11
      vertex 136.312 16.6459 11
    endloop
  endfacet
  facet normal 0 0 1
    outer loop
      vertex 124.5 44.5 11
      vertex 125.5 45.5 11
      vertex 125.369 45.4914 11
    endloop
  endfacet
  facet normal 0 0 1
    outer loop
      vertex 136.312 16.6459 11
      vertex 124.5 5.5 11
      vertex 136.451 16.2371 11
    endloop
  endfacet
  facet normal 0 0 1
    outer loop
      vertex 124.5 44.5 11
      vertex 125.369 45.4914 11
      vertex 125.241 45.4659 11
    endloop
  endfacet
  facet normal 0 0 1
    outer loop
      vertex 136.882 15.4911 11
      vertex 124.5 5.5 11
      vertex 125.5 4.5 11
    endloop
  endfacet
  facet normal 0 0 1
    outer loop
      vertex 124.5 44.5 11
      vertex 125.241 45.4659 11
      vertex 125.117 45.4239 11
    endloop
  endfacet
  facet normal 0 0 1
    outer loop
      vertex 125.5 4.5 11
      vertex 124.5 5.5 11
      vertex 125.369 4.50855 11
    endloop
  endfacet
  facet normal 0 0 1
    outer loop
      vertex 124.5 44.5 11
      vertex 125.117 45.4239 11
      vertex 125 45.366 11
    endloop
  endfacet
  facet normal 0 0 1
    outer loop
      vertex 125.369 4.50855 11
      vertex 124.5 5.5 11
      vertex 125.241 4.53407 11
    endloop
  endfacet
  facet normal 0 0 1
    outer loop
      vertex 124.5 44.5 11
      vertex 125 45.366 11
      vertex 124.891 45.2934 11
    endloop
  endfacet
  facet normal 0 0 1
    outer loop
      vertex 125.241 4.53407 11
      vertex 124.5 5.5 11
      vertex 125.117 4.57612 11
    endloop
  endfacet
  facet normal 0 0 1
    outer loop
      vertex 124.5 44.5 11
      vertex 124.891 45.2934 11
      vertex 124.793 45.2071 11
    endloop
  endfacet
  facet normal 0 0 1
    outer loop
      vertex 125.117 4.57612 11
      vertex 124.5 5.5 11
      vertex 125 4.63397 11
    endloop
  endfacet
  facet normal 0 0 1
    outer loop
      vertex 124.5 44.5 11
      vertex 124.793 45.2071 11
      vertex 124.707 45.1088 11
    endloop
  endfacet
  facet normal 0 0 1
    outer loop
      vertex 125 4.63397 11
      vertex 124.5 5.5 11
      vertex 124.891 4.70665 11
    endloop
  endfacet
  facet normal 0 0 1
    outer loop
      vertex 124.5 44.5 11
      vertex 124.707 45.1088 11
      vertex 124.634 45 11
    endloop
  endfacet
  facet normal 0 0 1
    outer loop
      vertex 124.891 4.70665 11
      vertex 124.5 5.5 11
      vertex 124.793 4.79289 11
    endloop
  endfacet
  facet normal 0 0 1
    outer loop
      vertex 124.5 44.5 11
      vertex 124.634 45 11
      vertex 124.576 44.8827 11
    endloop
  endfacet
  facet normal 0 0 1
    outer loop
      vertex 124.793 4.79289 11
      vertex 124.5 5.5 11
      vertex 124.707 4.89124 11
    endloop
  endfacet
  facet normal 0 0 1
    outer loop
      vertex 124.5 44.5 11
      vertex 124.576 44.8827 11
      vertex 124.534 44.7588 11
    endloop
  endfacet
  facet normal 0 0 1
    outer loop
      vertex 124.707 4.89124 11
      vertex 124.5 5.5 11
      vertex 124.634 5 11
    endloop
  endfacet
  facet normal 0 0 1
    outer loop
      vertex 124.5 44.5 11
      vertex 124.534 44.7588 11
      vertex 124.509 44.6305 11
    endloop
  endfacet
  facet normal 0 0 1
    outer loop
      vertex 124.634 5 11
      vertex 124.5 5.5 11
      vertex 124.576 5.11732 11
    endloop
  endfacet
  facet normal 0 0 1
    outer loop
      vertex 124.576 5.11732 11
      vertex 124.5 5.5 11
      vertex 124.534 5.24118 11
    endloop
  endfacet
  facet normal 0 0 1
    outer loop
      vertex 124.534 5.24118 11
      vertex 124.5 5.5 11
      vertex 124.509 5.36947 11
    endloop
  endfacet
  facet normal 0.554771 -0.832003 0
    outer loop
      vertex 174 4.63397 6
      vertex 174.109 4.70665 11
      vertex 174 4.63397 11
    endloop
  endfacet
  facet normal 0.554771 -0.832003 0
    outer loop
      vertex 174.109 4.70665 11
      vertex 174 4.63397 6
      vertex 174.109 4.70665 6
    endloop
  endfacet
  facet normal 0.896405 0.443235 0
    outer loop
      vertex 174.424 44.8827 11
      vertex 174.366 45 6
      vertex 174.366 45 11
    endloop
  endfacet
  facet normal 0.896405 0.443235 0
    outer loop
      vertex 174.366 45 6
      vertex 174.424 44.8827 11
      vertex 174.424 44.8827 6
    endloop
  endfacet
  facet normal -0.443533 0.896258 0
    outer loop
      vertex 125.117 45.4239 6
      vertex 125 45.366 11
      vertex 125.117 45.4239 11
    endloop
  endfacet
  facet normal -0.443533 0.896258 0
    outer loop
      vertex 125 45.366 11
      vertex 125.117 45.4239 6
      vertex 125 45.366 6
    endloop
  endfacet
  facet normal -0.660887 0.750486 0
    outer loop
      vertex 124.891 45.2934 6
      vertex 124.793 45.2071 11
      vertex 124.891 45.2934 11
    endloop
  endfacet
  facet normal -0.660887 0.750486 0
    outer loop
      vertex 124.793 45.2071 11
      vertex 124.891 45.2934 6
      vertex 124.793 45.2071 6
    endloop
  endfacet
  facet normal -0.0655078 0.997852 0
    outer loop
      vertex 125.5 45.5 6
      vertex 125.369 45.4914 11
      vertex 125.5 45.5 11
    endloop
  endfacet
  facet normal -0.0655078 0.997852 0
    outer loop
      vertex 125.369 45.4914 11
      vertex 125.5 45.5 6
      vertex 125.369 45.4914 6
    endloop
  endfacet
  facet normal -0.896405 0.443235 0
    outer loop
      vertex 124.576 44.8827 6
      vertex 124.634 45 11
      vertex 124.634 45 6
    endloop
  endfacet
  facet normal -0.896405 0.443235 0
    outer loop
      vertex 124.634 45 11
      vertex 124.576 44.8827 6
      vertex 124.576 44.8827 11
    endloop
  endfacet
  facet normal -0.896778 0.442481 0
    outer loop
      vertex 142.358 15.85 3.5
      vertex 142.549 16.2371 11
      vertex 142.549 16.2371 3.5
    endloop
  endfacet
  facet normal -0.896778 0.442481 0
    outer loop
      vertex 142.549 16.2371 11
      vertex 142.358 15.85 3.5
      vertex 142.358 15.85 11
    endloop
  endfacet
  facet normal -0.980882 -0.194601 0
    outer loop
      vertex 142.772 17.9307 3.5
      vertex 142.688 18.3541 11
      vertex 142.688 18.3541 3.5
    endloop
  endfacet
  facet normal -0.980882 -0.194601 0
    outer loop
      vertex 142.688 18.3541 11
      vertex 142.772 17.9307 3.5
      vertex 142.772 17.9307 11
    endloop
  endfacet
  facet normal -0.997893 -0.0648735 0
    outer loop
      vertex 142.8 17.5 3.5
      vertex 142.772 17.9307 11
      vertex 142.772 17.9307 3.5
    endloop
  endfacet
  facet normal -0.997893 -0.0648735 0
    outer loop
      vertex 142.772 17.9307 11
      vertex 142.8 17.5 3.5
      vertex 142.8 17.5 11
    endloop
  endfacet
  facet normal -0.946767 -0.321919 0
    outer loop
      vertex 142.688 18.3541 3.5
      vertex 142.549 18.7629 11
      vertex 142.549 18.7629 3.5
    endloop
  endfacet
  facet normal -0.946767 -0.321919 0
    outer loop
      vertex 142.549 18.7629 11
      vertex 142.688 18.3541 3.5
      vertex 142.688 18.3541 11
    endloop
  endfacet
  facet normal -0.980882 0.194601 0
    outer loop
      vertex 142.688 16.6459 3.5
      vertex 142.772 17.0693 11
      vertex 142.772 17.0693 3.5
    endloop
  endfacet
  facet normal -0.980882 0.194601 0
    outer loop
      vertex 142.772 17.0693 11
      vertex 142.688 16.6459 3.5
      vertex 142.688 16.6459 11
    endloop
  endfacet
  facet normal -0.896778 -0.442481 0
    outer loop
      vertex 142.549 18.7629 3.5
      vertex 142.358 19.15 11
      vertex 142.358 19.15 3.5
    endloop
  endfacet
  facet normal -0.896778 -0.442481 0
    outer loop
      vertex 142.358 19.15 11
      vertex 142.549 18.7629 3.5
      vertex 142.549 18.7629 11
    endloop
  endfacet
  facet normal 0.946767 -0.321919 0
    outer loop
      vertex 136.312 18.3541 11
      vertex 136.451 18.7629 3.5
      vertex 136.451 18.7629 11
    endloop
  endfacet
  facet normal 0.946767 -0.321919 0
    outer loop
      vertex 136.451 18.7629 3.5
      vertex 136.312 18.3541 11
      vertex 136.312 18.3541 3.5
    endloop
  endfacet
  facet normal -0.831266 0.555876 0
    outer loop
      vertex 142.118 15.4911 3.5
      vertex 142.358 15.85 11
      vertex 142.358 15.85 3.5
    endloop
  endfacet
  facet normal -0.831266 0.555876 0
    outer loop
      vertex 142.358 15.85 11
      vertex 142.118 15.4911 3.5
      vertex 142.118 15.4911 11
    endloop
  endfacet
  facet normal -0.321363 -0.946956 0
    outer loop
      vertex 140.354 20.6876 3.5
      vertex 140.763 20.5488 11
      vertex 140.354 20.6876 11
    endloop
  endfacet
  facet normal -0.321363 -0.946956 -0
    outer loop
      vertex 140.763 20.5488 11
      vertex 140.354 20.6876 3.5
      vertex 140.763 20.5488 3.5
    endloop
  endfacet
  facet normal 0.555448 -0.831551 0
    outer loop
      vertex 137.491 20.1181 3.5
      vertex 137.85 20.3579 11
      vertex 137.491 20.1181 11
    endloop
  endfacet
  facet normal 0.555448 -0.831551 0
    outer loop
      vertex 137.85 20.3579 11
      vertex 137.491 20.1181 3.5
      vertex 137.85 20.3579 3.5
    endloop
  endfacet
  facet normal 0.896778 -0.442481 0
    outer loop
      vertex 136.451 18.7629 11
      vertex 136.642 19.15 3.5
      vertex 136.642 19.15 11
    endloop
  endfacet
  facet normal 0.896778 -0.442481 0
    outer loop
      vertex 136.642 19.15 3.5
      vertex 136.451 18.7629 11
      vertex 136.451 18.7629 3.5
    endloop
  endfacet
  facet normal -0.442387 -0.896824 0
    outer loop
      vertex 140.763 20.5488 3.5
      vertex 141.15 20.3579 11
      vertex 140.763 20.5488 11
    endloop
  endfacet
  facet normal -0.442387 -0.896824 -0
    outer loop
      vertex 141.15 20.3579 11
      vertex 140.763 20.5488 3.5
      vertex 141.15 20.3579 3.5
    endloop
  endfacet
  facet normal -0.659948 -0.751311 0
    outer loop
      vertex 141.509 20.1181 3.5
      vertex 141.833 19.8335 11
      vertex 141.509 20.1181 11
    endloop
  endfacet
  facet normal -0.659948 -0.751311 -0
    outer loop
      vertex 141.833 19.8335 11
      vertex 141.509 20.1181 3.5
      vertex 141.833 19.8335 3.5
    endloop
  endfacet
  facet normal 0.896778 0.442481 0
    outer loop
      vertex 136.642 15.85 11
      vertex 136.451 16.2371 3.5
      vertex 136.451 16.2371 11
    endloop
  endfacet
  facet normal 0.896778 0.442481 0
    outer loop
      vertex 136.451 16.2371 3.5
      vertex 136.642 15.85 11
      vertex 136.642 15.85 3.5
    endloop
  endfacet
  facet normal 0.997893 -0.0648735 0
    outer loop
      vertex 136.2 17.5 11
      vertex 136.228 17.9307 3.5
      vertex 136.228 17.9307 11
    endloop
  endfacet
  facet normal 0.997893 -0.0648735 0
    outer loop
      vertex 136.228 17.9307 3.5
      vertex 136.2 17.5 11
      vertex 136.2 17.5 3.5
    endloop
  endfacet
  facet normal 0.659948 0.751311 -0
    outer loop
      vertex 137.491 14.8819 3.5
      vertex 137.167 15.1665 11
      vertex 137.491 14.8819 11
    endloop
  endfacet
  facet normal 0.659948 0.751311 0
    outer loop
      vertex 137.167 15.1665 11
      vertex 137.491 14.8819 3.5
      vertex 137.167 15.1665 3.5
    endloop
  endfacet
  facet normal 0.751457 -0.659782 0
    outer loop
      vertex 136.882 19.5089 11
      vertex 137.167 19.8335 3.5
      vertex 137.167 19.8335 11
    endloop
  endfacet
  facet normal 0.751457 -0.659782 0
    outer loop
      vertex 137.167 19.8335 3.5
      vertex 136.882 19.5089 11
      vertex 136.882 19.5089 3.5
    endloop
  endfacet
  facet normal 0.442387 -0.896824 0
    outer loop
      vertex 137.85 20.3579 3.5
      vertex 138.237 20.5488 11
      vertex 137.85 20.3579 11
    endloop
  endfacet
  facet normal 0.442387 -0.896824 0
    outer loop
      vertex 138.237 20.5488 11
      vertex 137.85 20.3579 3.5
      vertex 138.237 20.5488 3.5
    endloop
  endfacet
  facet normal -0.195224 -0.980759 0
    outer loop
      vertex 139.931 20.7718 3.5
      vertex 140.354 20.6876 11
      vertex 139.931 20.7718 11
    endloop
  endfacet
  facet normal -0.195224 -0.980759 -0
    outer loop
      vertex 140.354 20.6876 11
      vertex 139.931 20.7718 3.5
      vertex 140.354 20.6876 3.5
    endloop
  endfacet
  facet normal -0.442387 0.896824 0
    outer loop
      vertex 141.15 14.6421 3.5
      vertex 140.763 14.4512 11
      vertex 141.15 14.6421 11
    endloop
  endfacet
  facet normal -0.442387 0.896824 0
    outer loop
      vertex 140.763 14.4512 11
      vertex 141.15 14.6421 3.5
      vertex 140.763 14.4512 3.5
    endloop
  endfacet
  facet normal -0.997893 0.0648735 0
    outer loop
      vertex 142.772 17.0693 3.5
      vertex 142.8 17.5 11
      vertex 142.8 17.5 3.5
    endloop
  endfacet
  facet normal -0.997893 0.0648735 0
    outer loop
      vertex 142.8 17.5 11
      vertex 142.772 17.0693 3.5
      vertex 142.772 17.0693 11
    endloop
  endfacet
  facet normal -0.321363 0.946956 0
    outer loop
      vertex 140.763 14.4512 3.5
      vertex 140.354 14.3124 11
      vertex 140.763 14.4512 11
    endloop
  endfacet
  facet normal -0.321363 0.946956 0
    outer loop
      vertex 140.354 14.3124 11
      vertex 140.763 14.4512 3.5
      vertex 140.354 14.3124 3.5
    endloop
  endfacet
  facet normal -0.555448 -0.831551 0
    outer loop
      vertex 141.15 20.3579 3.5
      vertex 141.509 20.1181 11
      vertex 141.15 20.3579 11
    endloop
  endfacet
  facet normal -0.555448 -0.831551 -0
    outer loop
      vertex 141.509 20.1181 11
      vertex 141.15 20.3579 3.5
      vertex 141.509 20.1181 3.5
    endloop
  endfacet
  facet normal -0.831266 -0.555876 0
    outer loop
      vertex 142.358 19.15 3.5
      vertex 142.118 19.5089 11
      vertex 142.118 19.5089 3.5
    endloop
  endfacet
  facet normal -0.831266 -0.555876 0
    outer loop
      vertex 142.118 19.5089 11
      vertex 142.358 19.15 3.5
      vertex 142.358 19.15 11
    endloop
  endfacet
  facet normal 0.195224 -0.980759 0
    outer loop
      vertex 138.646 20.6876 3.5
      vertex 139.069 20.7718 11
      vertex 138.646 20.6876 11
    endloop
  endfacet
  facet normal 0.195224 -0.980759 0
    outer loop
      vertex 139.069 20.7718 11
      vertex 138.646 20.6876 3.5
      vertex 139.069 20.7718 3.5
    endloop
  endfacet
  facet normal -0.751457 0.659782 0
    outer loop
      vertex 141.833 15.1665 3.5
      vertex 142.118 15.4911 11
      vertex 142.118 15.4911 3.5
    endloop
  endfacet
  facet normal -0.751457 0.659782 0
    outer loop
      vertex 142.118 15.4911 11
      vertex 141.833 15.1665 3.5
      vertex 141.833 15.1665 11
    endloop
  endfacet
  facet normal -0.0652896 0.997866 0
    outer loop
      vertex 139.931 14.2282 3.5
      vertex 139.5 14.2 11
      vertex 139.931 14.2282 11
    endloop
  endfacet
  facet normal -0.0652896 0.997866 0
    outer loop
      vertex 139.5 14.2 11
      vertex 139.931 14.2282 3.5
      vertex 139.5 14.2 3.5
    endloop
  endfacet
  facet normal -0.946767 0.321919 0
    outer loop
      vertex 142.549 16.2371 3.5
      vertex 142.688 16.6459 11
      vertex 142.688 16.6459 3.5
    endloop
  endfacet
  facet normal -0.946767 0.321919 0
    outer loop
      vertex 142.688 16.6459 11
      vertex 142.549 16.2371 3.5
      vertex 142.549 16.2371 11
    endloop
  endfacet
  facet normal 0.751457 0.659782 0
    outer loop
      vertex 137.167 15.1665 11
      vertex 136.882 15.4911 3.5
      vertex 136.882 15.4911 11
    endloop
  endfacet
  facet normal 0.751457 0.659782 0
    outer loop
      vertex 136.882 15.4911 3.5
      vertex 137.167 15.1665 11
      vertex 137.167 15.1665 3.5
    endloop
  endfacet
  facet normal 0.321363 -0.946956 0
    outer loop
      vertex 138.237 20.5488 3.5
      vertex 138.646 20.6876 11
      vertex 138.237 20.5488 11
    endloop
  endfacet
  facet normal 0.321363 -0.946956 0
    outer loop
      vertex 138.646 20.6876 11
      vertex 138.237 20.5488 3.5
      vertex 138.646 20.6876 3.5
    endloop
  endfacet
  facet normal 0.659948 -0.751311 0
    outer loop
      vertex 137.167 19.8335 3.5
      vertex 137.491 20.1181 11
      vertex 137.167 19.8335 11
    endloop
  endfacet
  facet normal 0.659948 -0.751311 0
    outer loop
      vertex 137.491 20.1181 11
      vertex 137.167 19.8335 3.5
      vertex 137.491 20.1181 3.5
    endloop
  endfacet
  facet normal 0.195224 0.980759 -0
    outer loop
      vertex 139.069 14.2282 3.5
      vertex 138.646 14.3124 11
      vertex 139.069 14.2282 11
    endloop
  endfacet
  facet normal 0.195224 0.980759 0
    outer loop
      vertex 138.646 14.3124 11
      vertex 139.069 14.2282 3.5
      vertex 138.646 14.3124 3.5
    endloop
  endfacet
  facet normal -0.751457 -0.659782 0
    outer loop
      vertex 142.118 19.5089 3.5
      vertex 141.833 19.8335 11
      vertex 141.833 19.8335 3.5
    endloop
  endfacet
  facet normal -0.751457 -0.659782 0
    outer loop
      vertex 141.833 19.8335 11
      vertex 142.118 19.5089 3.5
      vertex 142.118 19.5089 11
    endloop
  endfacet
  facet normal 0.442387 0.896824 -0
    outer loop
      vertex 138.237 14.4512 3.5
      vertex 137.85 14.6421 11
      vertex 138.237 14.4512 11
    endloop
  endfacet
  facet normal 0.442387 0.896824 0
    outer loop
      vertex 137.85 14.6421 11
      vertex 138.237 14.4512 3.5
      vertex 137.85 14.6421 3.5
    endloop
  endfacet
  facet normal -0.195224 0.980759 0
    outer loop
      vertex 140.354 14.3124 3.5
      vertex 139.931 14.2282 11
      vertex 140.354 14.3124 11
    endloop
  endfacet
  facet normal -0.195224 0.980759 0
    outer loop
      vertex 139.931 14.2282 11
      vertex 140.354 14.3124 3.5
      vertex 139.931 14.2282 3.5
    endloop
  endfacet
  facet normal -0.659948 0.751311 0
    outer loop
      vertex 141.833 15.1665 3.5
      vertex 141.509 14.8819 11
      vertex 141.833 15.1665 11
    endloop
  endfacet
  facet normal -0.659948 0.751311 0
    outer loop
      vertex 141.509 14.8819 11
      vertex 141.833 15.1665 3.5
      vertex 141.509 14.8819 3.5
    endloop
  endfacet
  facet normal 0.555448 0.831551 -0
    outer loop
      vertex 137.85 14.6421 3.5
      vertex 137.491 14.8819 11
      vertex 137.85 14.6421 11
    endloop
  endfacet
  facet normal 0.555448 0.831551 0
    outer loop
      vertex 137.491 14.8819 11
      vertex 137.85 14.6421 3.5
      vertex 137.491 14.8819 3.5
    endloop
  endfacet
  facet normal 0.321363 0.946956 -0
    outer loop
      vertex 138.646 14.3124 3.5
      vertex 138.237 14.4512 11
      vertex 138.646 14.3124 11
    endloop
  endfacet
  facet normal 0.321363 0.946956 0
    outer loop
      vertex 138.237 14.4512 11
      vertex 138.646 14.3124 3.5
      vertex 138.237 14.4512 3.5
    endloop
  endfacet
  facet normal 0.946767 0.321919 0
    outer loop
      vertex 136.451 16.2371 11
      vertex 136.312 16.6459 3.5
      vertex 136.312 16.6459 11
    endloop
  endfacet
  facet normal 0.946767 0.321919 0
    outer loop
      vertex 136.312 16.6459 3.5
      vertex 136.451 16.2371 11
      vertex 136.451 16.2371 3.5
    endloop
  endfacet
  facet normal -0.555448 0.831551 0
    outer loop
      vertex 141.509 14.8819 3.5
      vertex 141.15 14.6421 11
      vertex 141.509 14.8819 11
    endloop
  endfacet
  facet normal -0.555448 0.831551 0
    outer loop
      vertex 141.15 14.6421 11
      vertex 141.509 14.8819 3.5
      vertex 141.15 14.6421 3.5
    endloop
  endfacet
  facet normal 0.980882 -0.194601 0
    outer loop
      vertex 136.228 17.9307 11
      vertex 136.312 18.3541 3.5
      vertex 136.312 18.3541 11
    endloop
  endfacet
  facet normal 0.980882 -0.194601 0
    outer loop
      vertex 136.312 18.3541 3.5
      vertex 136.228 17.9307 11
      vertex 136.228 17.9307 3.5
    endloop
  endfacet
  facet normal 0.980882 0.194601 0
    outer loop
      vertex 136.312 16.6459 11
      vertex 136.228 17.0693 3.5
      vertex 136.228 17.0693 11
    endloop
  endfacet
  facet normal 0.980882 0.194601 0
    outer loop
      vertex 136.228 17.0693 3.5
      vertex 136.312 16.6459 11
      vertex 136.312 16.6459 3.5
    endloop
  endfacet
  facet normal -0.0652896 -0.997866 0
    outer loop
      vertex 139.5 20.8 3.5
      vertex 139.931 20.7718 11
      vertex 139.5 20.8 11
    endloop
  endfacet
  facet normal -0.0652896 -0.997866 -0
    outer loop
      vertex 139.931 20.7718 11
      vertex 139.5 20.8 3.5
      vertex 139.931 20.7718 3.5
    endloop
  endfacet
  facet normal 0.997893 0.0648735 0
    outer loop
      vertex 136.228 17.0693 11
      vertex 136.2 17.5 3.5
      vertex 136.2 17.5 11
    endloop
  endfacet
  facet normal 0.997893 0.0648735 0
    outer loop
      vertex 136.2 17.5 3.5
      vertex 136.228 17.0693 11
      vertex 136.228 17.0693 3.5
    endloop
  endfacet
  facet normal 0.0652896 -0.997866 0
    outer loop
      vertex 139.069 20.7718 3.5
      vertex 139.5 20.8 11
      vertex 139.069 20.7718 11
    endloop
  endfacet
  facet normal 0.0652896 -0.997866 0
    outer loop
      vertex 139.5 20.8 11
      vertex 139.069 20.7718 3.5
      vertex 139.5 20.8 3.5
    endloop
  endfacet
  facet normal 0.831266 0.555876 0
    outer loop
      vertex 136.882 15.4911 11
      vertex 136.642 15.85 3.5
      vertex 136.642 15.85 11
    endloop
  endfacet
  facet normal 0.831266 0.555876 0
    outer loop
      vertex 136.642 15.85 3.5
      vertex 136.882 15.4911 11
      vertex 136.882 15.4911 3.5
    endloop
  endfacet
  facet normal 0.0652896 0.997866 -0
    outer loop
      vertex 139.5 14.2 3.5
      vertex 139.069 14.2282 11
      vertex 139.5 14.2 11
    endloop
  endfacet
  facet normal 0.0652896 0.997866 0
    outer loop
      vertex 139.069 14.2282 11
      vertex 139.5 14.2 3.5
      vertex 139.069 14.2282 3.5
    endloop
  endfacet
  facet normal 0.831266 -0.555876 0
    outer loop
      vertex 136.642 19.15 11
      vertex 136.882 19.5089 3.5
      vertex 136.882 19.5089 11
    endloop
  endfacet
  facet normal 0.831266 -0.555876 0
    outer loop
      vertex 136.882 19.5089 3.5
      vertex 136.642 19.15 11
      vertex 136.642 19.15 3.5
    endloop
  endfacet
  facet normal 0.946833 0.321726 0
    outer loop
      vertex 134.188 15.2996 3.5
      vertex 133.946 16.0118 0
      vertex 133.946 16.0118 3.5
    endloop
  endfacet
  facet normal 0.946833 0.321726 0
    outer loop
      vertex 133.946 16.0118 0
      vertex 134.188 15.2996 3.5
      vertex 134.188 15.2996 0
    endloop
  endfacet
  facet normal -0.19522 0.980759 0
    outer loop
      vertex 140.988 11.9459 0
      vertex 140.251 11.7992 3.5
      vertex 140.988 11.9459 3.5
    endloop
  endfacet
  facet normal -0.19522 0.980759 0
    outer loop
      vertex 140.251 11.7992 3.5
      vertex 140.988 11.9459 0
      vertex 140.251 11.7992 0
    endloop
  endfacet
  facet normal -0.980718 -0.195426 0
    outer loop
      vertex 145.201 18.2505 0
      vertex 145.054 18.9882 3.5
      vertex 145.054 18.9882 0
    endloop
  endfacet
  facet normal -0.980718 -0.195426 0
    outer loop
      vertex 145.054 18.9882 3.5
      vertex 145.201 18.2505 0
      vertex 145.201 18.2505 3.5
    endloop
  endfacet
  facet normal -0.997875 -0.0651511 0
    outer loop
      vertex 145.25 17.5 0
      vertex 145.201 18.2505 3.5
      vertex 145.201 18.2505 0
    endloop
  endfacet
  facet normal -0.997875 -0.0651511 0
    outer loop
      vertex 145.201 18.2505 3.5
      vertex 145.25 17.5 0
      vertex 145.25 17.5 3.5
    endloop
  endfacet
  facet normal 0.442104 -0.896964 0
    outer loop
      vertex 136.625 22.4796 0
      vertex 137.3 22.8123 3.5
      vertex 136.625 22.4796 3.5
    endloop
  endfacet
  facet normal 0.442104 -0.896964 0
    outer loop
      vertex 137.3 22.8123 3.5
      vertex 136.625 22.4796 0
      vertex 137.3 22.8123 0
    endloop
  endfacet
  facet normal -0.946833 -0.321726 0
    outer loop
      vertex 145.054 18.9882 0
      vertex 144.812 19.7004 3.5
      vertex 144.812 19.7004 0
    endloop
  endfacet
  facet normal -0.946833 -0.321726 0
    outer loop
      vertex 144.812 19.7004 3.5
      vertex 145.054 18.9882 0
      vertex 145.054 18.9882 3.5
    endloop
  endfacet
  facet normal -0.897229 0.441565 0
    outer loop
      vertex 144.48 14.625 0
      vertex 144.812 15.2996 3.5
      vertex 144.812 15.2996 0
    endloop
  endfacet
  facet normal -0.897229 0.441565 0
    outer loop
      vertex 144.812 15.2996 3.5
      vertex 144.48 14.625 0
      vertex 144.48 14.625 3.5
    endloop
  endfacet
  facet normal -0.997875 0.0651511 0
    outer loop
      vertex 145.201 16.7495 0
      vertex 145.25 17.5 3.5
      vertex 145.25 17.5 0
    endloop
  endfacet
  facet normal -0.997875 0.0651511 0
    outer loop
      vertex 145.25 17.5 3.5
      vertex 145.201 16.7495 0
      vertex 145.201 16.7495 3.5
    endloop
  endfacet
  facet normal -0.658994 -0.752148 0
    outer loop
      vertex 143 22.0618 0
      vertex 143.566 21.5659 3.5
      vertex 143 22.0618 3.5
    endloop
  endfacet
  facet normal -0.658994 -0.752148 -0
    outer loop
      vertex 143.566 21.5659 3.5
      vertex 143 22.0618 0
      vertex 143.566 21.5659 0
    endloop
  endfacet
  facet normal 0.658994 -0.752148 0
    outer loop
      vertex 135.434 21.5659 0
      vertex 136 22.0618 3.5
      vertex 135.434 21.5659 3.5
    endloop
  endfacet
  facet normal 0.658994 -0.752148 0
    outer loop
      vertex 136 22.0618 3.5
      vertex 135.434 21.5659 0
      vertex 136 22.0618 0
    endloop
  endfacet
  facet normal -0.0653725 -0.997861 0
    outer loop
      vertex 139.5 23.25 0
      vertex 140.251 23.2008 3.5
      vertex 139.5 23.25 3.5
    endloop
  endfacet
  facet normal -0.0653725 -0.997861 -0
    outer loop
      vertex 140.251 23.2008 3.5
      vertex 139.5 23.25 0
      vertex 140.251 23.2008 0
    endloop
  endfacet
  facet normal 0.997875 -0.0651511 0
    outer loop
      vertex 133.75 17.5 3.5
      vertex 133.799 18.2505 0
      vertex 133.799 18.2505 3.5
    endloop
  endfacet
  facet normal 0.997875 -0.0651511 0
    outer loop
      vertex 133.799 18.2505 0
      vertex 133.75 17.5 3.5
      vertex 133.75 17.5 0
    endloop
  endfacet
  facet normal 0.751794 0.659398 0
    outer loop
      vertex 135.434 13.4341 3.5
      vertex 134.938 13.9996 0
      vertex 134.938 13.9996 3.5
    endloop
  endfacet
  facet normal 0.751794 0.659398 0
    outer loop
      vertex 134.938 13.9996 0
      vertex 135.434 13.4341 3.5
      vertex 135.434 13.4341 0
    endloop
  endfacet
  facet normal 0.980718 0.195426 0
    outer loop
      vertex 133.946 16.0118 3.5
      vertex 133.799 16.7495 0
      vertex 133.799 16.7495 3.5
    endloop
  endfacet
  facet normal 0.980718 0.195426 0
    outer loop
      vertex 133.799 16.7495 0
      vertex 133.946 16.0118 3.5
      vertex 133.946 16.0118 0
    endloop
  endfacet
  facet normal -0.831395 0.555682 0
    outer loop
      vertex 144.062 13.9996 0
      vertex 144.48 14.625 3.5
      vertex 144.48 14.625 0
    endloop
  endfacet
  facet normal -0.831395 0.555682 0
    outer loop
      vertex 144.48 14.625 3.5
      vertex 144.062 13.9996 0
      vertex 144.062 13.9996 3.5
    endloop
  endfacet
  facet normal 0.897229 -0.441565 0
    outer loop
      vertex 134.188 19.7004 3.5
      vertex 134.52 20.375 0
      vertex 134.52 20.375 3.5
    endloop
  endfacet
  facet normal 0.897229 -0.441565 0
    outer loop
      vertex 134.52 20.375 0
      vertex 134.188 19.7004 3.5
      vertex 134.188 19.7004 0
    endloop
  endfacet
  facet normal 0.831395 -0.555682 0
    outer loop
      vertex 134.52 20.375 3.5
      vertex 134.938 21.0004 0
      vertex 134.938 21.0004 3.5
    endloop
  endfacet
  facet normal 0.831395 -0.555682 0
    outer loop
      vertex 134.938 21.0004 0
      vertex 134.52 20.375 3.5
      vertex 134.52 20.375 0
    endloop
  endfacet
  facet normal 0.0653725 -0.997861 0
    outer loop
      vertex 138.749 23.2008 0
      vertex 139.5 23.25 3.5
      vertex 138.749 23.2008 3.5
    endloop
  endfacet
  facet normal 0.0653725 -0.997861 0
    outer loop
      vertex 139.5 23.25 3.5
      vertex 138.749 23.2008 0
      vertex 139.5 23.25 0
    endloop
  endfacet
  facet normal 0.321569 -0.946886 0
    outer loop
      vertex 137.3 22.8123 0
      vertex 138.012 23.0541 3.5
      vertex 137.3 22.8123 3.5
    endloop
  endfacet
  facet normal 0.321569 -0.946886 0
    outer loop
      vertex 138.012 23.0541 3.5
      vertex 137.3 22.8123 0
      vertex 138.012 23.0541 0
    endloop
  endfacet
  facet normal 0.321569 0.946886 -0
    outer loop
      vertex 138.012 11.9459 0
      vertex 137.3 12.1877 3.5
      vertex 138.012 11.9459 3.5
    endloop
  endfacet
  facet normal 0.321569 0.946886 0
    outer loop
      vertex 137.3 12.1877 3.5
      vertex 138.012 11.9459 0
      vertex 137.3 12.1877 0
    endloop
  endfacet
  facet normal -0.442104 -0.896964 0
    outer loop
      vertex 141.7 22.8123 0
      vertex 142.375 22.4796 3.5
      vertex 141.7 22.8123 3.5
    endloop
  endfacet
  facet normal -0.442104 -0.896964 -0
    outer loop
      vertex 142.375 22.4796 3.5
      vertex 141.7 22.8123 0
      vertex 142.375 22.4796 0
    endloop
  endfacet
  facet normal -0.0653725 0.997861 0
    outer loop
      vertex 140.251 11.7992 0
      vertex 139.5 11.75 3.5
      vertex 140.251 11.7992 3.5
    endloop
  endfacet
  facet normal -0.0653725 0.997861 0
    outer loop
      vertex 139.5 11.75 3.5
      vertex 140.251 11.7992 0
      vertex 139.5 11.75 0
    endloop
  endfacet
  facet normal -0.555743 0.831354 0
    outer loop
      vertex 143 12.9382 0
      vertex 142.375 12.5204 3.5
      vertex 143 12.9382 3.5
    endloop
  endfacet
  facet normal -0.555743 0.831354 0
    outer loop
      vertex 142.375 12.5204 3.5
      vertex 143 12.9382 0
      vertex 142.375 12.5204 0
    endloop
  endfacet
  facet normal -0.980718 0.195426 0
    outer loop
      vertex 145.054 16.0118 0
      vertex 145.201 16.7495 3.5
      vertex 145.201 16.7495 0
    endloop
  endfacet
  facet normal -0.980718 0.195426 0
    outer loop
      vertex 145.201 16.7495 3.5
      vertex 145.054 16.0118 0
      vertex 145.054 16.0118 3.5
    endloop
  endfacet
  facet normal 0.751794 -0.659398 0
    outer loop
      vertex 134.938 21.0004 3.5
      vertex 135.434 21.5659 0
      vertex 135.434 21.5659 3.5
    endloop
  endfacet
  facet normal 0.751794 -0.659398 0
    outer loop
      vertex 135.434 21.5659 0
      vertex 134.938 21.0004 3.5
      vertex 134.938 21.0004 0
    endloop
  endfacet
  facet normal 0.980718 -0.195426 0
    outer loop
      vertex 133.799 18.2505 3.5
      vertex 133.946 18.9882 0
      vertex 133.946 18.9882 3.5
    endloop
  endfacet
  facet normal 0.980718 -0.195426 0
    outer loop
      vertex 133.946 18.9882 0
      vertex 133.799 18.2505 3.5
      vertex 133.799 18.2505 0
    endloop
  endfacet
  facet normal -0.831395 -0.555682 0
    outer loop
      vertex 144.48 20.375 0
      vertex 144.062 21.0004 3.5
      vertex 144.062 21.0004 0
    endloop
  endfacet
  facet normal -0.831395 -0.555682 0
    outer loop
      vertex 144.062 21.0004 3.5
      vertex 144.48 20.375 0
      vertex 144.48 20.375 3.5
    endloop
  endfacet
  facet normal -0.555743 -0.831354 0
    outer loop
      vertex 142.375 22.4796 0
      vertex 143 22.0618 3.5
      vertex 142.375 22.4796 3.5
    endloop
  endfacet
  facet normal -0.555743 -0.831354 -0
    outer loop
      vertex 143 22.0618 3.5
      vertex 142.375 22.4796 0
      vertex 143 22.0618 0
    endloop
  endfacet
  facet normal 0.997875 0.0651511 0
    outer loop
      vertex 133.799 16.7495 3.5
      vertex 133.75 17.5 0
      vertex 133.75 17.5 3.5
    endloop
  endfacet
  facet normal 0.997875 0.0651511 0
    outer loop
      vertex 133.75 17.5 0
      vertex 133.799 16.7495 3.5
      vertex 133.799 16.7495 0
    endloop
  endfacet
  facet normal -0.321569 -0.946886 0
    outer loop
      vertex 140.988 23.0541 0
      vertex 141.7 22.8123 3.5
      vertex 140.988 23.0541 3.5
    endloop
  endfacet
  facet normal -0.321569 -0.946886 -0
    outer loop
      vertex 141.7 22.8123 3.5
      vertex 140.988 23.0541 0
      vertex 141.7 22.8123 0
    endloop
  endfacet
  facet normal -0.658994 0.752148 0
    outer loop
      vertex 143.566 13.4341 0
      vertex 143 12.9382 3.5
      vertex 143.566 13.4341 3.5
    endloop
  endfacet
  facet normal -0.658994 0.752148 0
    outer loop
      vertex 143 12.9382 3.5
      vertex 143.566 13.4341 0
      vertex 143 12.9382 0
    endloop
  endfacet
  facet normal 0.19522 -0.980759 0
    outer loop
      vertex 138.012 23.0541 0
      vertex 138.749 23.2008 3.5
      vertex 138.012 23.0541 3.5
    endloop
  endfacet
  facet normal 0.19522 -0.980759 0
    outer loop
      vertex 138.749 23.2008 3.5
      vertex 138.012 23.0541 0
      vertex 138.749 23.2008 0
    endloop
  endfacet
  facet normal -0.897229 -0.441565 0
    outer loop
      vertex 144.812 19.7004 0
      vertex 144.48 20.375 3.5
      vertex 144.48 20.375 0
    endloop
  endfacet
  facet normal -0.897229 -0.441565 0
    outer loop
      vertex 144.48 20.375 3.5
      vertex 144.812 19.7004 0
      vertex 144.812 19.7004 3.5
    endloop
  endfacet
  facet normal 0.555743 0.831354 -0
    outer loop
      vertex 136.625 12.5204 0
      vertex 136 12.9382 3.5
      vertex 136.625 12.5204 3.5
    endloop
  endfacet
  facet normal 0.555743 0.831354 0
    outer loop
      vertex 136 12.9382 3.5
      vertex 136.625 12.5204 0
      vertex 136 12.9382 0
    endloop
  endfacet
  facet normal 0.658994 0.752148 -0
    outer loop
      vertex 136 12.9382 0
      vertex 135.434 13.4341 3.5
      vertex 136 12.9382 3.5
    endloop
  endfacet
  facet normal 0.658994 0.752148 0
    outer loop
      vertex 135.434 13.4341 3.5
      vertex 136 12.9382 0
      vertex 135.434 13.4341 0
    endloop
  endfacet
  facet normal -0.751794 0.659398 0
    outer loop
      vertex 143.566 13.4341 0
      vertex 144.062 13.9996 3.5
      vertex 144.062 13.9996 0
    endloop
  endfacet
  facet normal -0.751794 0.659398 0
    outer loop
      vertex 144.062 13.9996 3.5
      vertex 143.566 13.4341 0
      vertex 143.566 13.4341 3.5
    endloop
  endfacet
  facet normal 0.897229 0.441565 0
    outer loop
      vertex 134.52 14.625 3.5
      vertex 134.188 15.2996 0
      vertex 134.188 15.2996 3.5
    endloop
  endfacet
  facet normal 0.897229 0.441565 0
    outer loop
      vertex 134.188 15.2996 0
      vertex 134.52 14.625 3.5
      vertex 134.52 14.625 0
    endloop
  endfacet
  facet normal 0.0653725 0.997861 -0
    outer loop
      vertex 139.5 11.75 0
      vertex 138.749 11.7992 3.5
      vertex 139.5 11.75 3.5
    endloop
  endfacet
  facet normal 0.0653725 0.997861 0
    outer loop
      vertex 138.749 11.7992 3.5
      vertex 139.5 11.75 0
      vertex 138.749 11.7992 0
    endloop
  endfacet
  facet normal -0.751794 -0.659398 0
    outer loop
      vertex 144.062 21.0004 0
      vertex 143.566 21.5659 3.5
      vertex 143.566 21.5659 0
    endloop
  endfacet
  facet normal -0.751794 -0.659398 0
    outer loop
      vertex 143.566 21.5659 3.5
      vertex 144.062 21.0004 0
      vertex 144.062 21.0004 3.5
    endloop
  endfacet
  facet normal 0.555743 -0.831354 0
    outer loop
      vertex 136 22.0618 0
      vertex 136.625 22.4796 3.5
      vertex 136 22.0618 3.5
    endloop
  endfacet
  facet normal 0.555743 -0.831354 0
    outer loop
      vertex 136.625 22.4796 3.5
      vertex 136 22.0618 0
      vertex 136.625 22.4796 0
    endloop
  endfacet
  facet normal -0.321569 0.946886 0
    outer loop
      vertex 141.7 12.1877 0
      vertex 140.988 11.9459 3.5
      vertex 141.7 12.1877 3.5
    endloop
  endfacet
  facet normal -0.321569 0.946886 0
    outer loop
      vertex 140.988 11.9459 3.5
      vertex 141.7 12.1877 0
      vertex 140.988 11.9459 0
    endloop
  endfacet
  facet normal -0.442104 0.896964 0
    outer loop
      vertex 142.375 12.5204 0
      vertex 141.7 12.1877 3.5
      vertex 142.375 12.5204 3.5
    endloop
  endfacet
  facet normal -0.442104 0.896964 0
    outer loop
      vertex 141.7 12.1877 3.5
      vertex 142.375 12.5204 0
      vertex 141.7 12.1877 0
    endloop
  endfacet
  facet normal -0.946833 0.321726 0
    outer loop
      vertex 144.812 15.2996 0
      vertex 145.054 16.0118 3.5
      vertex 145.054 16.0118 0
    endloop
  endfacet
  facet normal -0.946833 0.321726 0
    outer loop
      vertex 145.054 16.0118 3.5
      vertex 144.812 15.2996 0
      vertex 144.812 15.2996 3.5
    endloop
  endfacet
  facet normal 0 0 -1
    outer loop
      vertex 142.8 17.5 3.5
      vertex 145.25 17.5 3.5
      vertex 145.201 16.7495 3.5
    endloop
  endfacet
  facet normal 0 0 -1
    outer loop
      vertex 142.772 17.0693 3.5
      vertex 145.201 16.7495 3.5
      vertex 145.054 16.0118 3.5
    endloop
  endfacet
  facet normal 0 0 -1
    outer loop
      vertex 145.25 17.5 3.5
      vertex 142.8 17.5 3.5
      vertex 145.201 18.2505 3.5
    endloop
  endfacet
  facet normal 0 0 -1
    outer loop
      vertex 142.688 16.6459 3.5
      vertex 145.054 16.0118 3.5
      vertex 144.812 15.2996 3.5
    endloop
  endfacet
  facet normal 0 0 -1
    outer loop
      vertex 142.772 17.9307 3.5
      vertex 145.201 18.2505 3.5
      vertex 142.8 17.5 3.5
    endloop
  endfacet
  facet normal 0 0 -1
    outer loop
      vertex 142.549 16.2371 3.5
      vertex 144.812 15.2996 3.5
      vertex 144.48 14.625 3.5
    endloop
  endfacet
  facet normal -0 0 -1
    outer loop
      vertex 145.201 18.2505 3.5
      vertex 142.772 17.9307 3.5
      vertex 145.054 18.9882 3.5
    endloop
  endfacet
  facet normal 0 0 -1
    outer loop
      vertex 142.358 15.85 3.5
      vertex 144.48 14.625 3.5
      vertex 144.062 13.9996 3.5
    endloop
  endfacet
  facet normal 0 0 -1
    outer loop
      vertex 142.688 18.3541 3.5
      vertex 145.054 18.9882 3.5
      vertex 142.772 17.9307 3.5
    endloop
  endfacet
  facet normal 0 0 -1
    outer loop
      vertex 142.118 15.4911 3.5
      vertex 144.062 13.9996 3.5
      vertex 143.566 13.4341 3.5
    endloop
  endfacet
  facet normal -0 0 -1
    outer loop
      vertex 145.054 18.9882 3.5
      vertex 142.688 18.3541 3.5
      vertex 144.812 19.7004 3.5
    endloop
  endfacet
  facet normal 0 0 -1
    outer loop
      vertex 141.833 15.1665 3.5
      vertex 143.566 13.4341 3.5
      vertex 143 12.9382 3.5
    endloop
  endfacet
  facet normal 0 0 -1
    outer loop
      vertex 142.549 18.7629 3.5
      vertex 144.812 19.7004 3.5
      vertex 142.688 18.3541 3.5
    endloop
  endfacet
  facet normal -0 0 -1
    outer loop
      vertex 144.812 19.7004 3.5
      vertex 142.549 18.7629 3.5
      vertex 144.48 20.375 3.5
    endloop
  endfacet
  facet normal 0 0 -1
    outer loop
      vertex 145.201 16.7495 3.5
      vertex 142.772 17.0693 3.5
      vertex 142.8 17.5 3.5
    endloop
  endfacet
  facet normal 0 0 -1
    outer loop
      vertex 145.054 16.0118 3.5
      vertex 142.688 16.6459 3.5
      vertex 142.772 17.0693 3.5
    endloop
  endfacet
  facet normal 0 0 -1
    outer loop
      vertex 144.812 15.2996 3.5
      vertex 142.549 16.2371 3.5
      vertex 142.688 16.6459 3.5
    endloop
  endfacet
  facet normal 0 0 -1
    outer loop
      vertex 141.509 14.8819 3.5
      vertex 143 12.9382 3.5
      vertex 142.375 12.5204 3.5
    endloop
  endfacet
  facet normal 0 0 -1
    outer loop
      vertex 144.48 14.625 3.5
      vertex 142.358 15.85 3.5
      vertex 142.549 16.2371 3.5
    endloop
  endfacet
  facet normal 0 0 -1
    outer loop
      vertex 144.062 13.9996 3.5
      vertex 142.118 15.4911 3.5
      vertex 142.358 15.85 3.5
    endloop
  endfacet
  facet normal 0 0 -1
    outer loop
      vertex 143.566 13.4341 3.5
      vertex 141.833 15.1665 3.5
      vertex 142.118 15.4911 3.5
    endloop
  endfacet
  facet normal 0 0 -1
    outer loop
      vertex 141.15 14.6421 3.5
      vertex 142.375 12.5204 3.5
      vertex 141.7 12.1877 3.5
    endloop
  endfacet
  facet normal 0 0 -1
    outer loop
      vertex 143 12.9382 3.5
      vertex 141.509 14.8819 3.5
      vertex 141.833 15.1665 3.5
    endloop
  endfacet
  facet normal 0 0 -1
    outer loop
      vertex 142.375 12.5204 3.5
      vertex 141.15 14.6421 3.5
      vertex 141.509 14.8819 3.5
    endloop
  endfacet
  facet normal 0 0 -1
    outer loop
      vertex 140.763 14.4512 3.5
      vertex 141.7 12.1877 3.5
      vertex 140.988 11.9459 3.5
    endloop
  endfacet
  facet normal 0 0 -1
    outer loop
      vertex 141.7 12.1877 3.5
      vertex 140.763 14.4512 3.5
      vertex 141.15 14.6421 3.5
    endloop
  endfacet
  facet normal 0 0 -1
    outer loop
      vertex 140.988 11.9459 3.5
      vertex 140.354 14.3124 3.5
      vertex 140.763 14.4512 3.5
    endloop
  endfacet
  facet normal 0 0 -1
    outer loop
      vertex 140.251 11.7992 3.5
      vertex 140.354 14.3124 3.5
      vertex 140.988 11.9459 3.5
    endloop
  endfacet
  facet normal 0 0 -1
    outer loop
      vertex 140.251 11.7992 3.5
      vertex 139.931 14.2282 3.5
      vertex 140.354 14.3124 3.5
    endloop
  endfacet
  facet normal 0 0 -1
    outer loop
      vertex 139.5 11.75 3.5
      vertex 139.931 14.2282 3.5
      vertex 140.251 11.7992 3.5
    endloop
  endfacet
  facet normal 0 0 -1
    outer loop
      vertex 139.5 11.75 3.5
      vertex 139.5 14.2 3.5
      vertex 139.931 14.2282 3.5
    endloop
  endfacet
  facet normal 0 0 -1
    outer loop
      vertex 139.5 11.75 3.5
      vertex 139.069 14.2282 3.5
      vertex 139.5 14.2 3.5
    endloop
  endfacet
  facet normal 0 0 -1
    outer loop
      vertex 138.749 11.7992 3.5
      vertex 139.069 14.2282 3.5
      vertex 139.5 11.75 3.5
    endloop
  endfacet
  facet normal 0 0 -1
    outer loop
      vertex 138.749 11.7992 3.5
      vertex 138.646 14.3124 3.5
      vertex 139.069 14.2282 3.5
    endloop
  endfacet
  facet normal 0 0 -1
    outer loop
      vertex 138.012 11.9459 3.5
      vertex 138.646 14.3124 3.5
      vertex 138.749 11.7992 3.5
    endloop
  endfacet
  facet normal -0 0 -1
    outer loop
      vertex 138.646 14.3124 3.5
      vertex 138.012 11.9459 3.5
      vertex 138.237 14.4512 3.5
    endloop
  endfacet
  facet normal 0 0 -1
    outer loop
      vertex 137.3 12.1877 3.5
      vertex 138.237 14.4512 3.5
      vertex 138.012 11.9459 3.5
    endloop
  endfacet
  facet normal -0 0 -1
    outer loop
      vertex 138.237 14.4512 3.5
      vertex 137.3 12.1877 3.5
      vertex 137.85 14.6421 3.5
    endloop
  endfacet
  facet normal 0 0 -1
    outer loop
      vertex 136.625 12.5204 3.5
      vertex 137.85 14.6421 3.5
      vertex 137.3 12.1877 3.5
    endloop
  endfacet
  facet normal -0 0 -1
    outer loop
      vertex 137.85 14.6421 3.5
      vertex 136.625 12.5204 3.5
      vertex 137.491 14.8819 3.5
    endloop
  endfacet
  facet normal 0 0 -1
    outer loop
      vertex 136 12.9382 3.5
      vertex 137.491 14.8819 3.5
      vertex 136.625 12.5204 3.5
    endloop
  endfacet
  facet normal -0 0 -1
    outer loop
      vertex 137.491 14.8819 3.5
      vertex 136 12.9382 3.5
      vertex 137.167 15.1665 3.5
    endloop
  endfacet
  facet normal 0 0 -1
    outer loop
      vertex 135.434 13.4341 3.5
      vertex 137.167 15.1665 3.5
      vertex 136 12.9382 3.5
    endloop
  endfacet
  facet normal -0 0 -1
    outer loop
      vertex 137.167 15.1665 3.5
      vertex 135.434 13.4341 3.5
      vertex 136.882 15.4911 3.5
    endloop
  endfacet
  facet normal 0 0 -1
    outer loop
      vertex 134.938 13.9996 3.5
      vertex 136.882 15.4911 3.5
      vertex 135.434 13.4341 3.5
    endloop
  endfacet
  facet normal -0 0 -1
    outer loop
      vertex 136.882 15.4911 3.5
      vertex 134.938 13.9996 3.5
      vertex 136.642 15.85 3.5
    endloop
  endfacet
  facet normal -0 0 -1
    outer loop
      vertex 136.642 15.85 3.5
      vertex 134.52 14.625 3.5
      vertex 136.451 16.2371 3.5
    endloop
  endfacet
  facet normal 0 0 -1
    outer loop
      vertex 134.52 14.625 3.5
      vertex 136.642 15.85 3.5
      vertex 134.938 13.9996 3.5
    endloop
  endfacet
  facet normal 0 0 -1
    outer loop
      vertex 142.358 19.15 3.5
      vertex 144.48 20.375 3.5
      vertex 142.549 18.7629 3.5
    endloop
  endfacet
  facet normal -0 0 -1
    outer loop
      vertex 144.48 20.375 3.5
      vertex 142.358 19.15 3.5
      vertex 144.062 21.0004 3.5
    endloop
  endfacet
  facet normal 0 0 -1
    outer loop
      vertex 142.118 19.5089 3.5
      vertex 144.062 21.0004 3.5
      vertex 142.358 19.15 3.5
    endloop
  endfacet
  facet normal -0 0 -1
    outer loop
      vertex 144.062 21.0004 3.5
      vertex 142.118 19.5089 3.5
      vertex 143.566 21.5659 3.5
    endloop
  endfacet
  facet normal 0 0 -1
    outer loop
      vertex 141.833 19.8335 3.5
      vertex 143.566 21.5659 3.5
      vertex 142.118 19.5089 3.5
    endloop
  endfacet
  facet normal -0 0 -1
    outer loop
      vertex 143.566 21.5659 3.5
      vertex 141.833 19.8335 3.5
      vertex 143 22.0618 3.5
    endloop
  endfacet
  facet normal 0 0 -1
    outer loop
      vertex 141.509 20.1181 3.5
      vertex 143 22.0618 3.5
      vertex 141.833 19.8335 3.5
    endloop
  endfacet
  facet normal -0 0 -1
    outer loop
      vertex 143 22.0618 3.5
      vertex 141.509 20.1181 3.5
      vertex 142.375 22.4796 3.5
    endloop
  endfacet
  facet normal 0 0 -1
    outer loop
      vertex 141.15 20.3579 3.5
      vertex 142.375 22.4796 3.5
      vertex 141.509 20.1181 3.5
    endloop
  endfacet
  facet normal -0 0 -1
    outer loop
      vertex 142.375 22.4796 3.5
      vertex 141.15 20.3579 3.5
      vertex 141.7 22.8123 3.5
    endloop
  endfacet
  facet normal 0 0 -1
    outer loop
      vertex 140.763 20.5488 3.5
      vertex 141.7 22.8123 3.5
      vertex 141.15 20.3579 3.5
    endloop
  endfacet
  facet normal -0 0 -1
    outer loop
      vertex 141.7 22.8123 3.5
      vertex 140.763 20.5488 3.5
      vertex 140.988 23.0541 3.5
    endloop
  endfacet
  facet normal 0 0 -1
    outer loop
      vertex 140.354 20.6876 3.5
      vertex 140.988 23.0541 3.5
      vertex 140.763 20.5488 3.5
    endloop
  endfacet
  facet normal 0 0 -1
    outer loop
      vertex 140.354 20.6876 3.5
      vertex 140.251 23.2008 3.5
      vertex 140.988 23.0541 3.5
    endloop
  endfacet
  facet normal 0 0 -1
    outer loop
      vertex 139.931 20.7718 3.5
      vertex 140.251 23.2008 3.5
      vertex 140.354 20.6876 3.5
    endloop
  endfacet
  facet normal 0 0 -1
    outer loop
      vertex 139.5 20.8 3.5
      vertex 140.251 23.2008 3.5
      vertex 139.931 20.7718 3.5
    endloop
  endfacet
  facet normal 0 0 -1
    outer loop
      vertex 139.5 20.8 3.5
      vertex 139.5 23.25 3.5
      vertex 140.251 23.2008 3.5
    endloop
  endfacet
  facet normal 0 0 -1
    outer loop
      vertex 139.069 20.7718 3.5
      vertex 139.5 23.25 3.5
      vertex 139.5 20.8 3.5
    endloop
  endfacet
  facet normal 0 0 -1
    outer loop
      vertex 139.069 20.7718 3.5
      vertex 138.749 23.2008 3.5
      vertex 139.5 23.25 3.5
    endloop
  endfacet
  facet normal 0 0 -1
    outer loop
      vertex 138.646 20.6876 3.5
      vertex 138.749 23.2008 3.5
      vertex 139.069 20.7718 3.5
    endloop
  endfacet
  facet normal 0 0 -1
    outer loop
      vertex 138.012 23.0541 3.5
      vertex 138.646 20.6876 3.5
      vertex 138.237 20.5488 3.5
    endloop
  endfacet
  facet normal 0 0 -1
    outer loop
      vertex 138.646 20.6876 3.5
      vertex 138.012 23.0541 3.5
      vertex 138.749 23.2008 3.5
    endloop
  endfacet
  facet normal 0 0 -1
    outer loop
      vertex 137.3 22.8123 3.5
      vertex 138.237 20.5488 3.5
      vertex 137.85 20.3579 3.5
    endloop
  endfacet
  facet normal 0 0 -1
    outer loop
      vertex 136.625 22.4796 3.5
      vertex 137.85 20.3579 3.5
      vertex 137.491 20.1181 3.5
    endloop
  endfacet
  facet normal 0 0 -1
    outer loop
      vertex 138.237 20.5488 3.5
      vertex 137.3 22.8123 3.5
      vertex 138.012 23.0541 3.5
    endloop
  endfacet
  facet normal 0 0 -1
    outer loop
      vertex 136 22.0618 3.5
      vertex 137.491 20.1181 3.5
      vertex 137.167 19.8335 3.5
    endloop
  endfacet
  facet normal 0 0 -1
    outer loop
      vertex 135.434 21.5659 3.5
      vertex 137.167 19.8335 3.5
      vertex 136.882 19.5089 3.5
    endloop
  endfacet
  facet normal 0 0 -1
    outer loop
      vertex 134.938 21.0004 3.5
      vertex 136.882 19.5089 3.5
      vertex 136.642 19.15 3.5
    endloop
  endfacet
  facet normal 0 0 -1
    outer loop
      vertex 137.85 20.3579 3.5
      vertex 136.625 22.4796 3.5
      vertex 137.3 22.8123 3.5
    endloop
  endfacet
  facet normal 0 0 -1
    outer loop
      vertex 134.52 20.375 3.5
      vertex 136.642 19.15 3.5
      vertex 136.451 18.7629 3.5
    endloop
  endfacet
  facet normal 0 0 -1
    outer loop
      vertex 134.188 19.7004 3.5
      vertex 136.451 18.7629 3.5
      vertex 136.312 18.3541 3.5
    endloop
  endfacet
  facet normal 0 0 -1
    outer loop
      vertex 133.946 18.9882 3.5
      vertex 136.312 18.3541 3.5
      vertex 136.228 17.9307 3.5
    endloop
  endfacet
  facet normal 0 0 -1
    outer loop
      vertex 137.491 20.1181 3.5
      vertex 136 22.0618 3.5
      vertex 136.625 22.4796 3.5
    endloop
  endfacet
  facet normal 0 0 -1
    outer loop
      vertex 133.799 18.2505 3.5
      vertex 136.228 17.9307 3.5
      vertex 136.2 17.5 3.5
    endloop
  endfacet
  facet normal 0 0 -1
    outer loop
      vertex 134.188 15.2996 3.5
      vertex 136.451 16.2371 3.5
      vertex 134.52 14.625 3.5
    endloop
  endfacet
  facet normal -0 0 -1
    outer loop
      vertex 136.451 16.2371 3.5
      vertex 134.188 15.2996 3.5
      vertex 136.312 16.6459 3.5
    endloop
  endfacet
  facet normal 0 0 -1
    outer loop
      vertex 137.167 19.8335 3.5
      vertex 135.434 21.5659 3.5
      vertex 136 22.0618 3.5
    endloop
  endfacet
  facet normal 0 0 -1
    outer loop
      vertex 133.946 16.0118 3.5
      vertex 136.312 16.6459 3.5
      vertex 134.188 15.2996 3.5
    endloop
  endfacet
  facet normal 0 0 -1
    outer loop
      vertex 136.882 19.5089 3.5
      vertex 134.938 21.0004 3.5
      vertex 135.434 21.5659 3.5
    endloop
  endfacet
  facet normal -0 0 -1
    outer loop
      vertex 136.312 16.6459 3.5
      vertex 133.946 16.0118 3.5
      vertex 136.228 17.0693 3.5
    endloop
  endfacet
  facet normal 0 0 -1
    outer loop
      vertex 136.642 19.15 3.5
      vertex 134.52 20.375 3.5
      vertex 134.938 21.0004 3.5
    endloop
  endfacet
  facet normal 0 0 -1
    outer loop
      vertex 133.799 16.7495 3.5
      vertex 136.228 17.0693 3.5
      vertex 133.946 16.0118 3.5
    endloop
  endfacet
  facet normal 0 0 -1
    outer loop
      vertex 136.451 18.7629 3.5
      vertex 134.188 19.7004 3.5
      vertex 134.52 20.375 3.5
    endloop
  endfacet
  facet normal -0 0 -1
    outer loop
      vertex 136.228 17.0693 3.5
      vertex 133.799 16.7495 3.5
      vertex 136.2 17.5 3.5
    endloop
  endfacet
  facet normal 0 0 -1
    outer loop
      vertex 136.312 18.3541 3.5
      vertex 133.946 18.9882 3.5
      vertex 134.188 19.7004 3.5
    endloop
  endfacet
  facet normal 0 0 -1
    outer loop
      vertex 133.75 17.5 3.5
      vertex 136.2 17.5 3.5
      vertex 133.799 16.7495 3.5
    endloop
  endfacet
  facet normal 0 0 -1
    outer loop
      vertex 136.228 17.9307 3.5
      vertex 133.799 18.2505 3.5
      vertex 133.946 18.9882 3.5
    endloop
  endfacet
  facet normal 0 0 -1
    outer loop
      vertex 136.2 17.5 3.5
      vertex 133.75 17.5 3.5
      vertex 133.799 18.2505 3.5
    endloop
  endfacet
  facet normal 0.19522 0.980759 -0
    outer loop
      vertex 138.749 11.7992 0
      vertex 138.012 11.9459 3.5
      vertex 138.749 11.7992 3.5
    endloop
  endfacet
  facet normal 0.19522 0.980759 0
    outer loop
      vertex 138.012 11.9459 3.5
      vertex 138.749 11.7992 0
      vertex 138.012 11.9459 0
    endloop
  endfacet
  facet normal -0.19522 -0.980759 0
    outer loop
      vertex 140.251 23.2008 0
      vertex 140.988 23.0541 3.5
      vertex 140.251 23.2008 3.5
    endloop
  endfacet
  facet normal -0.19522 -0.980759 -0
    outer loop
      vertex 140.988 23.0541 3.5
      vertex 140.251 23.2008 0
      vertex 140.988 23.0541 0
    endloop
  endfacet
  facet normal 0.442104 0.896964 -0
    outer loop
      vertex 137.3 12.1877 0
      vertex 136.625 12.5204 3.5
      vertex 137.3 12.1877 3.5
    endloop
  endfacet
  facet normal 0.442104 0.896964 0
    outer loop
      vertex 136.625 12.5204 3.5
      vertex 137.3 12.1877 0
      vertex 136.625 12.5204 0
    endloop
  endfacet
  facet normal 0.831395 0.555682 0
    outer loop
      vertex 134.938 13.9996 3.5
      vertex 134.52 14.625 0
      vertex 134.52 14.625 3.5
    endloop
  endfacet
  facet normal 0.831395 0.555682 0
    outer loop
      vertex 134.52 14.625 0
      vertex 134.938 13.9996 3.5
      vertex 134.938 13.9996 0
    endloop
  endfacet
  facet normal 0.946833 -0.321726 0
    outer loop
      vertex 133.946 18.9882 3.5
      vertex 134.188 19.7004 0
      vertex 134.188 19.7004 3.5
    endloop
  endfacet
  facet normal 0.946833 -0.321726 0
    outer loop
      vertex 134.188 19.7004 0
      vertex 133.946 18.9882 3.5
      vertex 133.946 18.9882 0
    endloop
  endfacet
  facet normal -0.896778 0.442481 0
    outer loop
      vertex 142.358 30.85 3.5
      vertex 142.549 31.2371 11
      vertex 142.549 31.2371 3.5
    endloop
  endfacet
  facet normal -0.896778 0.442481 0
    outer loop
      vertex 142.549 31.2371 11
      vertex 142.358 30.85 3.5
      vertex 142.358 30.85 11
    endloop
  endfacet
  facet normal -0.980882 -0.194601 0
    outer loop
      vertex 142.772 32.9307 3.5
      vertex 142.688 33.3541 11
      vertex 142.688 33.3541 3.5
    endloop
  endfacet
  facet normal -0.980882 -0.194601 0
    outer loop
      vertex 142.688 33.3541 11
      vertex 142.772 32.9307 3.5
      vertex 142.772 32.9307 11
    endloop
  endfacet
  facet normal -0.997893 -0.0648735 0
    outer loop
      vertex 142.8 32.5 3.5
      vertex 142.772 32.9307 11
      vertex 142.772 32.9307 3.5
    endloop
  endfacet
  facet normal -0.997893 -0.0648735 0
    outer loop
      vertex 142.772 32.9307 11
      vertex 142.8 32.5 3.5
      vertex 142.8 32.5 11
    endloop
  endfacet
  facet normal -0.946767 -0.321919 0
    outer loop
      vertex 142.688 33.3541 3.5
      vertex 142.549 33.7629 11
      vertex 142.549 33.7629 3.5
    endloop
  endfacet
  facet normal -0.946767 -0.321919 0
    outer loop
      vertex 142.549 33.7629 11
      vertex 142.688 33.3541 3.5
      vertex 142.688 33.3541 11
    endloop
  endfacet
  facet normal -0.980882 0.194601 0
    outer loop
      vertex 142.688 31.6459 3.5
      vertex 142.772 32.0693 11
      vertex 142.772 32.0693 3.5
    endloop
  endfacet
  facet normal -0.980882 0.194601 0
    outer loop
      vertex 142.772 32.0693 11
      vertex 142.688 31.6459 3.5
      vertex 142.688 31.6459 11
    endloop
  endfacet
  facet normal -0.896778 -0.442481 0
    outer loop
      vertex 142.549 33.7629 3.5
      vertex 142.358 34.15 11
      vertex 142.358 34.15 3.5
    endloop
  endfacet
  facet normal -0.896778 -0.442481 0
    outer loop
      vertex 142.358 34.15 11
      vertex 142.549 33.7629 3.5
      vertex 142.549 33.7629 11
    endloop
  endfacet
  facet normal 0.946767 -0.321919 0
    outer loop
      vertex 136.312 33.3541 11
      vertex 136.451 33.7629 3.5
      vertex 136.451 33.7629 11
    endloop
  endfacet
  facet normal 0.946767 -0.321919 0
    outer loop
      vertex 136.451 33.7629 3.5
      vertex 136.312 33.3541 11
      vertex 136.312 33.3541 3.5
    endloop
  endfacet
  facet normal -0.831266 0.555876 0
    outer loop
      vertex 142.118 30.4911 3.5
      vertex 142.358 30.85 11
      vertex 142.358 30.85 3.5
    endloop
  endfacet
  facet normal -0.831266 0.555876 0
    outer loop
      vertex 142.358 30.85 11
      vertex 142.118 30.4911 3.5
      vertex 142.118 30.4911 11
    endloop
  endfacet
  facet normal -0.321363 -0.946956 0
    outer loop
      vertex 140.354 35.6876 3.5
      vertex 140.763 35.5488 11
      vertex 140.354 35.6876 11
    endloop
  endfacet
  facet normal -0.321363 -0.946956 -0
    outer loop
      vertex 140.763 35.5488 11
      vertex 140.354 35.6876 3.5
      vertex 140.763 35.5488 3.5
    endloop
  endfacet
  facet normal 0.555448 -0.831551 0
    outer loop
      vertex 137.491 35.1181 3.5
      vertex 137.85 35.3579 11
      vertex 137.491 35.1181 11
    endloop
  endfacet
  facet normal 0.555448 -0.831551 0
    outer loop
      vertex 137.85 35.3579 11
      vertex 137.491 35.1181 3.5
      vertex 137.85 35.3579 3.5
    endloop
  endfacet
  facet normal 0.896778 -0.442481 0
    outer loop
      vertex 136.451 33.7629 11
      vertex 136.642 34.15 3.5
      vertex 136.642 34.15 11
    endloop
  endfacet
  facet normal 0.896778 -0.442481 0
    outer loop
      vertex 136.642 34.15 3.5
      vertex 136.451 33.7629 11
      vertex 136.451 33.7629 3.5
    endloop
  endfacet
  facet normal -0.442387 -0.896824 0
    outer loop
      vertex 140.763 35.5488 3.5
      vertex 141.15 35.3579 11
      vertex 140.763 35.5488 11
    endloop
  endfacet
  facet normal -0.442387 -0.896824 -0
    outer loop
      vertex 141.15 35.3579 11
      vertex 140.763 35.5488 3.5
      vertex 141.15 35.3579 3.5
    endloop
  endfacet
  facet normal -0.659948 -0.751311 0
    outer loop
      vertex 141.509 35.1181 3.5
      vertex 141.833 34.8335 11
      vertex 141.509 35.1181 11
    endloop
  endfacet
  facet normal -0.659948 -0.751311 -0
    outer loop
      vertex 141.833 34.8335 11
      vertex 141.509 35.1181 3.5
      vertex 141.833 34.8335 3.5
    endloop
  endfacet
  facet normal 0.896778 0.442481 0
    outer loop
      vertex 136.642 30.85 11
      vertex 136.451 31.2371 3.5
      vertex 136.451 31.2371 11
    endloop
  endfacet
  facet normal 0.896778 0.442481 0
    outer loop
      vertex 136.451 31.2371 3.5
      vertex 136.642 30.85 11
      vertex 136.642 30.85 3.5
    endloop
  endfacet
  facet normal 0.997893 -0.0648735 0
    outer loop
      vertex 136.2 32.5 11
      vertex 136.228 32.9307 3.5
      vertex 136.228 32.9307 11
    endloop
  endfacet
  facet normal 0.997893 -0.0648735 0
    outer loop
      vertex 136.228 32.9307 3.5
      vertex 136.2 32.5 11
      vertex 136.2 32.5 3.5
    endloop
  endfacet
  facet normal 0.659948 0.751311 -0
    outer loop
      vertex 137.491 29.8819 3.5
      vertex 137.167 30.1665 11
      vertex 137.491 29.8819 11
    endloop
  endfacet
  facet normal 0.659948 0.751311 0
    outer loop
      vertex 137.167 30.1665 11
      vertex 137.491 29.8819 3.5
      vertex 137.167 30.1665 3.5
    endloop
  endfacet
  facet normal 0.751457 -0.659782 0
    outer loop
      vertex 136.882 34.5089 11
      vertex 137.167 34.8335 3.5
      vertex 137.167 34.8335 11
    endloop
  endfacet
  facet normal 0.751457 -0.659782 0
    outer loop
      vertex 137.167 34.8335 3.5
      vertex 136.882 34.5089 11
      vertex 136.882 34.5089 3.5
    endloop
  endfacet
  facet normal 0.442387 -0.896824 0
    outer loop
      vertex 137.85 35.3579 3.5
      vertex 138.237 35.5488 11
      vertex 137.85 35.3579 11
    endloop
  endfacet
  facet normal 0.442387 -0.896824 0
    outer loop
      vertex 138.237 35.5488 11
      vertex 137.85 35.3579 3.5
      vertex 138.237 35.5488 3.5
    endloop
  endfacet
  facet normal -0.195224 -0.980759 0
    outer loop
      vertex 139.931 35.7718 3.5
      vertex 140.354 35.6876 11
      vertex 139.931 35.7718 11
    endloop
  endfacet
  facet normal -0.195224 -0.980759 -0
    outer loop
      vertex 140.354 35.6876 11
      vertex 139.931 35.7718 3.5
      vertex 140.354 35.6876 3.5
    endloop
  endfacet
  facet normal -0.442387 0.896824 0
    outer loop
      vertex 141.15 29.6421 3.5
      vertex 140.763 29.4512 11
      vertex 141.15 29.6421 11
    endloop
  endfacet
  facet normal -0.442387 0.896824 0
    outer loop
      vertex 140.763 29.4512 11
      vertex 141.15 29.6421 3.5
      vertex 140.763 29.4512 3.5
    endloop
  endfacet
  facet normal -0.997893 0.0648735 0
    outer loop
      vertex 142.772 32.0693 3.5
      vertex 142.8 32.5 11
      vertex 142.8 32.5 3.5
    endloop
  endfacet
  facet normal -0.997893 0.0648735 0
    outer loop
      vertex 142.8 32.5 11
      vertex 142.772 32.0693 3.5
      vertex 142.772 32.0693 11
    endloop
  endfacet
  facet normal -0.321363 0.946956 0
    outer loop
      vertex 140.763 29.4512 3.5
      vertex 140.354 29.3124 11
      vertex 140.763 29.4512 11
    endloop
  endfacet
  facet normal -0.321363 0.946956 0
    outer loop
      vertex 140.354 29.3124 11
      vertex 140.763 29.4512 3.5
      vertex 140.354 29.3124 3.5
    endloop
  endfacet
  facet normal -0.555448 -0.831551 0
    outer loop
      vertex 141.15 35.3579 3.5
      vertex 141.509 35.1181 11
      vertex 141.15 35.3579 11
    endloop
  endfacet
  facet normal -0.555448 -0.831551 -0
    outer loop
      vertex 141.509 35.1181 11
      vertex 141.15 35.3579 3.5
      vertex 141.509 35.1181 3.5
    endloop
  endfacet
  facet normal -0.831266 -0.555876 0
    outer loop
      vertex 142.358 34.15 3.5
      vertex 142.118 34.5089 11
      vertex 142.118 34.5089 3.5
    endloop
  endfacet
  facet normal -0.831266 -0.555876 0
    outer loop
      vertex 142.118 34.5089 11
      vertex 142.358 34.15 3.5
      vertex 142.358 34.15 11
    endloop
  endfacet
  facet normal 0.195224 -0.980759 0
    outer loop
      vertex 138.646 35.6876 3.5
      vertex 139.069 35.7718 11
      vertex 138.646 35.6876 11
    endloop
  endfacet
  facet normal 0.195224 -0.980759 0
    outer loop
      vertex 139.069 35.7718 11
      vertex 138.646 35.6876 3.5
      vertex 139.069 35.7718 3.5
    endloop
  endfacet
  facet normal -0.751457 0.659782 0
    outer loop
      vertex 141.833 30.1665 3.5
      vertex 142.118 30.4911 11
      vertex 142.118 30.4911 3.5
    endloop
  endfacet
  facet normal -0.751457 0.659782 0
    outer loop
      vertex 142.118 30.4911 11
      vertex 141.833 30.1665 3.5
      vertex 141.833 30.1665 11
    endloop
  endfacet
  facet normal -0.0652896 0.997866 0
    outer loop
      vertex 139.931 29.2282 3.5
      vertex 139.5 29.2 11
      vertex 139.931 29.2282 11
    endloop
  endfacet
  facet normal -0.0652896 0.997866 0
    outer loop
      vertex 139.5 29.2 11
      vertex 139.931 29.2282 3.5
      vertex 139.5 29.2 3.5
    endloop
  endfacet
  facet normal -0.946767 0.321919 0
    outer loop
      vertex 142.549 31.2371 3.5
      vertex 142.688 31.6459 11
      vertex 142.688 31.6459 3.5
    endloop
  endfacet
  facet normal -0.946767 0.321919 0
    outer loop
      vertex 142.688 31.6459 11
      vertex 142.549 31.2371 3.5
      vertex 142.549 31.2371 11
    endloop
  endfacet
  facet normal 0.751457 0.659782 0
    outer loop
      vertex 137.167 30.1665 11
      vertex 136.882 30.4911 3.5
      vertex 136.882 30.4911 11
    endloop
  endfacet
  facet normal 0.751457 0.659782 0
    outer loop
      vertex 136.882 30.4911 3.5
      vertex 137.167 30.1665 11
      vertex 137.167 30.1665 3.5
    endloop
  endfacet
  facet normal 0.321363 -0.946956 0
    outer loop
      vertex 138.237 35.5488 3.5
      vertex 138.646 35.6876 11
      vertex 138.237 35.5488 11
    endloop
  endfacet
  facet normal 0.321363 -0.946956 0
    outer loop
      vertex 138.646 35.6876 11
      vertex 138.237 35.5488 3.5
      vertex 138.646 35.6876 3.5
    endloop
  endfacet
  facet normal 0.659948 -0.751311 0
    outer loop
      vertex 137.167 34.8335 3.5
      vertex 137.491 35.1181 11
      vertex 137.167 34.8335 11
    endloop
  endfacet
  facet normal 0.659948 -0.751311 0
    outer loop
      vertex 137.491 35.1181 11
      vertex 137.167 34.8335 3.5
      vertex 137.491 35.1181 3.5
    endloop
  endfacet
  facet normal 0.195224 0.980759 -0
    outer loop
      vertex 139.069 29.2282 3.5
      vertex 138.646 29.3124 11
      vertex 139.069 29.2282 11
    endloop
  endfacet
  facet normal 0.195224 0.980759 0
    outer loop
      vertex 138.646 29.3124 11
      vertex 139.069 29.2282 3.5
      vertex 138.646 29.3124 3.5
    endloop
  endfacet
  facet normal -0.751457 -0.659782 0
    outer loop
      vertex 142.118 34.5089 3.5
      vertex 141.833 34.8335 11
      vertex 141.833 34.8335 3.5
    endloop
  endfacet
  facet normal -0.751457 -0.659782 0
    outer loop
      vertex 141.833 34.8335 11
      vertex 142.118 34.5089 3.5
      vertex 142.118 34.5089 11
    endloop
  endfacet
  facet normal 0.442387 0.896824 -0
    outer loop
      vertex 138.237 29.4512 3.5
      vertex 137.85 29.6421 11
      vertex 138.237 29.4512 11
    endloop
  endfacet
  facet normal 0.442387 0.896824 0
    outer loop
      vertex 137.85 29.6421 11
      vertex 138.237 29.4512 3.5
      vertex 137.85 29.6421 3.5
    endloop
  endfacet
  facet normal -0.195224 0.980759 0
    outer loop
      vertex 140.354 29.3124 3.5
      vertex 139.931 29.2282 11
      vertex 140.354 29.3124 11
    endloop
  endfacet
  facet normal -0.195224 0.980759 0
    outer loop
      vertex 139.931 29.2282 11
      vertex 140.354 29.3124 3.5
      vertex 139.931 29.2282 3.5
    endloop
  endfacet
  facet normal 0.321363 0.946956 -0
    outer loop
      vertex 138.646 29.3124 3.5
      vertex 138.237 29.4512 11
      vertex 138.646 29.3124 11
    endloop
  endfacet
  facet normal 0.321363 0.946956 0
    outer loop
      vertex 138.237 29.4512 11
      vertex 138.646 29.3124 3.5
      vertex 138.237 29.4512 3.5
    endloop
  endfacet
  facet normal -0.659948 0.751311 0
    outer loop
      vertex 141.833 30.1665 3.5
      vertex 141.509 29.8819 11
      vertex 141.833 30.1665 11
    endloop
  endfacet
  facet normal -0.659948 0.751311 0
    outer loop
      vertex 141.509 29.8819 11
      vertex 141.833 30.1665 3.5
      vertex 141.509 29.8819 3.5
    endloop
  endfacet
  facet normal 0.555448 0.831551 -0
    outer loop
      vertex 137.85 29.6421 3.5
      vertex 137.491 29.8819 11
      vertex 137.85 29.6421 11
    endloop
  endfacet
  facet normal 0.555448 0.831551 0
    outer loop
      vertex 137.491 29.8819 11
      vertex 137.85 29.6421 3.5
      vertex 137.491 29.8819 3.5
    endloop
  endfacet
  facet normal 0.946767 0.321919 0
    outer loop
      vertex 136.451 31.2371 11
      vertex 136.312 31.6459 3.5
      vertex 136.312 31.6459 11
    endloop
  endfacet
  facet normal 0.946767 0.321919 0
    outer loop
      vertex 136.312 31.6459 3.5
      vertex 136.451 31.2371 11
      vertex 136.451 31.2371 3.5
    endloop
  endfacet
  facet normal -0.555448 0.831551 0
    outer loop
      vertex 141.509 29.8819 3.5
      vertex 141.15 29.6421 11
      vertex 141.509 29.8819 11
    endloop
  endfacet
  facet normal -0.555448 0.831551 0
    outer loop
      vertex 141.15 29.6421 11
      vertex 141.509 29.8819 3.5
      vertex 141.15 29.6421 3.5
    endloop
  endfacet
  facet normal 0.980882 -0.194601 0
    outer loop
      vertex 136.228 32.9307 11
      vertex 136.312 33.3541 3.5
      vertex 136.312 33.3541 11
    endloop
  endfacet
  facet normal 0.980882 -0.194601 0
    outer loop
      vertex 136.312 33.3541 3.5
      vertex 136.228 32.9307 11
      vertex 136.228 32.9307 3.5
    endloop
  endfacet
  facet normal 0.980882 0.194601 0
    outer loop
      vertex 136.312 31.6459 11
      vertex 136.228 32.0693 3.5
      vertex 136.228 32.0693 11
    endloop
  endfacet
  facet normal 0.980882 0.194601 0
    outer loop
      vertex 136.228 32.0693 3.5
      vertex 136.312 31.6459 11
      vertex 136.312 31.6459 3.5
    endloop
  endfacet
  facet normal -0.0652896 -0.997866 0
    outer loop
      vertex 139.5 35.8 3.5
      vertex 139.931 35.7718 11
      vertex 139.5 35.8 11
    endloop
  endfacet
  facet normal -0.0652896 -0.997866 -0
    outer loop
      vertex 139.931 35.7718 11
      vertex 139.5 35.8 3.5
      vertex 139.931 35.7718 3.5
    endloop
  endfacet
  facet normal 0.997893 0.0648735 0
    outer loop
      vertex 136.228 32.0693 11
      vertex 136.2 32.5 3.5
      vertex 136.2 32.5 11
    endloop
  endfacet
  facet normal 0.997893 0.0648735 0
    outer loop
      vertex 136.2 32.5 3.5
      vertex 136.228 32.0693 11
      vertex 136.228 32.0693 3.5
    endloop
  endfacet
  facet normal 0.0652896 -0.997866 0
    outer loop
      vertex 139.069 35.7718 3.5
      vertex 139.5 35.8 11
      vertex 139.069 35.7718 11
    endloop
  endfacet
  facet normal 0.0652896 -0.997866 0
    outer loop
      vertex 139.5 35.8 11
      vertex 139.069 35.7718 3.5
      vertex 139.5 35.8 3.5
    endloop
  endfacet
  facet normal 0.831266 0.555876 0
    outer loop
      vertex 136.882 30.4911 11
      vertex 136.642 30.85 3.5
      vertex 136.642 30.85 11
    endloop
  endfacet
  facet normal 0.831266 0.555876 0
    outer loop
      vertex 136.642 30.85 3.5
      vertex 136.882 30.4911 11
      vertex 136.882 30.4911 3.5
    endloop
  endfacet
  facet normal 0.0652896 0.997866 -0
    outer loop
      vertex 139.5 29.2 3.5
      vertex 139.069 29.2282 11
      vertex 139.5 29.2 11
    endloop
  endfacet
  facet normal 0.0652896 0.997866 0
    outer loop
      vertex 139.069 29.2282 11
      vertex 139.5 29.2 3.5
      vertex 139.069 29.2282 3.5
    endloop
  endfacet
  facet normal 0.831266 -0.555876 0
    outer loop
      vertex 136.642 34.15 11
      vertex 136.882 34.5089 3.5
      vertex 136.882 34.5089 11
    endloop
  endfacet
  facet normal 0.831266 -0.555876 0
    outer loop
      vertex 136.882 34.5089 3.5
      vertex 136.642 34.15 11
      vertex 136.642 34.15 3.5
    endloop
  endfacet
  facet normal 0.946833 0.321726 0
    outer loop
      vertex 134.188 30.2996 3.5
      vertex 133.946 31.0118 0
      vertex 133.946 31.0118 3.5
    endloop
  endfacet
  facet normal 0.946833 0.321726 0
    outer loop
      vertex 133.946 31.0118 0
      vertex 134.188 30.2996 3.5
      vertex 134.188 30.2996 0
    endloop
  endfacet
  facet normal -0.19522 0.980759 0
    outer loop
      vertex 140.988 26.9459 0
      vertex 140.251 26.7992 3.5
      vertex 140.988 26.9459 3.5
    endloop
  endfacet
  facet normal -0.19522 0.980759 0
    outer loop
      vertex 140.251 26.7992 3.5
      vertex 140.988 26.9459 0
      vertex 140.251 26.7992 0
    endloop
  endfacet
  facet normal -0.980718 -0.195426 0
    outer loop
      vertex 145.201 33.2505 0
      vertex 145.054 33.9882 3.5
      vertex 145.054 33.9882 0
    endloop
  endfacet
  facet normal -0.980718 -0.195426 0
    outer loop
      vertex 145.054 33.9882 3.5
      vertex 145.201 33.2505 0
      vertex 145.201 33.2505 3.5
    endloop
  endfacet
  facet normal -0.997875 -0.0651511 0
    outer loop
      vertex 145.25 32.5 0
      vertex 145.201 33.2505 3.5
      vertex 145.201 33.2505 0
    endloop
  endfacet
  facet normal -0.997875 -0.0651511 0
    outer loop
      vertex 145.201 33.2505 3.5
      vertex 145.25 32.5 0
      vertex 145.25 32.5 3.5
    endloop
  endfacet
  facet normal 0.442104 -0.896964 0
    outer loop
      vertex 136.625 37.4796 0
      vertex 137.3 37.8123 3.5
      vertex 136.625 37.4796 3.5
    endloop
  endfacet
  facet normal 0.442104 -0.896964 0
    outer loop
      vertex 137.3 37.8123 3.5
      vertex 136.625 37.4796 0
      vertex 137.3 37.8123 0
    endloop
  endfacet
  facet normal -0.897229 0.441565 0
    outer loop
      vertex 144.48 29.625 0
      vertex 144.812 30.2996 3.5
      vertex 144.812 30.2996 0
    endloop
  endfacet
  facet normal -0.897229 0.441565 0
    outer loop
      vertex 144.812 30.2996 3.5
      vertex 144.48 29.625 0
      vertex 144.48 29.625 3.5
    endloop
  endfacet
  facet normal -0.997875 0.0651511 0
    outer loop
      vertex 145.201 31.7495 0
      vertex 145.25 32.5 3.5
      vertex 145.25 32.5 0
    endloop
  endfacet
  facet normal -0.997875 0.0651511 0
    outer loop
      vertex 145.25 32.5 3.5
      vertex 145.201 31.7495 0
      vertex 145.201 31.7495 3.5
    endloop
  endfacet
  facet normal -0.658994 -0.752148 0
    outer loop
      vertex 143 37.0618 0
      vertex 143.566 36.5659 3.5
      vertex 143 37.0618 3.5
    endloop
  endfacet
  facet normal -0.658994 -0.752148 -0
    outer loop
      vertex 143.566 36.5659 3.5
      vertex 143 37.0618 0
      vertex 143.566 36.5659 0
    endloop
  endfacet
  facet normal 0.658994 -0.752148 0
    outer loop
      vertex 135.434 36.5659 0
      vertex 136 37.0618 3.5
      vertex 135.434 36.5659 3.5
    endloop
  endfacet
  facet normal 0.658994 -0.752148 0
    outer loop
      vertex 136 37.0618 3.5
      vertex 135.434 36.5659 0
      vertex 136 37.0618 0
    endloop
  endfacet
  facet normal -0.0653725 -0.997861 0
    outer loop
      vertex 139.5 38.25 0
      vertex 140.251 38.2008 3.5
      vertex 139.5 38.25 3.5
    endloop
  endfacet
  facet normal -0.0653725 -0.997861 -0
    outer loop
      vertex 140.251 38.2008 3.5
      vertex 139.5 38.25 0
      vertex 140.251 38.2008 0
    endloop
  endfacet
  facet normal 0.997875 -0.0651511 0
    outer loop
      vertex 133.75 32.5 3.5
      vertex 133.799 33.2505 0
      vertex 133.799 33.2505 3.5
    endloop
  endfacet
  facet normal 0.997875 -0.0651511 0
    outer loop
      vertex 133.799 33.2505 0
      vertex 133.75 32.5 3.5
      vertex 133.75 32.5 0
    endloop
  endfacet
  facet normal 0.751794 0.659398 0
    outer loop
      vertex 135.434 28.4341 3.5
      vertex 134.938 28.9996 0
      vertex 134.938 28.9996 3.5
    endloop
  endfacet
  facet normal 0.751794 0.659398 0
    outer loop
      vertex 134.938 28.9996 0
      vertex 135.434 28.4341 3.5
      vertex 135.434 28.4341 0
    endloop
  endfacet
  facet normal 0.980718 0.195426 0
    outer loop
      vertex 133.946 31.0118 3.5
      vertex 133.799 31.7495 0
      vertex 133.799 31.7495 3.5
    endloop
  endfacet
  facet normal 0.980718 0.195426 0
    outer loop
      vertex 133.799 31.7495 0
      vertex 133.946 31.0118 3.5
      vertex 133.946 31.0118 0
    endloop
  endfacet
  facet normal -0.831395 0.555682 0
    outer loop
      vertex 144.062 28.9996 0
      vertex 144.48 29.625 3.5
      vertex 144.48 29.625 0
    endloop
  endfacet
  facet normal -0.831395 0.555682 0
    outer loop
      vertex 144.48 29.625 3.5
      vertex 144.062 28.9996 0
      vertex 144.062 28.9996 3.5
    endloop
  endfacet
  facet normal 0.897229 -0.441565 0
    outer loop
      vertex 134.188 34.7004 3.5
      vertex 134.52 35.375 0
      vertex 134.52 35.375 3.5
    endloop
  endfacet
  facet normal 0.897229 -0.441565 0
    outer loop
      vertex 134.52 35.375 0
      vertex 134.188 34.7004 3.5
      vertex 134.188 34.7004 0
    endloop
  endfacet
  facet normal 0.831395 -0.555682 0
    outer loop
      vertex 134.52 35.375 3.5
      vertex 134.938 36.0004 0
      vertex 134.938 36.0004 3.5
    endloop
  endfacet
  facet normal 0.831395 -0.555682 0
    outer loop
      vertex 134.938 36.0004 0
      vertex 134.52 35.375 3.5
      vertex 134.52 35.375 0
    endloop
  endfacet
  facet normal 0.0653725 -0.997861 0
    outer loop
      vertex 138.749 38.2008 0
      vertex 139.5 38.25 3.5
      vertex 138.749 38.2008 3.5
    endloop
  endfacet
  facet normal 0.0653725 -0.997861 0
    outer loop
      vertex 139.5 38.25 3.5
      vertex 138.749 38.2008 0
      vertex 139.5 38.25 0
    endloop
  endfacet
  facet normal 0.321569 -0.946886 0
    outer loop
      vertex 137.3 37.8123 0
      vertex 138.012 38.0541 3.5
      vertex 137.3 37.8123 3.5
    endloop
  endfacet
  facet normal 0.321569 -0.946886 0
    outer loop
      vertex 138.012 38.0541 3.5
      vertex 137.3 37.8123 0
      vertex 138.012 38.0541 0
    endloop
  endfacet
  facet normal 0.321569 0.946886 -0
    outer loop
      vertex 138.012 26.9459 0
      vertex 137.3 27.1877 3.5
      vertex 138.012 26.9459 3.5
    endloop
  endfacet
  facet normal 0.321569 0.946886 0
    outer loop
      vertex 137.3 27.1877 3.5
      vertex 138.012 26.9459 0
      vertex 137.3 27.1877 0
    endloop
  endfacet
  facet normal -0.442104 -0.896964 0
    outer loop
      vertex 141.7 37.8123 0
      vertex 142.375 37.4796 3.5
      vertex 141.7 37.8123 3.5
    endloop
  endfacet
  facet normal -0.442104 -0.896964 -0
    outer loop
      vertex 142.375 37.4796 3.5
      vertex 141.7 37.8123 0
      vertex 142.375 37.4796 0
    endloop
  endfacet
  facet normal -0.0653725 0.997861 0
    outer loop
      vertex 140.251 26.7992 0
      vertex 139.5 26.75 3.5
      vertex 140.251 26.7992 3.5
    endloop
  endfacet
  facet normal -0.0653725 0.997861 0
    outer loop
      vertex 139.5 26.75 3.5
      vertex 140.251 26.7992 0
      vertex 139.5 26.75 0
    endloop
  endfacet
  facet normal -0.555743 0.831354 0
    outer loop
      vertex 143 27.9382 0
      vertex 142.375 27.5204 3.5
      vertex 143 27.9382 3.5
    endloop
  endfacet
  facet normal -0.555743 0.831354 0
    outer loop
      vertex 142.375 27.5204 3.5
      vertex 143 27.9382 0
      vertex 142.375 27.5204 0
    endloop
  endfacet
  facet normal -0.980718 0.195426 0
    outer loop
      vertex 145.054 31.0118 0
      vertex 145.201 31.7495 3.5
      vertex 145.201 31.7495 0
    endloop
  endfacet
  facet normal -0.980718 0.195426 0
    outer loop
      vertex 145.201 31.7495 3.5
      vertex 145.054 31.0118 0
      vertex 145.054 31.0118 3.5
    endloop
  endfacet
  facet normal 0.751794 -0.659398 0
    outer loop
      vertex 134.938 36.0004 3.5
      vertex 135.434 36.5659 0
      vertex 135.434 36.5659 3.5
    endloop
  endfacet
  facet normal 0.751794 -0.659398 0
    outer loop
      vertex 135.434 36.5659 0
      vertex 134.938 36.0004 3.5
      vertex 134.938 36.0004 0
    endloop
  endfacet
  facet normal 0.980718 -0.195426 0
    outer loop
      vertex 133.799 33.2505 3.5
      vertex 133.946 33.9882 0
      vertex 133.946 33.9882 3.5
    endloop
  endfacet
  facet normal 0.980718 -0.195426 0
    outer loop
      vertex 133.946 33.9882 0
      vertex 133.799 33.2505 3.5
      vertex 133.799 33.2505 0
    endloop
  endfacet
  facet normal -0.831395 -0.555682 0
    outer loop
      vertex 144.48 35.375 0
      vertex 144.062 36.0004 3.5
      vertex 144.062 36.0004 0
    endloop
  endfacet
  facet normal -0.831395 -0.555682 0
    outer loop
      vertex 144.062 36.0004 3.5
      vertex 144.48 35.375 0
      vertex 144.48 35.375 3.5
    endloop
  endfacet
  facet normal -0.555743 -0.831354 0
    outer loop
      vertex 142.375 37.4796 0
      vertex 143 37.0618 3.5
      vertex 142.375 37.4796 3.5
    endloop
  endfacet
  facet normal -0.555743 -0.831354 -0
    outer loop
      vertex 143 37.0618 3.5
      vertex 142.375 37.4796 0
      vertex 143 37.0618 0
    endloop
  endfacet
  facet normal 0.997875 0.0651511 0
    outer loop
      vertex 133.799 31.7495 3.5
      vertex 133.75 32.5 0
      vertex 133.75 32.5 3.5
    endloop
  endfacet
  facet normal 0.997875 0.0651511 0
    outer loop
      vertex 133.75 32.5 0
      vertex 133.799 31.7495 3.5
      vertex 133.799 31.7495 0
    endloop
  endfacet
  facet normal -0.321569 -0.946886 0
    outer loop
      vertex 140.988 38.0541 0
      vertex 141.7 37.8123 3.5
      vertex 140.988 38.0541 3.5
    endloop
  endfacet
  facet normal -0.321569 -0.946886 -0
    outer loop
      vertex 141.7 37.8123 3.5
      vertex 140.988 38.0541 0
      vertex 141.7 37.8123 0
    endloop
  endfacet
  facet normal -0.658994 0.752148 0
    outer loop
      vertex 143.566 28.4341 0
      vertex 143 27.9382 3.5
      vertex 143.566 28.4341 3.5
    endloop
  endfacet
  facet normal -0.658994 0.752148 0
    outer loop
      vertex 143 27.9382 3.5
      vertex 143.566 28.4341 0
      vertex 143 27.9382 0
    endloop
  endfacet
  facet normal 0.19522 -0.980759 0
    outer loop
      vertex 138.012 38.0541 0
      vertex 138.749 38.2008 3.5
      vertex 138.012 38.0541 3.5
    endloop
  endfacet
  facet normal 0.19522 -0.980759 0
    outer loop
      vertex 138.749 38.2008 3.5
      vertex 138.012 38.0541 0
      vertex 138.749 38.2008 0
    endloop
  endfacet
  facet normal -0.897229 -0.441565 0
    outer loop
      vertex 144.812 34.7004 0
      vertex 144.48 35.375 3.5
      vertex 144.48 35.375 0
    endloop
  endfacet
  facet normal -0.897229 -0.441565 0
    outer loop
      vertex 144.48 35.375 3.5
      vertex 144.812 34.7004 0
      vertex 144.812 34.7004 3.5
    endloop
  endfacet
  facet normal -0.946833 0.321726 0
    outer loop
      vertex 144.812 30.2996 0
      vertex 145.054 31.0118 3.5
      vertex 145.054 31.0118 0
    endloop
  endfacet
  facet normal -0.946833 0.321726 0
    outer loop
      vertex 145.054 31.0118 3.5
      vertex 144.812 30.2996 0
      vertex 144.812 30.2996 3.5
    endloop
  endfacet
  facet normal 0.555743 0.831354 -0
    outer loop
      vertex 136.625 27.5204 0
      vertex 136 27.9382 3.5
      vertex 136.625 27.5204 3.5
    endloop
  endfacet
  facet normal 0.555743 0.831354 0
    outer loop
      vertex 136 27.9382 3.5
      vertex 136.625 27.5204 0
      vertex 136 27.9382 0
    endloop
  endfacet
  facet normal 0.658994 0.752148 -0
    outer loop
      vertex 136 27.9382 0
      vertex 135.434 28.4341 3.5
      vertex 136 27.9382 3.5
    endloop
  endfacet
  facet normal 0.658994 0.752148 0
    outer loop
      vertex 135.434 28.4341 3.5
      vertex 136 27.9382 0
      vertex 135.434 28.4341 0
    endloop
  endfacet
  facet normal -0.751794 0.659398 0
    outer loop
      vertex 143.566 28.4341 0
      vertex 144.062 28.9996 3.5
      vertex 144.062 28.9996 0
    endloop
  endfacet
  facet normal -0.751794 0.659398 0
    outer loop
      vertex 144.062 28.9996 3.5
      vertex 143.566 28.4341 0
      vertex 143.566 28.4341 3.5
    endloop
  endfacet
  facet normal 0.897229 0.441565 0
    outer loop
      vertex 134.52 29.625 3.5
      vertex 134.188 30.2996 0
      vertex 134.188 30.2996 3.5
    endloop
  endfacet
  facet normal 0.897229 0.441565 0
    outer loop
      vertex 134.188 30.2996 0
      vertex 134.52 29.625 3.5
      vertex 134.52 29.625 0
    endloop
  endfacet
  facet normal 0.0653725 0.997861 -0
    outer loop
      vertex 139.5 26.75 0
      vertex 138.749 26.7992 3.5
      vertex 139.5 26.75 3.5
    endloop
  endfacet
  facet normal 0.0653725 0.997861 0
    outer loop
      vertex 138.749 26.7992 3.5
      vertex 139.5 26.75 0
      vertex 138.749 26.7992 0
    endloop
  endfacet
  facet normal -0.751794 -0.659398 0
    outer loop
      vertex 144.062 36.0004 0
      vertex 143.566 36.5659 3.5
      vertex 143.566 36.5659 0
    endloop
  endfacet
  facet normal -0.751794 -0.659398 0
    outer loop
      vertex 143.566 36.5659 3.5
      vertex 144.062 36.0004 0
      vertex 144.062 36.0004 3.5
    endloop
  endfacet
  facet normal 0.555743 -0.831354 0
    outer loop
      vertex 136 37.0618 0
      vertex 136.625 37.4796 3.5
      vertex 136 37.0618 3.5
    endloop
  endfacet
  facet normal 0.555743 -0.831354 0
    outer loop
      vertex 136.625 37.4796 3.5
      vertex 136 37.0618 0
      vertex 136.625 37.4796 0
    endloop
  endfacet
  facet normal -0.946833 -0.321726 0
    outer loop
      vertex 145.054 33.9882 0
      vertex 144.812 34.7004 3.5
      vertex 144.812 34.7004 0
    endloop
  endfacet
  facet normal -0.946833 -0.321726 0
    outer loop
      vertex 144.812 34.7004 3.5
      vertex 145.054 33.9882 0
      vertex 145.054 33.9882 3.5
    endloop
  endfacet
  facet normal -0.321569 0.946886 0
    outer loop
      vertex 141.7 27.1877 0
      vertex 140.988 26.9459 3.5
      vertex 141.7 27.1877 3.5
    endloop
  endfacet
  facet normal -0.321569 0.946886 0
    outer loop
      vertex 140.988 26.9459 3.5
      vertex 141.7 27.1877 0
      vertex 140.988 26.9459 0
    endloop
  endfacet
  facet normal -0.442104 0.896964 0
    outer loop
      vertex 142.375 27.5204 0
      vertex 141.7 27.1877 3.5
      vertex 142.375 27.5204 3.5
    endloop
  endfacet
  facet normal -0.442104 0.896964 0
    outer loop
      vertex 141.7 27.1877 3.5
      vertex 142.375 27.5204 0
      vertex 141.7 27.1877 0
    endloop
  endfacet
  facet normal 0 0 -1
    outer loop
      vertex 142.8 32.5 3.5
      vertex 145.25 32.5 3.5
      vertex 145.201 31.7495 3.5
    endloop
  endfacet
  facet normal 0 0 -1
    outer loop
      vertex 142.772 32.0693 3.5
      vertex 145.201 31.7495 3.5
      vertex 145.054 31.0118 3.5
    endloop
  endfacet
  facet normal 0 0 -1
    outer loop
      vertex 145.25 32.5 3.5
      vertex 142.8 32.5 3.5
      vertex 145.201 33.2505 3.5
    endloop
  endfacet
  facet normal 0 0 -1
    outer loop
      vertex 142.688 31.6459 3.5
      vertex 145.054 31.0118 3.5
      vertex 144.812 30.2996 3.5
    endloop
  endfacet
  facet normal 0 0 -1
    outer loop
      vertex 142.772 32.9307 3.5
      vertex 145.201 33.2505 3.5
      vertex 142.8 32.5 3.5
    endloop
  endfacet
  facet normal 0 0 -1
    outer loop
      vertex 142.549 31.2371 3.5
      vertex 144.812 30.2996 3.5
      vertex 144.48 29.625 3.5
    endloop
  endfacet
  facet normal -0 0 -1
    outer loop
      vertex 145.201 33.2505 3.5
      vertex 142.772 32.9307 3.5
      vertex 145.054 33.9882 3.5
    endloop
  endfacet
  facet normal 0 0 -1
    outer loop
      vertex 142.358 30.85 3.5
      vertex 144.48 29.625 3.5
      vertex 144.062 28.9996 3.5
    endloop
  endfacet
  facet normal 0 0 -1
    outer loop
      vertex 142.688 33.3541 3.5
      vertex 145.054 33.9882 3.5
      vertex 142.772 32.9307 3.5
    endloop
  endfacet
  facet normal 0 0 -1
    outer loop
      vertex 142.118 30.4911 3.5
      vertex 144.062 28.9996 3.5
      vertex 143.566 28.4341 3.5
    endloop
  endfacet
  facet normal -0 0 -1
    outer loop
      vertex 145.054 33.9882 3.5
      vertex 142.688 33.3541 3.5
      vertex 144.812 34.7004 3.5
    endloop
  endfacet
  facet normal 0 0 -1
    outer loop
      vertex 141.833 30.1665 3.5
      vertex 143.566 28.4341 3.5
      vertex 143 27.9382 3.5
    endloop
  endfacet
  facet normal 0 0 -1
    outer loop
      vertex 142.549 33.7629 3.5
      vertex 144.812 34.7004 3.5
      vertex 142.688 33.3541 3.5
    endloop
  endfacet
  facet normal -0 0 -1
    outer loop
      vertex 144.812 34.7004 3.5
      vertex 142.549 33.7629 3.5
      vertex 144.48 35.375 3.5
    endloop
  endfacet
  facet normal 0 0 -1
    outer loop
      vertex 145.201 31.7495 3.5
      vertex 142.772 32.0693 3.5
      vertex 142.8 32.5 3.5
    endloop
  endfacet
  facet normal 0 0 -1
    outer loop
      vertex 145.054 31.0118 3.5
      vertex 142.688 31.6459 3.5
      vertex 142.772 32.0693 3.5
    endloop
  endfacet
  facet normal 0 0 -1
    outer loop
      vertex 144.812 30.2996 3.5
      vertex 142.549 31.2371 3.5
      vertex 142.688 31.6459 3.5
    endloop
  endfacet
  facet normal 0 0 -1
    outer loop
      vertex 141.509 29.8819 3.5
      vertex 143 27.9382 3.5
      vertex 142.375 27.5204 3.5
    endloop
  endfacet
  facet normal 0 0 -1
    outer loop
      vertex 144.48 29.625 3.5
      vertex 142.358 30.85 3.5
      vertex 142.549 31.2371 3.5
    endloop
  endfacet
  facet normal 0 0 -1
    outer loop
      vertex 144.062 28.9996 3.5
      vertex 142.118 30.4911 3.5
      vertex 142.358 30.85 3.5
    endloop
  endfacet
  facet normal 0 0 -1
    outer loop
      vertex 143.566 28.4341 3.5
      vertex 141.833 30.1665 3.5
      vertex 142.118 30.4911 3.5
    endloop
  endfacet
  facet normal 0 0 -1
    outer loop
      vertex 141.15 29.6421 3.5
      vertex 142.375 27.5204 3.5
      vertex 141.7 27.1877 3.5
    endloop
  endfacet
  facet normal 0 0 -1
    outer loop
      vertex 143 27.9382 3.5
      vertex 141.509 29.8819 3.5
      vertex 141.833 30.1665 3.5
    endloop
  endfacet
  facet normal 0 0 -1
    outer loop
      vertex 142.375 27.5204 3.5
      vertex 141.15 29.6421 3.5
      vertex 141.509 29.8819 3.5
    endloop
  endfacet
  facet normal 0 0 -1
    outer loop
      vertex 140.763 29.4512 3.5
      vertex 141.7 27.1877 3.5
      vertex 140.988 26.9459 3.5
    endloop
  endfacet
  facet normal 0 0 -1
    outer loop
      vertex 141.7 27.1877 3.5
      vertex 140.763 29.4512 3.5
      vertex 141.15 29.6421 3.5
    endloop
  endfacet
  facet normal 0 0 -1
    outer loop
      vertex 140.988 26.9459 3.5
      vertex 140.354 29.3124 3.5
      vertex 140.763 29.4512 3.5
    endloop
  endfacet
  facet normal 0 0 -1
    outer loop
      vertex 140.251 26.7992 3.5
      vertex 140.354 29.3124 3.5
      vertex 140.988 26.9459 3.5
    endloop
  endfacet
  facet normal 0 0 -1
    outer loop
      vertex 140.251 26.7992 3.5
      vertex 139.931 29.2282 3.5
      vertex 140.354 29.3124 3.5
    endloop
  endfacet
  facet normal 0 0 -1
    outer loop
      vertex 139.5 26.75 3.5
      vertex 139.931 29.2282 3.5
      vertex 140.251 26.7992 3.5
    endloop
  endfacet
  facet normal 0 0 -1
    outer loop
      vertex 139.5 26.75 3.5
      vertex 139.5 29.2 3.5
      vertex 139.931 29.2282 3.5
    endloop
  endfacet
  facet normal 0 0 -1
    outer loop
      vertex 139.5 26.75 3.5
      vertex 139.069 29.2282 3.5
      vertex 139.5 29.2 3.5
    endloop
  endfacet
  facet normal 0 0 -1
    outer loop
      vertex 138.749 26.7992 3.5
      vertex 139.069 29.2282 3.5
      vertex 139.5 26.75 3.5
    endloop
  endfacet
  facet normal 0 0 -1
    outer loop
      vertex 138.749 26.7992 3.5
      vertex 138.646 29.3124 3.5
      vertex 139.069 29.2282 3.5
    endloop
  endfacet
  facet normal 0 0 -1
    outer loop
      vertex 138.012 26.9459 3.5
      vertex 138.646 29.3124 3.5
      vertex 138.749 26.7992 3.5
    endloop
  endfacet
  facet normal -0 0 -1
    outer loop
      vertex 138.646 29.3124 3.5
      vertex 138.012 26.9459 3.5
      vertex 138.237 29.4512 3.5
    endloop
  endfacet
  facet normal 0 0 -1
    outer loop
      vertex 137.3 27.1877 3.5
      vertex 138.237 29.4512 3.5
      vertex 138.012 26.9459 3.5
    endloop
  endfacet
  facet normal -0 0 -1
    outer loop
      vertex 138.237 29.4512 3.5
      vertex 137.3 27.1877 3.5
      vertex 137.85 29.6421 3.5
    endloop
  endfacet
  facet normal 0 0 -1
    outer loop
      vertex 136.625 27.5204 3.5
      vertex 137.85 29.6421 3.5
      vertex 137.3 27.1877 3.5
    endloop
  endfacet
  facet normal -0 0 -1
    outer loop
      vertex 137.85 29.6421 3.5
      vertex 136.625 27.5204 3.5
      vertex 137.491 29.8819 3.5
    endloop
  endfacet
  facet normal 0 0 -1
    outer loop
      vertex 136 27.9382 3.5
      vertex 137.491 29.8819 3.5
      vertex 136.625 27.5204 3.5
    endloop
  endfacet
  facet normal -0 0 -1
    outer loop
      vertex 137.491 29.8819 3.5
      vertex 136 27.9382 3.5
      vertex 137.167 30.1665 3.5
    endloop
  endfacet
  facet normal 0 0 -1
    outer loop
      vertex 135.434 28.4341 3.5
      vertex 137.167 30.1665 3.5
      vertex 136 27.9382 3.5
    endloop
  endfacet
  facet normal -0 0 -1
    outer loop
      vertex 137.167 30.1665 3.5
      vertex 135.434 28.4341 3.5
      vertex 136.882 30.4911 3.5
    endloop
  endfacet
  facet normal 0 0 -1
    outer loop
      vertex 134.938 28.9996 3.5
      vertex 136.882 30.4911 3.5
      vertex 135.434 28.4341 3.5
    endloop
  endfacet
  facet normal -0 0 -1
    outer loop
      vertex 136.882 30.4911 3.5
      vertex 134.938 28.9996 3.5
      vertex 136.642 30.85 3.5
    endloop
  endfacet
  facet normal -0 0 -1
    outer loop
      vertex 136.642 30.85 3.5
      vertex 134.52 29.625 3.5
      vertex 136.451 31.2371 3.5
    endloop
  endfacet
  facet normal 0 0 -1
    outer loop
      vertex 134.52 29.625 3.5
      vertex 136.642 30.85 3.5
      vertex 134.938 28.9996 3.5
    endloop
  endfacet
  facet normal 0 0 -1
    outer loop
      vertex 142.358 34.15 3.5
      vertex 144.48 35.375 3.5
      vertex 142.549 33.7629 3.5
    endloop
  endfacet
  facet normal -0 0 -1
    outer loop
      vertex 144.48 35.375 3.5
      vertex 142.358 34.15 3.5
      vertex 144.062 36.0004 3.5
    endloop
  endfacet
  facet normal 0 0 -1
    outer loop
      vertex 142.118 34.5089 3.5
      vertex 144.062 36.0004 3.5
      vertex 142.358 34.15 3.5
    endloop
  endfacet
  facet normal -0 0 -1
    outer loop
      vertex 144.062 36.0004 3.5
      vertex 142.118 34.5089 3.5
      vertex 143.566 36.5659 3.5
    endloop
  endfacet
  facet normal 0 0 -1
    outer loop
      vertex 141.833 34.8335 3.5
      vertex 143.566 36.5659 3.5
      vertex 142.118 34.5089 3.5
    endloop
  endfacet
  facet normal -0 0 -1
    outer loop
      vertex 143.566 36.5659 3.5
      vertex 141.833 34.8335 3.5
      vertex 143 37.0618 3.5
    endloop
  endfacet
  facet normal 0 0 -1
    outer loop
      vertex 141.509 35.1181 3.5
      vertex 143 37.0618 3.5
      vertex 141.833 34.8335 3.5
    endloop
  endfacet
  facet normal -0 0 -1
    outer loop
      vertex 143 37.0618 3.5
      vertex 141.509 35.1181 3.5
      vertex 142.375 37.4796 3.5
    endloop
  endfacet
  facet normal 0 0 -1
    outer loop
      vertex 141.15 35.3579 3.5
      vertex 142.375 37.4796 3.5
      vertex 141.509 35.1181 3.5
    endloop
  endfacet
  facet normal -0 0 -1
    outer loop
      vertex 142.375 37.4796 3.5
      vertex 141.15 35.3579 3.5
      vertex 141.7 37.8123 3.5
    endloop
  endfacet
  facet normal 0 0 -1
    outer loop
      vertex 140.763 35.5488 3.5
      vertex 141.7 37.8123 3.5
      vertex 141.15 35.3579 3.5
    endloop
  endfacet
  facet normal -0 0 -1
    outer loop
      vertex 141.7 37.8123 3.5
      vertex 140.763 35.5488 3.5
      vertex 140.988 38.0541 3.5
    endloop
  endfacet
  facet normal 0 0 -1
    outer loop
      vertex 140.354 35.6876 3.5
      vertex 140.988 38.0541 3.5
      vertex 140.763 35.5488 3.5
    endloop
  endfacet
  facet normal 0 0 -1
    outer loop
      vertex 140.354 35.6876 3.5
      vertex 140.251 38.2008 3.5
      vertex 140.988 38.0541 3.5
    endloop
  endfacet
  facet normal 0 0 -1
    outer loop
      vertex 139.931 35.7718 3.5
      vertex 140.251 38.2008 3.5
      vertex 140.354 35.6876 3.5
    endloop
  endfacet
  facet normal 0 0 -1
    outer loop
      vertex 139.5 35.8 3.5
      vertex 140.251 38.2008 3.5
      vertex 139.931 35.7718 3.5
    endloop
  endfacet
  facet normal 0 0 -1
    outer loop
      vertex 139.5 35.8 3.5
      vertex 139.5 38.25 3.5
      vertex 140.251 38.2008 3.5
    endloop
  endfacet
  facet normal 0 0 -1
    outer loop
      vertex 139.069 35.7718 3.5
      vertex 139.5 38.25 3.5
      vertex 139.5 35.8 3.5
    endloop
  endfacet
  facet normal 0 0 -1
    outer loop
      vertex 139.069 35.7718 3.5
      vertex 138.749 38.2008 3.5
      vertex 139.5 38.25 3.5
    endloop
  endfacet
  facet normal 0 0 -1
    outer loop
      vertex 138.646 35.6876 3.5
      vertex 138.749 38.2008 3.5
      vertex 139.069 35.7718 3.5
    endloop
  endfacet
  facet normal 0 0 -1
    outer loop
      vertex 138.012 38.0541 3.5
      vertex 138.646 35.6876 3.5
      vertex 138.237 35.5488 3.5
    endloop
  endfacet
  facet normal 0 0 -1
    outer loop
      vertex 138.646 35.6876 3.5
      vertex 138.012 38.0541 3.5
      vertex 138.749 38.2008 3.5
    endloop
  endfacet
  facet normal 0 0 -1
    outer loop
      vertex 137.3 37.8123 3.5
      vertex 138.237 35.5488 3.5
      vertex 137.85 35.3579 3.5
    endloop
  endfacet
  facet normal 0 0 -1
    outer loop
      vertex 136.625 37.4796 3.5
      vertex 137.85 35.3579 3.5
      vertex 137.491 35.1181 3.5
    endloop
  endfacet
  facet normal 0 0 -1
    outer loop
      vertex 138.237 35.5488 3.5
      vertex 137.3 37.8123 3.5
      vertex 138.012 38.0541 3.5
    endloop
  endfacet
  facet normal 0 0 -1
    outer loop
      vertex 136 37.0618 3.5
      vertex 137.491 35.1181 3.5
      vertex 137.167 34.8335 3.5
    endloop
  endfacet
  facet normal 0 0 -1
    outer loop
      vertex 135.434 36.5659 3.5
      vertex 137.167 34.8335 3.5
      vertex 136.882 34.5089 3.5
    endloop
  endfacet
  facet normal 0 0 -1
    outer loop
      vertex 134.938 36.0004 3.5
      vertex 136.882 34.5089 3.5
      vertex 136.642 34.15 3.5
    endloop
  endfacet
  facet normal 0 0 -1
    outer loop
      vertex 137.85 35.3579 3.5
      vertex 136.625 37.4796 3.5
      vertex 137.3 37.8123 3.5
    endloop
  endfacet
  facet normal 0 0 -1
    outer loop
      vertex 134.52 35.375 3.5
      vertex 136.642 34.15 3.5
      vertex 136.451 33.7629 3.5
    endloop
  endfacet
  facet normal 0 0 -1
    outer loop
      vertex 134.188 34.7004 3.5
      vertex 136.451 33.7629 3.5
      vertex 136.312 33.3541 3.5
    endloop
  endfacet
  facet normal 0 0 -1
    outer loop
      vertex 133.946 33.9882 3.5
      vertex 136.312 33.3541 3.5
      vertex 136.228 32.9307 3.5
    endloop
  endfacet
  facet normal 0 0 -1
    outer loop
      vertex 137.491 35.1181 3.5
      vertex 136 37.0618 3.5
      vertex 136.625 37.4796 3.5
    endloop
  endfacet
  facet normal 0 0 -1
    outer loop
      vertex 133.799 33.2505 3.5
      vertex 136.228 32.9307 3.5
      vertex 136.2 32.5 3.5
    endloop
  endfacet
  facet normal 0 0 -1
    outer loop
      vertex 134.188 30.2996 3.5
      vertex 136.451 31.2371 3.5
      vertex 134.52 29.625 3.5
    endloop
  endfacet
  facet normal -0 0 -1
    outer loop
      vertex 136.451 31.2371 3.5
      vertex 134.188 30.2996 3.5
      vertex 136.312 31.6459 3.5
    endloop
  endfacet
  facet normal 0 0 -1
    outer loop
      vertex 137.167 34.8335 3.5
      vertex 135.434 36.5659 3.5
      vertex 136 37.0618 3.5
    endloop
  endfacet
  facet normal 0 0 -1
    outer loop
      vertex 133.946 31.0118 3.5
      vertex 136.312 31.6459 3.5
      vertex 134.188 30.2996 3.5
    endloop
  endfacet
  facet normal 0 0 -1
    outer loop
      vertex 136.882 34.5089 3.5
      vertex 134.938 36.0004 3.5
      vertex 135.434 36.5659 3.5
    endloop
  endfacet
  facet normal -0 0 -1
    outer loop
      vertex 136.312 31.6459 3.5
      vertex 133.946 31.0118 3.5
      vertex 136.228 32.0693 3.5
    endloop
  endfacet
  facet normal 0 0 -1
    outer loop
      vertex 136.642 34.15 3.5
      vertex 134.52 35.375 3.5
      vertex 134.938 36.0004 3.5
    endloop
  endfacet
  facet normal 0 0 -1
    outer loop
      vertex 133.799 31.7495 3.5
      vertex 136.228 32.0693 3.5
      vertex 133.946 31.0118 3.5
    endloop
  endfacet
  facet normal 0 0 -1
    outer loop
      vertex 136.451 33.7629 3.5
      vertex 134.188 34.7004 3.5
      vertex 134.52 35.375 3.5
    endloop
  endfacet
  facet normal -0 0 -1
    outer loop
      vertex 136.228 32.0693 3.5
      vertex 133.799 31.7495 3.5
      vertex 136.2 32.5 3.5
    endloop
  endfacet
  facet normal 0 0 -1
    outer loop
      vertex 136.312 33.3541 3.5
      vertex 133.946 33.9882 3.5
      vertex 134.188 34.7004 3.5
    endloop
  endfacet
  facet normal 0 0 -1
    outer loop
      vertex 133.75 32.5 3.5
      vertex 136.2 32.5 3.5
      vertex 133.799 31.7495 3.5
    endloop
  endfacet
  facet normal 0 0 -1
    outer loop
      vertex 136.228 32.9307 3.5
      vertex 133.799 33.2505 3.5
      vertex 133.946 33.9882 3.5
    endloop
  endfacet
  facet normal 0 0 -1
    outer loop
      vertex 136.2 32.5 3.5
      vertex 133.75 32.5 3.5
      vertex 133.799 33.2505 3.5
    endloop
  endfacet
  facet normal 0.19522 0.980759 -0
    outer loop
      vertex 138.749 26.7992 0
      vertex 138.012 26.9459 3.5
      vertex 138.749 26.7992 3.5
    endloop
  endfacet
  facet normal 0.19522 0.980759 0
    outer loop
      vertex 138.012 26.9459 3.5
      vertex 138.749 26.7992 0
      vertex 138.012 26.9459 0
    endloop
  endfacet
  facet normal -0.19522 -0.980759 0
    outer loop
      vertex 140.251 38.2008 0
      vertex 140.988 38.0541 3.5
      vertex 140.251 38.2008 3.5
    endloop
  endfacet
  facet normal -0.19522 -0.980759 -0
    outer loop
      vertex 140.988 38.0541 3.5
      vertex 140.251 38.2008 0
      vertex 140.988 38.0541 0
    endloop
  endfacet
  facet normal 0.442104 0.896964 -0
    outer loop
      vertex 137.3 27.1877 0
      vertex 136.625 27.5204 3.5
      vertex 137.3 27.1877 3.5
    endloop
  endfacet
  facet normal 0.442104 0.896964 0
    outer loop
      vertex 136.625 27.5204 3.5
      vertex 137.3 27.1877 0
      vertex 136.625 27.5204 0
    endloop
  endfacet
  facet normal 0.831395 0.555682 0
    outer loop
      vertex 134.938 28.9996 3.5
      vertex 134.52 29.625 0
      vertex 134.52 29.625 3.5
    endloop
  endfacet
  facet normal 0.831395 0.555682 0
    outer loop
      vertex 134.52 29.625 0
      vertex 134.938 28.9996 3.5
      vertex 134.938 28.9996 0
    endloop
  endfacet
  facet normal 0.946833 -0.321726 0
    outer loop
      vertex 133.946 33.9882 3.5
      vertex 134.188 34.7004 0
      vertex 134.188 34.7004 3.5
    endloop
  endfacet
  facet normal 0.946833 -0.321726 0
    outer loop
      vertex 134.188 34.7004 0
      vertex 133.946 33.9882 3.5
      vertex 133.946 33.9882 0
    endloop
  endfacet
  facet normal 0.195224 0.980759 -0
    outer loop
      vertex 158.069 14.2282 3.5
      vertex 157.646 14.3124 11
      vertex 158.069 14.2282 11
    endloop
  endfacet
  facet normal 0.195224 0.980759 0
    outer loop
      vertex 157.646 14.3124 11
      vertex 158.069 14.2282 3.5
      vertex 157.646 14.3124 3.5
    endloop
  endfacet
  facet normal -0.997893 -0.0648735 0
    outer loop
      vertex 161.8 17.5 3.5
      vertex 161.772 17.9307 11
      vertex 161.772 17.9307 3.5
    endloop
  endfacet
  facet normal -0.997893 -0.0648735 0
    outer loop
      vertex 161.772 17.9307 11
      vertex 161.8 17.5 3.5
      vertex 161.8 17.5 11
    endloop
  endfacet
  facet normal -0.659948 -0.751311 0
    outer loop
      vertex 160.509 20.1181 3.5
      vertex 160.833 19.8335 11
      vertex 160.509 20.1181 11
    endloop
  endfacet
  facet normal -0.659948 -0.751311 -0
    outer loop
      vertex 160.833 19.8335 11
      vertex 160.509 20.1181 3.5
      vertex 160.833 19.8335 3.5
    endloop
  endfacet
  facet normal -0.195224 -0.980759 0
    outer loop
      vertex 158.931 20.7718 3.5
      vertex 159.354 20.6876 11
      vertex 158.931 20.7718 11
    endloop
  endfacet
  facet normal -0.195224 -0.980759 -0
    outer loop
      vertex 159.354 20.6876 11
      vertex 158.931 20.7718 3.5
      vertex 159.354 20.6876 3.5
    endloop
  endfacet
  facet normal -0.896778 -0.442481 0
    outer loop
      vertex 161.549 18.7629 3.5
      vertex 161.358 19.15 11
      vertex 161.358 19.15 3.5
    endloop
  endfacet
  facet normal -0.896778 -0.442481 0
    outer loop
      vertex 161.358 19.15 11
      vertex 161.549 18.7629 3.5
      vertex 161.549 18.7629 11
    endloop
  endfacet
  facet normal -0.442387 0.896824 0
    outer loop
      vertex 160.15 14.6421 3.5
      vertex 159.763 14.4512 11
      vertex 160.15 14.6421 11
    endloop
  endfacet
  facet normal -0.442387 0.896824 0
    outer loop
      vertex 159.763 14.4512 11
      vertex 160.15 14.6421 3.5
      vertex 159.763 14.4512 3.5
    endloop
  endfacet
  facet normal -0.555448 -0.831551 0
    outer loop
      vertex 160.15 20.3579 3.5
      vertex 160.509 20.1181 11
      vertex 160.15 20.3579 11
    endloop
  endfacet
  facet normal -0.555448 -0.831551 -0
    outer loop
      vertex 160.509 20.1181 11
      vertex 160.15 20.3579 3.5
      vertex 160.509 20.1181 3.5
    endloop
  endfacet
  facet normal 0.946767 0.321919 0
    outer loop
      vertex 155.451 16.2371 11
      vertex 155.312 16.6459 3.5
      vertex 155.312 16.6459 11
    endloop
  endfacet
  facet normal 0.946767 0.321919 0
    outer loop
      vertex 155.312 16.6459 3.5
      vertex 155.451 16.2371 11
      vertex 155.451 16.2371 3.5
    endloop
  endfacet
  facet normal -0.751457 0.659782 0
    outer loop
      vertex 160.833 15.1665 3.5
      vertex 161.118 15.4911 11
      vertex 161.118 15.4911 3.5
    endloop
  endfacet
  facet normal -0.751457 0.659782 0
    outer loop
      vertex 161.118 15.4911 11
      vertex 160.833 15.1665 3.5
      vertex 160.833 15.1665 11
    endloop
  endfacet
  facet normal 0.896778 -0.442481 0
    outer loop
      vertex 155.451 18.7629 11
      vertex 155.642 19.15 3.5
      vertex 155.642 19.15 11
    endloop
  endfacet
  facet normal 0.896778 -0.442481 0
    outer loop
      vertex 155.642 19.15 3.5
      vertex 155.451 18.7629 11
      vertex 155.451 18.7629 3.5
    endloop
  endfacet
  facet normal 0.555448 0.831551 -0
    outer loop
      vertex 156.85 14.6421 3.5
      vertex 156.491 14.8819 11
      vertex 156.85 14.6421 11
    endloop
  endfacet
  facet normal 0.555448 0.831551 0
    outer loop
      vertex 156.491 14.8819 11
      vertex 156.85 14.6421 3.5
      vertex 156.491 14.8819 3.5
    endloop
  endfacet
  facet normal -0.946767 -0.321919 0
    outer loop
      vertex 161.688 18.3541 3.5
      vertex 161.549 18.7629 11
      vertex 161.549 18.7629 3.5
    endloop
  endfacet
  facet normal -0.946767 -0.321919 0
    outer loop
      vertex 161.549 18.7629 11
      vertex 161.688 18.3541 3.5
      vertex 161.688 18.3541 11
    endloop
  endfacet
  facet normal 0.659948 0.751311 -0
    outer loop
      vertex 156.491 14.8819 3.5
      vertex 156.167 15.1665 11
      vertex 156.491 14.8819 11
    endloop
  endfacet
  facet normal 0.659948 0.751311 0
    outer loop
      vertex 156.167 15.1665 11
      vertex 156.491 14.8819 3.5
      vertex 156.167 15.1665 3.5
    endloop
  endfacet
  facet normal -0.751457 -0.659782 0
    outer loop
      vertex 161.118 19.5089 3.5
      vertex 160.833 19.8335 11
      vertex 160.833 19.8335 3.5
    endloop
  endfacet
  facet normal -0.751457 -0.659782 0
    outer loop
      vertex 160.833 19.8335 11
      vertex 161.118 19.5089 3.5
      vertex 161.118 19.5089 11
    endloop
  endfacet
  facet normal 0.659948 -0.751311 0
    outer loop
      vertex 156.167 19.8335 3.5
      vertex 156.491 20.1181 11
      vertex 156.167 19.8335 11
    endloop
  endfacet
  facet normal 0.659948 -0.751311 0
    outer loop
      vertex 156.491 20.1181 11
      vertex 156.167 19.8335 3.5
      vertex 156.491 20.1181 3.5
    endloop
  endfacet
  facet normal -0.321363 -0.946956 0
    outer loop
      vertex 159.354 20.6876 3.5
      vertex 159.763 20.5488 11
      vertex 159.354 20.6876 11
    endloop
  endfacet
  facet normal -0.321363 -0.946956 -0
    outer loop
      vertex 159.763 20.5488 11
      vertex 159.354 20.6876 3.5
      vertex 159.763 20.5488 3.5
    endloop
  endfacet
  facet normal 0.980882 0.194601 0
    outer loop
      vertex 155.312 16.6459 11
      vertex 155.228 17.0693 3.5
      vertex 155.228 17.0693 11
    endloop
  endfacet
  facet normal 0.980882 0.194601 0
    outer loop
      vertex 155.228 17.0693 3.5
      vertex 155.312 16.6459 11
      vertex 155.312 16.6459 3.5
    endloop
  endfacet
  facet normal -0.980882 -0.194601 0
    outer loop
      vertex 161.772 17.9307 3.5
      vertex 161.688 18.3541 11
      vertex 161.688 18.3541 3.5
    endloop
  endfacet
  facet normal -0.980882 -0.194601 0
    outer loop
      vertex 161.688 18.3541 11
      vertex 161.772 17.9307 3.5
      vertex 161.772 17.9307 11
    endloop
  endfacet
  facet normal -0.946767 0.321919 0
    outer loop
      vertex 161.549 16.2371 3.5
      vertex 161.688 16.6459 11
      vertex 161.688 16.6459 3.5
    endloop
  endfacet
  facet normal -0.946767 0.321919 0
    outer loop
      vertex 161.688 16.6459 11
      vertex 161.549 16.2371 3.5
      vertex 161.549 16.2371 11
    endloop
  endfacet
  facet normal -0.997893 0.0648735 0
    outer loop
      vertex 161.772 17.0693 3.5
      vertex 161.8 17.5 11
      vertex 161.8 17.5 3.5
    endloop
  endfacet
  facet normal -0.997893 0.0648735 0
    outer loop
      vertex 161.8 17.5 11
      vertex 161.772 17.0693 3.5
      vertex 161.772 17.0693 11
    endloop
  endfacet
  facet normal -0.831266 -0.555876 0
    outer loop
      vertex 161.358 19.15 3.5
      vertex 161.118 19.5089 11
      vertex 161.118 19.5089 3.5
    endloop
  endfacet
  facet normal -0.831266 -0.555876 0
    outer loop
      vertex 161.118 19.5089 11
      vertex 161.358 19.15 3.5
      vertex 161.358 19.15 11
    endloop
  endfacet
  facet normal -0.442387 -0.896824 0
    outer loop
      vertex 159.763 20.5488 3.5
      vertex 160.15 20.3579 11
      vertex 159.763 20.5488 11
    endloop
  endfacet
  facet normal -0.442387 -0.896824 -0
    outer loop
      vertex 160.15 20.3579 11
      vertex 159.763 20.5488 3.5
      vertex 160.15 20.3579 3.5
    endloop
  endfacet
  facet normal 0.896778 0.442481 0
    outer loop
      vertex 155.642 15.85 11
      vertex 155.451 16.2371 3.5
      vertex 155.451 16.2371 11
    endloop
  endfacet
  facet normal 0.896778 0.442481 0
    outer loop
      vertex 155.451 16.2371 3.5
      vertex 155.642 15.85 11
      vertex 155.642 15.85 3.5
    endloop
  endfacet
  facet normal -0.321363 0.946956 0
    outer loop
      vertex 159.763 14.4512 3.5
      vertex 159.354 14.3124 11
      vertex 159.763 14.4512 11
    endloop
  endfacet
  facet normal -0.321363 0.946956 0
    outer loop
      vertex 159.354 14.3124 11
      vertex 159.763 14.4512 3.5
      vertex 159.354 14.3124 3.5
    endloop
  endfacet
  facet normal -0.831266 0.555876 0
    outer loop
      vertex 161.118 15.4911 3.5
      vertex 161.358 15.85 11
      vertex 161.358 15.85 3.5
    endloop
  endfacet
  facet normal -0.831266 0.555876 0
    outer loop
      vertex 161.358 15.85 11
      vertex 161.118 15.4911 3.5
      vertex 161.118 15.4911 11
    endloop
  endfacet
  facet normal 0.555448 -0.831551 0
    outer loop
      vertex 156.491 20.1181 3.5
      vertex 156.85 20.3579 11
      vertex 156.491 20.1181 11
    endloop
  endfacet
  facet normal 0.555448 -0.831551 0
    outer loop
      vertex 156.85 20.3579 11
      vertex 156.491 20.1181 3.5
      vertex 156.85 20.3579 3.5
    endloop
  endfacet
  facet normal -0.896778 0.442481 0
    outer loop
      vertex 161.358 15.85 3.5
      vertex 161.549 16.2371 11
      vertex 161.549 16.2371 3.5
    endloop
  endfacet
  facet normal -0.896778 0.442481 0
    outer loop
      vertex 161.549 16.2371 11
      vertex 161.358 15.85 3.5
      vertex 161.358 15.85 11
    endloop
  endfacet
  facet normal 0.442387 -0.896824 0
    outer loop
      vertex 156.85 20.3579 3.5
      vertex 157.237 20.5488 11
      vertex 156.85 20.3579 11
    endloop
  endfacet
  facet normal 0.442387 -0.896824 0
    outer loop
      vertex 157.237 20.5488 11
      vertex 156.85 20.3579 3.5
      vertex 157.237 20.5488 3.5
    endloop
  endfacet
  facet normal 0.751457 -0.659782 0
    outer loop
      vertex 155.882 19.5089 11
      vertex 156.167 19.8335 3.5
      vertex 156.167 19.8335 11
    endloop
  endfacet
  facet normal 0.751457 -0.659782 0
    outer loop
      vertex 156.167 19.8335 3.5
      vertex 155.882 19.5089 11
      vertex 155.882 19.5089 3.5
    endloop
  endfacet
  facet normal 0.321363 0.946956 -0
    outer loop
      vertex 157.646 14.3124 3.5
      vertex 157.237 14.4512 11
      vertex 157.646 14.3124 11
    endloop
  endfacet
  facet normal 0.321363 0.946956 0
    outer loop
      vertex 157.237 14.4512 11
      vertex 157.646 14.3124 3.5
      vertex 157.237 14.4512 3.5
    endloop
  endfacet
  facet normal -0.659948 0.751311 0
    outer loop
      vertex 160.833 15.1665 3.5
      vertex 160.509 14.8819 11
      vertex 160.833 15.1665 11
    endloop
  endfacet
  facet normal -0.659948 0.751311 0
    outer loop
      vertex 160.509 14.8819 11
      vertex 160.833 15.1665 3.5
      vertex 160.509 14.8819 3.5
    endloop
  endfacet
  facet normal 0.0652896 0.997866 -0
    outer loop
      vertex 158.5 14.2 3.5
      vertex 158.069 14.2282 11
      vertex 158.5 14.2 11
    endloop
  endfacet
  facet normal 0.0652896 0.997866 0
    outer loop
      vertex 158.069 14.2282 11
      vertex 158.5 14.2 3.5
      vertex 158.069 14.2282 3.5
    endloop
  endfacet
  facet normal 0.997893 0.0648735 0
    outer loop
      vertex 155.228 17.0693 11
      vertex 155.2 17.5 3.5
      vertex 155.2 17.5 11
    endloop
  endfacet
  facet normal 0.997893 0.0648735 0
    outer loop
      vertex 155.2 17.5 3.5
      vertex 155.228 17.0693 11
      vertex 155.228 17.0693 3.5
    endloop
  endfacet
  facet normal -0.555448 0.831551 0
    outer loop
      vertex 160.509 14.8819 3.5
      vertex 160.15 14.6421 11
      vertex 160.509 14.8819 11
    endloop
  endfacet
  facet normal -0.555448 0.831551 0
    outer loop
      vertex 160.15 14.6421 11
      vertex 160.509 14.8819 3.5
      vertex 160.15 14.6421 3.5
    endloop
  endfacet
  facet normal 0.946767 -0.321919 0
    outer loop
      vertex 155.312 18.3541 11
      vertex 155.451 18.7629 3.5
      vertex 155.451 18.7629 11
    endloop
  endfacet
  facet normal 0.946767 -0.321919 0
    outer loop
      vertex 155.451 18.7629 3.5
      vertex 155.312 18.3541 11
      vertex 155.312 18.3541 3.5
    endloop
  endfacet
  facet normal -0.195224 0.980759 0
    outer loop
      vertex 159.354 14.3124 3.5
      vertex 158.931 14.2282 11
      vertex 159.354 14.3124 11
    endloop
  endfacet
  facet normal -0.195224 0.980759 0
    outer loop
      vertex 158.931 14.2282 11
      vertex 159.354 14.3124 3.5
      vertex 158.931 14.2282 3.5
    endloop
  endfacet
  facet normal 0.980882 -0.194601 0
    outer loop
      vertex 155.228 17.9307 11
      vertex 155.312 18.3541 3.5
      vertex 155.312 18.3541 11
    endloop
  endfacet
  facet normal 0.980882 -0.194601 0
    outer loop
      vertex 155.312 18.3541 3.5
      vertex 155.228 17.9307 11
      vertex 155.228 17.9307 3.5
    endloop
  endfacet
  facet normal 0.195224 -0.980759 0
    outer loop
      vertex 157.646 20.6876 3.5
      vertex 158.069 20.7718 11
      vertex 157.646 20.6876 11
    endloop
  endfacet
  facet normal 0.195224 -0.980759 0
    outer loop
      vertex 158.069 20.7718 11
      vertex 157.646 20.6876 3.5
      vertex 158.069 20.7718 3.5
    endloop
  endfacet
  facet normal 0.0652896 -0.997866 0
    outer loop
      vertex 158.069 20.7718 3.5
      vertex 158.5 20.8 11
      vertex 158.069 20.7718 11
    endloop
  endfacet
  facet normal 0.0652896 -0.997866 0
    outer loop
      vertex 158.5 20.8 11
      vertex 158.069 20.7718 3.5
      vertex 158.5 20.8 3.5
    endloop
  endfacet
  facet normal 0.442387 0.896824 -0
    outer loop
      vertex 157.237 14.4512 3.5
      vertex 156.85 14.6421 11
      vertex 157.237 14.4512 11
    endloop
  endfacet
  facet normal 0.442387 0.896824 0
    outer loop
      vertex 156.85 14.6421 11
      vertex 157.237 14.4512 3.5
      vertex 156.85 14.6421 3.5
    endloop
  endfacet
  facet normal 0.321363 -0.946956 0
    outer loop
      vertex 157.237 20.5488 3.5
      vertex 157.646 20.6876 11
      vertex 157.237 20.5488 11
    endloop
  endfacet
  facet normal 0.321363 -0.946956 0
    outer loop
      vertex 157.646 20.6876 11
      vertex 157.237 20.5488 3.5
      vertex 157.646 20.6876 3.5
    endloop
  endfacet
  facet normal 0.831266 0.555876 0
    outer loop
      vertex 155.882 15.4911 11
      vertex 155.642 15.85 3.5
      vertex 155.642 15.85 11
    endloop
  endfacet
  facet normal 0.831266 0.555876 0
    outer loop
      vertex 155.642 15.85 3.5
      vertex 155.882 15.4911 11
      vertex 155.882 15.4911 3.5
    endloop
  endfacet
  facet normal 0.997893 -0.0648735 0
    outer loop
      vertex 155.2 17.5 11
      vertex 155.228 17.9307 3.5
      vertex 155.228 17.9307 11
    endloop
  endfacet
  facet normal 0.997893 -0.0648735 0
    outer loop
      vertex 155.228 17.9307 3.5
      vertex 155.2 17.5 11
      vertex 155.2 17.5 3.5
    endloop
  endfacet
  facet normal -0.980882 0.194601 0
    outer loop
      vertex 161.688 16.6459 3.5
      vertex 161.772 17.0693 11
      vertex 161.772 17.0693 3.5
    endloop
  endfacet
  facet normal -0.980882 0.194601 0
    outer loop
      vertex 161.772 17.0693 11
      vertex 161.688 16.6459 3.5
      vertex 161.688 16.6459 11
    endloop
  endfacet
  facet normal -0.0652896 -0.997866 0
    outer loop
      vertex 158.5 20.8 3.5
      vertex 158.931 20.7718 11
      vertex 158.5 20.8 11
    endloop
  endfacet
  facet normal -0.0652896 -0.997866 -0
    outer loop
      vertex 158.931 20.7718 11
      vertex 158.5 20.8 3.5
      vertex 158.931 20.7718 3.5
    endloop
  endfacet
  facet normal 0.831266 -0.555876 0
    outer loop
      vertex 155.642 19.15 11
      vertex 155.882 19.5089 3.5
      vertex 155.882 19.5089 11
    endloop
  endfacet
  facet normal 0.831266 -0.555876 0
    outer loop
      vertex 155.882 19.5089 3.5
      vertex 155.642 19.15 11
      vertex 155.642 19.15 3.5
    endloop
  endfacet
  facet normal -0.0652896 0.997866 0
    outer loop
      vertex 158.931 14.2282 3.5
      vertex 158.5 14.2 11
      vertex 158.931 14.2282 11
    endloop
  endfacet
  facet normal -0.0652896 0.997866 0
    outer loop
      vertex 158.5 14.2 11
      vertex 158.931 14.2282 3.5
      vertex 158.5 14.2 3.5
    endloop
  endfacet
  facet normal 0.751457 0.659782 0
    outer loop
      vertex 156.167 15.1665 11
      vertex 155.882 15.4911 3.5
      vertex 155.882 15.4911 11
    endloop
  endfacet
  facet normal 0.751457 0.659782 0
    outer loop
      vertex 155.882 15.4911 3.5
      vertex 156.167 15.1665 11
      vertex 156.167 15.1665 3.5
    endloop
  endfacet
  facet normal -0.751794 0.659398 0
    outer loop
      vertex 162.566 13.4341 0
      vertex 163.062 13.9996 3.5
      vertex 163.062 13.9996 0
    endloop
  endfacet
  facet normal -0.751794 0.659398 0
    outer loop
      vertex 163.062 13.9996 3.5
      vertex 162.566 13.4341 0
      vertex 162.566 13.4341 3.5
    endloop
  endfacet
  facet normal 0.946833 -0.321726 0
    outer loop
      vertex 152.946 18.9882 3.5
      vertex 153.188 19.7004 0
      vertex 153.188 19.7004 3.5
    endloop
  endfacet
  facet normal 0.946833 -0.321726 0
    outer loop
      vertex 153.188 19.7004 0
      vertex 152.946 18.9882 3.5
      vertex 152.946 18.9882 0
    endloop
  endfacet
  facet normal -0.897229 -0.441565 0
    outer loop
      vertex 163.812 19.7004 0
      vertex 163.48 20.375 3.5
      vertex 163.48 20.375 0
    endloop
  endfacet
  facet normal -0.897229 -0.441565 0
    outer loop
      vertex 163.48 20.375 3.5
      vertex 163.812 19.7004 0
      vertex 163.812 19.7004 3.5
    endloop
  endfacet
  facet normal -0.831395 -0.555682 0
    outer loop
      vertex 163.48 20.375 0
      vertex 163.062 21.0004 3.5
      vertex 163.062 21.0004 0
    endloop
  endfacet
  facet normal -0.831395 -0.555682 0
    outer loop
      vertex 163.062 21.0004 3.5
      vertex 163.48 20.375 0
      vertex 163.48 20.375 3.5
    endloop
  endfacet
  facet normal -0.980718 -0.195426 0
    outer loop
      vertex 164.201 18.2505 0
      vertex 164.054 18.9882 3.5
      vertex 164.054 18.9882 0
    endloop
  endfacet
  facet normal -0.980718 -0.195426 0
    outer loop
      vertex 164.054 18.9882 3.5
      vertex 164.201 18.2505 0
      vertex 164.201 18.2505 3.5
    endloop
  endfacet
  facet normal 0.19522 0.980759 -0
    outer loop
      vertex 157.749 11.7992 0
      vertex 157.012 11.9459 3.5
      vertex 157.749 11.7992 3.5
    endloop
  endfacet
  facet normal 0.19522 0.980759 0
    outer loop
      vertex 157.012 11.9459 3.5
      vertex 157.749 11.7992 0
      vertex 157.012 11.9459 0
    endloop
  endfacet
  facet normal -0.658994 -0.752148 0
    outer loop
      vertex 162 22.0618 0
      vertex 162.566 21.5659 3.5
      vertex 162 22.0618 3.5
    endloop
  endfacet
  facet normal -0.658994 -0.752148 -0
    outer loop
      vertex 162.566 21.5659 3.5
      vertex 162 22.0618 0
      vertex 162.566 21.5659 0
    endloop
  endfacet
  facet normal -0.831395 0.555682 0
    outer loop
      vertex 163.062 13.9996 0
      vertex 163.48 14.625 3.5
      vertex 163.48 14.625 0
    endloop
  endfacet
  facet normal -0.831395 0.555682 0
    outer loop
      vertex 163.48 14.625 3.5
      vertex 163.062 13.9996 0
      vertex 163.062 13.9996 3.5
    endloop
  endfacet
  facet normal 0.751794 -0.659398 0
    outer loop
      vertex 153.938 21.0004 3.5
      vertex 154.434 21.5659 0
      vertex 154.434 21.5659 3.5
    endloop
  endfacet
  facet normal 0.751794 -0.659398 0
    outer loop
      vertex 154.434 21.5659 0
      vertex 153.938 21.0004 3.5
      vertex 153.938 21.0004 0
    endloop
  endfacet
  facet normal -0.19522 0.980759 0
    outer loop
      vertex 159.988 11.9459 0
      vertex 159.251 11.7992 3.5
      vertex 159.988 11.9459 3.5
    endloop
  endfacet
  facet normal -0.19522 0.980759 0
    outer loop
      vertex 159.251 11.7992 3.5
      vertex 159.988 11.9459 0
      vertex 159.251 11.7992 0
    endloop
  endfacet
  facet normal 0.980718 0.195426 0
    outer loop
      vertex 152.946 16.0118 3.5
      vertex 152.799 16.7495 0
      vertex 152.799 16.7495 3.5
    endloop
  endfacet
  facet normal 0.980718 0.195426 0
    outer loop
      vertex 152.799 16.7495 0
      vertex 152.946 16.0118 3.5
      vertex 152.946 16.0118 0
    endloop
  endfacet
  facet normal 0.897229 0.441565 0
    outer loop
      vertex 153.52 14.625 3.5
      vertex 153.188 15.2996 0
      vertex 153.188 15.2996 3.5
    endloop
  endfacet
  facet normal 0.897229 0.441565 0
    outer loop
      vertex 153.188 15.2996 0
      vertex 153.52 14.625 3.5
      vertex 153.52 14.625 0
    endloop
  endfacet
  facet normal -0.997875 -0.0651511 0
    outer loop
      vertex 164.25 17.5 0
      vertex 164.201 18.2505 3.5
      vertex 164.201 18.2505 0
    endloop
  endfacet
  facet normal -0.997875 -0.0651511 0
    outer loop
      vertex 164.201 18.2505 3.5
      vertex 164.25 17.5 0
      vertex 164.25 17.5 3.5
    endloop
  endfacet
  facet normal 0.980718 -0.195426 0
    outer loop
      vertex 152.799 18.2505 3.5
      vertex 152.946 18.9882 0
      vertex 152.946 18.9882 3.5
    endloop
  endfacet
  facet normal 0.980718 -0.195426 0
    outer loop
      vertex 152.946 18.9882 0
      vertex 152.799 18.2505 3.5
      vertex 152.799 18.2505 0
    endloop
  endfacet
  facet normal 0.831395 0.555682 0
    outer loop
      vertex 153.938 13.9996 3.5
      vertex 153.52 14.625 0
      vertex 153.52 14.625 3.5
    endloop
  endfacet
  facet normal 0.831395 0.555682 0
    outer loop
      vertex 153.52 14.625 0
      vertex 153.938 13.9996 3.5
      vertex 153.938 13.9996 0
    endloop
  endfacet
  facet normal 0.19522 -0.980759 0
    outer loop
      vertex 157.012 23.0541 0
      vertex 157.749 23.2008 3.5
      vertex 157.012 23.0541 3.5
    endloop
  endfacet
  facet normal 0.19522 -0.980759 0
    outer loop
      vertex 157.749 23.2008 3.5
      vertex 157.012 23.0541 0
      vertex 157.749 23.2008 0
    endloop
  endfacet
  facet normal 0.0653725 0.997861 -0
    outer loop
      vertex 158.5 11.75 0
      vertex 157.749 11.7992 3.5
      vertex 158.5 11.75 3.5
    endloop
  endfacet
  facet normal 0.0653725 0.997861 0
    outer loop
      vertex 157.749 11.7992 3.5
      vertex 158.5 11.75 0
      vertex 157.749 11.7992 0
    endloop
  endfacet
  facet normal -0.0653725 -0.997861 0
    outer loop
      vertex 158.5 23.25 0
      vertex 159.251 23.2008 3.5
      vertex 158.5 23.25 3.5
    endloop
  endfacet
  facet normal -0.0653725 -0.997861 -0
    outer loop
      vertex 159.251 23.2008 3.5
      vertex 158.5 23.25 0
      vertex 159.251 23.2008 0
    endloop
  endfacet
  facet normal -0.897229 0.441565 0
    outer loop
      vertex 163.48 14.625 0
      vertex 163.812 15.2996 3.5
      vertex 163.812 15.2996 0
    endloop
  endfacet
  facet normal -0.897229 0.441565 0
    outer loop
      vertex 163.812 15.2996 3.5
      vertex 163.48 14.625 0
      vertex 163.48 14.625 3.5
    endloop
  endfacet
  facet normal 0.321569 -0.946886 0
    outer loop
      vertex 156.3 22.8123 0
      vertex 157.012 23.0541 3.5
      vertex 156.3 22.8123 3.5
    endloop
  endfacet
  facet normal 0.321569 -0.946886 0
    outer loop
      vertex 157.012 23.0541 3.5
      vertex 156.3 22.8123 0
      vertex 157.012 23.0541 0
    endloop
  endfacet
  facet normal -0.751794 -0.659398 0
    outer loop
      vertex 163.062 21.0004 0
      vertex 162.566 21.5659 3.5
      vertex 162.566 21.5659 0
    endloop
  endfacet
  facet normal -0.751794 -0.659398 0
    outer loop
      vertex 162.566 21.5659 3.5
      vertex 163.062 21.0004 0
      vertex 163.062 21.0004 3.5
    endloop
  endfacet
  facet normal -0.321569 -0.946886 0
    outer loop
      vertex 159.988 23.0541 0
      vertex 160.7 22.8123 3.5
      vertex 159.988 23.0541 3.5
    endloop
  endfacet
  facet normal -0.321569 -0.946886 -0
    outer loop
      vertex 160.7 22.8123 3.5
      vertex 159.988 23.0541 0
      vertex 160.7 22.8123 0
    endloop
  endfacet
  facet normal -0.0653725 0.997861 0
    outer loop
      vertex 159.251 11.7992 0
      vertex 158.5 11.75 3.5
      vertex 159.251 11.7992 3.5
    endloop
  endfacet
  facet normal -0.0653725 0.997861 0
    outer loop
      vertex 158.5 11.75 3.5
      vertex 159.251 11.7992 0
      vertex 158.5 11.75 0
    endloop
  endfacet
  facet normal -0.555743 0.831354 0
    outer loop
      vertex 162 12.9382 0
      vertex 161.375 12.5204 3.5
      vertex 162 12.9382 3.5
    endloop
  endfacet
  facet normal -0.555743 0.831354 0
    outer loop
      vertex 161.375 12.5204 3.5
      vertex 162 12.9382 0
      vertex 161.375 12.5204 0
    endloop
  endfacet
  facet normal -0.442104 -0.896964 0
    outer loop
      vertex 160.7 22.8123 0
      vertex 161.375 22.4796 3.5
      vertex 160.7 22.8123 3.5
    endloop
  endfacet
  facet normal -0.442104 -0.896964 -0
    outer loop
      vertex 161.375 22.4796 3.5
      vertex 160.7 22.8123 0
      vertex 161.375 22.4796 0
    endloop
  endfacet
  facet normal -0.555743 -0.831354 0
    outer loop
      vertex 161.375 22.4796 0
      vertex 162 22.0618 3.5
      vertex 161.375 22.4796 3.5
    endloop
  endfacet
  facet normal -0.555743 -0.831354 -0
    outer loop
      vertex 162 22.0618 3.5
      vertex 161.375 22.4796 0
      vertex 162 22.0618 0
    endloop
  endfacet
  facet normal 0.946833 0.321726 0
    outer loop
      vertex 153.188 15.2996 3.5
      vertex 152.946 16.0118 0
      vertex 152.946 16.0118 3.5
    endloop
  endfacet
  facet normal 0.946833 0.321726 0
    outer loop
      vertex 152.946 16.0118 0
      vertex 153.188 15.2996 3.5
      vertex 153.188 15.2996 0
    endloop
  endfacet
  facet normal 0.897229 -0.441565 0
    outer loop
      vertex 153.188 19.7004 3.5
      vertex 153.52 20.375 0
      vertex 153.52 20.375 3.5
    endloop
  endfacet
  facet normal 0.897229 -0.441565 0
    outer loop
      vertex 153.52 20.375 0
      vertex 153.188 19.7004 3.5
      vertex 153.188 19.7004 0
    endloop
  endfacet
  facet normal -0.946833 -0.321726 0
    outer loop
      vertex 164.054 18.9882 0
      vertex 163.812 19.7004 3.5
      vertex 163.812 19.7004 0
    endloop
  endfacet
  facet normal -0.946833 -0.321726 0
    outer loop
      vertex 163.812 19.7004 3.5
      vertex 164.054 18.9882 0
      vertex 164.054 18.9882 3.5
    endloop
  endfacet
  facet normal 0.997875 -0.0651511 0
    outer loop
      vertex 152.75 17.5 3.5
      vertex 152.799 18.2505 0
      vertex 152.799 18.2505 3.5
    endloop
  endfacet
  facet normal 0.997875 -0.0651511 0
    outer loop
      vertex 152.799 18.2505 0
      vertex 152.75 17.5 3.5
      vertex 152.75 17.5 0
    endloop
  endfacet
  facet normal -0.442104 0.896964 0
    outer loop
      vertex 161.375 12.5204 0
      vertex 160.7 12.1877 3.5
      vertex 161.375 12.5204 3.5
    endloop
  endfacet
  facet normal -0.442104 0.896964 0
    outer loop
      vertex 160.7 12.1877 3.5
      vertex 161.375 12.5204 0
      vertex 160.7 12.1877 0
    endloop
  endfacet
  facet normal 0.442104 -0.896964 0
    outer loop
      vertex 155.625 22.4796 0
      vertex 156.3 22.8123 3.5
      vertex 155.625 22.4796 3.5
    endloop
  endfacet
  facet normal 0.442104 -0.896964 0
    outer loop
      vertex 156.3 22.8123 3.5
      vertex 155.625 22.4796 0
      vertex 156.3 22.8123 0
    endloop
  endfacet
  facet normal 0.555743 -0.831354 0
    outer loop
      vertex 155 22.0618 0
      vertex 155.625 22.4796 3.5
      vertex 155 22.0618 3.5
    endloop
  endfacet
  facet normal 0.555743 -0.831354 0
    outer loop
      vertex 155.625 22.4796 3.5
      vertex 155 22.0618 0
      vertex 155.625 22.4796 0
    endloop
  endfacet
  facet normal -0.19522 -0.980759 0
    outer loop
      vertex 159.251 23.2008 0
      vertex 159.988 23.0541 3.5
      vertex 159.251 23.2008 3.5
    endloop
  endfacet
  facet normal -0.19522 -0.980759 -0
    outer loop
      vertex 159.988 23.0541 3.5
      vertex 159.251 23.2008 0
      vertex 159.988 23.0541 0
    endloop
  endfacet
  facet normal -0.658994 0.752148 0
    outer loop
      vertex 162.566 13.4341 0
      vertex 162 12.9382 3.5
      vertex 162.566 13.4341 3.5
    endloop
  endfacet
  facet normal -0.658994 0.752148 0
    outer loop
      vertex 162 12.9382 3.5
      vertex 162.566 13.4341 0
      vertex 162 12.9382 0
    endloop
  endfacet
  facet normal 0.658994 0.752148 -0
    outer loop
      vertex 155 12.9382 0
      vertex 154.434 13.4341 3.5
      vertex 155 12.9382 3.5
    endloop
  endfacet
  facet normal 0.658994 0.752148 0
    outer loop
      vertex 154.434 13.4341 3.5
      vertex 155 12.9382 0
      vertex 154.434 13.4341 0
    endloop
  endfacet
  facet normal -0.997875 0.0651511 0
    outer loop
      vertex 164.201 16.7495 0
      vertex 164.25 17.5 3.5
      vertex 164.25 17.5 0
    endloop
  endfacet
  facet normal -0.997875 0.0651511 0
    outer loop
      vertex 164.25 17.5 3.5
      vertex 164.201 16.7495 0
      vertex 164.201 16.7495 3.5
    endloop
  endfacet
  facet normal -0.980718 0.195426 0
    outer loop
      vertex 164.054 16.0118 0
      vertex 164.201 16.7495 3.5
      vertex 164.201 16.7495 0
    endloop
  endfacet
  facet normal -0.980718 0.195426 0
    outer loop
      vertex 164.201 16.7495 3.5
      vertex 164.054 16.0118 0
      vertex 164.054 16.0118 3.5
    endloop
  endfacet
  facet normal 0.997875 0.0651511 0
    outer loop
      vertex 152.799 16.7495 3.5
      vertex 152.75 17.5 0
      vertex 152.75 17.5 3.5
    endloop
  endfacet
  facet normal 0.997875 0.0651511 0
    outer loop
      vertex 152.75 17.5 0
      vertex 152.799 16.7495 3.5
      vertex 152.799 16.7495 0
    endloop
  endfacet
  facet normal -0.946833 0.321726 0
    outer loop
      vertex 163.812 15.2996 0
      vertex 164.054 16.0118 3.5
      vertex 164.054 16.0118 0
    endloop
  endfacet
  facet normal -0.946833 0.321726 0
    outer loop
      vertex 164.054 16.0118 3.5
      vertex 163.812 15.2996 0
      vertex 163.812 15.2996 3.5
    endloop
  endfacet
  facet normal 0.831395 -0.555682 0
    outer loop
      vertex 153.52 20.375 3.5
      vertex 153.938 21.0004 0
      vertex 153.938 21.0004 3.5
    endloop
  endfacet
  facet normal 0.831395 -0.555682 0
    outer loop
      vertex 153.938 21.0004 0
      vertex 153.52 20.375 3.5
      vertex 153.52 20.375 0
    endloop
  endfacet
  facet normal 0.658994 -0.752148 0
    outer loop
      vertex 154.434 21.5659 0
      vertex 155 22.0618 3.5
      vertex 154.434 21.5659 3.5
    endloop
  endfacet
  facet normal 0.658994 -0.752148 0
    outer loop
      vertex 155 22.0618 3.5
      vertex 154.434 21.5659 0
      vertex 155 22.0618 0
    endloop
  endfacet
  facet normal 0.0653725 -0.997861 0
    outer loop
      vertex 157.749 23.2008 0
      vertex 158.5 23.25 3.5
      vertex 157.749 23.2008 3.5
    endloop
  endfacet
  facet normal 0.0653725 -0.997861 0
    outer loop
      vertex 158.5 23.25 3.5
      vertex 157.749 23.2008 0
      vertex 158.5 23.25 0
    endloop
  endfacet
  facet normal -0.321569 0.946886 0
    outer loop
      vertex 160.7 12.1877 0
      vertex 159.988 11.9459 3.5
      vertex 160.7 12.1877 3.5
    endloop
  endfacet
  facet normal -0.321569 0.946886 0
    outer loop
      vertex 159.988 11.9459 3.5
      vertex 160.7 12.1877 0
      vertex 159.988 11.9459 0
    endloop
  endfacet
  facet normal 0.555743 0.831354 -0
    outer loop
      vertex 155.625 12.5204 0
      vertex 155 12.9382 3.5
      vertex 155.625 12.5204 3.5
    endloop
  endfacet
  facet normal 0.555743 0.831354 0
    outer loop
      vertex 155 12.9382 3.5
      vertex 155.625 12.5204 0
      vertex 155 12.9382 0
    endloop
  endfacet
  facet normal 0.751794 0.659398 0
    outer loop
      vertex 154.434 13.4341 3.5
      vertex 153.938 13.9996 0
      vertex 153.938 13.9996 3.5
    endloop
  endfacet
  facet normal 0.751794 0.659398 0
    outer loop
      vertex 153.938 13.9996 0
      vertex 154.434 13.4341 3.5
      vertex 154.434 13.4341 0
    endloop
  endfacet
  facet normal 0 0 -1
    outer loop
      vertex 161.8 17.5 3.5
      vertex 164.25 17.5 3.5
      vertex 164.201 16.7495 3.5
    endloop
  endfacet
  facet normal 0 0 -1
    outer loop
      vertex 161.772 17.0693 3.5
      vertex 164.201 16.7495 3.5
      vertex 164.054 16.0118 3.5
    endloop
  endfacet
  facet normal 0 0 -1
    outer loop
      vertex 164.25 17.5 3.5
      vertex 161.8 17.5 3.5
      vertex 164.201 18.2505 3.5
    endloop
  endfacet
  facet normal 0 0 -1
    outer loop
      vertex 161.688 16.6459 3.5
      vertex 164.054 16.0118 3.5
      vertex 163.812 15.2996 3.5
    endloop
  endfacet
  facet normal 0 0 -1
    outer loop
      vertex 161.772 17.9307 3.5
      vertex 164.201 18.2505 3.5
      vertex 161.8 17.5 3.5
    endloop
  endfacet
  facet normal 0 0 -1
    outer loop
      vertex 161.549 16.2371 3.5
      vertex 163.812 15.2996 3.5
      vertex 163.48 14.625 3.5
    endloop
  endfacet
  facet normal -0 0 -1
    outer loop
      vertex 164.201 18.2505 3.5
      vertex 161.772 17.9307 3.5
      vertex 164.054 18.9882 3.5
    endloop
  endfacet
  facet normal 0 0 -1
    outer loop
      vertex 161.358 15.85 3.5
      vertex 163.48 14.625 3.5
      vertex 163.062 13.9996 3.5
    endloop
  endfacet
  facet normal 0 0 -1
    outer loop
      vertex 161.688 18.3541 3.5
      vertex 164.054 18.9882 3.5
      vertex 161.772 17.9307 3.5
    endloop
  endfacet
  facet normal 0 0 -1
    outer loop
      vertex 161.118 15.4911 3.5
      vertex 163.062 13.9996 3.5
      vertex 162.566 13.4341 3.5
    endloop
  endfacet
  facet normal -0 0 -1
    outer loop
      vertex 164.054 18.9882 3.5
      vertex 161.688 18.3541 3.5
      vertex 163.812 19.7004 3.5
    endloop
  endfacet
  facet normal 0 0 -1
    outer loop
      vertex 160.833 15.1665 3.5
      vertex 162.566 13.4341 3.5
      vertex 162 12.9382 3.5
    endloop
  endfacet
  facet normal 0 0 -1
    outer loop
      vertex 161.549 18.7629 3.5
      vertex 163.812 19.7004 3.5
      vertex 161.688 18.3541 3.5
    endloop
  endfacet
  facet normal -0 0 -1
    outer loop
      vertex 163.812 19.7004 3.5
      vertex 161.549 18.7629 3.5
      vertex 163.48 20.375 3.5
    endloop
  endfacet
  facet normal 0 0 -1
    outer loop
      vertex 164.201 16.7495 3.5
      vertex 161.772 17.0693 3.5
      vertex 161.8 17.5 3.5
    endloop
  endfacet
  facet normal 0 0 -1
    outer loop
      vertex 164.054 16.0118 3.5
      vertex 161.688 16.6459 3.5
      vertex 161.772 17.0693 3.5
    endloop
  endfacet
  facet normal 0 0 -1
    outer loop
      vertex 163.812 15.2996 3.5
      vertex 161.549 16.2371 3.5
      vertex 161.688 16.6459 3.5
    endloop
  endfacet
  facet normal 0 0 -1
    outer loop
      vertex 160.509 14.8819 3.5
      vertex 162 12.9382 3.5
      vertex 161.375 12.5204 3.5
    endloop
  endfacet
  facet normal 0 0 -1
    outer loop
      vertex 163.48 14.625 3.5
      vertex 161.358 15.85 3.5
      vertex 161.549 16.2371 3.5
    endloop
  endfacet
  facet normal 0 0 -1
    outer loop
      vertex 163.062 13.9996 3.5
      vertex 161.118 15.4911 3.5
      vertex 161.358 15.85 3.5
    endloop
  endfacet
  facet normal 0 0 -1
    outer loop
      vertex 162.566 13.4341 3.5
      vertex 160.833 15.1665 3.5
      vertex 161.118 15.4911 3.5
    endloop
  endfacet
  facet normal 0 0 -1
    outer loop
      vertex 160.15 14.6421 3.5
      vertex 161.375 12.5204 3.5
      vertex 160.7 12.1877 3.5
    endloop
  endfacet
  facet normal 0 0 -1
    outer loop
      vertex 162 12.9382 3.5
      vertex 160.509 14.8819 3.5
      vertex 160.833 15.1665 3.5
    endloop
  endfacet
  facet normal 0 0 -1
    outer loop
      vertex 161.375 12.5204 3.5
      vertex 160.15 14.6421 3.5
      vertex 160.509 14.8819 3.5
    endloop
  endfacet
  facet normal 0 0 -1
    outer loop
      vertex 159.763 14.4512 3.5
      vertex 160.7 12.1877 3.5
      vertex 159.988 11.9459 3.5
    endloop
  endfacet
  facet normal 0 0 -1
    outer loop
      vertex 160.7 12.1877 3.5
      vertex 159.763 14.4512 3.5
      vertex 160.15 14.6421 3.5
    endloop
  endfacet
  facet normal 0 0 -1
    outer loop
      vertex 159.988 11.9459 3.5
      vertex 159.354 14.3124 3.5
      vertex 159.763 14.4512 3.5
    endloop
  endfacet
  facet normal 0 0 -1
    outer loop
      vertex 159.251 11.7992 3.5
      vertex 159.354 14.3124 3.5
      vertex 159.988 11.9459 3.5
    endloop
  endfacet
  facet normal 0 0 -1
    outer loop
      vertex 159.251 11.7992 3.5
      vertex 158.931 14.2282 3.5
      vertex 159.354 14.3124 3.5
    endloop
  endfacet
  facet normal 0 0 -1
    outer loop
      vertex 158.5 11.75 3.5
      vertex 158.931 14.2282 3.5
      vertex 159.251 11.7992 3.5
    endloop
  endfacet
  facet normal 0 0 -1
    outer loop
      vertex 158.5 11.75 3.5
      vertex 158.5 14.2 3.5
      vertex 158.931 14.2282 3.5
    endloop
  endfacet
  facet normal 0 0 -1
    outer loop
      vertex 158.5 11.75 3.5
      vertex 158.069 14.2282 3.5
      vertex 158.5 14.2 3.5
    endloop
  endfacet
  facet normal 0 0 -1
    outer loop
      vertex 157.749 11.7992 3.5
      vertex 158.069 14.2282 3.5
      vertex 158.5 11.75 3.5
    endloop
  endfacet
  facet normal 0 0 -1
    outer loop
      vertex 157.749 11.7992 3.5
      vertex 157.646 14.3124 3.5
      vertex 158.069 14.2282 3.5
    endloop
  endfacet
  facet normal 0 0 -1
    outer loop
      vertex 157.012 11.9459 3.5
      vertex 157.646 14.3124 3.5
      vertex 157.749 11.7992 3.5
    endloop
  endfacet
  facet normal -0 0 -1
    outer loop
      vertex 157.646 14.3124 3.5
      vertex 157.012 11.9459 3.5
      vertex 157.237 14.4512 3.5
    endloop
  endfacet
  facet normal 0 0 -1
    outer loop
      vertex 156.3 12.1877 3.5
      vertex 157.237 14.4512 3.5
      vertex 157.012 11.9459 3.5
    endloop
  endfacet
  facet normal -0 0 -1
    outer loop
      vertex 157.237 14.4512 3.5
      vertex 156.3 12.1877 3.5
      vertex 156.85 14.6421 3.5
    endloop
  endfacet
  facet normal 0 0 -1
    outer loop
      vertex 155.625 12.5204 3.5
      vertex 156.85 14.6421 3.5
      vertex 156.3 12.1877 3.5
    endloop
  endfacet
  facet normal -0 0 -1
    outer loop
      vertex 156.85 14.6421 3.5
      vertex 155.625 12.5204 3.5
      vertex 156.491 14.8819 3.5
    endloop
  endfacet
  facet normal 0 0 -1
    outer loop
      vertex 155 12.9382 3.5
      vertex 156.491 14.8819 3.5
      vertex 155.625 12.5204 3.5
    endloop
  endfacet
  facet normal -0 0 -1
    outer loop
      vertex 156.491 14.8819 3.5
      vertex 155 12.9382 3.5
      vertex 156.167 15.1665 3.5
    endloop
  endfacet
  facet normal 0 0 -1
    outer loop
      vertex 154.434 13.4341 3.5
      vertex 156.167 15.1665 3.5
      vertex 155 12.9382 3.5
    endloop
  endfacet
  facet normal -0 0 -1
    outer loop
      vertex 156.167 15.1665 3.5
      vertex 154.434 13.4341 3.5
      vertex 155.882 15.4911 3.5
    endloop
  endfacet
  facet normal 0 0 -1
    outer loop
      vertex 153.938 13.9996 3.5
      vertex 155.882 15.4911 3.5
      vertex 154.434 13.4341 3.5
    endloop
  endfacet
  facet normal -0 0 -1
    outer loop
      vertex 155.882 15.4911 3.5
      vertex 153.938 13.9996 3.5
      vertex 155.642 15.85 3.5
    endloop
  endfacet
  facet normal -0 0 -1
    outer loop
      vertex 155.642 15.85 3.5
      vertex 153.52 14.625 3.5
      vertex 155.451 16.2371 3.5
    endloop
  endfacet
  facet normal 0 0 -1
    outer loop
      vertex 153.52 14.625 3.5
      vertex 155.642 15.85 3.5
      vertex 153.938 13.9996 3.5
    endloop
  endfacet
  facet normal 0 0 -1
    outer loop
      vertex 161.358 19.15 3.5
      vertex 163.48 20.375 3.5
      vertex 161.549 18.7629 3.5
    endloop
  endfacet
  facet normal -0 0 -1
    outer loop
      vertex 163.48 20.375 3.5
      vertex 161.358 19.15 3.5
      vertex 163.062 21.0004 3.5
    endloop
  endfacet
  facet normal 0 0 -1
    outer loop
      vertex 161.118 19.5089 3.5
      vertex 163.062 21.0004 3.5
      vertex 161.358 19.15 3.5
    endloop
  endfacet
  facet normal -0 0 -1
    outer loop
      vertex 163.062 21.0004 3.5
      vertex 161.118 19.5089 3.5
      vertex 162.566 21.5659 3.5
    endloop
  endfacet
  facet normal 0 0 -1
    outer loop
      vertex 160.833 19.8335 3.5
      vertex 162.566 21.5659 3.5
      vertex 161.118 19.5089 3.5
    endloop
  endfacet
  facet normal -0 0 -1
    outer loop
      vertex 162.566 21.5659 3.5
      vertex 160.833 19.8335 3.5
      vertex 162 22.0618 3.5
    endloop
  endfacet
  facet normal 0 0 -1
    outer loop
      vertex 160.509 20.1181 3.5
      vertex 162 22.0618 3.5
      vertex 160.833 19.8335 3.5
    endloop
  endfacet
  facet normal -0 0 -1
    outer loop
      vertex 162 22.0618 3.5
      vertex 160.509 20.1181 3.5
      vertex 161.375 22.4796 3.5
    endloop
  endfacet
  facet normal 0 0 -1
    outer loop
      vertex 160.15 20.3579 3.5
      vertex 161.375 22.4796 3.5
      vertex 160.509 20.1181 3.5
    endloop
  endfacet
  facet normal -0 0 -1
    outer loop
      vertex 161.375 22.4796 3.5
      vertex 160.15 20.3579 3.5
      vertex 160.7 22.8123 3.5
    endloop
  endfacet
  facet normal 0 0 -1
    outer loop
      vertex 159.763 20.5488 3.5
      vertex 160.7 22.8123 3.5
      vertex 160.15 20.3579 3.5
    endloop
  endfacet
  facet normal -0 0 -1
    outer loop
      vertex 160.7 22.8123 3.5
      vertex 159.763 20.5488 3.5
      vertex 159.988 23.0541 3.5
    endloop
  endfacet
  facet normal 0 0 -1
    outer loop
      vertex 159.354 20.6876 3.5
      vertex 159.988 23.0541 3.5
      vertex 159.763 20.5488 3.5
    endloop
  endfacet
  facet normal 0 0 -1
    outer loop
      vertex 159.354 20.6876 3.5
      vertex 159.251 23.2008 3.5
      vertex 159.988 23.0541 3.5
    endloop
  endfacet
  facet normal 0 0 -1
    outer loop
      vertex 158.931 20.7718 3.5
      vertex 159.251 23.2008 3.5
      vertex 159.354 20.6876 3.5
    endloop
  endfacet
  facet normal 0 0 -1
    outer loop
      vertex 158.5 20.8 3.5
      vertex 159.251 23.2008 3.5
      vertex 158.931 20.7718 3.5
    endloop
  endfacet
  facet normal 0 0 -1
    outer loop
      vertex 158.5 20.8 3.5
      vertex 158.5 23.25 3.5
      vertex 159.251 23.2008 3.5
    endloop
  endfacet
  facet normal 0 0 -1
    outer loop
      vertex 158.069 20.7718 3.5
      vertex 158.5 23.25 3.5
      vertex 158.5 20.8 3.5
    endloop
  endfacet
  facet normal 0 0 -1
    outer loop
      vertex 158.069 20.7718 3.5
      vertex 157.749 23.2008 3.5
      vertex 158.5 23.25 3.5
    endloop
  endfacet
  facet normal 0 0 -1
    outer loop
      vertex 157.646 20.6876 3.5
      vertex 157.749 23.2008 3.5
      vertex 158.069 20.7718 3.5
    endloop
  endfacet
  facet normal 0 0 -1
    outer loop
      vertex 157.012 23.0541 3.5
      vertex 157.646 20.6876 3.5
      vertex 157.237 20.5488 3.5
    endloop
  endfacet
  facet normal 0 0 -1
    outer loop
      vertex 157.646 20.6876 3.5
      vertex 157.012 23.0541 3.5
      vertex 157.749 23.2008 3.5
    endloop
  endfacet
  facet normal 0 0 -1
    outer loop
      vertex 156.3 22.8123 3.5
      vertex 157.237 20.5488 3.5
      vertex 156.85 20.3579 3.5
    endloop
  endfacet
  facet normal 0 0 -1
    outer loop
      vertex 155.625 22.4796 3.5
      vertex 156.85 20.3579 3.5
      vertex 156.491 20.1181 3.5
    endloop
  endfacet
  facet normal 0 0 -1
    outer loop
      vertex 157.237 20.5488 3.5
      vertex 156.3 22.8123 3.5
      vertex 157.012 23.0541 3.5
    endloop
  endfacet
  facet normal 0 0 -1
    outer loop
      vertex 155 22.0618 3.5
      vertex 156.491 20.1181 3.5
      vertex 156.167 19.8335 3.5
    endloop
  endfacet
  facet normal 0 0 -1
    outer loop
      vertex 154.434 21.5659 3.5
      vertex 156.167 19.8335 3.5
      vertex 155.882 19.5089 3.5
    endloop
  endfacet
  facet normal 0 0 -1
    outer loop
      vertex 153.938 21.0004 3.5
      vertex 155.882 19.5089 3.5
      vertex 155.642 19.15 3.5
    endloop
  endfacet
  facet normal 0 0 -1
    outer loop
      vertex 156.85 20.3579 3.5
      vertex 155.625 22.4796 3.5
      vertex 156.3 22.8123 3.5
    endloop
  endfacet
  facet normal 0 0 -1
    outer loop
      vertex 153.52 20.375 3.5
      vertex 155.642 19.15 3.5
      vertex 155.451 18.7629 3.5
    endloop
  endfacet
  facet normal 0 0 -1
    outer loop
      vertex 153.188 19.7004 3.5
      vertex 155.451 18.7629 3.5
      vertex 155.312 18.3541 3.5
    endloop
  endfacet
  facet normal 0 0 -1
    outer loop
      vertex 152.946 18.9882 3.5
      vertex 155.312 18.3541 3.5
      vertex 155.228 17.9307 3.5
    endloop
  endfacet
  facet normal 0 0 -1
    outer loop
      vertex 156.491 20.1181 3.5
      vertex 155 22.0618 3.5
      vertex 155.625 22.4796 3.5
    endloop
  endfacet
  facet normal 0 0 -1
    outer loop
      vertex 152.799 18.2505 3.5
      vertex 155.228 17.9307 3.5
      vertex 155.2 17.5 3.5
    endloop
  endfacet
  facet normal 0 0 -1
    outer loop
      vertex 153.188 15.2996 3.5
      vertex 155.451 16.2371 3.5
      vertex 153.52 14.625 3.5
    endloop
  endfacet
  facet normal -0 0 -1
    outer loop
      vertex 155.451 16.2371 3.5
      vertex 153.188 15.2996 3.5
      vertex 155.312 16.6459 3.5
    endloop
  endfacet
  facet normal 0 0 -1
    outer loop
      vertex 156.167 19.8335 3.5
      vertex 154.434 21.5659 3.5
      vertex 155 22.0618 3.5
    endloop
  endfacet
  facet normal 0 0 -1
    outer loop
      vertex 152.946 16.0118 3.5
      vertex 155.312 16.6459 3.5
      vertex 153.188 15.2996 3.5
    endloop
  endfacet
  facet normal 0 0 -1
    outer loop
      vertex 155.882 19.5089 3.5
      vertex 153.938 21.0004 3.5
      vertex 154.434 21.5659 3.5
    endloop
  endfacet
  facet normal -0 0 -1
    outer loop
      vertex 155.312 16.6459 3.5
      vertex 152.946 16.0118 3.5
      vertex 155.228 17.0693 3.5
    endloop
  endfacet
  facet normal 0 0 -1
    outer loop
      vertex 155.642 19.15 3.5
      vertex 153.52 20.375 3.5
      vertex 153.938 21.0004 3.5
    endloop
  endfacet
  facet normal 0 0 -1
    outer loop
      vertex 152.799 16.7495 3.5
      vertex 155.228 17.0693 3.5
      vertex 152.946 16.0118 3.5
    endloop
  endfacet
  facet normal 0 0 -1
    outer loop
      vertex 155.451 18.7629 3.5
      vertex 153.188 19.7004 3.5
      vertex 153.52 20.375 3.5
    endloop
  endfacet
  facet normal -0 0 -1
    outer loop
      vertex 155.228 17.0693 3.5
      vertex 152.799 16.7495 3.5
      vertex 155.2 17.5 3.5
    endloop
  endfacet
  facet normal 0 0 -1
    outer loop
      vertex 155.312 18.3541 3.5
      vertex 152.946 18.9882 3.5
      vertex 153.188 19.7004 3.5
    endloop
  endfacet
  facet normal 0 0 -1
    outer loop
      vertex 152.75 17.5 3.5
      vertex 155.2 17.5 3.5
      vertex 152.799 16.7495 3.5
    endloop
  endfacet
  facet normal 0 0 -1
    outer loop
      vertex 155.228 17.9307 3.5
      vertex 152.799 18.2505 3.5
      vertex 152.946 18.9882 3.5
    endloop
  endfacet
  facet normal 0 0 -1
    outer loop
      vertex 155.2 17.5 3.5
      vertex 152.75 17.5 3.5
      vertex 152.799 18.2505 3.5
    endloop
  endfacet
  facet normal 0.321569 0.946886 -0
    outer loop
      vertex 157.012 11.9459 0
      vertex 156.3 12.1877 3.5
      vertex 157.012 11.9459 3.5
    endloop
  endfacet
  facet normal 0.321569 0.946886 0
    outer loop
      vertex 156.3 12.1877 3.5
      vertex 157.012 11.9459 0
      vertex 156.3 12.1877 0
    endloop
  endfacet
  facet normal 0.442104 0.896964 -0
    outer loop
      vertex 156.3 12.1877 0
      vertex 155.625 12.5204 3.5
      vertex 156.3 12.1877 3.5
    endloop
  endfacet
  facet normal 0.442104 0.896964 0
    outer loop
      vertex 155.625 12.5204 3.5
      vertex 156.3 12.1877 0
      vertex 155.625 12.5204 0
    endloop
  endfacet
  facet normal 0.195224 0.980759 -0
    outer loop
      vertex 158.069 29.2282 3.5
      vertex 157.646 29.3124 11
      vertex 158.069 29.2282 11
    endloop
  endfacet
  facet normal 0.195224 0.980759 0
    outer loop
      vertex 157.646 29.3124 11
      vertex 158.069 29.2282 3.5
      vertex 157.646 29.3124 3.5
    endloop
  endfacet
  facet normal -0.997893 -0.0648735 0
    outer loop
      vertex 161.8 32.5 3.5
      vertex 161.772 32.9307 11
      vertex 161.772 32.9307 3.5
    endloop
  endfacet
  facet normal -0.997893 -0.0648735 0
    outer loop
      vertex 161.772 32.9307 11
      vertex 161.8 32.5 3.5
      vertex 161.8 32.5 11
    endloop
  endfacet
  facet normal -0.659948 -0.751311 0
    outer loop
      vertex 160.509 35.1181 3.5
      vertex 160.833 34.8335 11
      vertex 160.509 35.1181 11
    endloop
  endfacet
  facet normal -0.659948 -0.751311 -0
    outer loop
      vertex 160.833 34.8335 11
      vertex 160.509 35.1181 3.5
      vertex 160.833 34.8335 3.5
    endloop
  endfacet
  facet normal -0.195224 -0.980759 0
    outer loop
      vertex 158.931 35.7718 3.5
      vertex 159.354 35.6876 11
      vertex 158.931 35.7718 11
    endloop
  endfacet
  facet normal -0.195224 -0.980759 -0
    outer loop
      vertex 159.354 35.6876 11
      vertex 158.931 35.7718 3.5
      vertex 159.354 35.6876 3.5
    endloop
  endfacet
  facet normal -0.896778 -0.442481 0
    outer loop
      vertex 161.549 33.7629 3.5
      vertex 161.358 34.15 11
      vertex 161.358 34.15 3.5
    endloop
  endfacet
  facet normal -0.896778 -0.442481 0
    outer loop
      vertex 161.358 34.15 11
      vertex 161.549 33.7629 3.5
      vertex 161.549 33.7629 11
    endloop
  endfacet
  facet normal -0.442387 0.896824 0
    outer loop
      vertex 160.15 29.6421 3.5
      vertex 159.763 29.4512 11
      vertex 160.15 29.6421 11
    endloop
  endfacet
  facet normal -0.442387 0.896824 0
    outer loop
      vertex 159.763 29.4512 11
      vertex 160.15 29.6421 3.5
      vertex 159.763 29.4512 3.5
    endloop
  endfacet
  facet normal -0.555448 -0.831551 0
    outer loop
      vertex 160.15 35.3579 3.5
      vertex 160.509 35.1181 11
      vertex 160.15 35.3579 11
    endloop
  endfacet
  facet normal -0.555448 -0.831551 -0
    outer loop
      vertex 160.509 35.1181 11
      vertex 160.15 35.3579 3.5
      vertex 160.509 35.1181 3.5
    endloop
  endfacet
  facet normal 0.946767 0.321919 0
    outer loop
      vertex 155.451 31.2371 11
      vertex 155.312 31.6459 3.5
      vertex 155.312 31.6459 11
    endloop
  endfacet
  facet normal 0.946767 0.321919 0
    outer loop
      vertex 155.312 31.6459 3.5
      vertex 155.451 31.2371 11
      vertex 155.451 31.2371 3.5
    endloop
  endfacet
  facet normal -0.751457 0.659782 0
    outer loop
      vertex 160.833 30.1665 3.5
      vertex 161.118 30.4911 11
      vertex 161.118 30.4911 3.5
    endloop
  endfacet
  facet normal -0.751457 0.659782 0
    outer loop
      vertex 161.118 30.4911 11
      vertex 160.833 30.1665 3.5
      vertex 160.833 30.1665 11
    endloop
  endfacet
  facet normal 0.896778 -0.442481 0
    outer loop
      vertex 155.451 33.7629 11
      vertex 155.642 34.15 3.5
      vertex 155.642 34.15 11
    endloop
  endfacet
  facet normal 0.896778 -0.442481 0
    outer loop
      vertex 155.642 34.15 3.5
      vertex 155.451 33.7629 11
      vertex 155.451 33.7629 3.5
    endloop
  endfacet
  facet normal 0.555448 0.831551 -0
    outer loop
      vertex 156.85 29.6421 3.5
      vertex 156.491 29.8819 11
      vertex 156.85 29.6421 11
    endloop
  endfacet
  facet normal 0.555448 0.831551 0
    outer loop
      vertex 156.491 29.8819 11
      vertex 156.85 29.6421 3.5
      vertex 156.491 29.8819 3.5
    endloop
  endfacet
  facet normal -0.946767 -0.321919 0
    outer loop
      vertex 161.688 33.3541 3.5
      vertex 161.549 33.7629 11
      vertex 161.549 33.7629 3.5
    endloop
  endfacet
  facet normal -0.946767 -0.321919 0
    outer loop
      vertex 161.549 33.7629 11
      vertex 161.688 33.3541 3.5
      vertex 161.688 33.3541 11
    endloop
  endfacet
  facet normal 0.659948 0.751311 -0
    outer loop
      vertex 156.491 29.8819 3.5
      vertex 156.167 30.1665 11
      vertex 156.491 29.8819 11
    endloop
  endfacet
  facet normal 0.659948 0.751311 0
    outer loop
      vertex 156.167 30.1665 11
      vertex 156.491 29.8819 3.5
      vertex 156.167 30.1665 3.5
    endloop
  endfacet
  facet normal -0.751457 -0.659782 0
    outer loop
      vertex 161.118 34.5089 3.5
      vertex 160.833 34.8335 11
      vertex 160.833 34.8335 3.5
    endloop
  endfacet
  facet normal -0.751457 -0.659782 0
    outer loop
      vertex 160.833 34.8335 11
      vertex 161.118 34.5089 3.5
      vertex 161.118 34.5089 11
    endloop
  endfacet
  facet normal 0.659948 -0.751311 0
    outer loop
      vertex 156.167 34.8335 3.5
      vertex 156.491 35.1181 11
      vertex 156.167 34.8335 11
    endloop
  endfacet
  facet normal 0.659948 -0.751311 0
    outer loop
      vertex 156.491 35.1181 11
      vertex 156.167 34.8335 3.5
      vertex 156.491 35.1181 3.5
    endloop
  endfacet
  facet normal -0.321363 -0.946956 0
    outer loop
      vertex 159.354 35.6876 3.5
      vertex 159.763 35.5488 11
      vertex 159.354 35.6876 11
    endloop
  endfacet
  facet normal -0.321363 -0.946956 -0
    outer loop
      vertex 159.763 35.5488 11
      vertex 159.354 35.6876 3.5
      vertex 159.763 35.5488 3.5
    endloop
  endfacet
  facet normal 0.980882 0.194601 0
    outer loop
      vertex 155.312 31.6459 11
      vertex 155.228 32.0693 3.5
      vertex 155.228 32.0693 11
    endloop
  endfacet
  facet normal 0.980882 0.194601 0
    outer loop
      vertex 155.228 32.0693 3.5
      vertex 155.312 31.6459 11
      vertex 155.312 31.6459 3.5
    endloop
  endfacet
  facet normal -0.980882 -0.194601 0
    outer loop
      vertex 161.772 32.9307 3.5
      vertex 161.688 33.3541 11
      vertex 161.688 33.3541 3.5
    endloop
  endfacet
  facet normal -0.980882 -0.194601 0
    outer loop
      vertex 161.688 33.3541 11
      vertex 161.772 32.9307 3.5
      vertex 161.772 32.9307 11
    endloop
  endfacet
  facet normal -0.946767 0.321919 0
    outer loop
      vertex 161.549 31.2371 3.5
      vertex 161.688 31.6459 11
      vertex 161.688 31.6459 3.5
    endloop
  endfacet
  facet normal -0.946767 0.321919 0
    outer loop
      vertex 161.688 31.6459 11
      vertex 161.549 31.2371 3.5
      vertex 161.549 31.2371 11
    endloop
  endfacet
  facet normal -0.997893 0.0648735 0
    outer loop
      vertex 161.772 32.0693 3.5
      vertex 161.8 32.5 11
      vertex 161.8 32.5 3.5
    endloop
  endfacet
  facet normal -0.997893 0.0648735 0
    outer loop
      vertex 161.8 32.5 11
      vertex 161.772 32.0693 3.5
      vertex 161.772 32.0693 11
    endloop
  endfacet
  facet normal -0.831266 -0.555876 0
    outer loop
      vertex 161.358 34.15 3.5
      vertex 161.118 34.5089 11
      vertex 161.118 34.5089 3.5
    endloop
  endfacet
  facet normal -0.831266 -0.555876 0
    outer loop
      vertex 161.118 34.5089 11
      vertex 161.358 34.15 3.5
      vertex 161.358 34.15 11
    endloop
  endfacet
  facet normal -0.442387 -0.896824 0
    outer loop
      vertex 159.763 35.5488 3.5
      vertex 160.15 35.3579 11
      vertex 159.763 35.5488 11
    endloop
  endfacet
  facet normal -0.442387 -0.896824 -0
    outer loop
      vertex 160.15 35.3579 11
      vertex 159.763 35.5488 3.5
      vertex 160.15 35.3579 3.5
    endloop
  endfacet
  facet normal 0.896778 0.442481 0
    outer loop
      vertex 155.642 30.85 11
      vertex 155.451 31.2371 3.5
      vertex 155.451 31.2371 11
    endloop
  endfacet
  facet normal 0.896778 0.442481 0
    outer loop
      vertex 155.451 31.2371 3.5
      vertex 155.642 30.85 11
      vertex 155.642 30.85 3.5
    endloop
  endfacet
  facet normal -0.321363 0.946956 0
    outer loop
      vertex 159.763 29.4512 3.5
      vertex 159.354 29.3124 11
      vertex 159.763 29.4512 11
    endloop
  endfacet
  facet normal -0.321363 0.946956 0
    outer loop
      vertex 159.354 29.3124 11
      vertex 159.763 29.4512 3.5
      vertex 159.354 29.3124 3.5
    endloop
  endfacet
  facet normal -0.831266 0.555876 0
    outer loop
      vertex 161.118 30.4911 3.5
      vertex 161.358 30.85 11
      vertex 161.358 30.85 3.5
    endloop
  endfacet
  facet normal -0.831266 0.555876 0
    outer loop
      vertex 161.358 30.85 11
      vertex 161.118 30.4911 3.5
      vertex 161.118 30.4911 11
    endloop
  endfacet
  facet normal 0.555448 -0.831551 0
    outer loop
      vertex 156.491 35.1181 3.5
      vertex 156.85 35.3579 11
      vertex 156.491 35.1181 11
    endloop
  endfacet
  facet normal 0.555448 -0.831551 0
    outer loop
      vertex 156.85 35.3579 11
      vertex 156.491 35.1181 3.5
      vertex 156.85 35.3579 3.5
    endloop
  endfacet
  facet normal -0.896778 0.442481 0
    outer loop
      vertex 161.358 30.85 3.5
      vertex 161.549 31.2371 11
      vertex 161.549 31.2371 3.5
    endloop
  endfacet
  facet normal -0.896778 0.442481 0
    outer loop
      vertex 161.549 31.2371 11
      vertex 161.358 30.85 3.5
      vertex 161.358 30.85 11
    endloop
  endfacet
  facet normal 0.442387 -0.896824 0
    outer loop
      vertex 156.85 35.3579 3.5
      vertex 157.237 35.5488 11
      vertex 156.85 35.3579 11
    endloop
  endfacet
  facet normal 0.442387 -0.896824 0
    outer loop
      vertex 157.237 35.5488 11
      vertex 156.85 35.3579 3.5
      vertex 157.237 35.5488 3.5
    endloop
  endfacet
  facet normal 0.751457 -0.659782 0
    outer loop
      vertex 155.882 34.5089 11
      vertex 156.167 34.8335 3.5
      vertex 156.167 34.8335 11
    endloop
  endfacet
  facet normal 0.751457 -0.659782 0
    outer loop
      vertex 156.167 34.8335 3.5
      vertex 155.882 34.5089 11
      vertex 155.882 34.5089 3.5
    endloop
  endfacet
  facet normal 0.321363 0.946956 -0
    outer loop
      vertex 157.646 29.3124 3.5
      vertex 157.237 29.4512 11
      vertex 157.646 29.3124 11
    endloop
  endfacet
  facet normal 0.321363 0.946956 0
    outer loop
      vertex 157.237 29.4512 11
      vertex 157.646 29.3124 3.5
      vertex 157.237 29.4512 3.5
    endloop
  endfacet
  facet normal -0.659948 0.751311 0
    outer loop
      vertex 160.833 30.1665 3.5
      vertex 160.509 29.8819 11
      vertex 160.833 30.1665 11
    endloop
  endfacet
  facet normal -0.659948 0.751311 0
    outer loop
      vertex 160.509 29.8819 11
      vertex 160.833 30.1665 3.5
      vertex 160.509 29.8819 3.5
    endloop
  endfacet
  facet normal 0.997893 0.0648735 0
    outer loop
      vertex 155.228 32.0693 11
      vertex 155.2 32.5 3.5
      vertex 155.2 32.5 11
    endloop
  endfacet
  facet normal 0.997893 0.0648735 0
    outer loop
      vertex 155.2 32.5 3.5
      vertex 155.228 32.0693 11
      vertex 155.228 32.0693 3.5
    endloop
  endfacet
  facet normal -0.555448 0.831551 0
    outer loop
      vertex 160.509 29.8819 3.5
      vertex 160.15 29.6421 11
      vertex 160.509 29.8819 11
    endloop
  endfacet
  facet normal -0.555448 0.831551 0
    outer loop
      vertex 160.15 29.6421 11
      vertex 160.509 29.8819 3.5
      vertex 160.15 29.6421 3.5
    endloop
  endfacet
  facet normal 0.946767 -0.321919 0
    outer loop
      vertex 155.312 33.3541 11
      vertex 155.451 33.7629 3.5
      vertex 155.451 33.7629 11
    endloop
  endfacet
  facet normal 0.946767 -0.321919 0
    outer loop
      vertex 155.451 33.7629 3.5
      vertex 155.312 33.3541 11
      vertex 155.312 33.3541 3.5
    endloop
  endfacet
  facet normal -0.195224 0.980759 0
    outer loop
      vertex 159.354 29.3124 3.5
      vertex 158.931 29.2282 11
      vertex 159.354 29.3124 11
    endloop
  endfacet
  facet normal -0.195224 0.980759 0
    outer loop
      vertex 158.931 29.2282 11
      vertex 159.354 29.3124 3.5
      vertex 158.931 29.2282 3.5
    endloop
  endfacet
  facet normal 0.980882 -0.194601 0
    outer loop
      vertex 155.228 32.9307 11
      vertex 155.312 33.3541 3.5
      vertex 155.312 33.3541 11
    endloop
  endfacet
  facet normal 0.980882 -0.194601 0
    outer loop
      vertex 155.312 33.3541 3.5
      vertex 155.228 32.9307 11
      vertex 155.228 32.9307 3.5
    endloop
  endfacet
  facet normal 0.195224 -0.980759 0
    outer loop
      vertex 157.646 35.6876 3.5
      vertex 158.069 35.7718 11
      vertex 157.646 35.6876 11
    endloop
  endfacet
  facet normal 0.195224 -0.980759 0
    outer loop
      vertex 158.069 35.7718 11
      vertex 157.646 35.6876 3.5
      vertex 158.069 35.7718 3.5
    endloop
  endfacet
  facet normal 0.0652896 -0.997866 0
    outer loop
      vertex 158.069 35.7718 3.5
      vertex 158.5 35.8 11
      vertex 158.069 35.7718 11
    endloop
  endfacet
  facet normal 0.0652896 -0.997866 0
    outer loop
      vertex 158.5 35.8 11
      vertex 158.069 35.7718 3.5
      vertex 158.5 35.8 3.5
    endloop
  endfacet
  facet normal 0.442387 0.896824 -0
    outer loop
      vertex 157.237 29.4512 3.5
      vertex 156.85 29.6421 11
      vertex 157.237 29.4512 11
    endloop
  endfacet
  facet normal 0.442387 0.896824 0
    outer loop
      vertex 156.85 29.6421 11
      vertex 157.237 29.4512 3.5
      vertex 156.85 29.6421 3.5
    endloop
  endfacet
  facet normal 0.321363 -0.946956 0
    outer loop
      vertex 157.237 35.5488 3.5
      vertex 157.646 35.6876 11
      vertex 157.237 35.5488 11
    endloop
  endfacet
  facet normal 0.321363 -0.946956 0
    outer loop
      vertex 157.646 35.6876 11
      vertex 157.237 35.5488 3.5
      vertex 157.646 35.6876 3.5
    endloop
  endfacet
  facet normal 0.831266 0.555876 0
    outer loop
      vertex 155.882 30.4911 11
      vertex 155.642 30.85 3.5
      vertex 155.642 30.85 11
    endloop
  endfacet
  facet normal 0.831266 0.555876 0
    outer loop
      vertex 155.642 30.85 3.5
      vertex 155.882 30.4911 11
      vertex 155.882 30.4911 3.5
    endloop
  endfacet
  facet normal 0.997893 -0.0648735 0
    outer loop
      vertex 155.2 32.5 11
      vertex 155.228 32.9307 3.5
      vertex 155.228 32.9307 11
    endloop
  endfacet
  facet normal 0.997893 -0.0648735 0
    outer loop
      vertex 155.228 32.9307 3.5
      vertex 155.2 32.5 11
      vertex 155.2 32.5 3.5
    endloop
  endfacet
  facet normal -0.980882 0.194601 0
    outer loop
      vertex 161.688 31.6459 3.5
      vertex 161.772 32.0693 11
      vertex 161.772 32.0693 3.5
    endloop
  endfacet
  facet normal -0.980882 0.194601 0
    outer loop
      vertex 161.772 32.0693 11
      vertex 161.688 31.6459 3.5
      vertex 161.688 31.6459 11
    endloop
  endfacet
  facet normal -0.0652896 -0.997866 0
    outer loop
      vertex 158.5 35.8 3.5
      vertex 158.931 35.7718 11
      vertex 158.5 35.8 11
    endloop
  endfacet
  facet normal -0.0652896 -0.997866 -0
    outer loop
      vertex 158.931 35.7718 11
      vertex 158.5 35.8 3.5
      vertex 158.931 35.7718 3.5
    endloop
  endfacet
  facet normal 0.831266 -0.555876 0
    outer loop
      vertex 155.642 34.15 11
      vertex 155.882 34.5089 3.5
      vertex 155.882 34.5089 11
    endloop
  endfacet
  facet normal 0.831266 -0.555876 0
    outer loop
      vertex 155.882 34.5089 3.5
      vertex 155.642 34.15 11
      vertex 155.642 34.15 3.5
    endloop
  endfacet
  facet normal -0.0652896 0.997866 0
    outer loop
      vertex 158.931 29.2282 3.5
      vertex 158.5 29.2 11
      vertex 158.931 29.2282 11
    endloop
  endfacet
  facet normal -0.0652896 0.997866 0
    outer loop
      vertex 158.5 29.2 11
      vertex 158.931 29.2282 3.5
      vertex 158.5 29.2 3.5
    endloop
  endfacet
  facet normal 0.0652896 0.997866 -0
    outer loop
      vertex 158.5 29.2 3.5
      vertex 158.069 29.2282 11
      vertex 158.5 29.2 11
    endloop
  endfacet
  facet normal 0.0652896 0.997866 0
    outer loop
      vertex 158.069 29.2282 11
      vertex 158.5 29.2 3.5
      vertex 158.069 29.2282 3.5
    endloop
  endfacet
  facet normal 0.751457 0.659782 0
    outer loop
      vertex 156.167 30.1665 11
      vertex 155.882 30.4911 3.5
      vertex 155.882 30.4911 11
    endloop
  endfacet
  facet normal 0.751457 0.659782 0
    outer loop
      vertex 155.882 30.4911 3.5
      vertex 156.167 30.1665 11
      vertex 156.167 30.1665 3.5
    endloop
  endfacet
  facet normal 0.946833 0.321726 0
    outer loop
      vertex 153.188 30.2996 3.5
      vertex 152.946 31.0118 0
      vertex 152.946 31.0118 3.5
    endloop
  endfacet
  facet normal 0.946833 0.321726 0
    outer loop
      vertex 152.946 31.0118 0
      vertex 153.188 30.2996 3.5
      vertex 153.188 30.2996 0
    endloop
  endfacet
  facet normal -0.19522 0.980759 0
    outer loop
      vertex 159.988 26.9459 0
      vertex 159.251 26.7992 3.5
      vertex 159.988 26.9459 3.5
    endloop
  endfacet
  facet normal -0.19522 0.980759 0
    outer loop
      vertex 159.251 26.7992 3.5
      vertex 159.988 26.9459 0
      vertex 159.251 26.7992 0
    endloop
  endfacet
  facet normal -0.980718 -0.195426 0
    outer loop
      vertex 164.201 33.2505 0
      vertex 164.054 33.9882 3.5
      vertex 164.054 33.9882 0
    endloop
  endfacet
  facet normal -0.980718 -0.195426 0
    outer loop
      vertex 164.054 33.9882 3.5
      vertex 164.201 33.2505 0
      vertex 164.201 33.2505 3.5
    endloop
  endfacet
  facet normal -0.997875 -0.0651511 0
    outer loop
      vertex 164.25 32.5 0
      vertex 164.201 33.2505 3.5
      vertex 164.201 33.2505 0
    endloop
  endfacet
  facet normal -0.997875 -0.0651511 0
    outer loop
      vertex 164.201 33.2505 3.5
      vertex 164.25 32.5 0
      vertex 164.25 32.5 3.5
    endloop
  endfacet
  facet normal 0.442104 -0.896964 0
    outer loop
      vertex 155.625 37.4796 0
      vertex 156.3 37.8123 3.5
      vertex 155.625 37.4796 3.5
    endloop
  endfacet
  facet normal 0.442104 -0.896964 0
    outer loop
      vertex 156.3 37.8123 3.5
      vertex 155.625 37.4796 0
      vertex 156.3 37.8123 0
    endloop
  endfacet
  facet normal -0.946833 -0.321726 0
    outer loop
      vertex 164.054 33.9882 0
      vertex 163.812 34.7004 3.5
      vertex 163.812 34.7004 0
    endloop
  endfacet
  facet normal -0.946833 -0.321726 0
    outer loop
      vertex 163.812 34.7004 3.5
      vertex 164.054 33.9882 0
      vertex 164.054 33.9882 3.5
    endloop
  endfacet
  facet normal -0.897229 0.441565 0
    outer loop
      vertex 163.48 29.625 0
      vertex 163.812 30.2996 3.5
      vertex 163.812 30.2996 0
    endloop
  endfacet
  facet normal -0.897229 0.441565 0
    outer loop
      vertex 163.812 30.2996 3.5
      vertex 163.48 29.625 0
      vertex 163.48 29.625 3.5
    endloop
  endfacet
  facet normal -0.997875 0.0651511 0
    outer loop
      vertex 164.201 31.7495 0
      vertex 164.25 32.5 3.5
      vertex 164.25 32.5 0
    endloop
  endfacet
  facet normal -0.997875 0.0651511 0
    outer loop
      vertex 164.25 32.5 3.5
      vertex 164.201 31.7495 0
      vertex 164.201 31.7495 3.5
    endloop
  endfacet
  facet normal -0.658994 -0.752148 0
    outer loop
      vertex 162 37.0618 0
      vertex 162.566 36.5659 3.5
      vertex 162 37.0618 3.5
    endloop
  endfacet
  facet normal -0.658994 -0.752148 -0
    outer loop
      vertex 162.566 36.5659 3.5
      vertex 162 37.0618 0
      vertex 162.566 36.5659 0
    endloop
  endfacet
  facet normal 0.658994 -0.752148 0
    outer loop
      vertex 154.434 36.5659 0
      vertex 155 37.0618 3.5
      vertex 154.434 36.5659 3.5
    endloop
  endfacet
  facet normal 0.658994 -0.752148 0
    outer loop
      vertex 155 37.0618 3.5
      vertex 154.434 36.5659 0
      vertex 155 37.0618 0
    endloop
  endfacet
  facet normal -0.0653725 -0.997861 0
    outer loop
      vertex 158.5 38.25 0
      vertex 159.251 38.2008 3.5
      vertex 158.5 38.25 3.5
    endloop
  endfacet
  facet normal -0.0653725 -0.997861 -0
    outer loop
      vertex 159.251 38.2008 3.5
      vertex 158.5 38.25 0
      vertex 159.251 38.2008 0
    endloop
  endfacet
  facet normal 0.997875 -0.0651511 0
    outer loop
      vertex 152.75 32.5 3.5
      vertex 152.799 33.2505 0
      vertex 152.799 33.2505 3.5
    endloop
  endfacet
  facet normal 0.997875 -0.0651511 0
    outer loop
      vertex 152.799 33.2505 0
      vertex 152.75 32.5 3.5
      vertex 152.75 32.5 0
    endloop
  endfacet
  facet normal 0.751794 0.659398 0
    outer loop
      vertex 154.434 28.4341 3.5
      vertex 153.938 28.9996 0
      vertex 153.938 28.9996 3.5
    endloop
  endfacet
  facet normal 0.751794 0.659398 0
    outer loop
      vertex 153.938 28.9996 0
      vertex 154.434 28.4341 3.5
      vertex 154.434 28.4341 0
    endloop
  endfacet
  facet normal 0.980718 0.195426 0
    outer loop
      vertex 152.946 31.0118 3.5
      vertex 152.799 31.7495 0
      vertex 152.799 31.7495 3.5
    endloop
  endfacet
  facet normal 0.980718 0.195426 0
    outer loop
      vertex 152.799 31.7495 0
      vertex 152.946 31.0118 3.5
      vertex 152.946 31.0118 0
    endloop
  endfacet
  facet normal -0.831395 0.555682 0
    outer loop
      vertex 163.062 28.9996 0
      vertex 163.48 29.625 3.5
      vertex 163.48 29.625 0
    endloop
  endfacet
  facet normal -0.831395 0.555682 0
    outer loop
      vertex 163.48 29.625 3.5
      vertex 163.062 28.9996 0
      vertex 163.062 28.9996 3.5
    endloop
  endfacet
  facet normal 0.897229 -0.441565 0
    outer loop
      vertex 153.188 34.7004 3.5
      vertex 153.52 35.375 0
      vertex 153.52 35.375 3.5
    endloop
  endfacet
  facet normal 0.897229 -0.441565 0
    outer loop
      vertex 153.52 35.375 0
      vertex 153.188 34.7004 3.5
      vertex 153.188 34.7004 0
    endloop
  endfacet
  facet normal 0.831395 -0.555682 0
    outer loop
      vertex 153.52 35.375 3.5
      vertex 153.938 36.0004 0
      vertex 153.938 36.0004 3.5
    endloop
  endfacet
  facet normal 0.831395 -0.555682 0
    outer loop
      vertex 153.938 36.0004 0
      vertex 153.52 35.375 3.5
      vertex 153.52 35.375 0
    endloop
  endfacet
  facet normal 0.0653725 -0.997861 0
    outer loop
      vertex 157.749 38.2008 0
      vertex 158.5 38.25 3.5
      vertex 157.749 38.2008 3.5
    endloop
  endfacet
  facet normal 0.0653725 -0.997861 0
    outer loop
      vertex 158.5 38.25 3.5
      vertex 157.749 38.2008 0
      vertex 158.5 38.25 0
    endloop
  endfacet
  facet normal 0.321569 -0.946886 0
    outer loop
      vertex 156.3 37.8123 0
      vertex 157.012 38.0541 3.5
      vertex 156.3 37.8123 3.5
    endloop
  endfacet
  facet normal 0.321569 -0.946886 0
    outer loop
      vertex 157.012 38.0541 3.5
      vertex 156.3 37.8123 0
      vertex 157.012 38.0541 0
    endloop
  endfacet
  facet normal 0.321569 0.946886 -0
    outer loop
      vertex 157.012 26.9459 0
      vertex 156.3 27.1877 3.5
      vertex 157.012 26.9459 3.5
    endloop
  endfacet
  facet normal 0.321569 0.946886 0
    outer loop
      vertex 156.3 27.1877 3.5
      vertex 157.012 26.9459 0
      vertex 156.3 27.1877 0
    endloop
  endfacet
  facet normal -0.442104 -0.896964 0
    outer loop
      vertex 160.7 37.8123 0
      vertex 161.375 37.4796 3.5
      vertex 160.7 37.8123 3.5
    endloop
  endfacet
  facet normal -0.442104 -0.896964 -0
    outer loop
      vertex 161.375 37.4796 3.5
      vertex 160.7 37.8123 0
      vertex 161.375 37.4796 0
    endloop
  endfacet
  facet normal -0.0653725 0.997861 0
    outer loop
      vertex 159.251 26.7992 0
      vertex 158.5 26.75 3.5
      vertex 159.251 26.7992 3.5
    endloop
  endfacet
  facet normal -0.0653725 0.997861 0
    outer loop
      vertex 158.5 26.75 3.5
      vertex 159.251 26.7992 0
      vertex 158.5 26.75 0
    endloop
  endfacet
  facet normal -0.555743 0.831354 0
    outer loop
      vertex 162 27.9382 0
      vertex 161.375 27.5204 3.5
      vertex 162 27.9382 3.5
    endloop
  endfacet
  facet normal -0.555743 0.831354 0
    outer loop
      vertex 161.375 27.5204 3.5
      vertex 162 27.9382 0
      vertex 161.375 27.5204 0
    endloop
  endfacet
  facet normal -0.980718 0.195426 0
    outer loop
      vertex 164.054 31.0118 0
      vertex 164.201 31.7495 3.5
      vertex 164.201 31.7495 0
    endloop
  endfacet
  facet normal -0.980718 0.195426 0
    outer loop
      vertex 164.201 31.7495 3.5
      vertex 164.054 31.0118 0
      vertex 164.054 31.0118 3.5
    endloop
  endfacet
  facet normal 0.751794 -0.659398 0
    outer loop
      vertex 153.938 36.0004 3.5
      vertex 154.434 36.5659 0
      vertex 154.434 36.5659 3.5
    endloop
  endfacet
  facet normal 0.751794 -0.659398 0
    outer loop
      vertex 154.434 36.5659 0
      vertex 153.938 36.0004 3.5
      vertex 153.938 36.0004 0
    endloop
  endfacet
  facet normal 0.980718 -0.195426 0
    outer loop
      vertex 152.799 33.2505 3.5
      vertex 152.946 33.9882 0
      vertex 152.946 33.9882 3.5
    endloop
  endfacet
  facet normal 0.980718 -0.195426 0
    outer loop
      vertex 152.946 33.9882 0
      vertex 152.799 33.2505 3.5
      vertex 152.799 33.2505 0
    endloop
  endfacet
  facet normal -0.831395 -0.555682 0
    outer loop
      vertex 163.48 35.375 0
      vertex 163.062 36.0004 3.5
      vertex 163.062 36.0004 0
    endloop
  endfacet
  facet normal -0.831395 -0.555682 0
    outer loop
      vertex 163.062 36.0004 3.5
      vertex 163.48 35.375 0
      vertex 163.48 35.375 3.5
    endloop
  endfacet
  facet normal -0.555743 -0.831354 0
    outer loop
      vertex 161.375 37.4796 0
      vertex 162 37.0618 3.5
      vertex 161.375 37.4796 3.5
    endloop
  endfacet
  facet normal -0.555743 -0.831354 -0
    outer loop
      vertex 162 37.0618 3.5
      vertex 161.375 37.4796 0
      vertex 162 37.0618 0
    endloop
  endfacet
  facet normal 0.997875 0.0651511 0
    outer loop
      vertex 152.799 31.7495 3.5
      vertex 152.75 32.5 0
      vertex 152.75 32.5 3.5
    endloop
  endfacet
  facet normal 0.997875 0.0651511 0
    outer loop
      vertex 152.75 32.5 0
      vertex 152.799 31.7495 3.5
      vertex 152.799 31.7495 0
    endloop
  endfacet
  facet normal -0.321569 -0.946886 0
    outer loop
      vertex 159.988 38.0541 0
      vertex 160.7 37.8123 3.5
      vertex 159.988 38.0541 3.5
    endloop
  endfacet
  facet normal -0.321569 -0.946886 -0
    outer loop
      vertex 160.7 37.8123 3.5
      vertex 159.988 38.0541 0
      vertex 160.7 37.8123 0
    endloop
  endfacet
  facet normal -0.658994 0.752148 0
    outer loop
      vertex 162.566 28.4341 0
      vertex 162 27.9382 3.5
      vertex 162.566 28.4341 3.5
    endloop
  endfacet
  facet normal -0.658994 0.752148 0
    outer loop
      vertex 162 27.9382 3.5
      vertex 162.566 28.4341 0
      vertex 162 27.9382 0
    endloop
  endfacet
  facet normal 0.19522 -0.980759 0
    outer loop
      vertex 157.012 38.0541 0
      vertex 157.749 38.2008 3.5
      vertex 157.012 38.0541 3.5
    endloop
  endfacet
  facet normal 0.19522 -0.980759 0
    outer loop
      vertex 157.749 38.2008 3.5
      vertex 157.012 38.0541 0
      vertex 157.749 38.2008 0
    endloop
  endfacet
  facet normal -0.897229 -0.441565 0
    outer loop
      vertex 163.812 34.7004 0
      vertex 163.48 35.375 3.5
      vertex 163.48 35.375 0
    endloop
  endfacet
  facet normal -0.897229 -0.441565 0
    outer loop
      vertex 163.48 35.375 3.5
      vertex 163.812 34.7004 0
      vertex 163.812 34.7004 3.5
    endloop
  endfacet
  facet normal -0.946833 0.321726 0
    outer loop
      vertex 163.812 30.2996 0
      vertex 164.054 31.0118 3.5
      vertex 164.054 31.0118 0
    endloop
  endfacet
  facet normal -0.946833 0.321726 0
    outer loop
      vertex 164.054 31.0118 3.5
      vertex 163.812 30.2996 0
      vertex 163.812 30.2996 3.5
    endloop
  endfacet
  facet normal 0.555743 0.831354 -0
    outer loop
      vertex 155.625 27.5204 0
      vertex 155 27.9382 3.5
      vertex 155.625 27.5204 3.5
    endloop
  endfacet
  facet normal 0.555743 0.831354 0
    outer loop
      vertex 155 27.9382 3.5
      vertex 155.625 27.5204 0
      vertex 155 27.9382 0
    endloop
  endfacet
  facet normal 0.658994 0.752148 -0
    outer loop
      vertex 155 27.9382 0
      vertex 154.434 28.4341 3.5
      vertex 155 27.9382 3.5
    endloop
  endfacet
  facet normal 0.658994 0.752148 0
    outer loop
      vertex 154.434 28.4341 3.5
      vertex 155 27.9382 0
      vertex 154.434 28.4341 0
    endloop
  endfacet
  facet normal -0.751794 0.659398 0
    outer loop
      vertex 162.566 28.4341 0
      vertex 163.062 28.9996 3.5
      vertex 163.062 28.9996 0
    endloop
  endfacet
  facet normal -0.751794 0.659398 0
    outer loop
      vertex 163.062 28.9996 3.5
      vertex 162.566 28.4341 0
      vertex 162.566 28.4341 3.5
    endloop
  endfacet
  facet normal 0.897229 0.441565 0
    outer loop
      vertex 153.52 29.625 3.5
      vertex 153.188 30.2996 0
      vertex 153.188 30.2996 3.5
    endloop
  endfacet
  facet normal 0.897229 0.441565 0
    outer loop
      vertex 153.188 30.2996 0
      vertex 153.52 29.625 3.5
      vertex 153.52 29.625 0
    endloop
  endfacet
  facet normal 0.0653725 0.997861 -0
    outer loop
      vertex 158.5 26.75 0
      vertex 157.749 26.7992 3.5
      vertex 158.5 26.75 3.5
    endloop
  endfacet
  facet normal 0.0653725 0.997861 0
    outer loop
      vertex 157.749 26.7992 3.5
      vertex 158.5 26.75 0
      vertex 157.749 26.7992 0
    endloop
  endfacet
  facet normal -0.751794 -0.659398 0
    outer loop
      vertex 163.062 36.0004 0
      vertex 162.566 36.5659 3.5
      vertex 162.566 36.5659 0
    endloop
  endfacet
  facet normal -0.751794 -0.659398 0
    outer loop
      vertex 162.566 36.5659 3.5
      vertex 163.062 36.0004 0
      vertex 163.062 36.0004 3.5
    endloop
  endfacet
  facet normal 0.555743 -0.831354 0
    outer loop
      vertex 155 37.0618 0
      vertex 155.625 37.4796 3.5
      vertex 155 37.0618 3.5
    endloop
  endfacet
  facet normal 0.555743 -0.831354 0
    outer loop
      vertex 155.625 37.4796 3.5
      vertex 155 37.0618 0
      vertex 155.625 37.4796 0
    endloop
  endfacet
  facet normal 0 0 -1
    outer loop
      vertex 161.8 32.5 3.5
      vertex 164.25 32.5 3.5
      vertex 164.201 31.7495 3.5
    endloop
  endfacet
  facet normal 0 0 -1
    outer loop
      vertex 161.772 32.0693 3.5
      vertex 164.201 31.7495 3.5
      vertex 164.054 31.0118 3.5
    endloop
  endfacet
  facet normal 0 0 -1
    outer loop
      vertex 164.25 32.5 3.5
      vertex 161.8 32.5 3.5
      vertex 164.201 33.2505 3.5
    endloop
  endfacet
  facet normal 0 0 -1
    outer loop
      vertex 161.688 31.6459 3.5
      vertex 164.054 31.0118 3.5
      vertex 163.812 30.2996 3.5
    endloop
  endfacet
  facet normal 0 0 -1
    outer loop
      vertex 161.772 32.9307 3.5
      vertex 164.201 33.2505 3.5
      vertex 161.8 32.5 3.5
    endloop
  endfacet
  facet normal 0 0 -1
    outer loop
      vertex 161.549 31.2371 3.5
      vertex 163.812 30.2996 3.5
      vertex 163.48 29.625 3.5
    endloop
  endfacet
  facet normal -0 0 -1
    outer loop
      vertex 164.201 33.2505 3.5
      vertex 161.772 32.9307 3.5
      vertex 164.054 33.9882 3.5
    endloop
  endfacet
  facet normal 0 0 -1
    outer loop
      vertex 161.358 30.85 3.5
      vertex 163.48 29.625 3.5
      vertex 163.062 28.9996 3.5
    endloop
  endfacet
  facet normal 0 0 -1
    outer loop
      vertex 161.688 33.3541 3.5
      vertex 164.054 33.9882 3.5
      vertex 161.772 32.9307 3.5
    endloop
  endfacet
  facet normal 0 0 -1
    outer loop
      vertex 161.118 30.4911 3.5
      vertex 163.062 28.9996 3.5
      vertex 162.566 28.4341 3.5
    endloop
  endfacet
  facet normal -0 0 -1
    outer loop
      vertex 164.054 33.9882 3.5
      vertex 161.688 33.3541 3.5
      vertex 163.812 34.7004 3.5
    endloop
  endfacet
  facet normal 0 0 -1
    outer loop
      vertex 160.833 30.1665 3.5
      vertex 162.566 28.4341 3.5
      vertex 162 27.9382 3.5
    endloop
  endfacet
  facet normal 0 0 -1
    outer loop
      vertex 161.549 33.7629 3.5
      vertex 163.812 34.7004 3.5
      vertex 161.688 33.3541 3.5
    endloop
  endfacet
  facet normal -0 0 -1
    outer loop
      vertex 163.812 34.7004 3.5
      vertex 161.549 33.7629 3.5
      vertex 163.48 35.375 3.5
    endloop
  endfacet
  facet normal 0 0 -1
    outer loop
      vertex 164.201 31.7495 3.5
      vertex 161.772 32.0693 3.5
      vertex 161.8 32.5 3.5
    endloop
  endfacet
  facet normal 0 0 -1
    outer loop
      vertex 164.054 31.0118 3.5
      vertex 161.688 31.6459 3.5
      vertex 161.772 32.0693 3.5
    endloop
  endfacet
  facet normal 0 0 -1
    outer loop
      vertex 163.812 30.2996 3.5
      vertex 161.549 31.2371 3.5
      vertex 161.688 31.6459 3.5
    endloop
  endfacet
  facet normal 0 0 -1
    outer loop
      vertex 160.509 29.8819 3.5
      vertex 162 27.9382 3.5
      vertex 161.375 27.5204 3.5
    endloop
  endfacet
  facet normal 0 0 -1
    outer loop
      vertex 163.48 29.625 3.5
      vertex 161.358 30.85 3.5
      vertex 161.549 31.2371 3.5
    endloop
  endfacet
  facet normal 0 0 -1
    outer loop
      vertex 163.062 28.9996 3.5
      vertex 161.118 30.4911 3.5
      vertex 161.358 30.85 3.5
    endloop
  endfacet
  facet normal 0 0 -1
    outer loop
      vertex 162.566 28.4341 3.5
      vertex 160.833 30.1665 3.5
      vertex 161.118 30.4911 3.5
    endloop
  endfacet
  facet normal 0 0 -1
    outer loop
      vertex 160.15 29.6421 3.5
      vertex 161.375 27.5204 3.5
      vertex 160.7 27.1877 3.5
    endloop
  endfacet
  facet normal 0 0 -1
    outer loop
      vertex 162 27.9382 3.5
      vertex 160.509 29.8819 3.5
      vertex 160.833 30.1665 3.5
    endloop
  endfacet
  facet normal 0 0 -1
    outer loop
      vertex 161.375 27.5204 3.5
      vertex 160.15 29.6421 3.5
      vertex 160.509 29.8819 3.5
    endloop
  endfacet
  facet normal 0 0 -1
    outer loop
      vertex 159.763 29.4512 3.5
      vertex 160.7 27.1877 3.5
      vertex 159.988 26.9459 3.5
    endloop
  endfacet
  facet normal 0 0 -1
    outer loop
      vertex 160.7 27.1877 3.5
      vertex 159.763 29.4512 3.5
      vertex 160.15 29.6421 3.5
    endloop
  endfacet
  facet normal 0 0 -1
    outer loop
      vertex 159.988 26.9459 3.5
      vertex 159.354 29.3124 3.5
      vertex 159.763 29.4512 3.5
    endloop
  endfacet
  facet normal 0 0 -1
    outer loop
      vertex 159.251 26.7992 3.5
      vertex 159.354 29.3124 3.5
      vertex 159.988 26.9459 3.5
    endloop
  endfacet
  facet normal 0 0 -1
    outer loop
      vertex 159.251 26.7992 3.5
      vertex 158.931 29.2282 3.5
      vertex 159.354 29.3124 3.5
    endloop
  endfacet
  facet normal 0 0 -1
    outer loop
      vertex 158.5 26.75 3.5
      vertex 158.931 29.2282 3.5
      vertex 159.251 26.7992 3.5
    endloop
  endfacet
  facet normal 0 0 -1
    outer loop
      vertex 158.5 26.75 3.5
      vertex 158.5 29.2 3.5
      vertex 158.931 29.2282 3.5
    endloop
  endfacet
  facet normal 0 0 -1
    outer loop
      vertex 158.5 26.75 3.5
      vertex 158.069 29.2282 3.5
      vertex 158.5 29.2 3.5
    endloop
  endfacet
  facet normal 0 0 -1
    outer loop
      vertex 157.749 26.7992 3.5
      vertex 158.069 29.2282 3.5
      vertex 158.5 26.75 3.5
    endloop
  endfacet
  facet normal 0 0 -1
    outer loop
      vertex 157.749 26.7992 3.5
      vertex 157.646 29.3124 3.5
      vertex 158.069 29.2282 3.5
    endloop
  endfacet
  facet normal 0 0 -1
    outer loop
      vertex 157.012 26.9459 3.5
      vertex 157.646 29.3124 3.5
      vertex 157.749 26.7992 3.5
    endloop
  endfacet
  facet normal -0 0 -1
    outer loop
      vertex 157.646 29.3124 3.5
      vertex 157.012 26.9459 3.5
      vertex 157.237 29.4512 3.5
    endloop
  endfacet
  facet normal 0 0 -1
    outer loop
      vertex 156.3 27.1877 3.5
      vertex 157.237 29.4512 3.5
      vertex 157.012 26.9459 3.5
    endloop
  endfacet
  facet normal -0 0 -1
    outer loop
      vertex 157.237 29.4512 3.5
      vertex 156.3 27.1877 3.5
      vertex 156.85 29.6421 3.5
    endloop
  endfacet
  facet normal 0 0 -1
    outer loop
      vertex 155.625 27.5204 3.5
      vertex 156.85 29.6421 3.5
      vertex 156.3 27.1877 3.5
    endloop
  endfacet
  facet normal -0 0 -1
    outer loop
      vertex 156.85 29.6421 3.5
      vertex 155.625 27.5204 3.5
      vertex 156.491 29.8819 3.5
    endloop
  endfacet
  facet normal 0 0 -1
    outer loop
      vertex 155 27.9382 3.5
      vertex 156.491 29.8819 3.5
      vertex 155.625 27.5204 3.5
    endloop
  endfacet
  facet normal -0 0 -1
    outer loop
      vertex 156.491 29.8819 3.5
      vertex 155 27.9382 3.5
      vertex 156.167 30.1665 3.5
    endloop
  endfacet
  facet normal 0 0 -1
    outer loop
      vertex 154.434 28.4341 3.5
      vertex 156.167 30.1665 3.5
      vertex 155 27.9382 3.5
    endloop
  endfacet
  facet normal -0 0 -1
    outer loop
      vertex 156.167 30.1665 3.5
      vertex 154.434 28.4341 3.5
      vertex 155.882 30.4911 3.5
    endloop
  endfacet
  facet normal 0 0 -1
    outer loop
      vertex 153.938 28.9996 3.5
      vertex 155.882 30.4911 3.5
      vertex 154.434 28.4341 3.5
    endloop
  endfacet
  facet normal -0 0 -1
    outer loop
      vertex 155.882 30.4911 3.5
      vertex 153.938 28.9996 3.5
      vertex 155.642 30.85 3.5
    endloop
  endfacet
  facet normal -0 0 -1
    outer loop
      vertex 155.642 30.85 3.5
      vertex 153.52 29.625 3.5
      vertex 155.451 31.2371 3.5
    endloop
  endfacet
  facet normal 0 0 -1
    outer loop
      vertex 153.52 29.625 3.5
      vertex 155.642 30.85 3.5
      vertex 153.938 28.9996 3.5
    endloop
  endfacet
  facet normal 0 0 -1
    outer loop
      vertex 161.358 34.15 3.5
      vertex 163.48 35.375 3.5
      vertex 161.549 33.7629 3.5
    endloop
  endfacet
  facet normal -0 0 -1
    outer loop
      vertex 163.48 35.375 3.5
      vertex 161.358 34.15 3.5
      vertex 163.062 36.0004 3.5
    endloop
  endfacet
  facet normal 0 0 -1
    outer loop
      vertex 161.118 34.5089 3.5
      vertex 163.062 36.0004 3.5
      vertex 161.358 34.15 3.5
    endloop
  endfacet
  facet normal -0 0 -1
    outer loop
      vertex 163.062 36.0004 3.5
      vertex 161.118 34.5089 3.5
      vertex 162.566 36.5659 3.5
    endloop
  endfacet
  facet normal 0 0 -1
    outer loop
      vertex 160.833 34.8335 3.5
      vertex 162.566 36.5659 3.5
      vertex 161.118 34.5089 3.5
    endloop
  endfacet
  facet normal -0 0 -1
    outer loop
      vertex 162.566 36.5659 3.5
      vertex 160.833 34.8335 3.5
      vertex 162 37.0618 3.5
    endloop
  endfacet
  facet normal 0 0 -1
    outer loop
      vertex 160.509 35.1181 3.5
      vertex 162 37.0618 3.5
      vertex 160.833 34.8335 3.5
    endloop
  endfacet
  facet normal -0 0 -1
    outer loop
      vertex 162 37.0618 3.5
      vertex 160.509 35.1181 3.5
      vertex 161.375 37.4796 3.5
    endloop
  endfacet
  facet normal 0 0 -1
    outer loop
      vertex 160.15 35.3579 3.5
      vertex 161.375 37.4796 3.5
      vertex 160.509 35.1181 3.5
    endloop
  endfacet
  facet normal -0 0 -1
    outer loop
      vertex 161.375 37.4796 3.5
      vertex 160.15 35.3579 3.5
      vertex 160.7 37.8123 3.5
    endloop
  endfacet
  facet normal 0 0 -1
    outer loop
      vertex 159.763 35.5488 3.5
      vertex 160.7 37.8123 3.5
      vertex 160.15 35.3579 3.5
    endloop
  endfacet
  facet normal -0 0 -1
    outer loop
      vertex 160.7 37.8123 3.5
      vertex 159.763 35.5488 3.5
      vertex 159.988 38.0541 3.5
    endloop
  endfacet
  facet normal 0 0 -1
    outer loop
      vertex 159.354 35.6876 3.5
      vertex 159.988 38.0541 3.5
      vertex 159.763 35.5488 3.5
    endloop
  endfacet
  facet normal 0 0 -1
    outer loop
      vertex 159.354 35.6876 3.5
      vertex 159.251 38.2008 3.5
      vertex 159.988 38.0541 3.5
    endloop
  endfacet
  facet normal 0 0 -1
    outer loop
      vertex 158.931 35.7718 3.5
      vertex 159.251 38.2008 3.5
      vertex 159.354 35.6876 3.5
    endloop
  endfacet
  facet normal 0 0 -1
    outer loop
      vertex 158.5 35.8 3.5
      vertex 159.251 38.2008 3.5
      vertex 158.931 35.7718 3.5
    endloop
  endfacet
  facet normal 0 0 -1
    outer loop
      vertex 158.5 35.8 3.5
      vertex 158.5 38.25 3.5
      vertex 159.251 38.2008 3.5
    endloop
  endfacet
  facet normal 0 0 -1
    outer loop
      vertex 158.069 35.7718 3.5
      vertex 158.5 38.25 3.5
      vertex 158.5 35.8 3.5
    endloop
  endfacet
  facet normal 0 0 -1
    outer loop
      vertex 158.069 35.7718 3.5
      vertex 157.749 38.2008 3.5
      vertex 158.5 38.25 3.5
    endloop
  endfacet
  facet normal 0 0 -1
    outer loop
      vertex 157.646 35.6876 3.5
      vertex 157.749 38.2008 3.5
      vertex 158.069 35.7718 3.5
    endloop
  endfacet
  facet normal 0 0 -1
    outer loop
      vertex 157.012 38.0541 3.5
      vertex 157.646 35.6876 3.5
      vertex 157.237 35.5488 3.5
    endloop
  endfacet
  facet normal 0 0 -1
    outer loop
      vertex 157.646 35.6876 3.5
      vertex 157.012 38.0541 3.5
      vertex 157.749 38.2008 3.5
    endloop
  endfacet
  facet normal 0 0 -1
    outer loop
      vertex 156.3 37.8123 3.5
      vertex 157.237 35.5488 3.5
      vertex 156.85 35.3579 3.5
    endloop
  endfacet
  facet normal 0 0 -1
    outer loop
      vertex 155.625 37.4796 3.5
      vertex 156.85 35.3579 3.5
      vertex 156.491 35.1181 3.5
    endloop
  endfacet
  facet normal 0 0 -1
    outer loop
      vertex 157.237 35.5488 3.5
      vertex 156.3 37.8123 3.5
      vertex 157.012 38.0541 3.5
    endloop
  endfacet
  facet normal 0 0 -1
    outer loop
      vertex 155 37.0618 3.5
      vertex 156.491 35.1181 3.5
      vertex 156.167 34.8335 3.5
    endloop
  endfacet
  facet normal 0 0 -1
    outer loop
      vertex 154.434 36.5659 3.5
      vertex 156.167 34.8335 3.5
      vertex 155.882 34.5089 3.5
    endloop
  endfacet
  facet normal 0 0 -1
    outer loop
      vertex 153.938 36.0004 3.5
      vertex 155.882 34.5089 3.5
      vertex 155.642 34.15 3.5
    endloop
  endfacet
  facet normal 0 0 -1
    outer loop
      vertex 156.85 35.3579 3.5
      vertex 155.625 37.4796 3.5
      vertex 156.3 37.8123 3.5
    endloop
  endfacet
  facet normal 0 0 -1
    outer loop
      vertex 153.52 35.375 3.5
      vertex 155.642 34.15 3.5
      vertex 155.451 33.7629 3.5
    endloop
  endfacet
  facet normal 0 0 -1
    outer loop
      vertex 153.188 34.7004 3.5
      vertex 155.451 33.7629 3.5
      vertex 155.312 33.3541 3.5
    endloop
  endfacet
  facet normal 0 0 -1
    outer loop
      vertex 152.946 33.9882 3.5
      vertex 155.312 33.3541 3.5
      vertex 155.228 32.9307 3.5
    endloop
  endfacet
  facet normal 0 0 -1
    outer loop
      vertex 156.491 35.1181 3.5
      vertex 155 37.0618 3.5
      vertex 155.625 37.4796 3.5
    endloop
  endfacet
  facet normal 0 0 -1
    outer loop
      vertex 152.799 33.2505 3.5
      vertex 155.228 32.9307 3.5
      vertex 155.2 32.5 3.5
    endloop
  endfacet
  facet normal 0 0 -1
    outer loop
      vertex 153.188 30.2996 3.5
      vertex 155.451 31.2371 3.5
      vertex 153.52 29.625 3.5
    endloop
  endfacet
  facet normal -0 0 -1
    outer loop
      vertex 155.451 31.2371 3.5
      vertex 153.188 30.2996 3.5
      vertex 155.312 31.6459 3.5
    endloop
  endfacet
  facet normal 0 0 -1
    outer loop
      vertex 156.167 34.8335 3.5
      vertex 154.434 36.5659 3.5
      vertex 155 37.0618 3.5
    endloop
  endfacet
  facet normal 0 0 -1
    outer loop
      vertex 152.946 31.0118 3.5
      vertex 155.312 31.6459 3.5
      vertex 153.188 30.2996 3.5
    endloop
  endfacet
  facet normal 0 0 -1
    outer loop
      vertex 155.882 34.5089 3.5
      vertex 153.938 36.0004 3.5
      vertex 154.434 36.5659 3.5
    endloop
  endfacet
  facet normal -0 0 -1
    outer loop
      vertex 155.312 31.6459 3.5
      vertex 152.946 31.0118 3.5
      vertex 155.228 32.0693 3.5
    endloop
  endfacet
  facet normal 0 0 -1
    outer loop
      vertex 155.642 34.15 3.5
      vertex 153.52 35.375 3.5
      vertex 153.938 36.0004 3.5
    endloop
  endfacet
  facet normal 0 0 -1
    outer loop
      vertex 152.799 31.7495 3.5
      vertex 155.228 32.0693 3.5
      vertex 152.946 31.0118 3.5
    endloop
  endfacet
  facet normal 0 0 -1
    outer loop
      vertex 155.451 33.7629 3.5
      vertex 153.188 34.7004 3.5
      vertex 153.52 35.375 3.5
    endloop
  endfacet
  facet normal -0 0 -1
    outer loop
      vertex 155.228 32.0693 3.5
      vertex 152.799 31.7495 3.5
      vertex 155.2 32.5 3.5
    endloop
  endfacet
  facet normal 0 0 -1
    outer loop
      vertex 155.312 33.3541 3.5
      vertex 152.946 33.9882 3.5
      vertex 153.188 34.7004 3.5
    endloop
  endfacet
  facet normal 0 0 -1
    outer loop
      vertex 152.75 32.5 3.5
      vertex 155.2 32.5 3.5
      vertex 152.799 31.7495 3.5
    endloop
  endfacet
  facet normal 0 0 -1
    outer loop
      vertex 155.228 32.9307 3.5
      vertex 152.799 33.2505 3.5
      vertex 152.946 33.9882 3.5
    endloop
  endfacet
  facet normal 0 0 -1
    outer loop
      vertex 155.2 32.5 3.5
      vertex 152.75 32.5 3.5
      vertex 152.799 33.2505 3.5
    endloop
  endfacet
  facet normal -0.321569 0.946886 0
    outer loop
      vertex 160.7 27.1877 0
      vertex 159.988 26.9459 3.5
      vertex 160.7 27.1877 3.5
    endloop
  endfacet
  facet normal -0.321569 0.946886 0
    outer loop
      vertex 159.988 26.9459 3.5
      vertex 160.7 27.1877 0
      vertex 159.988 26.9459 0
    endloop
  endfacet
  facet normal -0.442104 0.896964 0
    outer loop
      vertex 161.375 27.5204 0
      vertex 160.7 27.1877 3.5
      vertex 161.375 27.5204 3.5
    endloop
  endfacet
  facet normal -0.442104 0.896964 0
    outer loop
      vertex 160.7 27.1877 3.5
      vertex 161.375 27.5204 0
      vertex 160.7 27.1877 0
    endloop
  endfacet
  facet normal 0.19522 0.980759 -0
    outer loop
      vertex 157.749 26.7992 0
      vertex 157.012 26.9459 3.5
      vertex 157.749 26.7992 3.5
    endloop
  endfacet
  facet normal 0.19522 0.980759 0
    outer loop
      vertex 157.012 26.9459 3.5
      vertex 157.749 26.7992 0
      vertex 157.012 26.9459 0
    endloop
  endfacet
  facet normal -0.19522 -0.980759 0
    outer loop
      vertex 159.251 38.2008 0
      vertex 159.988 38.0541 3.5
      vertex 159.251 38.2008 3.5
    endloop
  endfacet
  facet normal -0.19522 -0.980759 -0
    outer loop
      vertex 159.988 38.0541 3.5
      vertex 159.251 38.2008 0
      vertex 159.988 38.0541 0
    endloop
  endfacet
  facet normal 0.442104 0.896964 -0
    outer loop
      vertex 156.3 27.1877 0
      vertex 155.625 27.5204 3.5
      vertex 156.3 27.1877 3.5
    endloop
  endfacet
  facet normal 0.442104 0.896964 0
    outer loop
      vertex 155.625 27.5204 3.5
      vertex 156.3 27.1877 0
      vertex 155.625 27.5204 0
    endloop
  endfacet
  facet normal 0.831395 0.555682 0
    outer loop
      vertex 153.938 28.9996 3.5
      vertex 153.52 29.625 0
      vertex 153.52 29.625 3.5
    endloop
  endfacet
  facet normal 0.831395 0.555682 0
    outer loop
      vertex 153.52 29.625 0
      vertex 153.938 28.9996 3.5
      vertex 153.938 28.9996 0
    endloop
  endfacet
  facet normal 0.946833 -0.321726 0
    outer loop
      vertex 152.946 33.9882 3.5
      vertex 153.188 34.7004 0
      vertex 153.188 34.7004 3.5
    endloop
  endfacet
  facet normal 0.946833 -0.321726 0
    outer loop
      vertex 153.188 34.7004 0
      vertex 152.946 33.9882 3.5
      vertex 152.946 33.9882 0
    endloop
  endfacet
endsolid OpenSCAD_Model
