solid OpenSCAD_Model
  facet normal -1 0 0
    outer loop
      vertex 0 60 0
      vertex 0 42.5 8
      vertex 0 60 24
    endloop
  endfacet
  facet normal -1 0 0
    outer loop
      vertex 0 60 0
      vertex 0 17.5 8
      vertex 0 42.5 8
    endloop
  endfacet
  facet normal -1 0 0
    outer loop
      vertex 0 0 0
      vertex 0 17.5 8
      vertex 0 60 0
    endloop
  endfacet
  facet normal -1 0 0
    outer loop
      vertex 0 0 24
      vertex 0 17.5 8
      vertex 0 0 0
    endloop
  endfacet
  facet normal -1 0 0
    outer loop
      vertex 0 17.5 8
      vertex 0 0 24
      vertex 0 17.5 24
    endloop
  endfacet
  facet normal -1 -0 0
    outer loop
      vertex 0 60 24
      vertex 0 42.5 8
      vertex 0 42.5 24
    endloop
  endfacet
  facet normal -0 0 1
    outer loop
      vertex 0 17.5 24
      vertex 110 0 24
      vertex 110 17.5 24
    endloop
  endfacet
  facet normal 0 0 1
    outer loop
      vertex 110 0 24
      vertex 0 17.5 24
      vertex 0 0 24
    endloop
  endfacet
  facet normal 1 0 0
    outer loop
      vertex 110 17.5 24
      vertex 110 0 24
      vertex 110 17.5 8
    endloop
  endfacet
  facet normal 1 0 0
    outer loop
      vertex 110 42.5 8
      vertex 110 60 24
      vertex 110 42.5 24
    endloop
  endfacet
  facet normal 1 0 0
    outer loop
      vertex 110 60 24
      vertex 110 42.5 8
      vertex 110 60 0
    endloop
  endfacet
  facet normal 1 -0 0
    outer loop
      vertex 110 17.5 8
      vertex 110 60 0
      vertex 110 42.5 8
    endloop
  endfacet
  facet normal 1 0 0
    outer loop
      vertex 110 17.5 8
      vertex 110 0 0
      vertex 110 60 0
    endloop
  endfacet
  facet normal 1 0 0
    outer loop
      vertex 110 0 0
      vertex 110 17.5 8
      vertex 110 0 24
    endloop
  endfacet
  facet normal 0 1 0
    outer loop
      vertex 110 17.5 24
      vertex 76.4243 17.5 8.00999
      vertex 0 17.5 24
    endloop
  endfacet
  facet normal 0 1 -0
    outer loop
      vertex 110 17.5 8
      vertex 76.4243 17.5 8.00999
      vertex 110 17.5 24
    endloop
  endfacet
  facet normal 0 1 0
    outer loop
      vertex 76.4243 17.5 8.00999
      vertex 110 17.5 8
      vertex 76.4005 17.5 8
    endloop
  endfacet
  facet normal 0 1 -0
    outer loop
      vertex 33.5757 17.5 8.00999
      vertex 0 17.5 24
      vertex 76.4243 17.5 8.00999
    endloop
  endfacet
  facet normal 0 1 0
    outer loop
      vertex 33.5757 17.5 8.00999
      vertex 0 17.5 8
      vertex 0 17.5 24
    endloop
  endfacet
  facet normal 0 1 0
    outer loop
      vertex 0 17.5 8
      vertex 33.5757 17.5 8.00999
      vertex 33.5995 17.5 8
    endloop
  endfacet
  facet normal -0 0 1
    outer loop
      vertex 76.4005 42.5 8
      vertex 110 17.5 8
      vertex 110 42.5 8
    endloop
  endfacet
  facet normal 0 0 1
    outer loop
      vertex 110 17.5 8
      vertex 76.4005 42.5 8
      vertex 76.4005 17.5 8
    endloop
  endfacet
  facet normal -0 0 1
    outer loop
      vertex 0 42.5 8
      vertex 33.5995 17.5 8
      vertex 33.5995 42.5 8
    endloop
  endfacet
  facet normal 0 0 1
    outer loop
      vertex 33.5995 17.5 8
      vertex 0 42.5 8
      vertex 0 17.5 8
    endloop
  endfacet
  facet normal 0 -1 0
    outer loop
      vertex 0 0 24
      vertex 33.5757 0 8.00999
      vertex 110 0 24
    endloop
  endfacet
  facet normal 0 -1 0
    outer loop
      vertex 0 0 0
      vertex 33.5757 0 8.00999
      vertex 0 0 24
    endloop
  endfacet
  facet normal 0 -1 -0
    outer loop
      vertex 33.5757 0 8.00999
      vertex 0 0 0
      vertex 52.6222 0 0
    endloop
  endfacet
  facet normal 0 -1 0
    outer loop
      vertex 76.4243 0 8.00999
      vertex 110 0 24
      vertex 33.5757 0 8.00999
    endloop
  endfacet
  facet normal 0 -1 0
    outer loop
      vertex 76.4243 0 8.00999
      vertex 110 0 0
      vertex 110 0 24
    endloop
  endfacet
  facet normal 0 -1 0
    outer loop
      vertex 110 0 0
      vertex 76.4243 0 8.00999
      vertex 57.3778 0 0
    endloop
  endfacet
  facet normal -0 0 1
    outer loop
      vertex 0 60 24
      vertex 110 42.5 24
      vertex 110 60 24
    endloop
  endfacet
  facet normal 0 0 1
    outer loop
      vertex 110 42.5 24
      vertex 0 60 24
      vertex 0 42.5 24
    endloop
  endfacet
  facet normal 0 1 0
    outer loop
      vertex 110 60 24
      vertex 76.4243 60 8.00999
      vertex 0 60 24
    endloop
  endfacet
  facet normal 0 1 -0
    outer loop
      vertex 110 60 0
      vertex 76.4243 60 8.00999
      vertex 110 60 24
    endloop
  endfacet
  facet normal 0 1 0
    outer loop
      vertex 76.4243 60 8.00999
      vertex 110 60 0
      vertex 57.3778 60 0
    endloop
  endfacet
  facet normal 0 1 -0
    outer loop
      vertex 33.5757 60 8.00999
      vertex 0 60 24
      vertex 76.4243 60 8.00999
    endloop
  endfacet
  facet normal 0 1 0
    outer loop
      vertex 33.5757 60 8.00999
      vertex 0 60 0
      vertex 0 60 24
    endloop
  endfacet
  facet normal 0 1 0
    outer loop
      vertex 0 60 0
      vertex 33.5757 60 8.00999
      vertex 52.6222 60 0
    endloop
  endfacet
  facet normal 0 -1 0
    outer loop
      vertex 0 42.5 24
      vertex 33.5757 42.5 8.00999
      vertex 110 42.5 24
    endloop
  endfacet
  facet normal 0 -1 0
    outer loop
      vertex 0 42.5 8
      vertex 33.5757 42.5 8.00999
      vertex 0 42.5 24
    endloop
  endfacet
  facet normal 0 -1 -0
    outer loop
      vertex 33.5757 42.5 8.00999
      vertex 0 42.5 8
      vertex 33.5995 42.5 8
    endloop
  endfacet
  facet normal 0 -1 0
    outer loop
      vertex 76.4243 42.5 8.00999
      vertex 110 42.5 24
      vertex 33.5757 42.5 8.00999
    endloop
  endfacet
  facet normal 0 -1 0
    outer loop
      vertex 76.4243 42.5 8.00999
      vertex 110 42.5 8
      vertex 110 42.5 24
    endloop
  endfacet
  facet normal 0 -1 0
    outer loop
      vertex 110 42.5 8
      vertex 76.4243 42.5 8.00999
      vertex 76.4005 42.5 8
    endloop
  endfacet
  facet normal 0 0 -1
    outer loop
      vertex 20.4483 13.0141 0
      vertex 52.6222 0 0
      vertex 20.5597 12.6859 0
    endloop
  endfacet
  facet normal 0 0 -1
    outer loop
      vertex 52.6222 60 0
      vertex 20.6273 47.6541 0
      vertex 20.65 48 0
    endloop
  endfacet
  facet normal 0 0 -1
    outer loop
      vertex 20.295 13.325 0
      vertex 52.6222 0 0
      vertex 20.4483 13.0141 0
    endloop
  endfacet
  facet normal 0 0 -1
    outer loop
      vertex 52.6222 60 0
      vertex 20.5597 47.3141 0
      vertex 20.6273 47.6541 0
    endloop
  endfacet
  facet normal 0 0 -1
    outer loop
      vertex 52.6222 0 0
      vertex 20.295 13.325 0
      vertex 52.6222 60 0
    endloop
  endfacet
  facet normal 0 0 -1
    outer loop
      vertex 52.6222 60 0
      vertex 20.4483 46.9859 0
      vertex 20.5597 47.3141 0
    endloop
  endfacet
  facet normal 0 0 -1
    outer loop
      vertex 20.295 46.675 0
      vertex 52.6222 60 0
      vertex 20.295 13.325 0
    endloop
  endfacet
  facet normal 0 0 -1
    outer loop
      vertex 52.6222 60 0
      vertex 20.295 46.675 0
      vertex 20.4483 46.9859 0
    endloop
  endfacet
  facet normal 0 0 -1
    outer loop
      vertex 20.1024 13.6132 0
      vertex 20.295 46.675 0
      vertex 20.295 13.325 0
    endloop
  endfacet
  facet normal 0 0 -1
    outer loop
      vertex 20.1024 13.6132 0
      vertex 20.1024 46.3868 0
      vertex 20.295 46.675 0
    endloop
  endfacet
  facet normal 0 0 -1
    outer loop
      vertex 19.8738 13.8738 0
      vertex 20.1024 46.3868 0
      vertex 20.1024 13.6132 0
    endloop
  endfacet
  facet normal 0 0 -1
    outer loop
      vertex 19.8738 13.8738 0
      vertex 19.8738 46.1262 0
      vertex 20.1024 46.3868 0
    endloop
  endfacet
  facet normal 0 0 -1
    outer loop
      vertex 19.6132 14.1024 0
      vertex 19.8738 46.1262 0
      vertex 19.8738 13.8738 0
    endloop
  endfacet
  facet normal 0 0 -1
    outer loop
      vertex 19.6132 14.1024 0
      vertex 19.6132 45.8976 0
      vertex 19.8738 46.1262 0
    endloop
  endfacet
  facet normal 0 0 -1
    outer loop
      vertex 19.325 14.295 0
      vertex 19.6132 45.8976 0
      vertex 19.6132 14.1024 0
    endloop
  endfacet
  facet normal 0 0 -1
    outer loop
      vertex 19.325 14.295 0
      vertex 19.325 45.705 0
      vertex 19.6132 45.8976 0
    endloop
  endfacet
  facet normal 0 0 -1
    outer loop
      vertex 19.0141 14.4483 0
      vertex 19.325 45.705 0
      vertex 19.325 14.295 0
    endloop
  endfacet
  facet normal 0 0 -1
    outer loop
      vertex 19.0141 14.4483 0
      vertex 19.0141 45.5517 0
      vertex 19.325 45.705 0
    endloop
  endfacet
  facet normal 0 0 -1
    outer loop
      vertex 18.6859 14.5597 0
      vertex 19.0141 45.5517 0
      vertex 19.0141 14.4483 0
    endloop
  endfacet
  facet normal 0 0 -1
    outer loop
      vertex 18.6859 14.5597 0
      vertex 18.6859 45.4403 0
      vertex 19.0141 45.5517 0
    endloop
  endfacet
  facet normal 0 0 -1
    outer loop
      vertex 18.3459 14.6273 0
      vertex 18.6859 45.4403 0
      vertex 18.6859 14.5597 0
    endloop
  endfacet
  facet normal 0 0 -1
    outer loop
      vertex 18.3459 14.6273 0
      vertex 18.3459 45.3727 0
      vertex 18.6859 45.4403 0
    endloop
  endfacet
  facet normal 0 0 -1
    outer loop
      vertex 18 14.65 0
      vertex 18.3459 45.3727 0
      vertex 18.3459 14.6273 0
    endloop
  endfacet
  facet normal 0 0 -1
    outer loop
      vertex 18 14.65 0
      vertex 18 45.35 0
      vertex 18.3459 45.3727 0
    endloop
  endfacet
  facet normal 0 0 -1
    outer loop
      vertex 17.6541 14.6273 0
      vertex 18 45.35 0
      vertex 18 14.65 0
    endloop
  endfacet
  facet normal 0 0 -1
    outer loop
      vertex 17.6541 14.6273 0
      vertex 17.6541 45.3727 0
      vertex 18 45.35 0
    endloop
  endfacet
  facet normal 0 0 -1
    outer loop
      vertex 17.3141 14.5597 0
      vertex 17.6541 45.3727 0
      vertex 17.6541 14.6273 0
    endloop
  endfacet
  facet normal 0 0 -1
    outer loop
      vertex 17.3141 14.5597 0
      vertex 17.3141 45.4403 0
      vertex 17.6541 45.3727 0
    endloop
  endfacet
  facet normal 0 0 -1
    outer loop
      vertex 16.9859 14.4483 0
      vertex 17.3141 45.4403 0
      vertex 17.3141 14.5597 0
    endloop
  endfacet
  facet normal 0 0 -1
    outer loop
      vertex 16.9859 14.4483 0
      vertex 16.9859 45.5517 0
      vertex 17.3141 45.4403 0
    endloop
  endfacet
  facet normal 0 0 -1
    outer loop
      vertex 16.675 14.295 0
      vertex 16.9859 45.5517 0
      vertex 16.9859 14.4483 0
    endloop
  endfacet
  facet normal 0 0 -1
    outer loop
      vertex 16.675 14.295 0
      vertex 16.675 45.705 0
      vertex 16.9859 45.5517 0
    endloop
  endfacet
  facet normal 0 0 -1
    outer loop
      vertex 16.3868 14.1024 0
      vertex 16.675 45.705 0
      vertex 16.675 14.295 0
    endloop
  endfacet
  facet normal 0 0 -1
    outer loop
      vertex 16.3868 14.1024 0
      vertex 16.3868 45.8976 0
      vertex 16.675 45.705 0
    endloop
  endfacet
  facet normal 0 0 -1
    outer loop
      vertex 16.1262 13.8738 0
      vertex 16.3868 45.8976 0
      vertex 16.3868 14.1024 0
    endloop
  endfacet
  facet normal 0 0 -1
    outer loop
      vertex 16.1262 13.8738 0
      vertex 16.1262 46.1262 0
      vertex 16.3868 45.8976 0
    endloop
  endfacet
  facet normal 0 0 -1
    outer loop
      vertex 15.8976 13.6132 0
      vertex 16.1262 46.1262 0
      vertex 16.1262 13.8738 0
    endloop
  endfacet
  facet normal 0 0 -1
    outer loop
      vertex 15.8976 13.6132 0
      vertex 15.8976 46.3868 0
      vertex 16.1262 46.1262 0
    endloop
  endfacet
  facet normal 0 0 -1
    outer loop
      vertex 15.705 13.325 0
      vertex 15.8976 46.3868 0
      vertex 15.8976 13.6132 0
    endloop
  endfacet
  facet normal 0 0 -1
    outer loop
      vertex 15.705 13.325 0
      vertex 15.705 46.675 0
      vertex 15.8976 46.3868 0
    endloop
  endfacet
  facet normal 0 0 -1
    outer loop
      vertex 0 0 0
      vertex 15.705 13.325 0
      vertex 15.5517 13.0141 0
    endloop
  endfacet
  facet normal -0 0 -1
    outer loop
      vertex 15.705 13.325 0
      vertex 0 0 0
      vertex 15.705 46.675 0
    endloop
  endfacet
  facet normal 0 0 -1
    outer loop
      vertex 0 0 0
      vertex 15.5517 13.0141 0
      vertex 15.4403 12.6859 0
    endloop
  endfacet
  facet normal 0 0 -1
    outer loop
      vertex 0 60 0
      vertex 15.705 46.675 0
      vertex 0 0 0
    endloop
  endfacet
  facet normal 0 0 -1
    outer loop
      vertex 0 0 0
      vertex 15.4403 12.6859 0
      vertex 15.3727 12.3459 0
    endloop
  endfacet
  facet normal 0 0 -1
    outer loop
      vertex 15.705 46.675 0
      vertex 0 60 0
      vertex 15.5517 46.9859 0
    endloop
  endfacet
  facet normal 0 0 -1
    outer loop
      vertex 0 0 0
      vertex 15.3727 12.3459 0
      vertex 15.35 12 0
    endloop
  endfacet
  facet normal 0 0 -1
    outer loop
      vertex 15.5517 46.9859 0
      vertex 0 60 0
      vertex 15.4403 47.3141 0
    endloop
  endfacet
  facet normal 0 0 -1
    outer loop
      vertex 20.6273 12.3459 0
      vertex 52.6222 0 0
      vertex 20.65 12 0
    endloop
  endfacet
  facet normal 0 0 -1
    outer loop
      vertex 52.6222 0 0
      vertex 20.6273 11.6541 0
      vertex 20.65 12 0
    endloop
  endfacet
  facet normal 0 0 -1
    outer loop
      vertex 52.6222 0 0
      vertex 20.5597 11.3141 0
      vertex 20.6273 11.6541 0
    endloop
  endfacet
  facet normal 0 0 -1
    outer loop
      vertex 52.6222 0 0
      vertex 20.4483 10.9859 0
      vertex 20.5597 11.3141 0
    endloop
  endfacet
  facet normal 0 0 -1
    outer loop
      vertex 52.6222 0 0
      vertex 20.295 10.675 0
      vertex 20.4483 10.9859 0
    endloop
  endfacet
  facet normal 0 0 -1
    outer loop
      vertex 52.6222 0 0
      vertex 20.1024 10.3868 0
      vertex 20.295 10.675 0
    endloop
  endfacet
  facet normal 0 0 -1
    outer loop
      vertex 52.6222 0 0
      vertex 19.8738 10.1262 0
      vertex 20.1024 10.3868 0
    endloop
  endfacet
  facet normal 0 0 -1
    outer loop
      vertex 52.6222 0 0
      vertex 19.6132 9.89761 0
      vertex 19.8738 10.1262 0
    endloop
  endfacet
  facet normal 0 0 -1
    outer loop
      vertex 52.6222 0 0
      vertex 19.325 9.70503 0
      vertex 19.6132 9.89761 0
    endloop
  endfacet
  facet normal 0 0 -1
    outer loop
      vertex 52.6222 0 0
      vertex 19.0141 9.55172 0
      vertex 19.325 9.70503 0
    endloop
  endfacet
  facet normal 0 0 -1
    outer loop
      vertex 52.6222 0 0
      vertex 18.6859 9.4403 0
      vertex 19.0141 9.55172 0
    endloop
  endfacet
  facet normal 0 0 -1
    outer loop
      vertex 52.6222 0 0
      vertex 18.3459 9.37267 0
      vertex 18.6859 9.4403 0
    endloop
  endfacet
  facet normal 0 0 -1
    outer loop
      vertex 0 0 0
      vertex 18.3459 9.37267 0
      vertex 52.6222 0 0
    endloop
  endfacet
  facet normal 0 0 -1
    outer loop
      vertex 18.3459 9.37267 0
      vertex 0 0 0
      vertex 18 9.35 0
    endloop
  endfacet
  facet normal -0 0 -1
    outer loop
      vertex 18 9.35 0
      vertex 0 0 0
      vertex 17.6541 9.37267 0
    endloop
  endfacet
  facet normal 0 0 -1
    outer loop
      vertex 15.4403 47.3141 0
      vertex 0 60 0
      vertex 15.3727 47.6541 0
    endloop
  endfacet
  facet normal -0 0 -1
    outer loop
      vertex 15.3727 11.6541 0
      vertex 0 0 0
      vertex 15.35 12 0
    endloop
  endfacet
  facet normal -0 0 -1
    outer loop
      vertex 15.4403 11.3141 0
      vertex 0 0 0
      vertex 15.3727 11.6541 0
    endloop
  endfacet
  facet normal -0 0 -1
    outer loop
      vertex 15.5517 10.9859 0
      vertex 0 0 0
      vertex 15.4403 11.3141 0
    endloop
  endfacet
  facet normal -0 0 -1
    outer loop
      vertex 15.705 10.675 0
      vertex 0 0 0
      vertex 15.5517 10.9859 0
    endloop
  endfacet
  facet normal -0 0 -1
    outer loop
      vertex 15.8976 10.3868 0
      vertex 0 0 0
      vertex 15.705 10.675 0
    endloop
  endfacet
  facet normal -0 0 -1
    outer loop
      vertex 16.1262 10.1262 0
      vertex 0 0 0
      vertex 15.8976 10.3868 0
    endloop
  endfacet
  facet normal -0 0 -1
    outer loop
      vertex 16.3868 9.89761 0
      vertex 0 0 0
      vertex 16.1262 10.1262 0
    endloop
  endfacet
  facet normal -0 0 -1
    outer loop
      vertex 16.675 9.70503 0
      vertex 0 0 0
      vertex 16.3868 9.89761 0
    endloop
  endfacet
  facet normal -0 0 -1
    outer loop
      vertex 16.9859 9.55172 0
      vertex 0 0 0
      vertex 16.675 9.70503 0
    endloop
  endfacet
  facet normal -0 0 -1
    outer loop
      vertex 17.3141 9.4403 0
      vertex 0 0 0
      vertex 16.9859 9.55172 0
    endloop
  endfacet
  facet normal -0 0 -1
    outer loop
      vertex 17.6541 9.37267 0
      vertex 0 0 0
      vertex 17.3141 9.4403 0
    endloop
  endfacet
  facet normal 0 0 -1
    outer loop
      vertex 20.5597 12.6859 0
      vertex 52.6222 0 0
      vertex 20.6273 12.3459 0
    endloop
  endfacet
  facet normal 0 0 -1
    outer loop
      vertex 20.6273 48.3459 0
      vertex 52.6222 60 0
      vertex 20.65 48 0
    endloop
  endfacet
  facet normal 0 0 -1
    outer loop
      vertex 20.5597 48.6859 0
      vertex 52.6222 60 0
      vertex 20.6273 48.3459 0
    endloop
  endfacet
  facet normal 0 0 -1
    outer loop
      vertex 20.4483 49.0141 0
      vertex 52.6222 60 0
      vertex 20.5597 48.6859 0
    endloop
  endfacet
  facet normal 0 0 -1
    outer loop
      vertex 20.295 49.325 0
      vertex 52.6222 60 0
      vertex 20.4483 49.0141 0
    endloop
  endfacet
  facet normal 0 0 -1
    outer loop
      vertex 20.1024 49.6132 0
      vertex 52.6222 60 0
      vertex 20.295 49.325 0
    endloop
  endfacet
  facet normal 0 0 -1
    outer loop
      vertex 19.8738 49.8738 0
      vertex 52.6222 60 0
      vertex 20.1024 49.6132 0
    endloop
  endfacet
  facet normal 0 0 -1
    outer loop
      vertex 19.6132 50.1024 0
      vertex 52.6222 60 0
      vertex 19.8738 49.8738 0
    endloop
  endfacet
  facet normal 0 0 -1
    outer loop
      vertex 19.325 50.295 0
      vertex 52.6222 60 0
      vertex 19.6132 50.1024 0
    endloop
  endfacet
  facet normal 0 0 -1
    outer loop
      vertex 19.0141 50.4483 0
      vertex 52.6222 60 0
      vertex 19.325 50.295 0
    endloop
  endfacet
  facet normal 0 0 -1
    outer loop
      vertex 18.6859 50.5597 0
      vertex 52.6222 60 0
      vertex 19.0141 50.4483 0
    endloop
  endfacet
  facet normal 0 0 -1
    outer loop
      vertex 18.3459 50.6273 0
      vertex 52.6222 60 0
      vertex 18.6859 50.5597 0
    endloop
  endfacet
  facet normal 0 0 -1
    outer loop
      vertex 0 60 0
      vertex 18.3459 50.6273 0
      vertex 18 50.65 0
    endloop
  endfacet
  facet normal 0 0 -1
    outer loop
      vertex 0 60 0
      vertex 18 50.65 0
      vertex 17.6541 50.6273 0
    endloop
  endfacet
  facet normal 0 0 -1
    outer loop
      vertex 0 60 0
      vertex 17.6541 50.6273 0
      vertex 17.3141 50.5597 0
    endloop
  endfacet
  facet normal 0 0 -1
    outer loop
      vertex 15.3727 47.6541 0
      vertex 0 60 0
      vertex 15.35 48 0
    endloop
  endfacet
  facet normal 0 0 -1
    outer loop
      vertex 15.35 48 0
      vertex 0 60 0
      vertex 15.3727 48.3459 0
    endloop
  endfacet
  facet normal 0 0 -1
    outer loop
      vertex 18.3459 50.6273 0
      vertex 0 60 0
      vertex 52.6222 60 0
    endloop
  endfacet
  facet normal 0 0 -1
    outer loop
      vertex 16.9859 50.4483 0
      vertex 0 60 0
      vertex 17.3141 50.5597 0
    endloop
  endfacet
  facet normal 0 0 -1
    outer loop
      vertex 16.675 50.295 0
      vertex 0 60 0
      vertex 16.9859 50.4483 0
    endloop
  endfacet
  facet normal 0 0 -1
    outer loop
      vertex 16.3868 50.1024 0
      vertex 0 60 0
      vertex 16.675 50.295 0
    endloop
  endfacet
  facet normal 0 0 -1
    outer loop
      vertex 16.1262 49.8738 0
      vertex 0 60 0
      vertex 16.3868 50.1024 0
    endloop
  endfacet
  facet normal 0 0 -1
    outer loop
      vertex 15.8976 49.6132 0
      vertex 0 60 0
      vertex 16.1262 49.8738 0
    endloop
  endfacet
  facet normal 0 0 -1
    outer loop
      vertex 15.705 49.325 0
      vertex 0 60 0
      vertex 15.8976 49.6132 0
    endloop
  endfacet
  facet normal 0 0 -1
    outer loop
      vertex 15.5517 49.0141 0
      vertex 0 60 0
      vertex 15.705 49.325 0
    endloop
  endfacet
  facet normal 0 0 -1
    outer loop
      vertex 15.4403 48.6859 0
      vertex 0 60 0
      vertex 15.5517 49.0141 0
    endloop
  endfacet
  facet normal 0 0 -1
    outer loop
      vertex 15.3727 48.3459 0
      vertex 0 60 0
      vertex 15.4403 48.6859 0
    endloop
  endfacet
  facet normal 0 0 -1
    outer loop
      vertex 94.4483 13.0141 0
      vertex 110 0 0
      vertex 94.5597 12.6859 0
    endloop
  endfacet
  facet normal 0 0 -1
    outer loop
      vertex 110 60 0
      vertex 94.6273 47.6541 0
      vertex 94.65 48 0
    endloop
  endfacet
  facet normal 0 0 -1
    outer loop
      vertex 94.295 13.325 0
      vertex 110 0 0
      vertex 94.4483 13.0141 0
    endloop
  endfacet
  facet normal 0 0 -1
    outer loop
      vertex 110 60 0
      vertex 94.5597 47.3141 0
      vertex 94.6273 47.6541 0
    endloop
  endfacet
  facet normal 0 0 -1
    outer loop
      vertex 110 0 0
      vertex 94.295 13.325 0
      vertex 110 60 0
    endloop
  endfacet
  facet normal 0 0 -1
    outer loop
      vertex 110 60 0
      vertex 94.4483 46.9859 0
      vertex 94.5597 47.3141 0
    endloop
  endfacet
  facet normal 0 0 -1
    outer loop
      vertex 94.295 46.675 0
      vertex 110 60 0
      vertex 94.295 13.325 0
    endloop
  endfacet
  facet normal 0 0 -1
    outer loop
      vertex 110 60 0
      vertex 94.295 46.675 0
      vertex 94.4483 46.9859 0
    endloop
  endfacet
  facet normal 0 0 -1
    outer loop
      vertex 94.1024 13.6132 0
      vertex 94.295 46.675 0
      vertex 94.295 13.325 0
    endloop
  endfacet
  facet normal 0 0 -1
    outer loop
      vertex 94.1024 13.6132 0
      vertex 94.1024 46.3868 0
      vertex 94.295 46.675 0
    endloop
  endfacet
  facet normal 0 0 -1
    outer loop
      vertex 93.8738 13.8738 0
      vertex 94.1024 46.3868 0
      vertex 94.1024 13.6132 0
    endloop
  endfacet
  facet normal 0 0 -1
    outer loop
      vertex 93.8738 13.8738 0
      vertex 93.8738 46.1262 0
      vertex 94.1024 46.3868 0
    endloop
  endfacet
  facet normal 0 0 -1
    outer loop
      vertex 93.6132 14.1024 0
      vertex 93.8738 46.1262 0
      vertex 93.8738 13.8738 0
    endloop
  endfacet
  facet normal 0 0 -1
    outer loop
      vertex 93.6132 14.1024 0
      vertex 93.6132 45.8976 0
      vertex 93.8738 46.1262 0
    endloop
  endfacet
  facet normal 0 0 -1
    outer loop
      vertex 93.325 14.295 0
      vertex 93.6132 45.8976 0
      vertex 93.6132 14.1024 0
    endloop
  endfacet
  facet normal 0 0 -1
    outer loop
      vertex 93.325 14.295 0
      vertex 93.325 45.705 0
      vertex 93.6132 45.8976 0
    endloop
  endfacet
  facet normal 0 0 -1
    outer loop
      vertex 93.0141 14.4483 0
      vertex 93.325 45.705 0
      vertex 93.325 14.295 0
    endloop
  endfacet
  facet normal 0 0 -1
    outer loop
      vertex 93.0141 14.4483 0
      vertex 93.0141 45.5517 0
      vertex 93.325 45.705 0
    endloop
  endfacet
  facet normal 0 0 -1
    outer loop
      vertex 92.6859 14.5597 0
      vertex 93.0141 45.5517 0
      vertex 93.0141 14.4483 0
    endloop
  endfacet
  facet normal 0 0 -1
    outer loop
      vertex 92.6859 14.5597 0
      vertex 92.6859 45.4403 0
      vertex 93.0141 45.5517 0
    endloop
  endfacet
  facet normal 0 0 -1
    outer loop
      vertex 92.3459 14.6273 0
      vertex 92.6859 45.4403 0
      vertex 92.6859 14.5597 0
    endloop
  endfacet
  facet normal 0 0 -1
    outer loop
      vertex 92.3459 14.6273 0
      vertex 92.3459 45.3727 0
      vertex 92.6859 45.4403 0
    endloop
  endfacet
  facet normal 0 0 -1
    outer loop
      vertex 92 14.65 0
      vertex 92.3459 45.3727 0
      vertex 92.3459 14.6273 0
    endloop
  endfacet
  facet normal 0 0 -1
    outer loop
      vertex 92 14.65 0
      vertex 92 45.35 0
      vertex 92.3459 45.3727 0
    endloop
  endfacet
  facet normal 0 0 -1
    outer loop
      vertex 91.6541 14.6273 0
      vertex 92 45.35 0
      vertex 92 14.65 0
    endloop
  endfacet
  facet normal 0 0 -1
    outer loop
      vertex 91.6541 14.6273 0
      vertex 91.6541 45.3727 0
      vertex 92 45.35 0
    endloop
  endfacet
  facet normal 0 0 -1
    outer loop
      vertex 91.3141 14.5597 0
      vertex 91.6541 45.3727 0
      vertex 91.6541 14.6273 0
    endloop
  endfacet
  facet normal 0 0 -1
    outer loop
      vertex 91.3141 14.5597 0
      vertex 91.3141 45.4403 0
      vertex 91.6541 45.3727 0
    endloop
  endfacet
  facet normal 0 0 -1
    outer loop
      vertex 90.9859 14.4483 0
      vertex 91.3141 45.4403 0
      vertex 91.3141 14.5597 0
    endloop
  endfacet
  facet normal 0 0 -1
    outer loop
      vertex 90.9859 14.4483 0
      vertex 90.9859 45.5517 0
      vertex 91.3141 45.4403 0
    endloop
  endfacet
  facet normal 0 0 -1
    outer loop
      vertex 90.675 14.295 0
      vertex 90.9859 45.5517 0
      vertex 90.9859 14.4483 0
    endloop
  endfacet
  facet normal 0 0 -1
    outer loop
      vertex 90.675 14.295 0
      vertex 90.675 45.705 0
      vertex 90.9859 45.5517 0
    endloop
  endfacet
  facet normal 0 0 -1
    outer loop
      vertex 90.3868 14.1024 0
      vertex 90.675 45.705 0
      vertex 90.675 14.295 0
    endloop
  endfacet
  facet normal 0 0 -1
    outer loop
      vertex 90.3868 14.1024 0
      vertex 90.3868 45.8976 0
      vertex 90.675 45.705 0
    endloop
  endfacet
  facet normal 0 0 -1
    outer loop
      vertex 90.1262 13.8738 0
      vertex 90.3868 45.8976 0
      vertex 90.3868 14.1024 0
    endloop
  endfacet
  facet normal 0 0 -1
    outer loop
      vertex 90.1262 13.8738 0
      vertex 90.1262 46.1262 0
      vertex 90.3868 45.8976 0
    endloop
  endfacet
  facet normal 0 0 -1
    outer loop
      vertex 89.8976 13.6132 0
      vertex 90.1262 46.1262 0
      vertex 90.1262 13.8738 0
    endloop
  endfacet
  facet normal 0 0 -1
    outer loop
      vertex 89.8976 13.6132 0
      vertex 89.8976 46.3868 0
      vertex 90.1262 46.1262 0
    endloop
  endfacet
  facet normal 0 0 -1
    outer loop
      vertex 89.705 13.325 0
      vertex 89.8976 46.3868 0
      vertex 89.8976 13.6132 0
    endloop
  endfacet
  facet normal 0 0 -1
    outer loop
      vertex 89.705 13.325 0
      vertex 89.705 46.675 0
      vertex 89.8976 46.3868 0
    endloop
  endfacet
  facet normal 0 0 -1
    outer loop
      vertex 57.3778 0 0
      vertex 89.705 13.325 0
      vertex 89.5517 13.0141 0
    endloop
  endfacet
  facet normal -0 0 -1
    outer loop
      vertex 89.705 13.325 0
      vertex 57.3778 0 0
      vertex 89.705 46.675 0
    endloop
  endfacet
  facet normal 0 0 -1
    outer loop
      vertex 57.3778 0 0
      vertex 89.5517 13.0141 0
      vertex 89.4403 12.6859 0
    endloop
  endfacet
  facet normal 0 0 -1
    outer loop
      vertex 57.3778 60 0
      vertex 89.705 46.675 0
      vertex 57.3778 0 0
    endloop
  endfacet
  facet normal 0 0 -1
    outer loop
      vertex 57.3778 0 0
      vertex 89.4403 12.6859 0
      vertex 89.3727 12.3459 0
    endloop
  endfacet
  facet normal 0 0 -1
    outer loop
      vertex 89.705 46.675 0
      vertex 57.3778 60 0
      vertex 89.5517 46.9859 0
    endloop
  endfacet
  facet normal 0 0 -1
    outer loop
      vertex 57.3778 0 0
      vertex 89.3727 12.3459 0
      vertex 89.35 12 0
    endloop
  endfacet
  facet normal 0 0 -1
    outer loop
      vertex 89.5517 46.9859 0
      vertex 57.3778 60 0
      vertex 89.4403 47.3141 0
    endloop
  endfacet
  facet normal 0 0 -1
    outer loop
      vertex 94.6273 12.3459 0
      vertex 110 0 0
      vertex 94.65 12 0
    endloop
  endfacet
  facet normal 0 0 -1
    outer loop
      vertex 110 0 0
      vertex 94.6273 11.6541 0
      vertex 94.65 12 0
    endloop
  endfacet
  facet normal 0 0 -1
    outer loop
      vertex 110 0 0
      vertex 94.5597 11.3141 0
      vertex 94.6273 11.6541 0
    endloop
  endfacet
  facet normal 0 0 -1
    outer loop
      vertex 110 0 0
      vertex 94.4483 10.9859 0
      vertex 94.5597 11.3141 0
    endloop
  endfacet
  facet normal 0 0 -1
    outer loop
      vertex 110 0 0
      vertex 94.295 10.675 0
      vertex 94.4483 10.9859 0
    endloop
  endfacet
  facet normal 0 0 -1
    outer loop
      vertex 110 0 0
      vertex 94.1024 10.3868 0
      vertex 94.295 10.675 0
    endloop
  endfacet
  facet normal 0 0 -1
    outer loop
      vertex 110 0 0
      vertex 93.8738 10.1262 0
      vertex 94.1024 10.3868 0
    endloop
  endfacet
  facet normal 0 0 -1
    outer loop
      vertex 110 0 0
      vertex 93.6132 9.89761 0
      vertex 93.8738 10.1262 0
    endloop
  endfacet
  facet normal 0 0 -1
    outer loop
      vertex 110 0 0
      vertex 93.325 9.70503 0
      vertex 93.6132 9.89761 0
    endloop
  endfacet
  facet normal 0 0 -1
    outer loop
      vertex 110 0 0
      vertex 93.0141 9.55172 0
      vertex 93.325 9.70503 0
    endloop
  endfacet
  facet normal 0 0 -1
    outer loop
      vertex 110 0 0
      vertex 92.6859 9.4403 0
      vertex 93.0141 9.55172 0
    endloop
  endfacet
  facet normal 0 0 -1
    outer loop
      vertex 110 0 0
      vertex 92.3459 9.37267 0
      vertex 92.6859 9.4403 0
    endloop
  endfacet
  facet normal 0 0 -1
    outer loop
      vertex 110 0 0
      vertex 92 9.35 0
      vertex 92.3459 9.37267 0
    endloop
  endfacet
  facet normal 0 0 -1
    outer loop
      vertex 110 0 0
      vertex 91.6541 9.37267 0
      vertex 92 9.35 0
    endloop
  endfacet
  facet normal 0 0 -1
    outer loop
      vertex 110 0 0
      vertex 91.3141 9.4403 0
      vertex 91.6541 9.37267 0
    endloop
  endfacet
  facet normal 0 0 -1
    outer loop
      vertex 57.3778 0 0
      vertex 91.3141 9.4403 0
      vertex 110 0 0
    endloop
  endfacet
  facet normal -0 0 -1
    outer loop
      vertex 91.3141 9.4403 0
      vertex 57.3778 0 0
      vertex 90.9859 9.55172 0
    endloop
  endfacet
  facet normal 0 0 -1
    outer loop
      vertex 89.4403 47.3141 0
      vertex 57.3778 60 0
      vertex 89.3727 47.6541 0
    endloop
  endfacet
  facet normal -0 0 -1
    outer loop
      vertex 89.3727 11.6541 0
      vertex 57.3778 0 0
      vertex 89.35 12 0
    endloop
  endfacet
  facet normal -0 0 -1
    outer loop
      vertex 89.4403 11.3141 0
      vertex 57.3778 0 0
      vertex 89.3727 11.6541 0
    endloop
  endfacet
  facet normal -0 0 -1
    outer loop
      vertex 89.5517 10.9859 0
      vertex 57.3778 0 0
      vertex 89.4403 11.3141 0
    endloop
  endfacet
  facet normal -0 0 -1
    outer loop
      vertex 89.705 10.675 0
      vertex 57.3778 0 0
      vertex 89.5517 10.9859 0
    endloop
  endfacet
  facet normal -0 0 -1
    outer loop
      vertex 89.8976 10.3868 0
      vertex 57.3778 0 0
      vertex 89.705 10.675 0
    endloop
  endfacet
  facet normal -0 0 -1
    outer loop
      vertex 90.1262 10.1262 0
      vertex 57.3778 0 0
      vertex 89.8976 10.3868 0
    endloop
  endfacet
  facet normal -0 0 -1
    outer loop
      vertex 90.3868 9.89761 0
      vertex 57.3778 0 0
      vertex 90.1262 10.1262 0
    endloop
  endfacet
  facet normal -0 0 -1
    outer loop
      vertex 90.675 9.70503 0
      vertex 57.3778 0 0
      vertex 90.3868 9.89761 0
    endloop
  endfacet
  facet normal -0 0 -1
    outer loop
      vertex 90.9859 9.55172 0
      vertex 57.3778 0 0
      vertex 90.675 9.70503 0
    endloop
  endfacet
  facet normal 0 0 -1
    outer loop
      vertex 94.5597 12.6859 0
      vertex 110 0 0
      vertex 94.6273 12.3459 0
    endloop
  endfacet
  facet normal 0 0 -1
    outer loop
      vertex 94.6273 48.3459 0
      vertex 110 60 0
      vertex 94.65 48 0
    endloop
  endfacet
  facet normal 0 0 -1
    outer loop
      vertex 94.5597 48.6859 0
      vertex 110 60 0
      vertex 94.6273 48.3459 0
    endloop
  endfacet
  facet normal 0 0 -1
    outer loop
      vertex 94.4483 49.0141 0
      vertex 110 60 0
      vertex 94.5597 48.6859 0
    endloop
  endfacet
  facet normal 0 0 -1
    outer loop
      vertex 94.295 49.325 0
      vertex 110 60 0
      vertex 94.4483 49.0141 0
    endloop
  endfacet
  facet normal 0 0 -1
    outer loop
      vertex 94.1024 49.6132 0
      vertex 110 60 0
      vertex 94.295 49.325 0
    endloop
  endfacet
  facet normal 0 0 -1
    outer loop
      vertex 93.8738 49.8738 0
      vertex 110 60 0
      vertex 94.1024 49.6132 0
    endloop
  endfacet
  facet normal 0 0 -1
    outer loop
      vertex 93.6132 50.1024 0
      vertex 110 60 0
      vertex 93.8738 49.8738 0
    endloop
  endfacet
  facet normal 0 0 -1
    outer loop
      vertex 93.325 50.295 0
      vertex 110 60 0
      vertex 93.6132 50.1024 0
    endloop
  endfacet
  facet normal 0 0 -1
    outer loop
      vertex 93.0141 50.4483 0
      vertex 110 60 0
      vertex 93.325 50.295 0
    endloop
  endfacet
  facet normal 0 0 -1
    outer loop
      vertex 92.6859 50.5597 0
      vertex 110 60 0
      vertex 93.0141 50.4483 0
    endloop
  endfacet
  facet normal 0 0 -1
    outer loop
      vertex 92.3459 50.6273 0
      vertex 110 60 0
      vertex 92.6859 50.5597 0
    endloop
  endfacet
  facet normal 0 0 -1
    outer loop
      vertex 92 50.65 0
      vertex 110 60 0
      vertex 92.3459 50.6273 0
    endloop
  endfacet
  facet normal 0 0 -1
    outer loop
      vertex 91.6541 50.6273 0
      vertex 110 60 0
      vertex 92 50.65 0
    endloop
  endfacet
  facet normal 0 0 -1
    outer loop
      vertex 91.3141 50.5597 0
      vertex 110 60 0
      vertex 91.6541 50.6273 0
    endloop
  endfacet
  facet normal 0 0 -1
    outer loop
      vertex 57.3778 60 0
      vertex 91.3141 50.5597 0
      vertex 90.9859 50.4483 0
    endloop
  endfacet
  facet normal 0 0 -1
    outer loop
      vertex 57.3778 60 0
      vertex 90.9859 50.4483 0
      vertex 90.675 50.295 0
    endloop
  endfacet
  facet normal 0 0 -1
    outer loop
      vertex 89.3727 47.6541 0
      vertex 57.3778 60 0
      vertex 89.35 48 0
    endloop
  endfacet
  facet normal 0 0 -1
    outer loop
      vertex 89.35 48 0
      vertex 57.3778 60 0
      vertex 89.3727 48.3459 0
    endloop
  endfacet
  facet normal 0 0 -1
    outer loop
      vertex 89.3727 48.3459 0
      vertex 57.3778 60 0
      vertex 89.4403 48.6859 0
    endloop
  endfacet
  facet normal 0 0 -1
    outer loop
      vertex 89.4403 48.6859 0
      vertex 57.3778 60 0
      vertex 89.5517 49.0141 0
    endloop
  endfacet
  facet normal 0 0 -1
    outer loop
      vertex 91.3141 50.5597 0
      vertex 57.3778 60 0
      vertex 110 60 0
    endloop
  endfacet
  facet normal 0 0 -1
    outer loop
      vertex 90.3868 50.1024 0
      vertex 57.3778 60 0
      vertex 90.675 50.295 0
    endloop
  endfacet
  facet normal 0 0 -1
    outer loop
      vertex 90.1262 49.8738 0
      vertex 57.3778 60 0
      vertex 90.3868 50.1024 0
    endloop
  endfacet
  facet normal 0 0 -1
    outer loop
      vertex 89.8976 49.6132 0
      vertex 57.3778 60 0
      vertex 90.1262 49.8738 0
    endloop
  endfacet
  facet normal 0 0 -1
    outer loop
      vertex 89.705 49.325 0
      vertex 57.3778 60 0
      vertex 89.8976 49.6132 0
    endloop
  endfacet
  facet normal 0 0 -1
    outer loop
      vertex 89.5517 49.0141 0
      vertex 57.3778 60 0
      vertex 89.705 49.325 0
    endloop
  endfacet
  facet normal -0.997854 -0.065485 0
    outer loop
      vertex 20.65 12 0
      vertex 20.6273 12.3459 9
      vertex 20.6273 12.3459 0
    endloop
  endfacet
  facet normal -0.997854 -0.065485 0
    outer loop
      vertex 20.6273 12.3459 9
      vertex 20.65 12 0
      vertex 20.65 12 9
    endloop
  endfacet
  facet normal 0.065485 -0.997854 0
    outer loop
      vertex 17.6541 14.6273 0
      vertex 18 14.65 9
      vertex 17.6541 14.6273 9
    endloop
  endfacet
  facet normal 0.065485 -0.997854 0
    outer loop
      vertex 18 14.65 9
      vertex 17.6541 14.6273 0
      vertex 18 14.65 0
    endloop
  endfacet
  facet normal -0.0653989 0.997859 0
    outer loop
      vertex 18.3459 9.37267 0
      vertex 18 9.35 9
      vertex 18.3459 9.37267 9
    endloop
  endfacet
  facet normal -0.0653989 0.997859 0
    outer loop
      vertex 18 9.35 9
      vertex 18.3459 9.37267 0
      vertex 18 9.35 0
    endloop
  endfacet
  facet normal 0.659427 0.751768 -0
    outer loop
      vertex 16.3868 9.89761 0
      vertex 16.1262 10.1262 9
      vertex 16.3868 9.89761 9
    endloop
  endfacet
  facet normal 0.659427 0.751768 0
    outer loop
      vertex 16.1262 10.1262 9
      vertex 16.3868 9.89761 0
      vertex 16.1262 10.1262 0
    endloop
  endfacet
  facet normal -0.659444 -0.751754 0
    outer loop
      vertex 19.6132 14.1024 0
      vertex 19.8738 13.8738 9
      vertex 19.6132 14.1024 9
    endloop
  endfacet
  facet normal -0.659444 -0.751754 -0
    outer loop
      vertex 19.8738 13.8738 9
      vertex 19.6132 14.1024 0
      vertex 19.8738 13.8738 0
    endloop
  endfacet
  facet normal 0.751754 -0.659444 0
    outer loop
      vertex 15.8976 13.6132 9
      vertex 16.1262 13.8738 0
      vertex 16.1262 13.8738 9
    endloop
  endfacet
  facet normal 0.751754 -0.659444 0
    outer loop
      vertex 16.1262 13.8738 0
      vertex 15.8976 13.6132 9
      vertex 15.8976 13.6132 0
    endloop
  endfacet
  facet normal 0.442245 -0.896894 0
    outer loop
      vertex 16.675 14.295 0
      vertex 16.9859 14.4483 9
      vertex 16.675 14.295 9
    endloop
  endfacet
  facet normal 0.442245 -0.896894 0
    outer loop
      vertex 16.9859 14.4483 9
      vertex 16.675 14.295 0
      vertex 16.9859 14.4483 0
    endloop
  endfacet
  facet normal -0.896894 -0.442245 0
    outer loop
      vertex 20.4483 13.0141 0
      vertex 20.295 13.325 9
      vertex 20.295 13.325 0
    endloop
  endfacet
  facet normal -0.896894 -0.442245 0
    outer loop
      vertex 20.295 13.325 9
      vertex 20.4483 13.0141 0
      vertex 20.4483 13.0141 9
    endloop
  endfacet
  facet normal -0.321416 -0.946938 0
    outer loop
      vertex 18.6859 14.5597 0
      vertex 19.0141 14.4483 9
      vertex 18.6859 14.5597 9
    endloop
  endfacet
  facet normal -0.321416 -0.946938 -0
    outer loop
      vertex 19.0141 14.4483 9
      vertex 18.6859 14.5597 0
      vertex 19.0141 14.4483 0
    endloop
  endfacet
  facet normal -0.195007 -0.980802 0
    outer loop
      vertex 18.3459 14.6273 0
      vertex 18.6859 14.5597 9
      vertex 18.3459 14.6273 9
    endloop
  endfacet
  facet normal -0.195007 -0.980802 -0
    outer loop
      vertex 18.6859 14.5597 9
      vertex 18.3459 14.6273 0
      vertex 18.6859 14.5597 0
    endloop
  endfacet
  facet normal -0.555632 -0.831428 0
    outer loop
      vertex 19.325 14.295 0
      vertex 19.6132 14.1024 9
      vertex 19.325 14.295 9
    endloop
  endfacet
  facet normal -0.555632 -0.831428 -0
    outer loop
      vertex 19.6132 14.1024 9
      vertex 19.325 14.295 0
      vertex 19.6132 14.1024 0
    endloop
  endfacet
  facet normal 0.946938 -0.321416 0
    outer loop
      vertex 15.4403 12.6859 9
      vertex 15.5517 13.0141 0
      vertex 15.5517 13.0141 9
    endloop
  endfacet
  facet normal 0.946938 -0.321416 0
    outer loop
      vertex 15.5517 13.0141 0
      vertex 15.4403 12.6859 9
      vertex 15.4403 12.6859 0
    endloop
  endfacet
  facet normal 0.831428 -0.555632 0
    outer loop
      vertex 15.705 13.325 9
      vertex 15.8976 13.6132 0
      vertex 15.8976 13.6132 9
    endloop
  endfacet
  facet normal 0.831428 -0.555632 0
    outer loop
      vertex 15.8976 13.6132 0
      vertex 15.705 13.325 9
      vertex 15.705 13.325 0
    endloop
  endfacet
  facet normal 0.980802 -0.195007 0
    outer loop
      vertex 15.3727 12.3459 9
      vertex 15.4403 12.6859 0
      vertex 15.4403 12.6859 9
    endloop
  endfacet
  facet normal 0.980802 -0.195007 0
    outer loop
      vertex 15.4403 12.6859 0
      vertex 15.3727 12.3459 9
      vertex 15.3727 12.3459 0
    endloop
  endfacet
  facet normal 0.321416 -0.946938 0
    outer loop
      vertex 16.9859 14.4483 0
      vertex 17.3141 14.5597 9
      vertex 16.9859 14.4483 9
    endloop
  endfacet
  facet normal 0.321416 -0.946938 0
    outer loop
      vertex 17.3141 14.5597 9
      vertex 16.9859 14.4483 0
      vertex 17.3141 14.5597 0
    endloop
  endfacet
  facet normal -0.946938 0.321416 0
    outer loop
      vertex 20.4483 10.9859 0
      vertex 20.5597 11.3141 9
      vertex 20.5597 11.3141 0
    endloop
  endfacet
  facet normal -0.946938 0.321416 0
    outer loop
      vertex 20.5597 11.3141 9
      vertex 20.4483 10.9859 0
      vertex 20.4483 10.9859 9
    endloop
  endfacet
  facet normal -0.831428 0.555632 0
    outer loop
      vertex 20.1024 10.3868 0
      vertex 20.295 10.675 9
      vertex 20.295 10.675 0
    endloop
  endfacet
  facet normal -0.831428 0.555632 0
    outer loop
      vertex 20.295 10.675 9
      vertex 20.1024 10.3868 0
      vertex 20.1024 10.3868 9
    endloop
  endfacet
  facet normal -0.980802 0.195007 0
    outer loop
      vertex 20.5597 11.3141 0
      vertex 20.6273 11.6541 9
      vertex 20.6273 11.6541 0
    endloop
  endfacet
  facet normal -0.980802 0.195007 0
    outer loop
      vertex 20.6273 11.6541 9
      vertex 20.5597 11.3141 0
      vertex 20.5597 11.3141 9
    endloop
  endfacet
  facet normal 0.321468 0.94692 -0
    outer loop
      vertex 17.3141 9.4403 0
      vertex 16.9859 9.55172 9
      vertex 17.3141 9.4403 9
    endloop
  endfacet
  facet normal 0.321468 0.94692 0
    outer loop
      vertex 16.9859 9.55172 9
      vertex 17.3141 9.4403 0
      vertex 16.9859 9.55172 0
    endloop
  endfacet
  facet normal 0.555592 0.831455 -0
    outer loop
      vertex 16.675 9.70503 0
      vertex 16.3868 9.89761 9
      vertex 16.675 9.70503 9
    endloop
  endfacet
  facet normal 0.555592 0.831455 0
    outer loop
      vertex 16.3868 9.89761 9
      vertex 16.675 9.70503 0
      vertex 16.3868 9.89761 0
    endloop
  endfacet
  facet normal 0.19509 0.980785 -0
    outer loop
      vertex 17.6541 9.37267 0
      vertex 17.3141 9.4403 9
      vertex 17.6541 9.37267 9
    endloop
  endfacet
  facet normal 0.19509 0.980785 0
    outer loop
      vertex 17.3141 9.4403 9
      vertex 17.6541 9.37267 0
      vertex 17.3141 9.4403 0
    endloop
  endfacet
  facet normal -0.946938 -0.321416 0
    outer loop
      vertex 20.5597 12.6859 0
      vertex 20.4483 13.0141 9
      vertex 20.4483 13.0141 0
    endloop
  endfacet
  facet normal -0.946938 -0.321416 0
    outer loop
      vertex 20.4483 13.0141 9
      vertex 20.5597 12.6859 0
      vertex 20.5597 12.6859 9
    endloop
  endfacet
  facet normal -0.980802 -0.195007 0
    outer loop
      vertex 20.6273 12.3459 0
      vertex 20.5597 12.6859 9
      vertex 20.5597 12.6859 0
    endloop
  endfacet
  facet normal -0.980802 -0.195007 0
    outer loop
      vertex 20.5597 12.6859 9
      vertex 20.6273 12.3459 0
      vertex 20.6273 12.3459 9
    endloop
  endfacet
  facet normal -0.751754 -0.659444 0
    outer loop
      vertex 20.1024 13.6132 0
      vertex 19.8738 13.8738 9
      vertex 19.8738 13.8738 0
    endloop
  endfacet
  facet normal -0.751754 -0.659444 0
    outer loop
      vertex 19.8738 13.8738 9
      vertex 20.1024 13.6132 0
      vertex 20.1024 13.6132 9
    endloop
  endfacet
  facet normal -0.831428 -0.555632 0
    outer loop
      vertex 20.295 13.325 0
      vertex 20.1024 13.6132 9
      vertex 20.1024 13.6132 0
    endloop
  endfacet
  facet normal -0.831428 -0.555632 0
    outer loop
      vertex 20.1024 13.6132 9
      vertex 20.295 13.325 0
      vertex 20.295 13.325 9
    endloop
  endfacet
  facet normal -0.065485 -0.997854 0
    outer loop
      vertex 18 14.65 0
      vertex 18.3459 14.6273 9
      vertex 18 14.65 9
    endloop
  endfacet
  facet normal -0.065485 -0.997854 -0
    outer loop
      vertex 18.3459 14.6273 9
      vertex 18 14.65 0
      vertex 18.3459 14.6273 0
    endloop
  endfacet
  facet normal -0.442245 -0.896894 0
    outer loop
      vertex 19.0141 14.4483 0
      vertex 19.325 14.295 9
      vertex 19.0141 14.4483 9
    endloop
  endfacet
  facet normal -0.442245 -0.896894 -0
    outer loop
      vertex 19.325 14.295 9
      vertex 19.0141 14.4483 0
      vertex 19.325 14.295 0
    endloop
  endfacet
  facet normal 0.896894 -0.442245 0
    outer loop
      vertex 15.5517 13.0141 9
      vertex 15.705 13.325 0
      vertex 15.705 13.325 9
    endloop
  endfacet
  facet normal 0.896894 -0.442245 0
    outer loop
      vertex 15.705 13.325 0
      vertex 15.5517 13.0141 9
      vertex 15.5517 13.0141 0
    endloop
  endfacet
  facet normal 0.997854 -0.065485 0
    outer loop
      vertex 15.35 12 9
      vertex 15.3727 12.3459 0
      vertex 15.3727 12.3459 9
    endloop
  endfacet
  facet normal 0.997854 -0.065485 0
    outer loop
      vertex 15.3727 12.3459 0
      vertex 15.35 12 9
      vertex 15.35 12 0
    endloop
  endfacet
  facet normal 0 0 -1
    outer loop
      vertex 20.6273 11.6541 9
      vertex 20.6273 12.3459 9
      vertex 20.65 12 9
    endloop
  endfacet
  facet normal 0 0 -1
    outer loop
      vertex 20.5597 11.3141 9
      vertex 20.6273 12.3459 9
      vertex 20.6273 11.6541 9
    endloop
  endfacet
  facet normal 0 0 -1
    outer loop
      vertex 20.5597 11.3141 9
      vertex 20.5597 12.6859 9
      vertex 20.6273 12.3459 9
    endloop
  endfacet
  facet normal 0 0 -1
    outer loop
      vertex 20.4483 10.9859 9
      vertex 20.5597 12.6859 9
      vertex 20.5597 11.3141 9
    endloop
  endfacet
  facet normal 0 0 -1
    outer loop
      vertex 20.4483 10.9859 9
      vertex 20.4483 13.0141 9
      vertex 20.5597 12.6859 9
    endloop
  endfacet
  facet normal 0 0 -1
    outer loop
      vertex 20.295 10.675 9
      vertex 20.4483 13.0141 9
      vertex 20.4483 10.9859 9
    endloop
  endfacet
  facet normal 0 0 -1
    outer loop
      vertex 20.295 10.675 9
      vertex 20.295 13.325 9
      vertex 20.4483 13.0141 9
    endloop
  endfacet
  facet normal 0 0 -1
    outer loop
      vertex 20.1024 10.3868 9
      vertex 20.295 13.325 9
      vertex 20.295 10.675 9
    endloop
  endfacet
  facet normal 0 0 -1
    outer loop
      vertex 20.1024 10.3868 9
      vertex 20.1024 13.6132 9
      vertex 20.295 13.325 9
    endloop
  endfacet
  facet normal 0 0 -1
    outer loop
      vertex 19.8738 10.1262 9
      vertex 20.1024 13.6132 9
      vertex 20.1024 10.3868 9
    endloop
  endfacet
  facet normal 0 0 -1
    outer loop
      vertex 19.8738 10.1262 9
      vertex 19.8738 13.8738 9
      vertex 20.1024 13.6132 9
    endloop
  endfacet
  facet normal 0 0 -1
    outer loop
      vertex 19.6132 9.89761 9
      vertex 19.8738 13.8738 9
      vertex 19.8738 10.1262 9
    endloop
  endfacet
  facet normal 0 0 -1
    outer loop
      vertex 19.6132 9.89761 9
      vertex 19.6132 14.1024 9
      vertex 19.8738 13.8738 9
    endloop
  endfacet
  facet normal 0 0 -1
    outer loop
      vertex 19.325 9.70503 9
      vertex 19.6132 14.1024 9
      vertex 19.6132 9.89761 9
    endloop
  endfacet
  facet normal 0 0 -1
    outer loop
      vertex 19.325 9.70503 9
      vertex 19.325 14.295 9
      vertex 19.6132 14.1024 9
    endloop
  endfacet
  facet normal 0 0 -1
    outer loop
      vertex 19.0141 9.55172 9
      vertex 19.325 14.295 9
      vertex 19.325 9.70503 9
    endloop
  endfacet
  facet normal 0 0 -1
    outer loop
      vertex 19.0141 9.55172 9
      vertex 19.0141 14.4483 9
      vertex 19.325 14.295 9
    endloop
  endfacet
  facet normal 0 0 -1
    outer loop
      vertex 18.6859 9.4403 9
      vertex 19.0141 14.4483 9
      vertex 19.0141 9.55172 9
    endloop
  endfacet
  facet normal 0 0 -1
    outer loop
      vertex 18.6859 9.4403 9
      vertex 18.6859 14.5597 9
      vertex 19.0141 14.4483 9
    endloop
  endfacet
  facet normal 0 0 -1
    outer loop
      vertex 18.3459 9.37267 9
      vertex 18.6859 14.5597 9
      vertex 18.6859 9.4403 9
    endloop
  endfacet
  facet normal 0 0 -1
    outer loop
      vertex 18.3459 9.37267 9
      vertex 18.3459 14.6273 9
      vertex 18.6859 14.5597 9
    endloop
  endfacet
  facet normal 0 0 -1
    outer loop
      vertex 18 9.35 9
      vertex 18.3459 14.6273 9
      vertex 18.3459 9.37267 9
    endloop
  endfacet
  facet normal 0 0 -1
    outer loop
      vertex 18 9.35 9
      vertex 18 14.65 9
      vertex 18.3459 14.6273 9
    endloop
  endfacet
  facet normal 0 0 -1
    outer loop
      vertex 17.6541 9.37267 9
      vertex 18 14.65 9
      vertex 18 9.35 9
    endloop
  endfacet
  facet normal 0 0 -1
    outer loop
      vertex 17.6541 9.37267 9
      vertex 17.6541 14.6273 9
      vertex 18 14.65 9
    endloop
  endfacet
  facet normal 0 0 -1
    outer loop
      vertex 17.3141 9.4403 9
      vertex 17.6541 14.6273 9
      vertex 17.6541 9.37267 9
    endloop
  endfacet
  facet normal 0 0 -1
    outer loop
      vertex 17.3141 9.4403 9
      vertex 17.3141 14.5597 9
      vertex 17.6541 14.6273 9
    endloop
  endfacet
  facet normal 0 0 -1
    outer loop
      vertex 16.9859 9.55172 9
      vertex 17.3141 14.5597 9
      vertex 17.3141 9.4403 9
    endloop
  endfacet
  facet normal 0 0 -1
    outer loop
      vertex 16.9859 9.55172 9
      vertex 16.9859 14.4483 9
      vertex 17.3141 14.5597 9
    endloop
  endfacet
  facet normal 0 0 -1
    outer loop
      vertex 16.675 9.70503 9
      vertex 16.9859 14.4483 9
      vertex 16.9859 9.55172 9
    endloop
  endfacet
  facet normal 0 0 -1
    outer loop
      vertex 16.675 9.70503 9
      vertex 16.675 14.295 9
      vertex 16.9859 14.4483 9
    endloop
  endfacet
  facet normal 0 0 -1
    outer loop
      vertex 16.3868 9.89761 9
      vertex 16.675 14.295 9
      vertex 16.675 9.70503 9
    endloop
  endfacet
  facet normal 0 0 -1
    outer loop
      vertex 16.3868 9.89761 9
      vertex 16.3868 14.1024 9
      vertex 16.675 14.295 9
    endloop
  endfacet
  facet normal 0 0 -1
    outer loop
      vertex 16.1262 10.1262 9
      vertex 16.3868 14.1024 9
      vertex 16.3868 9.89761 9
    endloop
  endfacet
  facet normal 0 0 -1
    outer loop
      vertex 16.1262 10.1262 9
      vertex 16.1262 13.8738 9
      vertex 16.3868 14.1024 9
    endloop
  endfacet
  facet normal 0 0 -1
    outer loop
      vertex 15.8976 10.3868 9
      vertex 16.1262 13.8738 9
      vertex 16.1262 10.1262 9
    endloop
  endfacet
  facet normal 0 0 -1
    outer loop
      vertex 15.8976 10.3868 9
      vertex 15.8976 13.6132 9
      vertex 16.1262 13.8738 9
    endloop
  endfacet
  facet normal 0 0 -1
    outer loop
      vertex 15.705 10.675 9
      vertex 15.8976 13.6132 9
      vertex 15.8976 10.3868 9
    endloop
  endfacet
  facet normal 0 0 -1
    outer loop
      vertex 15.705 10.675 9
      vertex 15.705 13.325 9
      vertex 15.8976 13.6132 9
    endloop
  endfacet
  facet normal 0 0 -1
    outer loop
      vertex 15.5517 10.9859 9
      vertex 15.705 13.325 9
      vertex 15.705 10.675 9
    endloop
  endfacet
  facet normal 0 0 -1
    outer loop
      vertex 15.5517 10.9859 9
      vertex 15.5517 13.0141 9
      vertex 15.705 13.325 9
    endloop
  endfacet
  facet normal 0 0 -1
    outer loop
      vertex 15.4403 11.3141 9
      vertex 15.5517 13.0141 9
      vertex 15.5517 10.9859 9
    endloop
  endfacet
  facet normal 0 0 -1
    outer loop
      vertex 15.4403 11.3141 9
      vertex 15.4403 12.6859 9
      vertex 15.5517 13.0141 9
    endloop
  endfacet
  facet normal 0 0 -1
    outer loop
      vertex 15.3727 11.6541 9
      vertex 15.4403 12.6859 9
      vertex 15.4403 11.3141 9
    endloop
  endfacet
  facet normal 0 0 -1
    outer loop
      vertex 15.3727 11.6541 9
      vertex 15.3727 12.3459 9
      vertex 15.4403 12.6859 9
    endloop
  endfacet
  facet normal 0 -0 -1
    outer loop
      vertex 15.3727 12.3459 9
      vertex 15.3727 11.6541 9
      vertex 15.35 12 9
    endloop
  endfacet
  facet normal 0.555632 -0.831428 0
    outer loop
      vertex 16.3868 14.1024 0
      vertex 16.675 14.295 9
      vertex 16.3868 14.1024 9
    endloop
  endfacet
  facet normal 0.555632 -0.831428 0
    outer loop
      vertex 16.675 14.295 9
      vertex 16.3868 14.1024 0
      vertex 16.675 14.295 0
    endloop
  endfacet
  facet normal 0.659444 -0.751754 0
    outer loop
      vertex 16.1262 13.8738 0
      vertex 16.3868 14.1024 9
      vertex 16.1262 13.8738 9
    endloop
  endfacet
  facet normal 0.659444 -0.751754 0
    outer loop
      vertex 16.3868 14.1024 9
      vertex 16.1262 13.8738 0
      vertex 16.3868 14.1024 0
    endloop
  endfacet
  facet normal 0.195007 -0.980802 0
    outer loop
      vertex 17.3141 14.5597 0
      vertex 17.6541 14.6273 9
      vertex 17.3141 14.5597 9
    endloop
  endfacet
  facet normal 0.195007 -0.980802 0
    outer loop
      vertex 17.6541 14.6273 9
      vertex 17.3141 14.5597 0
      vertex 17.6541 14.6273 0
    endloop
  endfacet
  facet normal -0.997854 0.065485 0
    outer loop
      vertex 20.6273 11.6541 0
      vertex 20.65 12 9
      vertex 20.65 12 0
    endloop
  endfacet
  facet normal -0.997854 0.065485 0
    outer loop
      vertex 20.65 12 9
      vertex 20.6273 11.6541 0
      vertex 20.6273 11.6541 9
    endloop
  endfacet
  facet normal -0.19509 0.980785 0
    outer loop
      vertex 18.6859 9.4403 0
      vertex 18.3459 9.37267 9
      vertex 18.6859 9.4403 9
    endloop
  endfacet
  facet normal -0.19509 0.980785 0
    outer loop
      vertex 18.3459 9.37267 9
      vertex 18.6859 9.4403 0
      vertex 18.3459 9.37267 0
    endloop
  endfacet
  facet normal -0.442268 0.896883 0
    outer loop
      vertex 19.325 9.70503 0
      vertex 19.0141 9.55172 9
      vertex 19.325 9.70503 9
    endloop
  endfacet
  facet normal -0.442268 0.896883 0
    outer loop
      vertex 19.0141 9.55172 9
      vertex 19.325 9.70503 0
      vertex 19.0141 9.55172 0
    endloop
  endfacet
  facet normal -0.751754 0.659444 0
    outer loop
      vertex 19.8738 10.1262 0
      vertex 20.1024 10.3868 9
      vertex 20.1024 10.3868 0
    endloop
  endfacet
  facet normal -0.751754 0.659444 0
    outer loop
      vertex 20.1024 10.3868 9
      vertex 19.8738 10.1262 0
      vertex 19.8738 10.1262 9
    endloop
  endfacet
  facet normal -0.555592 0.831455 0
    outer loop
      vertex 19.6132 9.89761 0
      vertex 19.325 9.70503 9
      vertex 19.6132 9.89761 9
    endloop
  endfacet
  facet normal -0.555592 0.831455 0
    outer loop
      vertex 19.325 9.70503 9
      vertex 19.6132 9.89761 0
      vertex 19.325 9.70503 0
    endloop
  endfacet
  facet normal -0.896894 0.442245 0
    outer loop
      vertex 20.295 10.675 0
      vertex 20.4483 10.9859 9
      vertex 20.4483 10.9859 0
    endloop
  endfacet
  facet normal -0.896894 0.442245 0
    outer loop
      vertex 20.4483 10.9859 9
      vertex 20.295 10.675 0
      vertex 20.295 10.675 9
    endloop
  endfacet
  facet normal 0.442268 0.896883 -0
    outer loop
      vertex 16.9859 9.55172 0
      vertex 16.675 9.70503 9
      vertex 16.9859 9.55172 9
    endloop
  endfacet
  facet normal 0.442268 0.896883 0
    outer loop
      vertex 16.675 9.70503 9
      vertex 16.9859 9.55172 0
      vertex 16.675 9.70503 0
    endloop
  endfacet
  facet normal 0.0653989 0.997859 -0
    outer loop
      vertex 18 9.35 0
      vertex 17.6541 9.37267 9
      vertex 18 9.35 9
    endloop
  endfacet
  facet normal 0.0653989 0.997859 0
    outer loop
      vertex 17.6541 9.37267 9
      vertex 18 9.35 0
      vertex 17.6541 9.37267 0
    endloop
  endfacet
  facet normal 0.831428 0.555632 0
    outer loop
      vertex 15.8976 10.3868 9
      vertex 15.705 10.675 0
      vertex 15.705 10.675 9
    endloop
  endfacet
  facet normal 0.831428 0.555632 0
    outer loop
      vertex 15.705 10.675 0
      vertex 15.8976 10.3868 9
      vertex 15.8976 10.3868 0
    endloop
  endfacet
  facet normal 0.896894 0.442245 0
    outer loop
      vertex 15.705 10.675 9
      vertex 15.5517 10.9859 0
      vertex 15.5517 10.9859 9
    endloop
  endfacet
  facet normal 0.896894 0.442245 0
    outer loop
      vertex 15.5517 10.9859 0
      vertex 15.705 10.675 9
      vertex 15.705 10.675 0
    endloop
  endfacet
  facet normal 0.980802 0.195007 0
    outer loop
      vertex 15.4403 11.3141 9
      vertex 15.3727 11.6541 0
      vertex 15.3727 11.6541 9
    endloop
  endfacet
  facet normal 0.980802 0.195007 0
    outer loop
      vertex 15.3727 11.6541 0
      vertex 15.4403 11.3141 9
      vertex 15.4403 11.3141 0
    endloop
  endfacet
  facet normal 0.997854 0.065485 0
    outer loop
      vertex 15.3727 11.6541 9
      vertex 15.35 12 0
      vertex 15.35 12 9
    endloop
  endfacet
  facet normal 0.997854 0.065485 0
    outer loop
      vertex 15.35 12 0
      vertex 15.3727 11.6541 9
      vertex 15.3727 11.6541 0
    endloop
  endfacet
  facet normal -0.321468 0.94692 0
    outer loop
      vertex 19.0141 9.55172 0
      vertex 18.6859 9.4403 9
      vertex 19.0141 9.55172 9
    endloop
  endfacet
  facet normal -0.321468 0.94692 0
    outer loop
      vertex 18.6859 9.4403 9
      vertex 19.0141 9.55172 0
      vertex 18.6859 9.4403 0
    endloop
  endfacet
  facet normal -0.659427 0.751768 0
    outer loop
      vertex 19.8738 10.1262 0
      vertex 19.6132 9.89761 9
      vertex 19.8738 10.1262 9
    endloop
  endfacet
  facet normal -0.659427 0.751768 0
    outer loop
      vertex 19.6132 9.89761 9
      vertex 19.8738 10.1262 0
      vertex 19.6132 9.89761 0
    endloop
  endfacet
  facet normal 0.751754 0.659444 0
    outer loop
      vertex 16.1262 10.1262 9
      vertex 15.8976 10.3868 0
      vertex 15.8976 10.3868 9
    endloop
  endfacet
  facet normal 0.751754 0.659444 0
    outer loop
      vertex 15.8976 10.3868 0
      vertex 16.1262 10.1262 9
      vertex 16.1262 10.1262 0
    endloop
  endfacet
  facet normal 0.946938 0.321416 0
    outer loop
      vertex 15.5517 10.9859 9
      vertex 15.4403 11.3141 0
      vertex 15.4403 11.3141 9
    endloop
  endfacet
  facet normal 0.946938 0.321416 0
    outer loop
      vertex 15.4403 11.3141 0
      vertex 15.5517 10.9859 9
      vertex 15.5517 10.9859 0
    endloop
  endfacet
  facet normal -0.997854 -0.065485 0
    outer loop
      vertex 20.65 48 0
      vertex 20.6273 48.3459 9
      vertex 20.6273 48.3459 0
    endloop
  endfacet
  facet normal -0.997854 -0.065485 0
    outer loop
      vertex 20.6273 48.3459 9
      vertex 20.65 48 0
      vertex 20.65 48 9
    endloop
  endfacet
  facet normal 0.065485 -0.997854 0
    outer loop
      vertex 17.6541 50.6273 0
      vertex 18 50.65 9
      vertex 17.6541 50.6273 9
    endloop
  endfacet
  facet normal 0.065485 -0.997854 0
    outer loop
      vertex 18 50.65 9
      vertex 17.6541 50.6273 0
      vertex 18 50.65 0
    endloop
  endfacet
  facet normal -0.659444 -0.751754 0
    outer loop
      vertex 19.6132 50.1024 0
      vertex 19.8738 49.8738 9
      vertex 19.6132 50.1024 9
    endloop
  endfacet
  facet normal -0.659444 -0.751754 -0
    outer loop
      vertex 19.8738 49.8738 9
      vertex 19.6132 50.1024 0
      vertex 19.8738 49.8738 0
    endloop
  endfacet
  facet normal 0.751754 -0.659444 0
    outer loop
      vertex 15.8976 49.6132 9
      vertex 16.1262 49.8738 0
      vertex 16.1262 49.8738 9
    endloop
  endfacet
  facet normal 0.751754 -0.659444 0
    outer loop
      vertex 16.1262 49.8738 0
      vertex 15.8976 49.6132 9
      vertex 15.8976 49.6132 0
    endloop
  endfacet
  facet normal 0.442245 -0.896894 0
    outer loop
      vertex 16.675 50.295 0
      vertex 16.9859 50.4483 9
      vertex 16.675 50.295 9
    endloop
  endfacet
  facet normal 0.442245 -0.896894 0
    outer loop
      vertex 16.9859 50.4483 9
      vertex 16.675 50.295 0
      vertex 16.9859 50.4483 0
    endloop
  endfacet
  facet normal -0.896894 -0.442245 0
    outer loop
      vertex 20.4483 49.0141 0
      vertex 20.295 49.325 9
      vertex 20.295 49.325 0
    endloop
  endfacet
  facet normal -0.896894 -0.442245 0
    outer loop
      vertex 20.295 49.325 9
      vertex 20.4483 49.0141 0
      vertex 20.4483 49.0141 9
    endloop
  endfacet
  facet normal -0.321416 -0.946938 0
    outer loop
      vertex 18.6859 50.5597 0
      vertex 19.0141 50.4483 9
      vertex 18.6859 50.5597 9
    endloop
  endfacet
  facet normal -0.321416 -0.946938 -0
    outer loop
      vertex 19.0141 50.4483 9
      vertex 18.6859 50.5597 0
      vertex 19.0141 50.4483 0
    endloop
  endfacet
  facet normal -0.195007 -0.980802 0
    outer loop
      vertex 18.3459 50.6273 0
      vertex 18.6859 50.5597 9
      vertex 18.3459 50.6273 9
    endloop
  endfacet
  facet normal -0.195007 -0.980802 -0
    outer loop
      vertex 18.6859 50.5597 9
      vertex 18.3459 50.6273 0
      vertex 18.6859 50.5597 0
    endloop
  endfacet
  facet normal -0.555632 -0.831428 0
    outer loop
      vertex 19.325 50.295 0
      vertex 19.6132 50.1024 9
      vertex 19.325 50.295 9
    endloop
  endfacet
  facet normal -0.555632 -0.831428 -0
    outer loop
      vertex 19.6132 50.1024 9
      vertex 19.325 50.295 0
      vertex 19.6132 50.1024 0
    endloop
  endfacet
  facet normal 0.946938 -0.321416 0
    outer loop
      vertex 15.4403 48.6859 9
      vertex 15.5517 49.0141 0
      vertex 15.5517 49.0141 9
    endloop
  endfacet
  facet normal 0.946938 -0.321416 0
    outer loop
      vertex 15.5517 49.0141 0
      vertex 15.4403 48.6859 9
      vertex 15.4403 48.6859 0
    endloop
  endfacet
  facet normal 0.831428 -0.555632 0
    outer loop
      vertex 15.705 49.325 9
      vertex 15.8976 49.6132 0
      vertex 15.8976 49.6132 9
    endloop
  endfacet
  facet normal 0.831428 -0.555632 0
    outer loop
      vertex 15.8976 49.6132 0
      vertex 15.705 49.325 9
      vertex 15.705 49.325 0
    endloop
  endfacet
  facet normal 0.980802 -0.195007 0
    outer loop
      vertex 15.3727 48.3459 9
      vertex 15.4403 48.6859 0
      vertex 15.4403 48.6859 9
    endloop
  endfacet
  facet normal 0.980802 -0.195007 0
    outer loop
      vertex 15.4403 48.6859 0
      vertex 15.3727 48.3459 9
      vertex 15.3727 48.3459 0
    endloop
  endfacet
  facet normal 0.321416 -0.946938 0
    outer loop
      vertex 16.9859 50.4483 0
      vertex 17.3141 50.5597 9
      vertex 16.9859 50.4483 9
    endloop
  endfacet
  facet normal 0.321416 -0.946938 0
    outer loop
      vertex 17.3141 50.5597 9
      vertex 16.9859 50.4483 0
      vertex 17.3141 50.5597 0
    endloop
  endfacet
  facet normal -0.831428 0.555632 0
    outer loop
      vertex 20.1024 46.3868 0
      vertex 20.295 46.675 9
      vertex 20.295 46.675 0
    endloop
  endfacet
  facet normal -0.831428 0.555632 0
    outer loop
      vertex 20.295 46.675 9
      vertex 20.1024 46.3868 0
      vertex 20.1024 46.3868 9
    endloop
  endfacet
  facet normal -0.980802 0.195007 0
    outer loop
      vertex 20.5597 47.3141 0
      vertex 20.6273 47.6541 9
      vertex 20.6273 47.6541 0
    endloop
  endfacet
  facet normal -0.980802 0.195007 0
    outer loop
      vertex 20.6273 47.6541 9
      vertex 20.5597 47.3141 0
      vertex 20.5597 47.3141 9
    endloop
  endfacet
  facet normal 0.555632 0.831428 -0
    outer loop
      vertex 16.675 45.705 0
      vertex 16.3868 45.8976 9
      vertex 16.675 45.705 9
    endloop
  endfacet
  facet normal 0.555632 0.831428 0
    outer loop
      vertex 16.3868 45.8976 9
      vertex 16.675 45.705 0
      vertex 16.3868 45.8976 0
    endloop
  endfacet
  facet normal 0.195007 0.980802 -0
    outer loop
      vertex 17.6541 45.3727 0
      vertex 17.3141 45.4403 9
      vertex 17.6541 45.3727 9
    endloop
  endfacet
  facet normal 0.195007 0.980802 0
    outer loop
      vertex 17.3141 45.4403 9
      vertex 17.6541 45.3727 0
      vertex 17.3141 45.4403 0
    endloop
  endfacet
  facet normal -0.946938 -0.321416 0
    outer loop
      vertex 20.5597 48.6859 0
      vertex 20.4483 49.0141 9
      vertex 20.4483 49.0141 0
    endloop
  endfacet
  facet normal -0.946938 -0.321416 0
    outer loop
      vertex 20.4483 49.0141 9
      vertex 20.5597 48.6859 0
      vertex 20.5597 48.6859 9
    endloop
  endfacet
  facet normal -0.980802 -0.195007 0
    outer loop
      vertex 20.6273 48.3459 0
      vertex 20.5597 48.6859 9
      vertex 20.5597 48.6859 0
    endloop
  endfacet
  facet normal -0.980802 -0.195007 0
    outer loop
      vertex 20.5597 48.6859 9
      vertex 20.6273 48.3459 0
      vertex 20.6273 48.3459 9
    endloop
  endfacet
  facet normal -0.751754 -0.659444 0
    outer loop
      vertex 20.1024 49.6132 0
      vertex 19.8738 49.8738 9
      vertex 19.8738 49.8738 0
    endloop
  endfacet
  facet normal -0.751754 -0.659444 0
    outer loop
      vertex 19.8738 49.8738 9
      vertex 20.1024 49.6132 0
      vertex 20.1024 49.6132 9
    endloop
  endfacet
  facet normal -0.831428 -0.555632 0
    outer loop
      vertex 20.295 49.325 0
      vertex 20.1024 49.6132 9
      vertex 20.1024 49.6132 0
    endloop
  endfacet
  facet normal -0.831428 -0.555632 0
    outer loop
      vertex 20.1024 49.6132 9
      vertex 20.295 49.325 0
      vertex 20.295 49.325 9
    endloop
  endfacet
  facet normal -0.065485 -0.997854 0
    outer loop
      vertex 18 50.65 0
      vertex 18.3459 50.6273 9
      vertex 18 50.65 9
    endloop
  endfacet
  facet normal -0.065485 -0.997854 -0
    outer loop
      vertex 18.3459 50.6273 9
      vertex 18 50.65 0
      vertex 18.3459 50.6273 0
    endloop
  endfacet
  facet normal -0.442245 -0.896894 0
    outer loop
      vertex 19.0141 50.4483 0
      vertex 19.325 50.295 9
      vertex 19.0141 50.4483 9
    endloop
  endfacet
  facet normal -0.442245 -0.896894 -0
    outer loop
      vertex 19.325 50.295 9
      vertex 19.0141 50.4483 0
      vertex 19.325 50.295 0
    endloop
  endfacet
  facet normal 0.896894 -0.442245 0
    outer loop
      vertex 15.5517 49.0141 9
      vertex 15.705 49.325 0
      vertex 15.705 49.325 9
    endloop
  endfacet
  facet normal 0.896894 -0.442245 0
    outer loop
      vertex 15.705 49.325 0
      vertex 15.5517 49.0141 9
      vertex 15.5517 49.0141 0
    endloop
  endfacet
  facet normal 0.997854 -0.065485 0
    outer loop
      vertex 15.35 48 9
      vertex 15.3727 48.3459 0
      vertex 15.3727 48.3459 9
    endloop
  endfacet
  facet normal 0.997854 -0.065485 0
    outer loop
      vertex 15.3727 48.3459 0
      vertex 15.35 48 9
      vertex 15.35 48 0
    endloop
  endfacet
  facet normal 0 0 -1
    outer loop
      vertex 20.6273 47.6541 9
      vertex 20.6273 48.3459 9
      vertex 20.65 48 9
    endloop
  endfacet
  facet normal 0 0 -1
    outer loop
      vertex 20.5597 47.3141 9
      vertex 20.6273 48.3459 9
      vertex 20.6273 47.6541 9
    endloop
  endfacet
  facet normal 0 0 -1
    outer loop
      vertex 20.5597 47.3141 9
      vertex 20.5597 48.6859 9
      vertex 20.6273 48.3459 9
    endloop
  endfacet
  facet normal 0 0 -1
    outer loop
      vertex 20.4483 46.9859 9
      vertex 20.5597 48.6859 9
      vertex 20.5597 47.3141 9
    endloop
  endfacet
  facet normal 0 0 -1
    outer loop
      vertex 20.4483 46.9859 9
      vertex 20.4483 49.0141 9
      vertex 20.5597 48.6859 9
    endloop
  endfacet
  facet normal 0 0 -1
    outer loop
      vertex 20.295 46.675 9
      vertex 20.4483 49.0141 9
      vertex 20.4483 46.9859 9
    endloop
  endfacet
  facet normal 0 0 -1
    outer loop
      vertex 20.295 46.675 9
      vertex 20.295 49.325 9
      vertex 20.4483 49.0141 9
    endloop
  endfacet
  facet normal 0 0 -1
    outer loop
      vertex 20.1024 46.3868 9
      vertex 20.295 49.325 9
      vertex 20.295 46.675 9
    endloop
  endfacet
  facet normal 0 0 -1
    outer loop
      vertex 20.1024 46.3868 9
      vertex 20.1024 49.6132 9
      vertex 20.295 49.325 9
    endloop
  endfacet
  facet normal 0 0 -1
    outer loop
      vertex 19.8738 46.1262 9
      vertex 20.1024 49.6132 9
      vertex 20.1024 46.3868 9
    endloop
  endfacet
  facet normal 0 0 -1
    outer loop
      vertex 19.8738 46.1262 9
      vertex 19.8738 49.8738 9
      vertex 20.1024 49.6132 9
    endloop
  endfacet
  facet normal 0 0 -1
    outer loop
      vertex 19.6132 45.8976 9
      vertex 19.8738 49.8738 9
      vertex 19.8738 46.1262 9
    endloop
  endfacet
  facet normal 0 0 -1
    outer loop
      vertex 19.6132 45.8976 9
      vertex 19.6132 50.1024 9
      vertex 19.8738 49.8738 9
    endloop
  endfacet
  facet normal 0 0 -1
    outer loop
      vertex 19.325 45.705 9
      vertex 19.6132 50.1024 9
      vertex 19.6132 45.8976 9
    endloop
  endfacet
  facet normal 0 0 -1
    outer loop
      vertex 19.325 45.705 9
      vertex 19.325 50.295 9
      vertex 19.6132 50.1024 9
    endloop
  endfacet
  facet normal 0 0 -1
    outer loop
      vertex 19.0141 45.5517 9
      vertex 19.325 50.295 9
      vertex 19.325 45.705 9
    endloop
  endfacet
  facet normal 0 0 -1
    outer loop
      vertex 19.0141 45.5517 9
      vertex 19.0141 50.4483 9
      vertex 19.325 50.295 9
    endloop
  endfacet
  facet normal 0 0 -1
    outer loop
      vertex 18.6859 45.4403 9
      vertex 19.0141 50.4483 9
      vertex 19.0141 45.5517 9
    endloop
  endfacet
  facet normal 0 0 -1
    outer loop
      vertex 18.6859 45.4403 9
      vertex 18.6859 50.5597 9
      vertex 19.0141 50.4483 9
    endloop
  endfacet
  facet normal 0 0 -1
    outer loop
      vertex 18.3459 45.3727 9
      vertex 18.6859 50.5597 9
      vertex 18.6859 45.4403 9
    endloop
  endfacet
  facet normal 0 0 -1
    outer loop
      vertex 18.3459 45.3727 9
      vertex 18.3459 50.6273 9
      vertex 18.6859 50.5597 9
    endloop
  endfacet
  facet normal 0 0 -1
    outer loop
      vertex 18 45.35 9
      vertex 18.3459 50.6273 9
      vertex 18.3459 45.3727 9
    endloop
  endfacet
  facet normal 0 0 -1
    outer loop
      vertex 18 45.35 9
      vertex 18 50.65 9
      vertex 18.3459 50.6273 9
    endloop
  endfacet
  facet normal 0 0 -1
    outer loop
      vertex 17.6541 45.3727 9
      vertex 18 50.65 9
      vertex 18 45.35 9
    endloop
  endfacet
  facet normal 0 0 -1
    outer loop
      vertex 17.6541 45.3727 9
      vertex 17.6541 50.6273 9
      vertex 18 50.65 9
    endloop
  endfacet
  facet normal 0 0 -1
    outer loop
      vertex 17.3141 45.4403 9
      vertex 17.6541 50.6273 9
      vertex 17.6541 45.3727 9
    endloop
  endfacet
  facet normal 0 0 -1
    outer loop
      vertex 17.3141 45.4403 9
      vertex 17.3141 50.5597 9
      vertex 17.6541 50.6273 9
    endloop
  endfacet
  facet normal 0 0 -1
    outer loop
      vertex 16.9859 45.5517 9
      vertex 17.3141 50.5597 9
      vertex 17.3141 45.4403 9
    endloop
  endfacet
  facet normal 0 0 -1
    outer loop
      vertex 16.9859 45.5517 9
      vertex 16.9859 50.4483 9
      vertex 17.3141 50.5597 9
    endloop
  endfacet
  facet normal 0 0 -1
    outer loop
      vertex 16.675 45.705 9
      vertex 16.9859 50.4483 9
      vertex 16.9859 45.5517 9
    endloop
  endfacet
  facet normal 0 0 -1
    outer loop
      vertex 16.675 45.705 9
      vertex 16.675 50.295 9
      vertex 16.9859 50.4483 9
    endloop
  endfacet
  facet normal 0 0 -1
    outer loop
      vertex 16.3868 45.8976 9
      vertex 16.675 50.295 9
      vertex 16.675 45.705 9
    endloop
  endfacet
  facet normal 0 0 -1
    outer loop
      vertex 16.3868 45.8976 9
      vertex 16.3868 50.1024 9
      vertex 16.675 50.295 9
    endloop
  endfacet
  facet normal 0 0 -1
    outer loop
      vertex 16.1262 46.1262 9
      vertex 16.3868 50.1024 9
      vertex 16.3868 45.8976 9
    endloop
  endfacet
  facet normal 0 0 -1
    outer loop
      vertex 16.1262 46.1262 9
      vertex 16.1262 49.8738 9
      vertex 16.3868 50.1024 9
    endloop
  endfacet
  facet normal 0 0 -1
    outer loop
      vertex 15.8976 46.3868 9
      vertex 16.1262 49.8738 9
      vertex 16.1262 46.1262 9
    endloop
  endfacet
  facet normal 0 0 -1
    outer loop
      vertex 15.8976 46.3868 9
      vertex 15.8976 49.6132 9
      vertex 16.1262 49.8738 9
    endloop
  endfacet
  facet normal 0 0 -1
    outer loop
      vertex 15.705 46.675 9
      vertex 15.8976 49.6132 9
      vertex 15.8976 46.3868 9
    endloop
  endfacet
  facet normal 0 0 -1
    outer loop
      vertex 15.705 46.675 9
      vertex 15.705 49.325 9
      vertex 15.8976 49.6132 9
    endloop
  endfacet
  facet normal 0 0 -1
    outer loop
      vertex 15.5517 46.9859 9
      vertex 15.705 49.325 9
      vertex 15.705 46.675 9
    endloop
  endfacet
  facet normal 0 0 -1
    outer loop
      vertex 15.5517 46.9859 9
      vertex 15.5517 49.0141 9
      vertex 15.705 49.325 9
    endloop
  endfacet
  facet normal 0 0 -1
    outer loop
      vertex 15.4403 47.3141 9
      vertex 15.5517 49.0141 9
      vertex 15.5517 46.9859 9
    endloop
  endfacet
  facet normal 0 0 -1
    outer loop
      vertex 15.4403 47.3141 9
      vertex 15.4403 48.6859 9
      vertex 15.5517 49.0141 9
    endloop
  endfacet
  facet normal 0 0 -1
    outer loop
      vertex 15.3727 47.6541 9
      vertex 15.4403 48.6859 9
      vertex 15.4403 47.3141 9
    endloop
  endfacet
  facet normal 0 0 -1
    outer loop
      vertex 15.3727 47.6541 9
      vertex 15.3727 48.3459 9
      vertex 15.4403 48.6859 9
    endloop
  endfacet
  facet normal 0 -0 -1
    outer loop
      vertex 15.3727 48.3459 9
      vertex 15.3727 47.6541 9
      vertex 15.35 48 9
    endloop
  endfacet
  facet normal 0.555632 -0.831428 0
    outer loop
      vertex 16.3868 50.1024 0
      vertex 16.675 50.295 9
      vertex 16.3868 50.1024 9
    endloop
  endfacet
  facet normal 0.555632 -0.831428 0
    outer loop
      vertex 16.675 50.295 9
      vertex 16.3868 50.1024 0
      vertex 16.675 50.295 0
    endloop
  endfacet
  facet normal 0.659444 -0.751754 0
    outer loop
      vertex 16.1262 49.8738 0
      vertex 16.3868 50.1024 9
      vertex 16.1262 49.8738 9
    endloop
  endfacet
  facet normal 0.659444 -0.751754 0
    outer loop
      vertex 16.3868 50.1024 9
      vertex 16.1262 49.8738 0
      vertex 16.3868 50.1024 0
    endloop
  endfacet
  facet normal 0.195007 -0.980802 0
    outer loop
      vertex 17.3141 50.5597 0
      vertex 17.6541 50.6273 9
      vertex 17.3141 50.5597 9
    endloop
  endfacet
  facet normal 0.195007 -0.980802 0
    outer loop
      vertex 17.6541 50.6273 9
      vertex 17.3141 50.5597 0
      vertex 17.6541 50.6273 0
    endloop
  endfacet
  facet normal -0.195007 0.980802 0
    outer loop
      vertex 18.6859 45.4403 0
      vertex 18.3459 45.3727 9
      vertex 18.6859 45.4403 9
    endloop
  endfacet
  facet normal -0.195007 0.980802 0
    outer loop
      vertex 18.3459 45.3727 9
      vertex 18.6859 45.4403 0
      vertex 18.3459 45.3727 0
    endloop
  endfacet
  facet normal -0.442245 0.896894 0
    outer loop
      vertex 19.325 45.705 0
      vertex 19.0141 45.5517 9
      vertex 19.325 45.705 9
    endloop
  endfacet
  facet normal -0.442245 0.896894 0
    outer loop
      vertex 19.0141 45.5517 9
      vertex 19.325 45.705 0
      vertex 19.0141 45.5517 0
    endloop
  endfacet
  facet normal -0.751754 0.659444 0
    outer loop
      vertex 19.8738 46.1262 0
      vertex 20.1024 46.3868 9
      vertex 20.1024 46.3868 0
    endloop
  endfacet
  facet normal -0.751754 0.659444 0
    outer loop
      vertex 20.1024 46.3868 9
      vertex 19.8738 46.1262 0
      vertex 19.8738 46.1262 9
    endloop
  endfacet
  facet normal -0.555632 0.831428 0
    outer loop
      vertex 19.6132 45.8976 0
      vertex 19.325 45.705 9
      vertex 19.6132 45.8976 9
    endloop
  endfacet
  facet normal -0.555632 0.831428 0
    outer loop
      vertex 19.325 45.705 9
      vertex 19.6132 45.8976 0
      vertex 19.325 45.705 0
    endloop
  endfacet
  facet normal -0.896894 0.442245 0
    outer loop
      vertex 20.295 46.675 0
      vertex 20.4483 46.9859 9
      vertex 20.4483 46.9859 0
    endloop
  endfacet
  facet normal -0.896894 0.442245 0
    outer loop
      vertex 20.4483 46.9859 9
      vertex 20.295 46.675 0
      vertex 20.295 46.675 9
    endloop
  endfacet
  facet normal -0.997854 0.065485 0
    outer loop
      vertex 20.6273 47.6541 0
      vertex 20.65 48 9
      vertex 20.65 48 0
    endloop
  endfacet
  facet normal -0.997854 0.065485 0
    outer loop
      vertex 20.65 48 9
      vertex 20.6273 47.6541 0
      vertex 20.6273 47.6541 9
    endloop
  endfacet
  facet normal 0.442245 0.896894 -0
    outer loop
      vertex 16.9859 45.5517 0
      vertex 16.675 45.705 9
      vertex 16.9859 45.5517 9
    endloop
  endfacet
  facet normal 0.442245 0.896894 0
    outer loop
      vertex 16.675 45.705 9
      vertex 16.9859 45.5517 0
      vertex 16.675 45.705 0
    endloop
  endfacet
  facet normal 0.065485 0.997854 -0
    outer loop
      vertex 18 45.35 0
      vertex 17.6541 45.3727 9
      vertex 18 45.35 9
    endloop
  endfacet
  facet normal 0.065485 0.997854 0
    outer loop
      vertex 17.6541 45.3727 9
      vertex 18 45.35 0
      vertex 17.6541 45.3727 0
    endloop
  endfacet
  facet normal 0.831428 0.555632 0
    outer loop
      vertex 15.8976 46.3868 9
      vertex 15.705 46.675 0
      vertex 15.705 46.675 9
    endloop
  endfacet
  facet normal 0.831428 0.555632 0
    outer loop
      vertex 15.705 46.675 0
      vertex 15.8976 46.3868 9
      vertex 15.8976 46.3868 0
    endloop
  endfacet
  facet normal 0.659444 0.751754 -0
    outer loop
      vertex 16.3868 45.8976 0
      vertex 16.1262 46.1262 9
      vertex 16.3868 45.8976 9
    endloop
  endfacet
  facet normal 0.659444 0.751754 0
    outer loop
      vertex 16.1262 46.1262 9
      vertex 16.3868 45.8976 0
      vertex 16.1262 46.1262 0
    endloop
  endfacet
  facet normal 0.896894 0.442245 0
    outer loop
      vertex 15.705 46.675 9
      vertex 15.5517 46.9859 0
      vertex 15.5517 46.9859 9
    endloop
  endfacet
  facet normal 0.896894 0.442245 0
    outer loop
      vertex 15.5517 46.9859 0
      vertex 15.705 46.675 9
      vertex 15.705 46.675 0
    endloop
  endfacet
  facet normal 0.980802 0.195007 0
    outer loop
      vertex 15.4403 47.3141 9
      vertex 15.3727 47.6541 0
      vertex 15.3727 47.6541 9
    endloop
  endfacet
  facet normal 0.980802 0.195007 0
    outer loop
      vertex 15.3727 47.6541 0
      vertex 15.4403 47.3141 9
      vertex 15.4403 47.3141 0
    endloop
  endfacet
  facet normal 0.997854 0.065485 0
    outer loop
      vertex 15.3727 47.6541 9
      vertex 15.35 48 0
      vertex 15.35 48 9
    endloop
  endfacet
  facet normal 0.997854 0.065485 0
    outer loop
      vertex 15.35 48 0
      vertex 15.3727 47.6541 9
      vertex 15.3727 47.6541 0
    endloop
  endfacet
  facet normal -0.321416 0.946938 0
    outer loop
      vertex 19.0141 45.5517 0
      vertex 18.6859 45.4403 9
      vertex 19.0141 45.5517 9
    endloop
  endfacet
  facet normal -0.321416 0.946938 0
    outer loop
      vertex 18.6859 45.4403 9
      vertex 19.0141 45.5517 0
      vertex 18.6859 45.4403 0
    endloop
  endfacet
  facet normal -0.659444 0.751754 0
    outer loop
      vertex 19.8738 46.1262 0
      vertex 19.6132 45.8976 9
      vertex 19.8738 46.1262 9
    endloop
  endfacet
  facet normal -0.659444 0.751754 0
    outer loop
      vertex 19.6132 45.8976 9
      vertex 19.8738 46.1262 0
      vertex 19.6132 45.8976 0
    endloop
  endfacet
  facet normal -0.946938 0.321416 0
    outer loop
      vertex 20.4483 46.9859 0
      vertex 20.5597 47.3141 9
      vertex 20.5597 47.3141 0
    endloop
  endfacet
  facet normal -0.946938 0.321416 0
    outer loop
      vertex 20.5597 47.3141 9
      vertex 20.4483 46.9859 0
      vertex 20.4483 46.9859 9
    endloop
  endfacet
  facet normal 0.321416 0.946938 -0
    outer loop
      vertex 17.3141 45.4403 0
      vertex 16.9859 45.5517 9
      vertex 17.3141 45.4403 9
    endloop
  endfacet
  facet normal 0.321416 0.946938 0
    outer loop
      vertex 16.9859 45.5517 9
      vertex 17.3141 45.4403 0
      vertex 16.9859 45.5517 0
    endloop
  endfacet
  facet normal -0.065485 0.997854 0
    outer loop
      vertex 18.3459 45.3727 0
      vertex 18 45.35 9
      vertex 18.3459 45.3727 9
    endloop
  endfacet
  facet normal -0.065485 0.997854 0
    outer loop
      vertex 18 45.35 9
      vertex 18.3459 45.3727 0
      vertex 18 45.35 0
    endloop
  endfacet
  facet normal 0.751754 0.659444 0
    outer loop
      vertex 16.1262 46.1262 9
      vertex 15.8976 46.3868 0
      vertex 15.8976 46.3868 9
    endloop
  endfacet
  facet normal 0.751754 0.659444 0
    outer loop
      vertex 15.8976 46.3868 0
      vertex 16.1262 46.1262 9
      vertex 16.1262 46.1262 0
    endloop
  endfacet
  facet normal 0.946938 0.321416 0
    outer loop
      vertex 15.5517 46.9859 9
      vertex 15.4403 47.3141 0
      vertex 15.4403 47.3141 9
    endloop
  endfacet
  facet normal 0.946938 0.321416 0
    outer loop
      vertex 15.4403 47.3141 0
      vertex 15.5517 46.9859 9
      vertex 15.5517 46.9859 0
    endloop
  endfacet
  facet normal -0.997854 -0.065485 0
    outer loop
      vertex 94.65 12 0
      vertex 94.6273 12.3459 9
      vertex 94.6273 12.3459 0
    endloop
  endfacet
  facet normal -0.997854 -0.065485 0
    outer loop
      vertex 94.6273 12.3459 9
      vertex 94.65 12 0
      vertex 94.65 12 9
    endloop
  endfacet
  facet normal 0.065485 -0.997854 0
    outer loop
      vertex 91.6541 14.6273 0
      vertex 92 14.65 9
      vertex 91.6541 14.6273 9
    endloop
  endfacet
  facet normal 0.065485 -0.997854 0
    outer loop
      vertex 92 14.65 9
      vertex 91.6541 14.6273 0
      vertex 92 14.65 0
    endloop
  endfacet
  facet normal -0.0653989 0.997859 0
    outer loop
      vertex 92.3459 9.37267 0
      vertex 92 9.35 9
      vertex 92.3459 9.37267 9
    endloop
  endfacet
  facet normal -0.0653989 0.997859 0
    outer loop
      vertex 92 9.35 9
      vertex 92.3459 9.37267 0
      vertex 92 9.35 0
    endloop
  endfacet
  facet normal -0.659444 -0.751754 0
    outer loop
      vertex 93.6132 14.1024 0
      vertex 93.8738 13.8738 9
      vertex 93.6132 14.1024 9
    endloop
  endfacet
  facet normal -0.659444 -0.751754 -0
    outer loop
      vertex 93.8738 13.8738 9
      vertex 93.6132 14.1024 0
      vertex 93.8738 13.8738 0
    endloop
  endfacet
  facet normal 0.751754 -0.659444 0
    outer loop
      vertex 89.8976 13.6132 9
      vertex 90.1262 13.8738 0
      vertex 90.1262 13.8738 9
    endloop
  endfacet
  facet normal 0.751754 -0.659444 0
    outer loop
      vertex 90.1262 13.8738 0
      vertex 89.8976 13.6132 9
      vertex 89.8976 13.6132 0
    endloop
  endfacet
  facet normal 0.442245 -0.896894 0
    outer loop
      vertex 90.675 14.295 0
      vertex 90.9859 14.4483 9
      vertex 90.675 14.295 9
    endloop
  endfacet
  facet normal 0.442245 -0.896894 0
    outer loop
      vertex 90.9859 14.4483 9
      vertex 90.675 14.295 0
      vertex 90.9859 14.4483 0
    endloop
  endfacet
  facet normal -0.896894 -0.442245 0
    outer loop
      vertex 94.4483 13.0141 0
      vertex 94.295 13.325 9
      vertex 94.295 13.325 0
    endloop
  endfacet
  facet normal -0.896894 -0.442245 0
    outer loop
      vertex 94.295 13.325 9
      vertex 94.4483 13.0141 0
      vertex 94.4483 13.0141 9
    endloop
  endfacet
  facet normal -0.321416 -0.946938 0
    outer loop
      vertex 92.6859 14.5597 0
      vertex 93.0141 14.4483 9
      vertex 92.6859 14.5597 9
    endloop
  endfacet
  facet normal -0.321416 -0.946938 -0
    outer loop
      vertex 93.0141 14.4483 9
      vertex 92.6859 14.5597 0
      vertex 93.0141 14.4483 0
    endloop
  endfacet
  facet normal -0.195007 -0.980802 0
    outer loop
      vertex 92.3459 14.6273 0
      vertex 92.6859 14.5597 9
      vertex 92.3459 14.6273 9
    endloop
  endfacet
  facet normal -0.195007 -0.980802 -0
    outer loop
      vertex 92.6859 14.5597 9
      vertex 92.3459 14.6273 0
      vertex 92.6859 14.5597 0
    endloop
  endfacet
  facet normal -0.555632 -0.831428 0
    outer loop
      vertex 93.325 14.295 0
      vertex 93.6132 14.1024 9
      vertex 93.325 14.295 9
    endloop
  endfacet
  facet normal -0.555632 -0.831428 -0
    outer loop
      vertex 93.6132 14.1024 9
      vertex 93.325 14.295 0
      vertex 93.6132 14.1024 0
    endloop
  endfacet
  facet normal 0.896894 -0.442245 0
    outer loop
      vertex 89.5517 13.0141 9
      vertex 89.705 13.325 0
      vertex 89.705 13.325 9
    endloop
  endfacet
  facet normal 0.896894 -0.442245 0
    outer loop
      vertex 89.705 13.325 0
      vertex 89.5517 13.0141 9
      vertex 89.5517 13.0141 0
    endloop
  endfacet
  facet normal 0.831428 -0.555632 0
    outer loop
      vertex 89.705 13.325 9
      vertex 89.8976 13.6132 0
      vertex 89.8976 13.6132 9
    endloop
  endfacet
  facet normal 0.831428 -0.555632 0
    outer loop
      vertex 89.8976 13.6132 0
      vertex 89.705 13.325 9
      vertex 89.705 13.325 0
    endloop
  endfacet
  facet normal 0.980802 -0.195007 0
    outer loop
      vertex 89.3727 12.3459 9
      vertex 89.4403 12.6859 0
      vertex 89.4403 12.6859 9
    endloop
  endfacet
  facet normal 0.980802 -0.195007 0
    outer loop
      vertex 89.4403 12.6859 0
      vertex 89.3727 12.3459 9
      vertex 89.3727 12.3459 0
    endloop
  endfacet
  facet normal 0.659444 -0.751754 0
    outer loop
      vertex 90.1262 13.8738 0
      vertex 90.3868 14.1024 9
      vertex 90.1262 13.8738 9
    endloop
  endfacet
  facet normal 0.659444 -0.751754 0
    outer loop
      vertex 90.3868 14.1024 9
      vertex 90.1262 13.8738 0
      vertex 90.3868 14.1024 0
    endloop
  endfacet
  facet normal 0.321416 -0.946938 0
    outer loop
      vertex 90.9859 14.4483 0
      vertex 91.3141 14.5597 9
      vertex 90.9859 14.4483 9
    endloop
  endfacet
  facet normal 0.321416 -0.946938 0
    outer loop
      vertex 91.3141 14.5597 9
      vertex 90.9859 14.4483 0
      vertex 91.3141 14.5597 0
    endloop
  endfacet
  facet normal -0.896894 0.442245 0
    outer loop
      vertex 94.295 10.675 0
      vertex 94.4483 10.9859 9
      vertex 94.4483 10.9859 0
    endloop
  endfacet
  facet normal -0.896894 0.442245 0
    outer loop
      vertex 94.4483 10.9859 9
      vertex 94.295 10.675 0
      vertex 94.295 10.675 9
    endloop
  endfacet
  facet normal -0.831428 0.555632 0
    outer loop
      vertex 94.1024 10.3868 0
      vertex 94.295 10.675 9
      vertex 94.295 10.675 0
    endloop
  endfacet
  facet normal -0.831428 0.555632 0
    outer loop
      vertex 94.295 10.675 9
      vertex 94.1024 10.3868 0
      vertex 94.1024 10.3868 9
    endloop
  endfacet
  facet normal -0.980802 0.195007 0
    outer loop
      vertex 94.5597 11.3141 0
      vertex 94.6273 11.6541 9
      vertex 94.6273 11.6541 0
    endloop
  endfacet
  facet normal -0.980802 0.195007 0
    outer loop
      vertex 94.6273 11.6541 9
      vertex 94.5597 11.3141 0
      vertex 94.5597 11.3141 9
    endloop
  endfacet
  facet normal 0.555592 0.831455 -0
    outer loop
      vertex 90.675 9.70503 0
      vertex 90.3868 9.89761 9
      vertex 90.675 9.70503 9
    endloop
  endfacet
  facet normal 0.555592 0.831455 0
    outer loop
      vertex 90.3868 9.89761 9
      vertex 90.675 9.70503 0
      vertex 90.3868 9.89761 0
    endloop
  endfacet
  facet normal 0.19509 0.980785 -0
    outer loop
      vertex 91.6541 9.37267 0
      vertex 91.3141 9.4403 9
      vertex 91.6541 9.37267 9
    endloop
  endfacet
  facet normal 0.19509 0.980785 0
    outer loop
      vertex 91.3141 9.4403 9
      vertex 91.6541 9.37267 0
      vertex 91.3141 9.4403 0
    endloop
  endfacet
  facet normal 0.659427 0.751768 -0
    outer loop
      vertex 90.3868 9.89761 0
      vertex 90.1262 10.1262 9
      vertex 90.3868 9.89761 9
    endloop
  endfacet
  facet normal 0.659427 0.751768 0
    outer loop
      vertex 90.1262 10.1262 9
      vertex 90.3868 9.89761 0
      vertex 90.1262 10.1262 0
    endloop
  endfacet
  facet normal -0.946938 -0.321416 0
    outer loop
      vertex 94.5597 12.6859 0
      vertex 94.4483 13.0141 9
      vertex 94.4483 13.0141 0
    endloop
  endfacet
  facet normal -0.946938 -0.321416 0
    outer loop
      vertex 94.4483 13.0141 9
      vertex 94.5597 12.6859 0
      vertex 94.5597 12.6859 9
    endloop
  endfacet
  facet normal -0.980802 -0.195007 0
    outer loop
      vertex 94.6273 12.3459 0
      vertex 94.5597 12.6859 9
      vertex 94.5597 12.6859 0
    endloop
  endfacet
  facet normal -0.980802 -0.195007 0
    outer loop
      vertex 94.5597 12.6859 9
      vertex 94.6273 12.3459 0
      vertex 94.6273 12.3459 9
    endloop
  endfacet
  facet normal -0.751754 -0.659444 0
    outer loop
      vertex 94.1024 13.6132 0
      vertex 93.8738 13.8738 9
      vertex 93.8738 13.8738 0
    endloop
  endfacet
  facet normal -0.751754 -0.659444 0
    outer loop
      vertex 93.8738 13.8738 9
      vertex 94.1024 13.6132 0
      vertex 94.1024 13.6132 9
    endloop
  endfacet
  facet normal -0.831428 -0.555632 0
    outer loop
      vertex 94.295 13.325 0
      vertex 94.1024 13.6132 9
      vertex 94.1024 13.6132 0
    endloop
  endfacet
  facet normal -0.831428 -0.555632 0
    outer loop
      vertex 94.1024 13.6132 9
      vertex 94.295 13.325 0
      vertex 94.295 13.325 9
    endloop
  endfacet
  facet normal -0.065485 -0.997854 0
    outer loop
      vertex 92 14.65 0
      vertex 92.3459 14.6273 9
      vertex 92 14.65 9
    endloop
  endfacet
  facet normal -0.065485 -0.997854 -0
    outer loop
      vertex 92.3459 14.6273 9
      vertex 92 14.65 0
      vertex 92.3459 14.6273 0
    endloop
  endfacet
  facet normal 0.946938 -0.321416 0
    outer loop
      vertex 89.4403 12.6859 9
      vertex 89.5517 13.0141 0
      vertex 89.5517 13.0141 9
    endloop
  endfacet
  facet normal 0.946938 -0.321416 0
    outer loop
      vertex 89.5517 13.0141 0
      vertex 89.4403 12.6859 9
      vertex 89.4403 12.6859 0
    endloop
  endfacet
  facet normal 0.997854 -0.065485 0
    outer loop
      vertex 89.35 12 9
      vertex 89.3727 12.3459 0
      vertex 89.3727 12.3459 9
    endloop
  endfacet
  facet normal 0.997854 -0.065485 0
    outer loop
      vertex 89.3727 12.3459 0
      vertex 89.35 12 9
      vertex 89.35 12 0
    endloop
  endfacet
  facet normal 0 0 -1
    outer loop
      vertex 94.6273 11.6541 9
      vertex 94.6273 12.3459 9
      vertex 94.65 12 9
    endloop
  endfacet
  facet normal 0 0 -1
    outer loop
      vertex 94.5597 11.3141 9
      vertex 94.6273 12.3459 9
      vertex 94.6273 11.6541 9
    endloop
  endfacet
  facet normal 0 0 -1
    outer loop
      vertex 94.5597 11.3141 9
      vertex 94.5597 12.6859 9
      vertex 94.6273 12.3459 9
    endloop
  endfacet
  facet normal 0 0 -1
    outer loop
      vertex 94.4483 10.9859 9
      vertex 94.5597 12.6859 9
      vertex 94.5597 11.3141 9
    endloop
  endfacet
  facet normal 0 0 -1
    outer loop
      vertex 94.4483 10.9859 9
      vertex 94.4483 13.0141 9
      vertex 94.5597 12.6859 9
    endloop
  endfacet
  facet normal 0 0 -1
    outer loop
      vertex 94.295 10.675 9
      vertex 94.4483 13.0141 9
      vertex 94.4483 10.9859 9
    endloop
  endfacet
  facet normal 0 0 -1
    outer loop
      vertex 94.295 10.675 9
      vertex 94.295 13.325 9
      vertex 94.4483 13.0141 9
    endloop
  endfacet
  facet normal 0 0 -1
    outer loop
      vertex 94.1024 10.3868 9
      vertex 94.295 13.325 9
      vertex 94.295 10.675 9
    endloop
  endfacet
  facet normal 0 0 -1
    outer loop
      vertex 94.1024 10.3868 9
      vertex 94.1024 13.6132 9
      vertex 94.295 13.325 9
    endloop
  endfacet
  facet normal 0 0 -1
    outer loop
      vertex 93.8738 10.1262 9
      vertex 94.1024 13.6132 9
      vertex 94.1024 10.3868 9
    endloop
  endfacet
  facet normal 0 0 -1
    outer loop
      vertex 93.8738 10.1262 9
      vertex 93.8738 13.8738 9
      vertex 94.1024 13.6132 9
    endloop
  endfacet
  facet normal 0 0 -1
    outer loop
      vertex 93.6132 9.89761 9
      vertex 93.8738 13.8738 9
      vertex 93.8738 10.1262 9
    endloop
  endfacet
  facet normal 0 0 -1
    outer loop
      vertex 93.6132 9.89761 9
      vertex 93.6132 14.1024 9
      vertex 93.8738 13.8738 9
    endloop
  endfacet
  facet normal 0 0 -1
    outer loop
      vertex 93.325 9.70503 9
      vertex 93.6132 14.1024 9
      vertex 93.6132 9.89761 9
    endloop
  endfacet
  facet normal 0 0 -1
    outer loop
      vertex 93.325 9.70503 9
      vertex 93.325 14.295 9
      vertex 93.6132 14.1024 9
    endloop
  endfacet
  facet normal 0 0 -1
    outer loop
      vertex 93.0141 9.55172 9
      vertex 93.325 14.295 9
      vertex 93.325 9.70503 9
    endloop
  endfacet
  facet normal 0 0 -1
    outer loop
      vertex 93.0141 9.55172 9
      vertex 93.0141 14.4483 9
      vertex 93.325 14.295 9
    endloop
  endfacet
  facet normal 0 0 -1
    outer loop
      vertex 92.6859 9.4403 9
      vertex 93.0141 14.4483 9
      vertex 93.0141 9.55172 9
    endloop
  endfacet
  facet normal 0 0 -1
    outer loop
      vertex 92.6859 9.4403 9
      vertex 92.6859 14.5597 9
      vertex 93.0141 14.4483 9
    endloop
  endfacet
  facet normal 0 0 -1
    outer loop
      vertex 92.3459 9.37267 9
      vertex 92.6859 14.5597 9
      vertex 92.6859 9.4403 9
    endloop
  endfacet
  facet normal 0 0 -1
    outer loop
      vertex 92.3459 9.37267 9
      vertex 92.3459 14.6273 9
      vertex 92.6859 14.5597 9
    endloop
  endfacet
  facet normal 0 0 -1
    outer loop
      vertex 92 9.35 9
      vertex 92.3459 14.6273 9
      vertex 92.3459 9.37267 9
    endloop
  endfacet
  facet normal 0 0 -1
    outer loop
      vertex 92 9.35 9
      vertex 92 14.65 9
      vertex 92.3459 14.6273 9
    endloop
  endfacet
  facet normal 0 0 -1
    outer loop
      vertex 91.6541 9.37267 9
      vertex 92 14.65 9
      vertex 92 9.35 9
    endloop
  endfacet
  facet normal 0 0 -1
    outer loop
      vertex 91.6541 9.37267 9
      vertex 91.6541 14.6273 9
      vertex 92 14.65 9
    endloop
  endfacet
  facet normal 0 0 -1
    outer loop
      vertex 91.3141 9.4403 9
      vertex 91.6541 14.6273 9
      vertex 91.6541 9.37267 9
    endloop
  endfacet
  facet normal 0 0 -1
    outer loop
      vertex 91.3141 9.4403 9
      vertex 91.3141 14.5597 9
      vertex 91.6541 14.6273 9
    endloop
  endfacet
  facet normal 0 0 -1
    outer loop
      vertex 90.9859 9.55172 9
      vertex 91.3141 14.5597 9
      vertex 91.3141 9.4403 9
    endloop
  endfacet
  facet normal 0 0 -1
    outer loop
      vertex 90.9859 9.55172 9
      vertex 90.9859 14.4483 9
      vertex 91.3141 14.5597 9
    endloop
  endfacet
  facet normal 0 0 -1
    outer loop
      vertex 90.675 9.70503 9
      vertex 90.9859 14.4483 9
      vertex 90.9859 9.55172 9
    endloop
  endfacet
  facet normal 0 0 -1
    outer loop
      vertex 90.675 9.70503 9
      vertex 90.675 14.295 9
      vertex 90.9859 14.4483 9
    endloop
  endfacet
  facet normal 0 0 -1
    outer loop
      vertex 90.3868 9.89761 9
      vertex 90.675 14.295 9
      vertex 90.675 9.70503 9
    endloop
  endfacet
  facet normal 0 0 -1
    outer loop
      vertex 90.3868 9.89761 9
      vertex 90.3868 14.1024 9
      vertex 90.675 14.295 9
    endloop
  endfacet
  facet normal 0 0 -1
    outer loop
      vertex 90.1262 10.1262 9
      vertex 90.3868 14.1024 9
      vertex 90.3868 9.89761 9
    endloop
  endfacet
  facet normal 0 0 -1
    outer loop
      vertex 90.1262 10.1262 9
      vertex 90.1262 13.8738 9
      vertex 90.3868 14.1024 9
    endloop
  endfacet
  facet normal 0 0 -1
    outer loop
      vertex 89.8976 10.3868 9
      vertex 90.1262 13.8738 9
      vertex 90.1262 10.1262 9
    endloop
  endfacet
  facet normal 0 0 -1
    outer loop
      vertex 89.8976 10.3868 9
      vertex 89.8976 13.6132 9
      vertex 90.1262 13.8738 9
    endloop
  endfacet
  facet normal 0 0 -1
    outer loop
      vertex 89.705 10.675 9
      vertex 89.8976 13.6132 9
      vertex 89.8976 10.3868 9
    endloop
  endfacet
  facet normal 0 0 -1
    outer loop
      vertex 89.705 10.675 9
      vertex 89.705 13.325 9
      vertex 89.8976 13.6132 9
    endloop
  endfacet
  facet normal 0 0 -1
    outer loop
      vertex 89.5517 10.9859 9
      vertex 89.705 13.325 9
      vertex 89.705 10.675 9
    endloop
  endfacet
  facet normal 0 0 -1
    outer loop
      vertex 89.5517 10.9859 9
      vertex 89.5517 13.0141 9
      vertex 89.705 13.325 9
    endloop
  endfacet
  facet normal 0 0 -1
    outer loop
      vertex 89.4403 11.3141 9
      vertex 89.5517 13.0141 9
      vertex 89.5517 10.9859 9
    endloop
  endfacet
  facet normal 0 0 -1
    outer loop
      vertex 89.4403 11.3141 9
      vertex 89.4403 12.6859 9
      vertex 89.5517 13.0141 9
    endloop
  endfacet
  facet normal 0 0 -1
    outer loop
      vertex 89.3727 11.6541 9
      vertex 89.4403 12.6859 9
      vertex 89.4403 11.3141 9
    endloop
  endfacet
  facet normal 0 0 -1
    outer loop
      vertex 89.3727 11.6541 9
      vertex 89.3727 12.3459 9
      vertex 89.4403 12.6859 9
    endloop
  endfacet
  facet normal 0 -0 -1
    outer loop
      vertex 89.3727 12.3459 9
      vertex 89.3727 11.6541 9
      vertex 89.35 12 9
    endloop
  endfacet
  facet normal 0.195007 -0.980802 0
    outer loop
      vertex 91.3141 14.5597 0
      vertex 91.6541 14.6273 9
      vertex 91.3141 14.5597 9
    endloop
  endfacet
  facet normal 0.195007 -0.980802 0
    outer loop
      vertex 91.6541 14.6273 9
      vertex 91.3141 14.5597 0
      vertex 91.6541 14.6273 0
    endloop
  endfacet
  facet normal -0.997854 0.065485 0
    outer loop
      vertex 94.6273 11.6541 0
      vertex 94.65 12 9
      vertex 94.65 12 0
    endloop
  endfacet
  facet normal -0.997854 0.065485 0
    outer loop
      vertex 94.65 12 9
      vertex 94.6273 11.6541 0
      vertex 94.6273 11.6541 9
    endloop
  endfacet
  facet normal -0.19509 0.980785 0
    outer loop
      vertex 92.6859 9.4403 0
      vertex 92.3459 9.37267 9
      vertex 92.6859 9.4403 9
    endloop
  endfacet
  facet normal -0.19509 0.980785 0
    outer loop
      vertex 92.3459 9.37267 9
      vertex 92.6859 9.4403 0
      vertex 92.3459 9.37267 0
    endloop
  endfacet
  facet normal -0.442268 0.896883 0
    outer loop
      vertex 93.325 9.70503 0
      vertex 93.0141 9.55172 9
      vertex 93.325 9.70503 9
    endloop
  endfacet
  facet normal -0.442268 0.896883 0
    outer loop
      vertex 93.0141 9.55172 9
      vertex 93.325 9.70503 0
      vertex 93.0141 9.55172 0
    endloop
  endfacet
  facet normal -0.555592 0.831455 0
    outer loop
      vertex 93.6132 9.89761 0
      vertex 93.325 9.70503 9
      vertex 93.6132 9.89761 9
    endloop
  endfacet
  facet normal -0.555592 0.831455 0
    outer loop
      vertex 93.325 9.70503 9
      vertex 93.6132 9.89761 0
      vertex 93.325 9.70503 0
    endloop
  endfacet
  facet normal -0.751754 0.659444 0
    outer loop
      vertex 93.8738 10.1262 0
      vertex 94.1024 10.3868 9
      vertex 94.1024 10.3868 0
    endloop
  endfacet
  facet normal -0.751754 0.659444 0
    outer loop
      vertex 94.1024 10.3868 9
      vertex 93.8738 10.1262 0
      vertex 93.8738 10.1262 9
    endloop
  endfacet
  facet normal -0.659427 0.751768 0
    outer loop
      vertex 93.8738 10.1262 0
      vertex 93.6132 9.89761 9
      vertex 93.8738 10.1262 9
    endloop
  endfacet
  facet normal -0.659427 0.751768 0
    outer loop
      vertex 93.6132 9.89761 9
      vertex 93.8738 10.1262 0
      vertex 93.6132 9.89761 0
    endloop
  endfacet
  facet normal 0.442268 0.896883 -0
    outer loop
      vertex 90.9859 9.55172 0
      vertex 90.675 9.70503 9
      vertex 90.9859 9.55172 9
    endloop
  endfacet
  facet normal 0.442268 0.896883 0
    outer loop
      vertex 90.675 9.70503 9
      vertex 90.9859 9.55172 0
      vertex 90.675 9.70503 0
    endloop
  endfacet
  facet normal 0.0653989 0.997859 -0
    outer loop
      vertex 92 9.35 0
      vertex 91.6541 9.37267 9
      vertex 92 9.35 9
    endloop
  endfacet
  facet normal 0.0653989 0.997859 0
    outer loop
      vertex 91.6541 9.37267 9
      vertex 92 9.35 0
      vertex 91.6541 9.37267 0
    endloop
  endfacet
  facet normal 0.831428 0.555632 0
    outer loop
      vertex 89.8976 10.3868 9
      vertex 89.705 10.675 0
      vertex 89.705 10.675 9
    endloop
  endfacet
  facet normal 0.831428 0.555632 0
    outer loop
      vertex 89.705 10.675 0
      vertex 89.8976 10.3868 9
      vertex 89.8976 10.3868 0
    endloop
  endfacet
  facet normal 0.896894 0.442245 0
    outer loop
      vertex 89.705 10.675 9
      vertex 89.5517 10.9859 0
      vertex 89.5517 10.9859 9
    endloop
  endfacet
  facet normal 0.896894 0.442245 0
    outer loop
      vertex 89.5517 10.9859 0
      vertex 89.705 10.675 9
      vertex 89.705 10.675 0
    endloop
  endfacet
  facet normal 0.980802 0.195007 0
    outer loop
      vertex 89.4403 11.3141 9
      vertex 89.3727 11.6541 0
      vertex 89.3727 11.6541 9
    endloop
  endfacet
  facet normal 0.980802 0.195007 0
    outer loop
      vertex 89.3727 11.6541 0
      vertex 89.4403 11.3141 9
      vertex 89.4403 11.3141 0
    endloop
  endfacet
  facet normal -0.442245 -0.896894 0
    outer loop
      vertex 93.0141 14.4483 0
      vertex 93.325 14.295 9
      vertex 93.0141 14.4483 9
    endloop
  endfacet
  facet normal -0.442245 -0.896894 -0
    outer loop
      vertex 93.325 14.295 9
      vertex 93.0141 14.4483 0
      vertex 93.325 14.295 0
    endloop
  endfacet
  facet normal 0.997854 0.065485 0
    outer loop
      vertex 89.3727 11.6541 9
      vertex 89.35 12 0
      vertex 89.35 12 9
    endloop
  endfacet
  facet normal 0.997854 0.065485 0
    outer loop
      vertex 89.35 12 0
      vertex 89.3727 11.6541 9
      vertex 89.3727 11.6541 0
    endloop
  endfacet
  facet normal 0.555632 -0.831428 0
    outer loop
      vertex 90.3868 14.1024 0
      vertex 90.675 14.295 9
      vertex 90.3868 14.1024 9
    endloop
  endfacet
  facet normal 0.555632 -0.831428 0
    outer loop
      vertex 90.675 14.295 9
      vertex 90.3868 14.1024 0
      vertex 90.675 14.295 0
    endloop
  endfacet
  facet normal -0.321468 0.94692 0
    outer loop
      vertex 93.0141 9.55172 0
      vertex 92.6859 9.4403 9
      vertex 93.0141 9.55172 9
    endloop
  endfacet
  facet normal -0.321468 0.94692 0
    outer loop
      vertex 92.6859 9.4403 9
      vertex 93.0141 9.55172 0
      vertex 92.6859 9.4403 0
    endloop
  endfacet
  facet normal -0.946938 0.321416 0
    outer loop
      vertex 94.4483 10.9859 0
      vertex 94.5597 11.3141 9
      vertex 94.5597 11.3141 0
    endloop
  endfacet
  facet normal -0.946938 0.321416 0
    outer loop
      vertex 94.5597 11.3141 9
      vertex 94.4483 10.9859 0
      vertex 94.4483 10.9859 9
    endloop
  endfacet
  facet normal 0.321468 0.94692 -0
    outer loop
      vertex 91.3141 9.4403 0
      vertex 90.9859 9.55172 9
      vertex 91.3141 9.4403 9
    endloop
  endfacet
  facet normal 0.321468 0.94692 0
    outer loop
      vertex 90.9859 9.55172 9
      vertex 91.3141 9.4403 0
      vertex 90.9859 9.55172 0
    endloop
  endfacet
  facet normal 0.751754 0.659444 0
    outer loop
      vertex 90.1262 10.1262 9
      vertex 89.8976 10.3868 0
      vertex 89.8976 10.3868 9
    endloop
  endfacet
  facet normal 0.751754 0.659444 0
    outer loop
      vertex 89.8976 10.3868 0
      vertex 90.1262 10.1262 9
      vertex 90.1262 10.1262 0
    endloop
  endfacet
  facet normal 0.946938 0.321416 0
    outer loop
      vertex 89.5517 10.9859 9
      vertex 89.4403 11.3141 0
      vertex 89.4403 11.3141 9
    endloop
  endfacet
  facet normal 0.946938 0.321416 0
    outer loop
      vertex 89.4403 11.3141 0
      vertex 89.5517 10.9859 9
      vertex 89.5517 10.9859 0
    endloop
  endfacet
  facet normal -0.997854 -0.065485 0
    outer loop
      vertex 94.65 48 0
      vertex 94.6273 48.3459 9
      vertex 94.6273 48.3459 0
    endloop
  endfacet
  facet normal -0.997854 -0.065485 0
    outer loop
      vertex 94.6273 48.3459 9
      vertex 94.65 48 0
      vertex 94.65 48 9
    endloop
  endfacet
  facet normal 0.065485 -0.997854 0
    outer loop
      vertex 91.6541 50.6273 0
      vertex 92 50.65 9
      vertex 91.6541 50.6273 9
    endloop
  endfacet
  facet normal 0.065485 -0.997854 0
    outer loop
      vertex 92 50.65 9
      vertex 91.6541 50.6273 0
      vertex 92 50.65 0
    endloop
  endfacet
  facet normal -0.065485 0.997854 0
    outer loop
      vertex 92.3459 45.3727 0
      vertex 92 45.35 9
      vertex 92.3459 45.3727 9
    endloop
  endfacet
  facet normal -0.065485 0.997854 0
    outer loop
      vertex 92 45.35 9
      vertex 92.3459 45.3727 0
      vertex 92 45.35 0
    endloop
  endfacet
  facet normal 0.659444 0.751754 -0
    outer loop
      vertex 90.3868 45.8976 0
      vertex 90.1262 46.1262 9
      vertex 90.3868 45.8976 9
    endloop
  endfacet
  facet normal 0.659444 0.751754 0
    outer loop
      vertex 90.1262 46.1262 9
      vertex 90.3868 45.8976 0
      vertex 90.1262 46.1262 0
    endloop
  endfacet
  facet normal -0.659444 -0.751754 0
    outer loop
      vertex 93.6132 50.1024 0
      vertex 93.8738 49.8738 9
      vertex 93.6132 50.1024 9
    endloop
  endfacet
  facet normal -0.659444 -0.751754 -0
    outer loop
      vertex 93.8738 49.8738 9
      vertex 93.6132 50.1024 0
      vertex 93.8738 49.8738 0
    endloop
  endfacet
  facet normal 0.751754 -0.659444 0
    outer loop
      vertex 89.8976 49.6132 9
      vertex 90.1262 49.8738 0
      vertex 90.1262 49.8738 9
    endloop
  endfacet
  facet normal 0.751754 -0.659444 0
    outer loop
      vertex 90.1262 49.8738 0
      vertex 89.8976 49.6132 9
      vertex 89.8976 49.6132 0
    endloop
  endfacet
  facet normal 0.442245 -0.896894 0
    outer loop
      vertex 90.675 50.295 0
      vertex 90.9859 50.4483 9
      vertex 90.675 50.295 9
    endloop
  endfacet
  facet normal 0.442245 -0.896894 0
    outer loop
      vertex 90.9859 50.4483 9
      vertex 90.675 50.295 0
      vertex 90.9859 50.4483 0
    endloop
  endfacet
  facet normal -0.896894 -0.442245 0
    outer loop
      vertex 94.4483 49.0141 0
      vertex 94.295 49.325 9
      vertex 94.295 49.325 0
    endloop
  endfacet
  facet normal -0.896894 -0.442245 0
    outer loop
      vertex 94.295 49.325 9
      vertex 94.4483 49.0141 0
      vertex 94.4483 49.0141 9
    endloop
  endfacet
  facet normal -0.321416 -0.946938 0
    outer loop
      vertex 92.6859 50.5597 0
      vertex 93.0141 50.4483 9
      vertex 92.6859 50.5597 9
    endloop
  endfacet
  facet normal -0.321416 -0.946938 -0
    outer loop
      vertex 93.0141 50.4483 9
      vertex 92.6859 50.5597 0
      vertex 93.0141 50.4483 0
    endloop
  endfacet
  facet normal -0.195007 -0.980802 0
    outer loop
      vertex 92.3459 50.6273 0
      vertex 92.6859 50.5597 9
      vertex 92.3459 50.6273 9
    endloop
  endfacet
  facet normal -0.195007 -0.980802 -0
    outer loop
      vertex 92.6859 50.5597 9
      vertex 92.3459 50.6273 0
      vertex 92.6859 50.5597 0
    endloop
  endfacet
  facet normal -0.555632 -0.831428 0
    outer loop
      vertex 93.325 50.295 0
      vertex 93.6132 50.1024 9
      vertex 93.325 50.295 9
    endloop
  endfacet
  facet normal -0.555632 -0.831428 -0
    outer loop
      vertex 93.6132 50.1024 9
      vertex 93.325 50.295 0
      vertex 93.6132 50.1024 0
    endloop
  endfacet
  facet normal 0.946938 -0.321416 0
    outer loop
      vertex 89.4403 48.6859 9
      vertex 89.5517 49.0141 0
      vertex 89.5517 49.0141 9
    endloop
  endfacet
  facet normal 0.946938 -0.321416 0
    outer loop
      vertex 89.5517 49.0141 0
      vertex 89.4403 48.6859 9
      vertex 89.4403 48.6859 0
    endloop
  endfacet
  facet normal 0.831428 -0.555632 0
    outer loop
      vertex 89.705 49.325 9
      vertex 89.8976 49.6132 0
      vertex 89.8976 49.6132 9
    endloop
  endfacet
  facet normal 0.831428 -0.555632 0
    outer loop
      vertex 89.8976 49.6132 0
      vertex 89.705 49.325 9
      vertex 89.705 49.325 0
    endloop
  endfacet
  facet normal 0.980802 -0.195007 0
    outer loop
      vertex 89.3727 48.3459 9
      vertex 89.4403 48.6859 0
      vertex 89.4403 48.6859 9
    endloop
  endfacet
  facet normal 0.980802 -0.195007 0
    outer loop
      vertex 89.4403 48.6859 0
      vertex 89.3727 48.3459 9
      vertex 89.3727 48.3459 0
    endloop
  endfacet
  facet normal 0.321416 -0.946938 0
    outer loop
      vertex 90.9859 50.4483 0
      vertex 91.3141 50.5597 9
      vertex 90.9859 50.4483 9
    endloop
  endfacet
  facet normal 0.321416 -0.946938 0
    outer loop
      vertex 91.3141 50.5597 9
      vertex 90.9859 50.4483 0
      vertex 91.3141 50.5597 0
    endloop
  endfacet
  facet normal -0.946938 0.321416 0
    outer loop
      vertex 94.4483 46.9859 0
      vertex 94.5597 47.3141 9
      vertex 94.5597 47.3141 0
    endloop
  endfacet
  facet normal -0.946938 0.321416 0
    outer loop
      vertex 94.5597 47.3141 9
      vertex 94.4483 46.9859 0
      vertex 94.4483 46.9859 9
    endloop
  endfacet
  facet normal -0.831428 0.555632 0
    outer loop
      vertex 94.1024 46.3868 0
      vertex 94.295 46.675 9
      vertex 94.295 46.675 0
    endloop
  endfacet
  facet normal -0.831428 0.555632 0
    outer loop
      vertex 94.295 46.675 9
      vertex 94.1024 46.3868 0
      vertex 94.1024 46.3868 9
    endloop
  endfacet
  facet normal -0.980802 0.195007 0
    outer loop
      vertex 94.5597 47.3141 0
      vertex 94.6273 47.6541 9
      vertex 94.6273 47.6541 0
    endloop
  endfacet
  facet normal -0.980802 0.195007 0
    outer loop
      vertex 94.6273 47.6541 9
      vertex 94.5597 47.3141 0
      vertex 94.5597 47.3141 9
    endloop
  endfacet
  facet normal 0.555632 0.831428 -0
    outer loop
      vertex 90.675 45.705 0
      vertex 90.3868 45.8976 9
      vertex 90.675 45.705 9
    endloop
  endfacet
  facet normal 0.555632 0.831428 0
    outer loop
      vertex 90.3868 45.8976 9
      vertex 90.675 45.705 0
      vertex 90.3868 45.8976 0
    endloop
  endfacet
  facet normal 0.195007 0.980802 -0
    outer loop
      vertex 91.6541 45.3727 0
      vertex 91.3141 45.4403 9
      vertex 91.6541 45.3727 9
    endloop
  endfacet
  facet normal 0.195007 0.980802 0
    outer loop
      vertex 91.3141 45.4403 9
      vertex 91.6541 45.3727 0
      vertex 91.3141 45.4403 0
    endloop
  endfacet
  facet normal -0.946938 -0.321416 0
    outer loop
      vertex 94.5597 48.6859 0
      vertex 94.4483 49.0141 9
      vertex 94.4483 49.0141 0
    endloop
  endfacet
  facet normal -0.946938 -0.321416 0
    outer loop
      vertex 94.4483 49.0141 9
      vertex 94.5597 48.6859 0
      vertex 94.5597 48.6859 9
    endloop
  endfacet
  facet normal -0.980802 -0.195007 0
    outer loop
      vertex 94.6273 48.3459 0
      vertex 94.5597 48.6859 9
      vertex 94.5597 48.6859 0
    endloop
  endfacet
  facet normal -0.980802 -0.195007 0
    outer loop
      vertex 94.5597 48.6859 9
      vertex 94.6273 48.3459 0
      vertex 94.6273 48.3459 9
    endloop
  endfacet
  facet normal -0.751754 -0.659444 0
    outer loop
      vertex 94.1024 49.6132 0
      vertex 93.8738 49.8738 9
      vertex 93.8738 49.8738 0
    endloop
  endfacet
  facet normal -0.751754 -0.659444 0
    outer loop
      vertex 93.8738 49.8738 9
      vertex 94.1024 49.6132 0
      vertex 94.1024 49.6132 9
    endloop
  endfacet
  facet normal -0.831428 -0.555632 0
    outer loop
      vertex 94.295 49.325 0
      vertex 94.1024 49.6132 9
      vertex 94.1024 49.6132 0
    endloop
  endfacet
  facet normal -0.831428 -0.555632 0
    outer loop
      vertex 94.1024 49.6132 9
      vertex 94.295 49.325 0
      vertex 94.295 49.325 9
    endloop
  endfacet
  facet normal -0.065485 -0.997854 0
    outer loop
      vertex 92 50.65 0
      vertex 92.3459 50.6273 9
      vertex 92 50.65 9
    endloop
  endfacet
  facet normal -0.065485 -0.997854 -0
    outer loop
      vertex 92.3459 50.6273 9
      vertex 92 50.65 0
      vertex 92.3459 50.6273 0
    endloop
  endfacet
  facet normal -0.442245 -0.896894 0
    outer loop
      vertex 93.0141 50.4483 0
      vertex 93.325 50.295 9
      vertex 93.0141 50.4483 9
    endloop
  endfacet
  facet normal -0.442245 -0.896894 -0
    outer loop
      vertex 93.325 50.295 9
      vertex 93.0141 50.4483 0
      vertex 93.325 50.295 0
    endloop
  endfacet
  facet normal 0.896894 -0.442245 0
    outer loop
      vertex 89.5517 49.0141 9
      vertex 89.705 49.325 0
      vertex 89.705 49.325 9
    endloop
  endfacet
  facet normal 0.896894 -0.442245 0
    outer loop
      vertex 89.705 49.325 0
      vertex 89.5517 49.0141 9
      vertex 89.5517 49.0141 0
    endloop
  endfacet
  facet normal 0.997854 -0.065485 0
    outer loop
      vertex 89.35 48 9
      vertex 89.3727 48.3459 0
      vertex 89.3727 48.3459 9
    endloop
  endfacet
  facet normal 0.997854 -0.065485 0
    outer loop
      vertex 89.3727 48.3459 0
      vertex 89.35 48 9
      vertex 89.35 48 0
    endloop
  endfacet
  facet normal 0 0 -1
    outer loop
      vertex 94.6273 47.6541 9
      vertex 94.6273 48.3459 9
      vertex 94.65 48 9
    endloop
  endfacet
  facet normal 0 0 -1
    outer loop
      vertex 94.5597 47.3141 9
      vertex 94.6273 48.3459 9
      vertex 94.6273 47.6541 9
    endloop
  endfacet
  facet normal 0 0 -1
    outer loop
      vertex 94.5597 47.3141 9
      vertex 94.5597 48.6859 9
      vertex 94.6273 48.3459 9
    endloop
  endfacet
  facet normal 0 0 -1
    outer loop
      vertex 94.4483 46.9859 9
      vertex 94.5597 48.6859 9
      vertex 94.5597 47.3141 9
    endloop
  endfacet
  facet normal 0 0 -1
    outer loop
      vertex 94.4483 46.9859 9
      vertex 94.4483 49.0141 9
      vertex 94.5597 48.6859 9
    endloop
  endfacet
  facet normal 0 0 -1
    outer loop
      vertex 94.295 46.675 9
      vertex 94.4483 49.0141 9
      vertex 94.4483 46.9859 9
    endloop
  endfacet
  facet normal 0 0 -1
    outer loop
      vertex 94.295 46.675 9
      vertex 94.295 49.325 9
      vertex 94.4483 49.0141 9
    endloop
  endfacet
  facet normal 0 0 -1
    outer loop
      vertex 94.1024 46.3868 9
      vertex 94.295 49.325 9
      vertex 94.295 46.675 9
    endloop
  endfacet
  facet normal 0 0 -1
    outer loop
      vertex 94.1024 46.3868 9
      vertex 94.1024 49.6132 9
      vertex 94.295 49.325 9
    endloop
  endfacet
  facet normal 0 0 -1
    outer loop
      vertex 93.8738 46.1262 9
      vertex 94.1024 49.6132 9
      vertex 94.1024 46.3868 9
    endloop
  endfacet
  facet normal 0 0 -1
    outer loop
      vertex 93.8738 46.1262 9
      vertex 93.8738 49.8738 9
      vertex 94.1024 49.6132 9
    endloop
  endfacet
  facet normal 0 0 -1
    outer loop
      vertex 93.6132 45.8976 9
      vertex 93.8738 49.8738 9
      vertex 93.8738 46.1262 9
    endloop
  endfacet
  facet normal 0 0 -1
    outer loop
      vertex 93.6132 45.8976 9
      vertex 93.6132 50.1024 9
      vertex 93.8738 49.8738 9
    endloop
  endfacet
  facet normal 0 0 -1
    outer loop
      vertex 93.325 45.705 9
      vertex 93.6132 50.1024 9
      vertex 93.6132 45.8976 9
    endloop
  endfacet
  facet normal 0 0 -1
    outer loop
      vertex 93.325 45.705 9
      vertex 93.325 50.295 9
      vertex 93.6132 50.1024 9
    endloop
  endfacet
  facet normal 0 0 -1
    outer loop
      vertex 93.0141 45.5517 9
      vertex 93.325 50.295 9
      vertex 93.325 45.705 9
    endloop
  endfacet
  facet normal 0 0 -1
    outer loop
      vertex 93.0141 45.5517 9
      vertex 93.0141 50.4483 9
      vertex 93.325 50.295 9
    endloop
  endfacet
  facet normal 0 0 -1
    outer loop
      vertex 92.6859 45.4403 9
      vertex 93.0141 50.4483 9
      vertex 93.0141 45.5517 9
    endloop
  endfacet
  facet normal 0 0 -1
    outer loop
      vertex 92.6859 45.4403 9
      vertex 92.6859 50.5597 9
      vertex 93.0141 50.4483 9
    endloop
  endfacet
  facet normal 0 0 -1
    outer loop
      vertex 92.3459 45.3727 9
      vertex 92.6859 50.5597 9
      vertex 92.6859 45.4403 9
    endloop
  endfacet
  facet normal 0 0 -1
    outer loop
      vertex 92.3459 45.3727 9
      vertex 92.3459 50.6273 9
      vertex 92.6859 50.5597 9
    endloop
  endfacet
  facet normal 0 0 -1
    outer loop
      vertex 92 45.35 9
      vertex 92.3459 50.6273 9
      vertex 92.3459 45.3727 9
    endloop
  endfacet
  facet normal 0 0 -1
    outer loop
      vertex 92 45.35 9
      vertex 92 50.65 9
      vertex 92.3459 50.6273 9
    endloop
  endfacet
  facet normal 0 0 -1
    outer loop
      vertex 91.6541 45.3727 9
      vertex 92 50.65 9
      vertex 92 45.35 9
    endloop
  endfacet
  facet normal 0 0 -1
    outer loop
      vertex 91.6541 45.3727 9
      vertex 91.6541 50.6273 9
      vertex 92 50.65 9
    endloop
  endfacet
  facet normal 0 0 -1
    outer loop
      vertex 91.3141 45.4403 9
      vertex 91.6541 50.6273 9
      vertex 91.6541 45.3727 9
    endloop
  endfacet
  facet normal 0 0 -1
    outer loop
      vertex 91.3141 45.4403 9
      vertex 91.3141 50.5597 9
      vertex 91.6541 50.6273 9
    endloop
  endfacet
  facet normal 0 0 -1
    outer loop
      vertex 90.9859 45.5517 9
      vertex 91.3141 50.5597 9
      vertex 91.3141 45.4403 9
    endloop
  endfacet
  facet normal 0 0 -1
    outer loop
      vertex 90.9859 45.5517 9
      vertex 90.9859 50.4483 9
      vertex 91.3141 50.5597 9
    endloop
  endfacet
  facet normal 0 0 -1
    outer loop
      vertex 90.675 45.705 9
      vertex 90.9859 50.4483 9
      vertex 90.9859 45.5517 9
    endloop
  endfacet
  facet normal 0 0 -1
    outer loop
      vertex 90.675 45.705 9
      vertex 90.675 50.295 9
      vertex 90.9859 50.4483 9
    endloop
  endfacet
  facet normal 0 0 -1
    outer loop
      vertex 90.3868 45.8976 9
      vertex 90.675 50.295 9
      vertex 90.675 45.705 9
    endloop
  endfacet
  facet normal 0 0 -1
    outer loop
      vertex 90.3868 45.8976 9
      vertex 90.3868 50.1024 9
      vertex 90.675 50.295 9
    endloop
  endfacet
  facet normal 0 0 -1
    outer loop
      vertex 90.1262 46.1262 9
      vertex 90.3868 50.1024 9
      vertex 90.3868 45.8976 9
    endloop
  endfacet
  facet normal 0 0 -1
    outer loop
      vertex 90.1262 46.1262 9
      vertex 90.1262 49.8738 9
      vertex 90.3868 50.1024 9
    endloop
  endfacet
  facet normal 0 0 -1
    outer loop
      vertex 89.8976 46.3868 9
      vertex 90.1262 49.8738 9
      vertex 90.1262 46.1262 9
    endloop
  endfacet
  facet normal 0 0 -1
    outer loop
      vertex 89.8976 46.3868 9
      vertex 89.8976 49.6132 9
      vertex 90.1262 49.8738 9
    endloop
  endfacet
  facet normal 0 0 -1
    outer loop
      vertex 89.705 46.675 9
      vertex 89.8976 49.6132 9
      vertex 89.8976 46.3868 9
    endloop
  endfacet
  facet normal 0 0 -1
    outer loop
      vertex 89.705 46.675 9
      vertex 89.705 49.325 9
      vertex 89.8976 49.6132 9
    endloop
  endfacet
  facet normal 0 0 -1
    outer loop
      vertex 89.5517 46.9859 9
      vertex 89.705 49.325 9
      vertex 89.705 46.675 9
    endloop
  endfacet
  facet normal 0 0 -1
    outer loop
      vertex 89.5517 46.9859 9
      vertex 89.5517 49.0141 9
      vertex 89.705 49.325 9
    endloop
  endfacet
  facet normal 0 0 -1
    outer loop
      vertex 89.4403 47.3141 9
      vertex 89.5517 49.0141 9
      vertex 89.5517 46.9859 9
    endloop
  endfacet
  facet normal 0 0 -1
    outer loop
      vertex 89.4403 47.3141 9
      vertex 89.4403 48.6859 9
      vertex 89.5517 49.0141 9
    endloop
  endfacet
  facet normal 0 0 -1
    outer loop
      vertex 89.3727 47.6541 9
      vertex 89.4403 48.6859 9
      vertex 89.4403 47.3141 9
    endloop
  endfacet
  facet normal 0 0 -1
    outer loop
      vertex 89.3727 47.6541 9
      vertex 89.3727 48.3459 9
      vertex 89.4403 48.6859 9
    endloop
  endfacet
  facet normal 0 -0 -1
    outer loop
      vertex 89.3727 48.3459 9
      vertex 89.3727 47.6541 9
      vertex 89.35 48 9
    endloop
  endfacet
  facet normal 0.555632 -0.831428 0
    outer loop
      vertex 90.3868 50.1024 0
      vertex 90.675 50.295 9
      vertex 90.3868 50.1024 9
    endloop
  endfacet
  facet normal 0.555632 -0.831428 0
    outer loop
      vertex 90.675 50.295 9
      vertex 90.3868 50.1024 0
      vertex 90.675 50.295 0
    endloop
  endfacet
  facet normal 0.659444 -0.751754 0
    outer loop
      vertex 90.1262 49.8738 0
      vertex 90.3868 50.1024 9
      vertex 90.1262 49.8738 9
    endloop
  endfacet
  facet normal 0.659444 -0.751754 0
    outer loop
      vertex 90.3868 50.1024 9
      vertex 90.1262 49.8738 0
      vertex 90.3868 50.1024 0
    endloop
  endfacet
  facet normal 0.195007 -0.980802 0
    outer loop
      vertex 91.3141 50.5597 0
      vertex 91.6541 50.6273 9
      vertex 91.3141 50.5597 9
    endloop
  endfacet
  facet normal 0.195007 -0.980802 0
    outer loop
      vertex 91.6541 50.6273 9
      vertex 91.3141 50.5597 0
      vertex 91.6541 50.6273 0
    endloop
  endfacet
  facet normal -0.997854 0.065485 0
    outer loop
      vertex 94.6273 47.6541 0
      vertex 94.65 48 9
      vertex 94.65 48 0
    endloop
  endfacet
  facet normal -0.997854 0.065485 0
    outer loop
      vertex 94.65 48 9
      vertex 94.6273 47.6541 0
      vertex 94.6273 47.6541 9
    endloop
  endfacet
  facet normal -0.195007 0.980802 0
    outer loop
      vertex 92.6859 45.4403 0
      vertex 92.3459 45.3727 9
      vertex 92.6859 45.4403 9
    endloop
  endfacet
  facet normal -0.195007 0.980802 0
    outer loop
      vertex 92.3459 45.3727 9
      vertex 92.6859 45.4403 0
      vertex 92.3459 45.3727 0
    endloop
  endfacet
  facet normal -0.442245 0.896894 0
    outer loop
      vertex 93.325 45.705 0
      vertex 93.0141 45.5517 9
      vertex 93.325 45.705 9
    endloop
  endfacet
  facet normal -0.442245 0.896894 0
    outer loop
      vertex 93.0141 45.5517 9
      vertex 93.325 45.705 0
      vertex 93.0141 45.5517 0
    endloop
  endfacet
  facet normal -0.751754 0.659444 0
    outer loop
      vertex 93.8738 46.1262 0
      vertex 94.1024 46.3868 9
      vertex 94.1024 46.3868 0
    endloop
  endfacet
  facet normal -0.751754 0.659444 0
    outer loop
      vertex 94.1024 46.3868 9
      vertex 93.8738 46.1262 0
      vertex 93.8738 46.1262 9
    endloop
  endfacet
  facet normal -0.555632 0.831428 0
    outer loop
      vertex 93.6132 45.8976 0
      vertex 93.325 45.705 9
      vertex 93.6132 45.8976 9
    endloop
  endfacet
  facet normal -0.555632 0.831428 0
    outer loop
      vertex 93.325 45.705 9
      vertex 93.6132 45.8976 0
      vertex 93.325 45.705 0
    endloop
  endfacet
  facet normal -0.896894 0.442245 0
    outer loop
      vertex 94.295 46.675 0
      vertex 94.4483 46.9859 9
      vertex 94.4483 46.9859 0
    endloop
  endfacet
  facet normal -0.896894 0.442245 0
    outer loop
      vertex 94.4483 46.9859 9
      vertex 94.295 46.675 0
      vertex 94.295 46.675 9
    endloop
  endfacet
  facet normal 0.442245 0.896894 -0
    outer loop
      vertex 90.9859 45.5517 0
      vertex 90.675 45.705 9
      vertex 90.9859 45.5517 9
    endloop
  endfacet
  facet normal 0.442245 0.896894 0
    outer loop
      vertex 90.675 45.705 9
      vertex 90.9859 45.5517 0
      vertex 90.675 45.705 0
    endloop
  endfacet
  facet normal 0.065485 0.997854 -0
    outer loop
      vertex 92 45.35 0
      vertex 91.6541 45.3727 9
      vertex 92 45.35 9
    endloop
  endfacet
  facet normal 0.065485 0.997854 0
    outer loop
      vertex 91.6541 45.3727 9
      vertex 92 45.35 0
      vertex 91.6541 45.3727 0
    endloop
  endfacet
  facet normal 0.831428 0.555632 0
    outer loop
      vertex 89.8976 46.3868 9
      vertex 89.705 46.675 0
      vertex 89.705 46.675 9
    endloop
  endfacet
  facet normal 0.831428 0.555632 0
    outer loop
      vertex 89.705 46.675 0
      vertex 89.8976 46.3868 9
      vertex 89.8976 46.3868 0
    endloop
  endfacet
  facet normal 0.896894 0.442245 0
    outer loop
      vertex 89.705 46.675 9
      vertex 89.5517 46.9859 0
      vertex 89.5517 46.9859 9
    endloop
  endfacet
  facet normal 0.896894 0.442245 0
    outer loop
      vertex 89.5517 46.9859 0
      vertex 89.705 46.675 9
      vertex 89.705 46.675 0
    endloop
  endfacet
  facet normal 0.980802 0.195007 0
    outer loop
      vertex 89.4403 47.3141 9
      vertex 89.3727 47.6541 0
      vertex 89.3727 47.6541 9
    endloop
  endfacet
  facet normal 0.980802 0.195007 0
    outer loop
      vertex 89.3727 47.6541 0
      vertex 89.4403 47.3141 9
      vertex 89.4403 47.3141 0
    endloop
  endfacet
  facet normal 0.997854 0.065485 0
    outer loop
      vertex 89.3727 47.6541 9
      vertex 89.35 48 0
      vertex 89.35 48 9
    endloop
  endfacet
  facet normal 0.997854 0.065485 0
    outer loop
      vertex 89.35 48 0
      vertex 89.3727 47.6541 9
      vertex 89.3727 47.6541 0
    endloop
  endfacet
  facet normal -0.321416 0.946938 0
    outer loop
      vertex 93.0141 45.5517 0
      vertex 92.6859 45.4403 9
      vertex 93.0141 45.5517 9
    endloop
  endfacet
  facet normal -0.321416 0.946938 0
    outer loop
      vertex 92.6859 45.4403 9
      vertex 93.0141 45.5517 0
      vertex 92.6859 45.4403 0
    endloop
  endfacet
  facet normal -0.659444 0.751754 0
    outer loop
      vertex 93.8738 46.1262 0
      vertex 93.6132 45.8976 9
      vertex 93.8738 46.1262 9
    endloop
  endfacet
  facet normal -0.659444 0.751754 0
    outer loop
      vertex 93.6132 45.8976 9
      vertex 93.8738 46.1262 0
      vertex 93.6132 45.8976 0
    endloop
  endfacet
  facet normal 0.321416 0.946938 -0
    outer loop
      vertex 91.3141 45.4403 0
      vertex 90.9859 45.5517 9
      vertex 91.3141 45.4403 9
    endloop
  endfacet
  facet normal 0.321416 0.946938 0
    outer loop
      vertex 90.9859 45.5517 9
      vertex 91.3141 45.4403 0
      vertex 90.9859 45.5517 0
    endloop
  endfacet
  facet normal 0.751754 0.659444 0
    outer loop
      vertex 90.1262 46.1262 9
      vertex 89.8976 46.3868 0
      vertex 89.8976 46.3868 9
    endloop
  endfacet
  facet normal 0.751754 0.659444 0
    outer loop
      vertex 89.8976 46.3868 0
      vertex 90.1262 46.1262 9
      vertex 90.1262 46.1262 0
    endloop
  endfacet
  facet normal 0.946938 0.321416 0
    outer loop
      vertex 89.5517 46.9859 9
      vertex 89.4403 47.3141 0
      vertex 89.4403 47.3141 9
    endloop
  endfacet
  facet normal 0.946938 0.321416 0
    outer loop
      vertex 89.4403 47.3141 0
      vertex 89.5517 46.9859 9
      vertex 89.5517 46.9859 0
    endloop
  endfacet
  facet normal 0.387664 0 0.921801
    outer loop
      vertex 52.6222 60 0
      vertex 33.5995 42.5 8
      vertex 52.6222 0 0
    endloop
  endfacet
  facet normal 0.387663 1.00453e-06 0.921801
    outer loop
      vertex 33.5757 60 8.00999
      vertex 33.5995 42.5 8
      vertex 52.6222 60 0
    endloop
  endfacet
  facet normal 0.387035 0 0.922065
    outer loop
      vertex 33.5995 42.5 8
      vertex 33.5757 60 8.00999
      vertex 33.5757 42.5 8.00999
    endloop
  endfacet
  facet normal 0.387664 -0 0.921801
    outer loop
      vertex 33.5995 17.5 8
      vertex 52.6222 0 0
      vertex 33.5995 42.5 8
    endloop
  endfacet
  facet normal 0.387035 -0 0.922065
    outer loop
      vertex 33.5757 0 8.00999
      vertex 33.5995 17.5 8
      vertex 33.5757 17.5 8.00999
    endloop
  endfacet
  facet normal 0.387663 -1.00453e-06 0.921801
    outer loop
      vertex 33.5995 17.5 8
      vertex 33.5757 0 8.00999
      vertex 52.6222 0 0
    endloop
  endfacet
  facet normal -0.387035 0 0.922065
    outer loop
      vertex 76.4243 60 8.00999
      vertex 76.4005 42.5 8
      vertex 76.4243 42.5 8.00999
    endloop
  endfacet
  facet normal -0.387664 0 0.921801
    outer loop
      vertex 76.4005 42.5 8
      vertex 57.3778 60 0
      vertex 76.4005 17.5 8
    endloop
  endfacet
  facet normal -0.387663 1.00453e-06 0.921801
    outer loop
      vertex 57.3778 60 0
      vertex 76.4005 42.5 8
      vertex 76.4243 60 8.00999
    endloop
  endfacet
  facet normal -0.387035 0 0.922065
    outer loop
      vertex 76.4005 17.5 8
      vertex 76.4243 0 8.00999
      vertex 76.4243 17.5 8.00999
    endloop
  endfacet
  facet normal -0.387664 0 0.921801
    outer loop
      vertex 57.3778 0 0
      vertex 76.4005 17.5 8
      vertex 57.3778 60 0
    endloop
  endfacet
  facet normal -0.387663 -1.00453e-06 0.921801
    outer loop
      vertex 76.4005 17.5 8
      vertex 57.3778 0 0
      vertex 76.4243 0 8.00999
    endloop
  endfacet
  facet normal 0 0 -1
    outer loop
      vertex 33.5757 0 8.00999
      vertex 76.4243 17.5 8.00999
      vertex 76.4243 0 8.00999
    endloop
  endfacet
  facet normal -0 0 -1
    outer loop
      vertex 76.4243 17.5 8.00999
      vertex 33.5757 0 8.00999
      vertex 33.5757 17.5 8.00999
    endloop
  endfacet
  facet normal 0 0 -1
    outer loop
      vertex 33.5757 42.5 8.00999
      vertex 76.4243 60 8.00999
      vertex 76.4243 42.5 8.00999
    endloop
  endfacet
  facet normal -0 0 -1
    outer loop
      vertex 76.4243 60 8.00999
      vertex 33.5757 42.5 8.00999
      vertex 33.5757 60 8.00999
    endloop
  endfacet
endsolid OpenSCAD_Model
